window_id,window_start,window_end,date,day_name,window_index,flow_count,packet_rate,byte_rate,mean_flow_duration,std_flow_duration,short_flow_ratio,mean_packet_size,packet_length_variability,fwd_bwd_packet_ratio,unique_dst_ports,unique_dst_ips,tcp_flow_ratio,syn_packet_ratio,is_attack_window,attack_category,attack_categories_present,is_attack,dataset_day,global_position
20170703_1355,2017-07-03 13:55:00,2017-07-03 13:55:59,2017-07-03,Monday,0,1,0.1333333333333333,0.0,10.0,0.0,1.0,0.0,0.0,8.0,1,1,1.0,0.0,0,BENIGN,BENIGN,0,Monday,1
20170703_1356,2017-07-03 13:56:00,2017-07-03 13:56:59,2017-07-03,Monday,1,63,27.6,3815.866666666667,9968426.73015873,24307721.91431155,0.746031746031746,138.256038647343,203.8051401023033,2.964114832535885,15,8,0.4285714285714285,0.0615942028985507,0,BENIGN,BENIGN,0,Monday,2
20170703_1357,2017-07-03 13:57:00,2017-07-03 13:57:59,2017-07-03,Monday,2,384,82.21666666666667,9430.6,9893131.372395834,26302795.060165375,0.8463541666666666,114.70423677275492,75.49966297425529,2.830745341614907,18,33,0.078125,0.0235151023717818,0,BENIGN,BENIGN,0,Monday,3
20170703_1358,2017-07-03 13:58:00,2017-07-03 13:58:59,2017-07-03,Monday,3,127,32.583333333333336,4119.233333333334,9652468.204724409,25291064.819035728,0.8188976377952756,126.42148337595908,103.05818542853896,3.0,17,24,0.1338582677165354,0.0255754475703324,0,BENIGN,BENIGN,0,Monday,4
20170703_1359,2017-07-03 13:59:00,2017-07-03 13:59:59,2017-07-03,Monday,4,109,30.983333333333334,11644.733333333334,13103322.963302752,28377495.39261443,0.7614678899082569,375.838622915546,91.45010720527053,1.8837209302325584,14,21,0.128440366972477,0.0247444862829478,0,BENIGN,BENIGN,0,Monday,5
20170703_1400,2017-07-03 14:00:00,2017-07-03 14:00:59,2017-07-03,Monday,5,58,30.85,24458.966666666667,45319494.51724138,35889821.06682707,0.3103448275862069,792.8352242031334,91.70548188131538,1.292079207920792,9,28,0.1034482758620689,0.0043219881145326,0,BENIGN,BENIGN,0,Monday,6
20170703_1401,2017-07-03 14:01:00,2017-07-03 14:01:59,2017-07-03,Monday,6,293,86.28333333333333,60077.63333333333,4468638.238907849,19707859.279050056,0.9112627986348124,696.2831755843152,83.8049705744313,0.8136602451838879,20,21,0.1023890784982935,0.0154529650376666,0,BENIGN,BENIGN,0,Monday,7
20170703_1402,2017-07-03 14:02:00,2017-07-03 14:02:59,2017-07-03,Monday,7,399,120.83333333333331,72379.58333333333,18504754.51879699,35285198.49430411,0.7368421052631579,599.0034482758621,102.47605662930688,1.015286270150083,12,65,0.1353383458646616,0.017103448275862,0,BENIGN,BENIGN,0,Monday,8
20170703_1403,2017-07-03 14:03:00,2017-07-03 14:03:59,2017-07-03,Monday,8,181,124.98333333333332,100658.26666666666,13049295.67955801,28741032.39510516,0.7071823204419889,805.3735164688625,233.6782492330588,1.0408163265306123,23,38,0.3149171270718232,0.0216028803840512,0,BENIGN,BENIGN,0,Monday,9
20170703_1404,2017-07-03 14:04:00,2017-07-03 14:04:59,2017-07-03,Monday,9,318,75.16666666666667,21433.016666666663,21353960.352201257,34405048.612298235,0.6572327044025157,285.139911308204,116.76003758426111,1.548587570621469,20,67,0.210691823899371,0.0334811529933481,0,BENIGN,BENIGN,0,Monday,10
20170703_1405,2017-07-03 14:05:00,2017-07-03 14:05:59,2017-07-03,Monday,10,255,55.6,32587.316666666666,16675635.290196078,30404982.752581425,0.6509803921568628,586.1028177458033,139.5132930141826,1.0322777101096223,16,58,0.2196078431372549,0.0293764988009592,0,BENIGN,BENIGN,0,Monday,11
20170703_1406,2017-07-03 14:06:00,2017-07-03 14:06:59,2017-07-03,Monday,11,2072,536.0666666666667,301686.31666666665,12750383.504826255,31486985.856203955,0.7625482625482626,562.7776085064047,143.383737289697,0.8469710020097617,15,205,0.2292471042471042,0.0299092152717323,0,BENIGN,BENIGN,0,Monday,12
20170703_1407,2017-07-03 14:07:00,2017-07-03 14:07:59,2017-07-03,Monday,12,476,96.85,19906.95,19122259.094537817,37090387.28107923,0.6911764705882353,205.54414042333505,153.93974956739083,1.1890772128060263,21,87,0.2941176470588235,0.0490449148167268,0,BENIGN,BENIGN,0,Monday,13
20170703_1408,2017-07-03 14:08:00,2017-07-03 14:08:59,2017-07-03,Monday,13,183,62.13333333333333,22426.7,18568646.644808743,33435859.737642903,0.6284153005464481,360.9447424892704,188.45634901306977,1.4120310478654592,18,55,0.4972677595628415,0.0477467811158798,0,BENIGN,BENIGN,0,Monday,14
20170703_1409,2017-07-03 14:09:00,2017-07-03 14:09:59,2017-07-03,Monday,14,697,150.31666666666666,75595.05,18360670.678622667,36220886.64849666,0.6857962697274032,502.9053110100898,102.88786871023872,1.1344060577378134,16,117,0.1951219512195122,0.0228406696973056,0,BENIGN,BENIGN,0,Monday,15
20170703_1410,2017-07-03 14:10:00,2017-07-03 14:10:59,2017-07-03,Monday,15,374,275.4,240879.3,10235407.323529411,28264604.76442228,0.7754010695187166,874.6525054466231,201.81638217524113,0.907978293499596,23,58,0.2647058823529412,0.0121641249092229,0,BENIGN,BENIGN,0,Monday,16
20170703_1411,2017-07-03 14:11:00,2017-07-03 14:11:59,2017-07-03,Monday,16,491,85.18333333333334,27854.983333333337,19356746.763747457,34397566.983684346,0.7006109979633401,327.0003913128546,134.47980006026776,1.003920031360251,11,108,0.2240325865580448,0.0403052240266092,0,BENIGN,BENIGN,0,Monday,17
20170703_1412,2017-07-03 14:12:00,2017-07-03 14:12:59,2017-07-03,Monday,17,480,396.1333333333333,344980.5,11973662.502083331,29208253.24595431,0.7,870.8696566812521,165.33892572611583,0.8942460949952183,15,70,0.2625,0.0101817569841804,0,BENIGN,BENIGN,0,Monday,18
20170703_1413,2017-07-03 14:13:00,2017-07-03 14:13:59,2017-07-03,Monday,18,202,5573.083333333333,7035934.216666667,32145376.886138614,38698414.46275291,0.4653465346534653,1262.485018765794,87.75333066367523,0.7561459804946195,12,80,0.3514851485148514,0.0001884055803938,0,BENIGN,BENIGN,0,Monday,19
20170703_1414,2017-07-03 14:14:00,2017-07-03 14:14:59,2017-07-03,Monday,19,977,331.6333333333333,217878.96666666667,17269164.71238485,34742952.53945956,0.7001023541453428,656.9875364358227,175.49719312043615,0.8362092830119037,10,134,0.2487205731832139,0.023972258518444,0,BENIGN,BENIGN,0,Monday,20
20170703_1415,2017-07-03 14:15:00,2017-07-03 14:15:59,2017-07-03,Monday,20,1675,9172.083333333334,11330469.466666669,14867391.07641791,33620654.47499315,0.7259701492537314,1235.321251987462,172.9534024403611,0.7543290319290014,18,225,0.2853731343283582,0.0017226184527324,0,BENIGN,BENIGN,0,Monday,21
20170703_1416,2017-07-03 14:16:00,2017-07-03 14:16:59,2017-07-03,Monday,21,416,85.45,21027.733333333337,25471344.685096152,38610834.47262228,0.5192307692307693,246.0823093426955,149.19849452905174,1.1402337228714523,12,101,0.4399038461538461,0.0592939340745075,0,BENIGN,BENIGN,0,Monday,22
20170703_1417,2017-07-03 14:17:00,2017-07-03 14:17:59,2017-07-03,Monday,22,533,8322.416666666666,10494503.083333334,20220630.838649157,36600605.495942816,0.6191369606003753,1260.9922698735345,173.74536226303212,0.7572519997325479,16,106,0.3602251407129456,0.0006288237591244,0,BENIGN,BENIGN,0,Monday,23
20170703_1418,2017-07-03 14:18:00,2017-07-03 14:18:59,2017-07-03,Monday,23,1317,511.6166666666667,339852.9166666667,16008476.985573271,33807853.221661344,0.6492027334851936,664.2725673518585,165.6804159652829,0.9492031240078737,16,242,0.3507972665148063,0.027071049288204,0,BENIGN,BENIGN,0,Monday,24
20170703_1419,2017-07-03 14:19:00,2017-07-03 14:19:59,2017-07-03,Monday,24,529,7630.916666666667,9631207.816666666,23997558.875236295,42385465.18079211,0.6351606805293005,1262.1298642583351,161.2352954383862,0.7583470947425016,19,130,0.4007561436672968,0.0007884592283583,0,BENIGN,BENIGN,0,Monday,25
20170703_1420,2017-07-03 14:20:00,2017-07-03 14:20:59,2017-07-03,Monday,25,585,294.06666666666666,223233.03333333333,15397155.565811966,31469036.562647652,0.6632478632478632,759.1238948084334,160.10524964610616,0.832294911734164,19,110,0.3094017094017094,0.0183631829517116,0,BENIGN,BENIGN,0,Monday,26
20170703_1421,2017-07-03 14:21:00,2017-07-03 14:21:59,2017-07-03,Monday,26,1329,1602.7833333333333,1775715.3333333333,14346660.811136192,33090786.23660863,0.744920993227991,1107.8948079902668,171.27232459351515,0.8114486993539152,24,203,0.2626034612490594,0.007538968669086,0,BENIGN,BENIGN,0,Monday,27
20170703_1422,2017-07-03 14:22:00,2017-07-03 14:22:59,2017-07-03,Monday,27,624,231.45,112684.51666666666,18299048.392628204,36437803.73203164,0.6682692307692307,486.8633254122561,196.0770732992302,0.8944209521211295,11,108,0.3173076923076923,0.0260675451861453,0,BENIGN,BENIGN,0,Monday,28
20170703_1423,2017-07-03 14:23:00,2017-07-03 14:23:59,2017-07-03,Monday,28,324,73.93333333333334,34387.98333333333,20852793.09567901,36441314.49610053,0.595679012345679,465.12150586113614,118.78265218773063,1.0095108695652173,12,102,0.3641975308641975,0.0306582506762849,0,BENIGN,BENIGN,0,Monday,29
20170703_1424,2017-07-03 14:24:00,2017-07-03 14:24:59,2017-07-03,Monday,29,2227,787.6666666666666,477831.86666666664,18757439.280197576,37449478.88366436,0.6470588235294118,606.642234447736,186.29499473071272,0.8896085722282195,24,289,0.3381230354737314,0.0312103258569614,0,BENIGN,BENIGN,0,Monday,30
20170703_1425,2017-07-03 14:25:00,2017-07-03 14:25:59,2017-07-03,Monday,30,529,124.98333333333332,41656.76666666667,17040351.797731567,35947919.55040348,0.6616257088846881,333.2985731430857,165.6263174279121,1.0314192849404118,14,121,0.3761814744801512,0.0474729963995199,0,BENIGN,BENIGN,0,Monday,31
20170703_1426,2017-07-03 14:26:00,2017-07-03 14:26:59,2017-07-03,Monday,31,1027,1050.8166666666666,957911.4333333332,15556388.210321324,32993311.12859806,0.697176241480039,911.5875906041332,114.23911851689434,0.8384068112899463,13,186,0.2901655306718598,0.0073593554219733,0,BENIGN,BENIGN,0,Monday,32
20170703_1427,2017-07-03 14:27:00,2017-07-03 14:27:59,2017-07-03,Monday,32,688,399.73333333333335,319850.7166666667,20467449.63226744,37471716.52213849,0.6031976744186046,800.1602318212141,192.43080527813856,0.8957477078722732,11,140,0.3531976744186046,0.0177618412274849,0,BENIGN,BENIGN,0,Monday,33
20170703_1428,2017-07-03 14:28:00,2017-07-03 14:28:59,2017-07-03,Monday,33,1308,4722.466666666666,6765153.733333333,18698837.96788991,34508371.31359818,0.5825688073394495,1432.5466352329995,205.05577828201615,0.802165022547018,21,248,0.3570336391437309,0.0032821830399367,0,BENIGN,BENIGN,0,Monday,34
20170703_1429,2017-07-03 14:29:00,2017-07-03 14:29:59,2017-07-03,Monday,34,1494,575.5833333333334,425084.06666666665,18632846.129852746,37071856.54700741,0.6345381526104418,738.5274069784277,204.3870166340716,0.9640582347588716,12,229,0.3808567603748327,0.0313015781091646,0,BENIGN,BENIGN,0,Monday,35
20170703_1430,2017-07-03 14:30:00,2017-07-03 14:30:59,2017-07-03,Monday,35,1386,935.1166666666668,776493.9166666666,11152530.702741705,29288981.970985208,0.8217893217893217,830.3711658081879,373.9508257667726,0.8833876002819644,13,162,0.670995670995671,0.0311904040494056,0,BENIGN,BENIGN,0,Monday,36
20170703_1431,2017-07-03 14:31:00,2017-07-03 14:31:59,2017-07-03,Monday,36,1035,214.41666666666663,81941.88333333333,8980412.499516908,25847401.245686177,0.8473429951690822,382.1619121647882,274.6346768318645,1.103318620238679,15,127,0.553623188405797,0.0777302759424796,0,BENIGN,BENIGN,0,Monday,37
20170703_1432,2017-07-03 14:32:00,2017-07-03 14:32:59,2017-07-03,Monday,37,439,70.88333333333334,11230.016666666666,16109080.161731208,30758990.869655695,0.6332574031890661,158.42957912062073,102.29198546682883,1.1398390342052314,12,106,0.3302961275626423,0.0324476839877733,0,BENIGN,BENIGN,0,Monday,38
20170703_1433,2017-07-03 14:33:00,2017-07-03 14:33:59,2017-07-03,Monday,38,1041,8899.533333333333,10926797.016666668,10853990.869356388,24136845.261662077,0.7348703170028819,1227.7943806042265,218.72500414763812,0.7592505345558657,24,210,0.4716618635926993,0.0018221929239735,0,BENIGN,BENIGN,0,Monday,39
20170703_1434,2017-07-03 14:34:00,2017-07-03 14:34:59,2017-07-03,Monday,39,1017,342.05,207263.31666666668,15588906.647000983,35037445.53968826,0.7620452310717798,605.9445012912342,156.95136031044666,0.8806927517639512,22,110,0.2487708947885939,0.025629781221069,0,BENIGN,BENIGN,0,Monday,40
20170703_1435,2017-07-03 14:35:00,2017-07-03 14:35:59,2017-07-03,Monday,40,353,8512.65,10673695.75,23943543.847025495,34661262.91163954,0.5807365439093485,1253.86286878939,155.55771445425765,0.7540015865548065,7,121,0.2804532577903683,0.0003504588269614,0,BENIGN,BENIGN,0,Monday,41
20170703_1436,2017-07-03 14:36:00,2017-07-03 14:36:59,2017-07-03,Monday,41,194,79.93333333333334,53588.433333333334,17649803.70103093,33875787.805952474,0.6391752577319587,670.4140950792327,144.39102581916924,0.9531758957654723,12,40,0.345360824742268,0.0233527939949958,0,BENIGN,BENIGN,0,Monday,42
20170703_1437,2017-07-03 14:37:00,2017-07-03 14:37:59,2017-07-03,Monday,42,881,8472.633333333333,10490293.1,21175852.968217935,38661426.886797346,0.6753688989784336,1238.138449675229,110.84998935922486,0.7502521957383224,14,137,0.2690124858115778,0.0007435704759244,0,BENIGN,BENIGN,0,Monday,43
20170703_1438,2017-07-03 14:38:00,2017-07-03 14:38:59,2017-07-03,Monday,43,1285,433.93333333333334,247753.81666666668,16776950.701945525,33936781.90726663,0.6443579766536965,570.949032109387,216.9179169589776,0.9163170677853832,14,185,0.3587548638132296,0.0364879397756951,0,BENIGN,BENIGN,0,Monday,44
20170703_1439,2017-07-03 14:39:00,2017-07-03 14:39:59,2017-07-03,Monday,44,1208,8615.483333333334,10618382.633333333,21196084.303807948,36774367.49987782,0.5802980132450332,1232.476719239973,207.82663352084313,0.7610026469716532,11,245,0.3940397350993377,0.0017120339543728,0,BENIGN,BENIGN,0,Monday,45
20170703_1440,2017-07-03 14:40:00,2017-07-03 14:40:59,2017-07-03,Monday,45,855,175.35,54316.2,16029588.19766082,35789105.428894594,0.7216374269005847,309.7587681779299,127.34474170508692,1.0578916487385095,14,117,0.3005847953216374,0.0387795836897633,0,BENIGN,BENIGN,0,Monday,46
20170703_1441,2017-07-03 14:41:00,2017-07-03 14:41:59,2017-07-03,Monday,46,611,7317.283333333334,9083570.45,23865592.412438624,41345586.17951161,0.6284779050736498,1241.3856394791328,152.36163269925822,0.7550708763401744,12,148,0.3338788870703764,0.0006195377610543,0,BENIGN,BENIGN,0,Monday,47
20170703_1442,2017-07-03 14:42:00,2017-07-03 14:42:59,2017-07-03,Monday,47,762,225.6,82101.46666666666,29755390.968503937,44327650.21361712,0.5485564304461942,363.92494089834514,191.1231713043578,1.039011899382437,11,161,0.4081364829396325,0.0421099290780141,0,BENIGN,BENIGN,0,Monday,48
20170703_1443,2017-07-03 14:43:00,2017-07-03 14:43:59,2017-07-03,Monday,48,1964,434.3833333333333,144939.8,15798663.962830955,34811882.28840433,0.6705702647657841,333.6679584084718,175.5114324466622,0.9826563213144682,10,244,0.3579429735234216,0.0514522503165406,0,BENIGN,BENIGN,0,Monday,49
20170703_1444,2017-07-03 14:44:00,2017-07-03 14:44:59,2017-07-03,Monday,49,476,197.0,128612.11666666668,24502044.31512605,39706975.90842152,0.5945378151260504,652.8533840947547,106.17080656458232,0.8147067853853239,11,117,0.2857142857142857,0.015736040609137,0,BENIGN,BENIGN,0,Monday,50
20170703_1445,2017-07-03 14:45:00,2017-07-03 14:45:59,2017-07-03,Monday,50,2315,776.6833333333333,521414.7833333333,19392151.86047516,37713516.42236857,0.6302375809935206,671.335100105148,148.69223075009467,0.8359531970216286,19,301,0.3084233261339092,0.0298920624020943,0,BENIGN,BENIGN,0,Monday,51
20170703_1446,2017-07-03 14:46:00,2017-07-03 14:46:59,2017-07-03,Monday,51,1270,353.4,201913.96666666667,14128823.266141731,31770353.585941684,0.7110236220472441,571.3468213544614,95.25944922080288,0.9110490266762796,35,174,0.2417322834645669,0.0254668930390492,0,BENIGN,BENIGN,0,Monday,52
20170703_1447,2017-07-03 14:47:00,2017-07-03 14:47:59,2017-07-03,Monday,52,1765,410.78333333333336,200930.06666666668,14554602.460056655,33538830.201590497,0.6963172804532578,489.1387998539376,146.27104425574285,0.954639175257732,30,208,0.2662889518413597,0.0357852882703777,0,BENIGN,BENIGN,0,Monday,53
20170703_1448,2017-07-03 14:48:00,2017-07-03 14:48:59,2017-07-03,Monday,53,1107,7231.666666666667,10583615.816666666,22230882.128274616,38869355.38121129,0.5718157181571816,1463.50990781286,163.3069738015415,0.8578505673303362,17,211,0.3595302619692863,0.0015717907351924,0,BENIGN,BENIGN,0,Monday,54
20170703_1449,2017-07-03 14:49:00,2017-07-03 14:49:59,2017-07-03,Monday,54,3152,642.4666666666667,233937.85,13482920.694162436,31571593.298196144,0.6963832487309645,364.1244941371796,157.2895520323512,1.006193078324226,26,377,0.287753807106599,0.0464096710594583,0,BENIGN,BENIGN,0,Monday,55
20170703_1450,2017-07-03 14:50:00,2017-07-03 14:50:59,2017-07-03,Monday,55,851,261.8333333333333,129968.83333333331,25245409.871915393,41352831.35457607,0.5475910693301997,496.38001273074474,153.66749586796385,1.022007722007722,28,202,0.3666274970622796,0.0319541693189051,0,BENIGN,BENIGN,0,Monday,56
20170703_1451,2017-07-03 14:51:00,2017-07-03 14:51:59,2017-07-03,Monday,56,1478,303.06666666666666,101595.35,16646527.99661705,33950436.10606861,0.6163734776725305,335.22442806863177,149.94991137946468,1.0038567493112949,19,288,0.3687415426251691,0.0496040475142982,0,BENIGN,BENIGN,0,Monday,57
20170703_1452,2017-07-03 14:52:00,2017-07-03 14:52:59,2017-07-03,Monday,57,1640,346.1666666666667,147109.46666666667,12783258.160365852,32458844.551203884,0.7585365853658537,424.9671641791045,194.78168699674683,0.967696097006442,18,144,0.3396341463414634,0.0497833413577274,0,BENIGN,BENIGN,0,Monday,58
20170703_1453,2017-07-03 14:53:00,2017-07-03 14:53:59,2017-07-03,Monday,58,1751,419.5833333333333,176216.98333333334,16203880.956596231,33751059.73179029,0.663049685893775,419.98089374379344,163.45148896537088,0.9452943903569772,18,326,0.3792118789263278,0.0490963257199602,0,BENIGN,BENIGN,0,Monday,59
20170703_1454,2017-07-03 14:54:00,2017-07-03 14:54:59,2017-07-03,Monday,59,1023,291.28333333333336,155544.85,15678514.873900292,34731547.79426703,0.6627565982404692,533.9984551124335,133.02211667023647,0.872107969151671,23,144,0.3450635386119257,0.0327859472449505,0,BENIGN,BENIGN,0,Monday,60
20170703_1455,2017-07-03 14:55:00,2017-07-03 14:55:59,2017-07-03,Monday,60,1153,217.06666666666663,62724.96666666667,16908117.717259325,36114756.65966339,0.6418039895923677,288.96636977886976,103.88625384620312,1.0162538699690402,19,184,0.3044232437120555,0.0443796068796068,0,BENIGN,BENIGN,0,Monday,61
20170703_1456,2017-07-03 14:56:00,2017-07-03 14:56:59,2017-07-03,Monday,61,471,81.66666666666667,29526.85,14179293.146496816,31078323.85133213,0.5626326963906582,361.55326530612246,91.601373506242,1.123483535528596,18,87,0.3566878980891719,0.0457142857142857,0,BENIGN,BENIGN,0,Monday,62
20170703_1457,2017-07-03 14:57:00,2017-07-03 14:57:59,2017-07-03,Monday,62,751,181.7,87859.56666666667,16155788.235685753,33797729.0886365,0.6125166444740346,483.5419189139607,118.80619727636451,1.0023875114784206,17,134,0.3089214380825565,0.0371491469455145,0,BENIGN,BENIGN,0,Monday,63
20170703_1458,2017-07-03 14:58:00,2017-07-03 14:58:59,2017-07-03,Monday,63,1366,413.03333333333336,215290.85,18536198.187408492,35833895.8912369,0.6171303074670571,521.2432814139295,171.35586566743694,0.8905332214509116,29,204,0.3338213762811127,0.0351868291501896,0,BENIGN,BENIGN,0,Monday,64
20170703_1459,2017-07-03 14:59:00,2017-07-03 14:59:59,2017-07-03,Monday,64,1552,377.65,145803.36666666667,19201789.25579897,36893714.28949296,0.6237113402061856,386.08067434573456,165.74366068324468,0.992087912087912,22,249,0.3286082474226804,0.043205790193742,0,BENIGN,BENIGN,0,Monday,65
20170703_1500,2017-07-03 15:00:00,2017-07-03 15:00:59,2017-07-03,Monday,65,1216,257.1666666666667,120553.38333333332,13501515.63486842,26935653.92071736,0.5978618421052632,468.7753078418665,159.33518571581445,0.9204729309271936,27,208,0.3273026315789473,0.0469215813350615,0,BENIGN,BENIGN,0,Monday,66
20170703_1501,2017-07-03 15:01:00,2017-07-03 15:01:59,2017-07-03,Monday,66,2076,629.9666666666667,297691.1666666667,16711367.381984586,35380405.83958023,0.6526974951830443,472.5506640562993,189.517454296126,0.938807960607304,27,265,0.4267822736030828,0.042727128419493,0,BENIGN,BENIGN,0,Monday,67
20170703_1502,2017-07-03 15:02:00,2017-07-03 15:02:59,2017-07-03,Monday,67,1237,423.01666666666665,275317.26666666666,12666945.481002426,28481376.88019756,0.6475343573160873,650.8425987943738,217.12034145282885,0.8232885568565477,11,206,0.4624090541632983,0.0401875418620227,0,BENIGN,BENIGN,0,Monday,68
20170703_1503,2017-07-03 15:03:00,2017-07-03 15:03:59,2017-07-03,Monday,68,1451,391.6,123257.48333333334,7148095.21984838,22823872.61825053,0.7767057201929704,314.753532516173,238.74580161239072,1.191884328358209,9,229,0.5740868366643694,0.0678838951310861,0,BENIGN,BENIGN,0,Monday,69
20170703_1504,2017-07-03 15:04:00,2017-07-03 15:04:59,2017-07-03,Monday,69,790,258.1333333333333,138306.6,14979826.11392405,32290773.508092687,0.6012658227848101,535.7951962809917,198.15392568901183,0.9748820604360576,14,164,0.5430379746835443,0.0426782024793388,0,BENIGN,BENIGN,0,Monday,70
20170703_1505,2017-07-03 15:05:00,2017-07-03 15:05:59,2017-07-03,Monday,70,706,203.6,111262.03333333334,15293633.007082151,32370480.970342617,0.6388101983002833,546.4736411263916,150.11608294864183,0.8666157372039724,11,104,0.3711048158640226,0.0390471512770137,0,BENIGN,BENIGN,0,Monday,71
20170703_1506,2017-07-03 15:06:00,2017-07-03 15:06:59,2017-07-03,Monday,71,1843,457.9166666666667,165928.0,19900441.255561583,39933296.08242332,0.6663049376017363,362.3541401273885,216.4433301627176,1.038883941822499,12,247,0.4487249050461204,0.0587079162875341,0,BENIGN,BENIGN,0,Monday,72
20170703_1507,2017-07-03 15:07:00,2017-07-03 15:07:59,2017-07-03,Monday,72,438,160.1,82910.73333333334,25319164.351598173,41774278.63005148,0.4452054794520548,517.8684155735998,187.72802081985557,1.0081521739130437,11,90,0.541095890410959,0.0439308765354986,0,BENIGN,BENIGN,0,Monday,73
20170703_1508,2017-07-03 15:08:00,2017-07-03 15:08:59,2017-07-03,Monday,73,1828,415.06666666666666,147280.43333333332,14973767.463894969,34103430.78904535,0.7089715536105032,354.8356087375522,178.2324758650324,1.0464256368118323,11,217,0.3490153172866521,0.0478236427883071,0,BENIGN,BENIGN,0,Monday,74
20170703_1509,2017-07-03 15:09:00,2017-07-03 15:09:59,2017-07-03,Monday,74,860,223.7,84208.4,13384825.820930231,27558485.62731128,0.5720930232558139,376.4345105051408,246.56462933756887,1.0685775928494374,12,175,0.55,0.0657875130382953,0,BENIGN,BENIGN,0,Monday,75
20170703_1510,2017-07-03 15:10:00,2017-07-03 15:10:59,2017-07-03,Monday,75,1461,417.53333333333336,212516.25,13245854.70020534,31027521.61844961,0.6543463381245722,508.9803209324605,179.80101214230174,0.92360257985258,12,213,0.3969883641341546,0.0448267603384959,0,BENIGN,BENIGN,0,Monday,76
20170703_1511,2017-07-03 15:11:00,2017-07-03 15:11:59,2017-07-03,Monday,76,628,268.95,167367.2,18471724.96019108,35764313.78138412,0.5095541401273885,622.2985685071575,202.02768155232724,0.9248568702290076,13,141,0.5031847133757962,0.0325339282394497,0,BENIGN,BENIGN,0,Monday,77
20170703_1512,2017-07-03 15:12:00,2017-07-03 15:12:59,2017-07-03,Monday,77,619,116.61666666666666,23311.033333333333,10377947.604200322,25069625.84748691,0.691437802907916,199.89452622552523,195.0590470473838,1.2698670126500162,9,141,0.5250403877221325,0.0878948120623124,0,BENIGN,BENIGN,0,Monday,78
20170703_1513,2017-07-03 15:13:00,2017-07-03 15:13:59,2017-07-03,Monday,78,899,380.03333333333336,225978.2,16929032.47942158,35424530.1805886,0.6373748609566184,594.627313393562,209.9892454078004,0.907721910817368,15,166,0.453837597330367,0.0333742654153144,0,BENIGN,BENIGN,0,Monday,79
20170703_1514,2017-07-03 15:14:00,2017-07-03 15:14:59,2017-07-03,Monday,79,1085,255.21666666666667,108562.73333333334,13146921.112442397,31996196.588187367,0.6700460829493088,425.3747795990335,159.70167966057335,0.9399543957436028,16,149,0.36036866359447,0.0501534643766734,0,BENIGN,BENIGN,0,Monday,80
20170703_1515,2017-07-03 15:15:00,2017-07-03 15:15:59,2017-07-03,Monday,80,262,83.13333333333334,31100.983333333337,14769505.73664122,30239015.656213883,0.4312977099236641,374.10966319166,170.6813580651574,1.1606756171502814,14,74,0.6259541984732825,0.0581395348837209,0,BENIGN,BENIGN,0,Monday,81
20170703_1516,2017-07-03 15:16:00,2017-07-03 15:16:59,2017-07-03,Monday,81,367,71.41666666666667,18549.2,14745431.997275203,31543225.321128342,0.5749318801089919,259.7320886814469,162.13961472985392,1.1323383084577114,8,92,0.4332425068119891,0.0625437572928821,0,BENIGN,BENIGN,0,Monday,82
20170703_1517,2017-07-03 15:17:00,2017-07-03 15:17:59,2017-07-03,Monday,82,745,307.2,172610.65,16188142.667114094,34592053.44354966,0.610738255033557,561.8836263020834,210.48613114969527,0.9474907554146856,11,144,0.487248322147651,0.0362413194444444,0,BENIGN,BENIGN,0,Monday,83
20170703_1518,2017-07-03 15:18:00,2017-07-03 15:18:59,2017-07-03,Monday,83,666,278.75,167882.73333333334,18431041.855855856,37090802.292182475,0.5480480480480481,602.2698953662182,186.4219234328688,0.8107610696113456,11,101,0.4534534534534534,0.0352167414050822,0,BENIGN,BENIGN,0,Monday,84
20170703_1519,2017-07-03 15:19:00,2017-07-03 15:19:59,2017-07-03,Monday,84,1232,339.6,163762.36666666667,14827391.845779222,30542330.40431254,0.6071428571428571,482.22133882999606,184.0357253211346,0.9410363878834064,12,249,0.3887987012987013,0.0468688653317628,0,BENIGN,BENIGN,0,Monday,85
20170703_1520,2017-07-03 15:20:00,2017-07-03 15:20:59,2017-07-03,Monday,85,908,168.31666666666666,51002.9,14110786.5,30470849.15686817,0.6365638766519823,303.0175264877711,176.7912535658975,1.0268914308649408,11,164,0.3623348017621145,0.061689276165957,0,BENIGN,BENIGN,0,Monday,86
20170703_1521,2017-07-03 15:21:00,2017-07-03 15:21:59,2017-07-03,Monday,86,880,228.31666666666663,82645.0,18673317.61477273,35464206.72581373,0.5170454545454546,361.97532666618,189.7372659108254,1.0423375074537866,14,208,0.475,0.0551865099642309,0,BENIGN,BENIGN,0,Monday,87
20170703_1522,2017-07-03 15:22:00,2017-07-03 15:22:59,2017-07-03,Monday,87,1429,362.28333333333336,151796.16666666666,18552096.66759972,35266104.6862058,0.602519244226732,418.9984818512214,192.41197844219775,1.004795720741492,11,270,0.4653603918824353,0.0535032433178451,0,BENIGN,BENIGN,0,Monday,88
20170703_1523,2017-07-03 15:23:00,2017-07-03 15:23:59,2017-07-03,Monday,88,1986,467.45,192637.26666666663,13504562.39979859,31453019.38412861,0.6933534743202417,412.1023995436232,173.54717922515584,0.997151808601538,14,266,0.3313192346424974,0.0464220772275109,0,BENIGN,BENIGN,0,Monday,89
20170703_1524,2017-07-03 15:24:00,2017-07-03 15:24:59,2017-07-03,Monday,89,673,400.46666666666664,301510.98333333334,21603480.1307578,36229080.80052847,0.4635958395245171,752.8990760779091,217.87239847001084,0.7921390214797136,8,163,0.5557206537890045,0.0255535208922923,0,BENIGN,BENIGN,0,Monday,90
20170703_1525,2017-07-03 15:25:00,2017-07-03 15:25:59,2017-07-03,Monday,90,2102,442.48333333333335,147629.08333333334,13647185.205994291,32208279.67164883,0.6931493815413892,333.63761346943386,170.130052078596,1.0208555335667528,10,279,0.3477640342530922,0.0511507024746694,0,BENIGN,BENIGN,0,Monday,91
20170703_1526,2017-07-03 15:26:00,2017-07-03 15:26:59,2017-07-03,Monday,91,271,52.1,8357.333333333334,14237282.870848708,30794451.77729025,0.5018450184501845,160.40946896992963,159.16881201008826,1.2610267534345625,10,86,0.6088560885608856,0.0770953294945617,0,BENIGN,BENIGN,0,Monday,92
20170703_1527,2017-07-03 15:27:00,2017-07-03 15:27:59,2017-07-03,Monday,92,691,259.0833333333333,173559.65,18494572.047756873,35492759.24710741,0.613603473227207,669.8989385654552,209.0640761301524,0.8118881118881119,13,127,0.3892908827785817,0.033065294306851,0,BENIGN,BENIGN,0,Monday,93
20170703_1528,2017-07-03 15:28:00,2017-07-03 15:28:59,2017-07-03,Monday,93,2677,625.9833333333333,263317.15,14972887.731789315,33900195.770626456,0.692566305565932,420.6456242178972,151.27575591948803,0.928923582580115,15,279,0.2824056779977587,0.0386059266753641,0,BENIGN,BENIGN,0,Monday,94
20170703_1529,2017-07-03 15:29:00,2017-07-03 15:29:59,2017-07-03,Monday,94,663,253.81666666666663,175877.06666666668,18263740.739064857,34018760.55970585,0.6274509803921569,692.9295423205726,244.9901319019536,0.9720315939401788,11,158,0.3891402714932127,0.0325037756911156,0,BENIGN,BENIGN,0,Monday,95
20170703_1530,2017-07-03 15:30:00,2017-07-03 15:30:59,2017-07-03,Monday,95,838,158.76666666666668,47244.95,17449457.822195705,33922589.13264399,0.6312649164677804,297.5747428091539,138.81008511907055,1.036554082941428,14,176,0.3639618138424821,0.0493386521100146,0,BENIGN,BENIGN,0,Monday,96
20170703_1531,2017-07-03 15:31:00,2017-07-03 15:31:59,2017-07-03,Monday,96,1210,247.35,79519.35,16543143.11570248,34562166.45543583,0.6239669421487604,321.4851425106125,167.9591700782869,1.0551093879811686,10,259,0.4049586776859504,0.0578128158479886,0,BENIGN,BENIGN,0,Monday,97
20170703_1532,2017-07-03 15:32:00,2017-07-03 15:32:59,2017-07-03,Monday,97,2464,860.6666666666666,450159.7,13241330.70211039,31362720.10474974,0.716314935064935,523.0360573199071,216.2854867151167,0.9315155595451824,10,391,0.4476461038961039,0.0411696359411309,0,BENIGN,BENIGN,0,Monday,98
20170703_1533,2017-07-03 15:33:00,2017-07-03 15:33:59,2017-07-03,Monday,98,440,146.76666666666668,69538.11666666667,14842813.293181818,29969162.36447761,0.7,473.8004769475358,223.4066875068772,1.0255289788408464,12,115,0.525,0.0496252555076084,0,BENIGN,BENIGN,0,Monday,99
20170703_1534,2017-07-03 15:34:00,2017-07-03 15:34:59,2017-07-03,Monday,99,227,38.06666666666667,5022.116666666667,17378279.84140969,32198774.34892797,0.5859030837004405,131.92950963222418,98.2825146285536,1.222762645914397,10,81,0.4889867841409692,0.0490367775831873,0,BENIGN,BENIGN,0,Monday,100
20170703_1535,2017-07-03 15:35:00,2017-07-03 15:35:59,2017-07-03,Monday,100,706,167.05,60153.48333333333,19346538.083569404,39353014.05432719,0.6430594900849859,360.0926868203133,165.62957517945867,1.0390561432058585,10,143,0.3781869688385269,0.0485882470318268,0,BENIGN,BENIGN,0,Monday,101
20170703_1536,2017-07-03 15:36:00,2017-07-03 15:36:59,2017-07-03,Monday,101,630,233.16666666666663,150395.2,14474481.247619048,31902054.22196425,0.726984126984127,645.0115796997856,212.64180585608335,0.847972526746797,9,123,0.4333333333333333,0.0379556826304503,0,BENIGN,BENIGN,0,Monday,102
20170703_1537,2017-07-03 15:37:00,2017-07-03 15:37:59,2017-07-03,Monday,102,326,79.55,21579.25,18739826.110429447,35621373.99544146,0.6196319018404908,271.2664990571967,181.68167233608403,1.0738488271068636,11,83,0.4079754601226993,0.0536350303792164,0,BENIGN,BENIGN,0,Monday,103
20170703_1538,2017-07-03 15:38:00,2017-07-03 15:38:59,2017-07-03,Monday,103,165,28.983333333333334,4528.1,13963264.030303031,29627989.31960535,0.6606060606060606,156.23116733755032,137.344532834232,1.298546895640687,7,50,0.4303030303030303,0.0695802185163887,0,BENIGN,BENIGN,0,Monday,104
20170703_1539,2017-07-03 15:39:00,2017-07-03 15:39:59,2017-07-03,Monday,104,839,375.6,243016.23333333337,17223827.026221693,32323872.965658348,0.6174016686531585,647.0080759673411,242.82352239869857,0.909915254237288,10,202,0.4505363528009535,0.0305733049343273,0,BENIGN,BENIGN,0,Monday,105
20170703_1540,2017-07-03 15:40:00,2017-07-03 15:40:59,2017-07-03,Monday,105,1500,411.8,139124.76666666666,16903208.539333332,36102042.130084105,0.676,337.84547514974906,204.96818947645093,1.0689106589634094,14,213,0.5533333333333333,0.0677513355998057,0,BENIGN,BENIGN,0,Monday,106
20170703_1541,2017-07-03 15:41:00,2017-07-03 15:41:59,2017-07-03,Monday,106,2016,430.98333333333335,141977.73333333334,14073665.202876983,33272853.608705427,0.7033730158730159,329.42743338876215,159.81866787593518,0.9728410131217576,14,243,0.3149801587301587,0.0489578096600796,0,BENIGN,BENIGN,0,Monday,107
20170703_1542,2017-07-03 15:42:00,2017-07-03 15:42:59,2017-07-03,Monday,107,719,202.7,97174.7,8669436.625869263,24770587.232941445,0.8136300417246175,479.4015786877158,171.9762194272447,0.8672090881178999,11,158,0.454798331015299,0.0481828646604176,0,BENIGN,BENIGN,0,Monday,108
20170703_1543,2017-07-03 15:43:00,2017-07-03 15:43:59,2017-07-03,Monday,108,827,350.5833333333333,210304.36666666667,13459225.604594922,33545960.496278737,0.7448609431680774,599.8698359876397,200.74961924807155,0.8502946609200457,10,167,0.4570737605804111,0.0308057998573805,0,BENIGN,BENIGN,0,Monday,109
20170703_1544,2017-07-03 15:44:00,2017-07-03 15:44:59,2017-07-03,Monday,109,376,114.06666666666666,52154.21666666667,17509320.742021278,36218773.7349399,0.6595744680851063,457.2257451782583,165.71968634201022,0.9973737963233148,9,106,0.4388297872340425,0.0360900058445353,0,BENIGN,BENIGN,0,Monday,110
20170703_1545,2017-07-03 15:45:00,2017-07-03 15:45:59,2017-07-03,Monday,110,385,113.6,47335.48333333333,27039633.716883115,43118575.69184333,0.6077922077922078,416.6855927230047,160.30715178755926,1.0252525252525253,12,118,0.4285714285714285,0.030956572769953,0,BENIGN,BENIGN,0,Monday,111
20170703_1546,2017-07-03 15:46:00,2017-07-03 15:46:59,2017-07-03,Monday,111,710,254.18333333333337,148242.03333333333,18600184.15211268,36075487.763199106,0.6591549295774648,583.2091010425546,193.02288973314248,0.8563777994157741,13,141,0.3718309859154929,0.0317356238935151,0,BENIGN,BENIGN,0,Monday,112
20170703_1547,2017-07-03 15:47:00,2017-07-03 15:47:59,2017-07-03,Monday,112,731,207.51666666666668,86395.6,19454061.830369357,37958434.247583106,0.6853625170998632,416.33089711669743,190.6166961510388,1.0409768890345843,14,143,0.426812585499316,0.0463416593044735,0,BENIGN,BENIGN,0,Monday,113
20170703_1548,2017-07-03 15:48:00,2017-07-03 15:48:59,2017-07-03,Monday,113,191,34.31666666666667,5303.933333333333,20783520.057591625,34519652.45858139,0.5916230366492147,154.55852355512386,124.55052576004545,1.2991071428571428,8,71,0.4554973821989528,0.0611947547353084,0,BENIGN,BENIGN,0,Monday,114
20170703_1549,2017-07-03 15:49:00,2017-07-03 15:49:59,2017-07-03,Monday,114,1116,318.1333333333333,123082.21666666666,19679782.08870968,35591254.318782434,0.5833333333333334,386.88877829002513,223.5184883804214,1.0479562278725458,14,266,0.4462365591397849,0.0471500419111483,0,BENIGN,BENIGN,0,Monday,115
20170703_1550,2017-07-03 15:50:00,2017-07-03 15:50:59,2017-07-03,Monday,115,1269,260.53333333333336,96574.78333333334,13304170.594168635,30344771.838383887,0.6824271079590228,370.6811028659161,169.54864492753885,1.0226419976711087,10,205,0.4066193853427896,0.0569344933469805,0,BENIGN,BENIGN,0,Monday,116
20170703_1551,2017-07-03 15:51:00,2017-07-03 15:51:59,2017-07-03,Monday,116,641,271.21666666666664,134207.58333333334,12127964.55226209,29128287.301803265,0.7113884555382215,494.8353100227371,290.24088736603346,0.9494489698131288,13,136,0.6131045241809673,0.0475019971732317,0,BENIGN,BENIGN,0,Monday,117
20170703_1552,2017-07-03 15:52:00,2017-07-03 15:52:59,2017-07-03,Monday,117,1441,363.6166666666667,120824.81666666668,11635214.045801526,29768854.27005152,0.7862595419847328,332.28624467158636,177.45679693519406,1.113532887726436,13,278,0.4927133934767522,0.0610991428702388,0,BENIGN,BENIGN,0,Monday,118
20170703_1553,2017-07-03 15:53:00,2017-07-03 15:53:59,2017-07-03,Monday,118,658,190.28333333333333,54831.11666666667,11875166.314589666,29590730.50636944,0.7887537993920972,288.15511955855305,208.0845952781217,1.2033963720571208,20,102,0.5075987841945289,0.0572829990365244,0,BENIGN,BENIGN,0,Monday,119
20170703_1554,2017-07-03 15:54:00,2017-07-03 15:54:59,2017-07-03,Monday,119,2019,709.55,335342.9,8066577.705299653,24132447.85432449,0.8122833085685983,472.61348742160527,250.6106539797287,1.0420164036644444,21,310,0.537890044576523,0.0496323961196063,0,BENIGN,BENIGN,0,Monday,120
20170703_1555,2017-07-03 15:55:00,2017-07-03 15:55:59,2017-07-03,Monday,120,577,155.65,42451.666666666664,12261399.840554591,30300280.649202883,0.7348353552859619,272.7379805118321,196.5376963167452,1.151082450483648,12,100,0.511265164644714,0.0643537852018417,0,BENIGN,BENIGN,0,Monday,121
20170703_1556,2017-07-03 15:56:00,2017-07-03 15:56:59,2017-07-03,Monday,121,233,51.75,11584.3,20810701.755364805,34976088.193184726,0.6437768240343348,223.8512077294686,141.0827762719928,1.3318318318318318,12,99,0.5493562231759657,0.0450885668276972,0,BENIGN,BENIGN,0,Monday,122
20170703_1557,2017-07-03 15:57:00,2017-07-03 15:57:59,2017-07-03,Monday,122,682,187.51666666666668,82829.53333333334,18131049.928152498,38196952.02724505,0.6818181818181818,441.7182472669096,181.1113400421759,0.9106809305484802,13,126,0.3812316715542522,0.0445293751666518,0,BENIGN,BENIGN,0,Monday,123
20170703_1558,2017-07-03 15:58:00,2017-07-03 15:58:59,2017-07-03,Monday,123,855,239.95,106952.25,23589016.16608187,37071001.54413971,0.5532163742690058,445.7272348405918,223.89625855465212,1.0256049521665729,18,207,0.4538011695906432,0.049385288601792,0,BENIGN,BENIGN,0,Monday,124
20170703_1559,2017-07-03 15:59:00,2017-07-03 15:59:59,2017-07-03,Monday,124,1079,305.18333333333334,145617.36666666667,12927102.534754405,28701924.844592363,0.696014828544949,477.14717929113647,191.48527752000325,0.9136795903438186,13,151,0.3568118628359592,0.0422696739664682,0,BENIGN,BENIGN,0,Monday,125
20170703_1600,2017-07-03 16:00:00,2017-07-03 16:00:59,2017-07-03,Monday,125,1230,323.8833333333333,121676.05,16474433.27804878,32979869.86528997,0.591869918699187,375.6786394277775,221.6043078502265,0.9723941946615244,17,245,0.432520325203252,0.0504811403283075,0,BENIGN,BENIGN,0,Monday,126
20170703_1601,2017-07-03 16:01:00,2017-07-03 16:01:59,2017-07-03,Monday,126,401,121.2,53963.73333333333,18959333.416458853,34921593.74877825,0.6309226932668329,445.24532453245325,166.48299367236643,0.9849890829694324,11,106,0.3790523690773067,0.0371287128712871,0,BENIGN,BENIGN,0,Monday,127
20170703_1602,2017-07-03 16:02:00,2017-07-03 16:02:59,2017-07-03,Monday,127,1057,297.5833333333333,126271.03333333334,13218256.660359507,30524743.8732942,0.7313150425733207,424.3215905908709,225.83860844323735,1.044658193060804,14,222,0.5477767265846736,0.0567908148977877,0,BENIGN,BENIGN,0,Monday,128
20170703_1603,2017-07-03 16:03:00,2017-07-03 16:03:59,2017-07-03,Monday,128,1077,295.68333333333334,126609.76666666666,15915753.04363974,32442103.173942152,0.6722376973073352,428.193788399752,175.5344726839026,0.982346368715084,13,197,0.4605385329619313,0.0519700129643199,0,BENIGN,BENIGN,0,Monday,129
20170703_1604,2017-07-03 16:04:00,2017-07-03 16:04:59,2017-07-03,Monday,129,1998,459.46666666666664,173091.26666666666,12520942.702202205,30758260.235296484,0.7227227227227228,376.7221416134649,168.6296801293538,0.9789677697222022,16,261,0.3613613613613614,0.0517629135229251,0,BENIGN,BENIGN,0,Monday,130
20170703_1605,2017-07-03 16:05:00,2017-07-03 16:05:59,2017-07-03,Monday,130,1105,184.45,36454.13333333333,11959224.970135748,28454578.151603285,0.6877828054298643,197.6369386464263,128.76693013463526,1.1227464518603758,10,202,0.4099547511312217,0.0724676967561218,0,BENIGN,BENIGN,0,Monday,131
20170703_1606,2017-07-03 16:06:00,2017-07-03 16:06:59,2017-07-03,Monday,131,530,164.21666666666667,48827.96666666667,12065339.694339622,30838532.1403523,0.8037735849056604,297.3386785750533,240.19664923025192,1.1757562375800397,13,124,0.6849056603773584,0.0629249974627017,0,BENIGN,BENIGN,0,Monday,132
20170703_1607,2017-07-03 16:07:00,2017-07-03 16:07:59,2017-07-03,Monday,132,1254,301.55,108814.56666666668,15113253.076555025,32584723.804436736,0.6443381180223285,360.85082628640913,162.78927381361623,0.992073103600132,14,226,0.3692185007974481,0.0493008345769082,0,BENIGN,BENIGN,0,Monday,133
20170703_1608,2017-07-03 16:08:00,2017-07-03 16:08:59,2017-07-03,Monday,133,1058,321.93333333333334,163701.73333333334,20125236.436672967,37315487.09214871,0.6190926275992439,508.49575481466144,175.01368062901116,0.9545684508752404,14,193,0.3922495274102079,0.0387243735763098,0,BENIGN,BENIGN,0,Monday,134
20170703_1609,2017-07-03 16:09:00,2017-07-03 16:09:59,2017-07-03,Monday,134,1030,331.43333333333334,168125.5,15256446.404854368,33241205.65903188,0.5970873786407767,507.26792718495426,246.06074837033728,0.9468428781204112,12,164,0.4699029126213592,0.0465151362767776,0,BENIGN,BENIGN,0,Monday,135
20170703_1610,2017-07-03 16:10:00,2017-07-03 16:10:59,2017-07-03,Monday,135,881,355.76666666666665,218476.85,16281036.14415437,29859356.137001168,0.6140749148694665,614.1015178487772,210.39451095862813,0.8459875475613975,15,248,0.4619750283768445,0.0331678066148224,0,BENIGN,BENIGN,0,Monday,136
20170703_1611,2017-07-03 16:11:00,2017-07-03 16:11:59,2017-07-03,Monday,136,782,231.43333333333337,97493.73333333334,9614232.530690538,24751268.475042965,0.7046035805626598,421.2605501944405,229.77537989230137,1.0686727245642782,12,139,0.5153452685421995,0.0539392193576263,0,BENIGN,BENIGN,0,Monday,137
20170703_1612,2017-07-03 16:12:00,2017-07-03 16:12:59,2017-07-03,Monday,137,1589,350.21666666666664,91965.68333333332,7808963.292636879,25160854.826974265,0.8212712397734424,262.5965354780374,194.33723874998591,1.1366548042704627,12,278,0.487098804279421,0.07071812687384,0,BENIGN,BENIGN,0,Monday,138
20170703_1613,2017-07-03 16:13:00,2017-07-03 16:13:59,2017-07-03,Monday,138,921,290.68333333333334,106794.36666666668,18483707.30076004,36721820.69724444,0.6786102062975027,367.3907459434665,221.74597483772857,1.039046060322656,11,169,0.49728555917481,0.0479330313628805,0,BENIGN,BENIGN,0,Monday,139
20170703_1614,2017-07-03 16:14:00,2017-07-03 16:14:59,2017-07-03,Monday,139,597,189.3,68247.73333333334,10045282.244556114,26973303.22143075,0.7688442211055276,360.5268533192464,232.4134983913989,1.1148761869298085,14,124,0.5494137353433836,0.0521218524388096,0,BENIGN,BENIGN,0,Monday,140
20170703_1615,2017-07-03 16:15:00,2017-07-03 16:15:59,2017-07-03,Monday,140,1702,562.1666666666666,273309.2833333333,16064013.99118684,35073459.7488543,0.7132784958871915,486.1712718648088,230.58514273225367,0.9143586833144154,11,251,0.4559341950646298,0.0432552623777053,0,BENIGN,BENIGN,0,Monday,141
20170703_1616,2017-07-03 16:16:00,2017-07-03 16:16:59,2017-07-03,Monday,141,829,245.91666666666663,114737.6,15019889.477683956,33203607.60720758,0.6863691194209891,466.57106065740425,185.82375589498344,1.004891304347826,16,146,0.4209891435464415,0.0420196543544561,0,BENIGN,BENIGN,0,Monday,142
20170703_1617,2017-07-03 16:17:00,2017-07-03 16:17:59,2017-07-03,Monday,142,708,275.5,128814.98333333334,7559550.769774011,22514618.827593032,0.807909604519774,467.5679975801573,275.97349407643276,1.0221406727828746,17,134,0.653954802259887,0.0493042952208106,0,BENIGN,BENIGN,0,Monday,143
20170703_1618,2017-07-03 16:18:00,2017-07-03 16:18:59,2017-07-03,Monday,143,306,84.45,16954.766666666666,18632369.2745098,34486799.781560265,0.6372549019607843,200.76692322873495,198.3163687160499,1.2444641275465014,15,100,0.565359477124183,0.0513124136569962,0,BENIGN,BENIGN,0,Monday,144
20170703_1619,2017-07-03 16:19:00,2017-07-03 16:19:59,2017-07-03,Monday,144,522,150.71666666666667,61439.583333333336,12501004.996168582,29325560.626000736,0.7279693486590039,407.6495631980537,198.4226907160763,1.075263882514915,10,131,0.5708812260536399,0.0554019683733274,0,BENIGN,BENIGN,0,Monday,145
20170703_1620,2017-07-03 16:20:00,2017-07-03 16:20:59,2017-07-03,Monday,145,941,279.1,141664.08333333334,15732445.007438894,34626750.29367946,0.6875664187035069,507.5746446912695,179.386033304641,0.9896637756920518,12,178,0.3730074388947927,0.0378000716589036,0,BENIGN,BENIGN,0,Monday,146
20170703_1621,2017-07-03 16:21:00,2017-07-03 16:21:59,2017-07-03,Monday,146,547,277.53333333333336,185650.6,24128483.13893967,40520137.61511151,0.5959780621572212,668.9308191208263,248.9428330687896,0.8567287323001449,13,131,0.489945155393053,0.0305068460245015,0,BENIGN,BENIGN,0,Monday,147
20170703_1622,2017-07-03 16:22:00,2017-07-03 16:22:59,2017-07-03,Monday,147,1583,472.0833333333333,234487.51666666663,15074344.439039798,33295400.75928171,0.7182564750473784,496.70789055604587,208.8584884531686,0.9758649553571428,18,275,0.3998736576121289,0.0439541041482789,0,BENIGN,BENIGN,0,Monday,148
20170703_1623,2017-07-03 16:23:00,2017-07-03 16:23:59,2017-07-03,Monday,148,925,238.25,104084.56666666668,12017530.943783784,27755232.588578623,0.7016216216216217,436.8712137110878,191.6973103827323,1.0496057347670251,8,219,0.4497297297297297,0.0513466246939489,0,BENIGN,BENIGN,0,Monday,149
20170703_1624,2017-07-03 16:24:00,2017-07-03 16:24:59,2017-07-03,Monday,149,430,179.85,84488.96666666666,13027857.274418604,28574691.506575037,0.7046511627906977,469.7746270039848,281.7010689511212,0.9863795324866556,13,103,0.6255813953488372,0.0426281160226114,0,BENIGN,BENIGN,0,Monday,150
20170703_1625,2017-07-03 16:25:00,2017-07-03 16:25:59,2017-07-03,Monday,150,1818,692.5666666666667,363621.9666666667,13628535.53080308,33590319.64625447,0.7629262926292629,525.0353275256293,242.4636678577286,0.92393166350294,11,263,0.5011001100110011,0.0398036290128507,0,BENIGN,BENIGN,0,Monday,151
20170703_1626,2017-07-03 16:26:00,2017-07-03 16:26:59,2017-07-03,Monday,151,460,124.33333333333331,25600.733333333337,5870410.510869565,20946810.58796102,0.782608695652174,205.9040214477212,210.4003231052196,1.3084777227722773,17,91,0.5521739130434783,0.0697050938337801,0,BENIGN,BENIGN,0,Monday,152
20170703_1627,2017-07-03 16:27:00,2017-07-03 16:27:59,2017-07-03,Monday,152,622,182.31666666666663,73988.5,18103059.643086817,36628843.101563185,0.6559485530546624,405.82411554986743,204.62184216938715,1.0139911634756995,9,140,0.4919614147909968,0.0489989944236219,0,BENIGN,BENIGN,0,Monday,153
20170703_1628,2017-07-03 16:28:00,2017-07-03 16:28:59,2017-07-03,Monday,153,1165,286.01666666666665,144767.35,12746818.328755366,30690935.77804663,0.7021459227467811,506.1500495309131,113.49971839655232,0.9533348508991576,14,206,0.3133047210300429,0.0327486743196783,0,BENIGN,BENIGN,0,Monday,154
20170703_1629,2017-07-03 16:29:00,2017-07-03 16:29:59,2017-07-03,Monday,154,913,295.81666666666666,121338.95,13673671.95399781,30396472.56392517,0.5618838992332968,410.18293988393714,256.76481536612545,1.0191104538732796,13,197,0.4939759036144578,0.0498619640543129,0,BENIGN,BENIGN,0,Monday,155
20170703_1630,2017-07-03 16:30:00,2017-07-03 16:30:59,2017-07-03,Monday,155,1343,629.5,361001.3333333333,8711007.60461653,23533188.2900094,0.6574832464631423,573.4731268202277,270.24901482997507,0.854246440844379,13,218,0.4996276991809382,0.0351072279586973,0,BENIGN,BENIGN,0,Monday,156
20170703_1631,2017-07-03 16:31:00,2017-07-03 16:31:59,2017-07-03,Monday,156,1059,338.68333333333334,137042.2,16890766.95750708,34233165.41904146,0.5864022662889519,404.6322523497859,211.3310745216453,0.9797369702873844,13,185,0.4258734655335222,0.0411397076915506,0,BENIGN,BENIGN,0,Monday,157
20170703_1632,2017-07-03 16:32:00,2017-07-03 16:32:59,2017-07-03,Monday,157,736,347.25,226728.33333333337,9773809.551630436,25861325.48466982,0.6698369565217391,652.9253659707224,213.52071081073353,0.7857387727116901,11,152,0.4184782608695652,0.0285577153827693,0,BENIGN,BENIGN,0,Monday,158
20170703_1633,2017-07-03 16:33:00,2017-07-03 16:33:59,2017-07-03,Monday,158,1035,312.6166666666667,133081.13333333333,6209826.045410628,20177133.4784328,0.8164251207729468,425.7006984059285,259.96869338227935,1.0586040386303774,10,221,0.6222222222222222,0.0622700858346217,0,BENIGN,BENIGN,0,Monday,159
20170703_1634,2017-07-03 16:34:00,2017-07-03 16:34:59,2017-07-03,Monday,159,966,376.6666666666667,178641.45,13502317.00310559,33260309.039812844,0.7039337474120083,474.26933628318585,273.48290910855803,0.9970840328709022,15,168,0.5786749482401656,0.0490707964601769,0,BENIGN,BENIGN,0,Monday,160
20170703_1635,2017-07-03 16:35:00,2017-07-03 16:35:59,2017-07-03,Monday,160,807,243.88333333333333,117068.38333333332,11253644.946716232,27432364.590283405,0.6629491945477075,480.0179730745575,210.4327811434332,0.993732970027248,15,165,0.4956629491945477,0.0494088703615116,0,BENIGN,BENIGN,0,Monday,161
20170703_1636,2017-07-03 16:36:00,2017-07-03 16:36:59,2017-07-03,Monday,161,783,181.81666666666663,41056.416666666664,6218740.771392082,20796902.76188746,0.756066411238825,225.81217343477863,194.63705955136913,1.21387987012987,11,147,0.5031928480204342,0.0726006050050417,0,BENIGN,BENIGN,0,Monday,162
20170703_1637,2017-07-03 16:37:00,2017-07-03 16:37:59,2017-07-03,Monday,162,454,106.63333333333334,20496.516666666663,9071124.370044053,26348181.417516325,0.7004405286343612,192.21491090965927,170.558490368519,1.2683445586671394,13,79,0.4669603524229075,0.0643951234760862,0,BENIGN,BENIGN,0,Monday,163
20170703_1638,2017-07-03 16:38:00,2017-07-03 16:38:59,2017-07-03,Monday,163,237,92.83333333333331,40174.833333333336,8169322.194092827,21418959.72212684,0.5611814345991561,432.7630161579892,225.02755259614187,1.022141560798548,8,67,0.6751054852320675,0.0513464991023339,0,BENIGN,BENIGN,0,Monday,164
20170703_1639,2017-07-03 16:39:00,2017-07-03 16:39:59,2017-07-03,Monday,164,1122,318.73333333333335,124853.23333333334,9781591.379679143,26365979.76602551,0.6550802139037433,391.7169002300774,238.02706959917387,1.0343580470162748,14,206,0.445632798573975,0.0523948964651746,0,BENIGN,BENIGN,0,Monday,165
20170703_1640,2017-07-03 16:40:00,2017-07-03 16:40:59,2017-07-03,Monday,165,1389,375.6166666666667,158842.26666666666,11348127.9524838,28463182.44765438,0.5658747300215983,422.8839685849936,220.30232398011583,1.0505868437812755,15,293,0.4665226781857451,0.0539113457869281,0,BENIGN,BENIGN,0,Monday,166
20170703_1641,2017-07-03 16:41:00,2017-07-03 16:41:59,2017-07-03,Monday,166,289,175.28333333333333,125955.58333333331,14382382.515570937,28446832.17210953,0.5536332179930796,718.5827707521156,246.99010741993493,0.7707070707070707,12,95,0.5709342560553633,0.028905581439574,0,BENIGN,BENIGN,0,Monday,167
20170703_1642,2017-07-03 16:42:00,2017-07-03 16:42:59,2017-07-03,Monday,167,897,308.45,139777.21666666667,16707032.229654403,34548618.19726211,0.6231884057971014,453.16004754957584,216.2097204125979,0.9664258393540162,17,177,0.4615384615384615,0.0406332738963635,0,BENIGN,BENIGN,0,Monday,168
20170703_1643,2017-07-03 16:43:00,2017-07-03 16:43:59,2017-07-03,Monday,168,1006,329.43333333333334,154168.36666666667,5713037.382703777,21891031.52108726,0.8379721669980119,467.9804715167459,223.80987924422817,1.0691929236888935,18,168,0.5497017892644135,0.0556005261560254,0,BENIGN,BENIGN,0,Monday,169
20170703_1644,2017-07-03 16:44:00,2017-07-03 16:44:59,2017-07-03,Monday,169,800,217.73333333333332,54651.3,9639950.17625,25633099.967023864,0.7525,251.00107164727496,221.42067635698456,1.1851480180632212,14,130,0.61125,0.0711879975505205,0,BENIGN,BENIGN,0,Monday,170
20170703_1645,2017-07-03 16:45:00,2017-07-03 16:45:59,2017-07-03,Monday,170,975,226.13333333333333,74321.51666666666,11122808.47076923,29177786.09297774,0.6820512820512821,328.66236733490564,190.75004473160936,1.087217351176742,15,159,0.4451282051282051,0.0607311320754717,0,BENIGN,BENIGN,0,Monday,171
20170703_1646,2017-07-03 16:46:00,2017-07-03 16:46:59,2017-07-03,Monday,171,1428,439.73333333333335,158514.28333333333,19697792.07983193,38766810.25814035,0.6435574229691877,360.4782064887811,219.5938275364719,1.0434479553903346,11,239,0.5105042016806722,0.0531382656155245,0,BENIGN,BENIGN,0,Monday,172
20170703_1647,2017-07-03 16:47:00,2017-07-03 16:47:59,2017-07-03,Monday,172,736,197.41666666666663,63188.833333333336,8846805.24048913,26646593.60372717,0.7622282608695652,320.07851414098775,219.03263036722,1.1656307129798904,14,150,0.483695652173913,0.0595187842971718,0,BENIGN,BENIGN,0,Monday,173
20170703_1648,2017-07-03 16:48:00,2017-07-03 16:48:59,2017-07-03,Monday,173,752,260.01666666666665,133143.13333333333,15216099.853723405,32201832.91335675,0.6702127659574468,512.056150246779,192.30174146447104,0.8786273329319687,13,122,0.4388297872340425,0.0387795654124735,0,BENIGN,BENIGN,0,Monday,174
20170703_1649,2017-07-03 16:49:00,2017-07-03 16:49:59,2017-07-03,Monday,174,1369,556.0333333333333,343869.35,8835470.864134405,24732866.66085675,0.5967859751643535,618.4329776392302,249.48797995616783,0.8803471791692499,14,253,0.4799123447772096,0.037647623044182,0,BENIGN,BENIGN,0,Monday,175
20170703_1650,2017-07-03 16:50:00,2017-07-03 16:50:59,2017-07-03,Monday,175,1058,487.5833333333333,254468.93333333332,8622225.930056712,25471692.2926369,0.6427221172022685,521.8983421637327,318.39075184269586,1.001231274368972,11,220,0.6427221172022685,0.0458383182361989,0,BENIGN,BENIGN,0,Monday,176
20170703_1651,2017-07-03 16:51:00,2017-07-03 16:51:59,2017-07-03,Monday,176,461,154.51666666666668,67026.58333333333,10807113.659436008,26356968.069132827,0.5986984815618221,433.78222413979074,246.30824802826953,0.9982758620689656,14,115,0.6073752711496746,0.0529608456477186,0,BENIGN,BENIGN,0,Monday,177
20170703_1652,2017-07-03 16:52:00,2017-07-03 16:52:59,2017-07-03,Monday,177,413,130.0,38207.683333333334,7349218.656174334,20273723.101971027,0.6682808716707022,293.9052564102564,230.35641980800924,1.1778336125069793,15,98,0.5641646489104116,0.057051282051282,0,BENIGN,BENIGN,0,Monday,178
20170703_1653,2017-07-03 16:53:00,2017-07-03 16:53:59,2017-07-03,Monday,178,1106,266.68333333333334,99483.36666666668,9085270.556057869,26880807.169582047,0.8083182640144665,373.0393100431223,188.16718891408576,1.0510125608818253,13,201,0.4195298372513562,0.0559965002187363,0,BENIGN,BENIGN,0,Monday,179
20170703_1654,2017-07-03 16:54:00,2017-07-03 16:54:59,2017-07-03,Monday,179,590,215.13333333333333,79244.51666666666,9316521.349152545,24818313.60804494,0.7237288135593221,368.3507127362875,222.16612082603723,1.1072477962781586,14,134,0.5288135593220339,0.0449333746513789,0,BENIGN,BENIGN,0,Monday,180
20170703_1655,2017-07-03 16:55:00,2017-07-03 16:55:59,2017-07-03,Monday,180,1834,452.78333333333336,157857.08333333334,13371741.57306434,31535444.472023536,0.6815703380588877,348.63713328670815,206.52301383394223,1.072785534447242,14,270,0.3893129770992366,0.0521956785806309,0,BENIGN,BENIGN,0,Monday,181
20170703_1656,2017-07-03 16:56:00,2017-07-03 16:56:59,2017-07-03,Monday,181,684,228.5,118068.3,6845023.293859649,20530514.499853417,0.7046783625730995,516.7102844638949,242.43957994300496,1.0780539557441648,16,127,0.5014619883040936,0.0480671043034281,0,BENIGN,BENIGN,0,Monday,182
20170703_1657,2017-07-03 16:57:00,2017-07-03 16:57:59,2017-07-03,Monday,182,1309,382.06666666666666,147836.75,13592138.966386557,33258693.296162117,0.732620320855615,386.93967021462225,228.81782919633795,1.0582689890465071,12,249,0.4598930481283422,0.0508201012039783,0,BENIGN,BENIGN,0,Monday,183
20170703_1658,2017-07-03 16:58:00,2017-07-03 16:58:59,2017-07-03,Monday,183,1079,337.1166666666667,138035.2,12175540.239110287,31343503.98761389,0.7358665430954587,409.4582488752657,211.0619388979731,1.0199720391451967,18,188,0.4652455977757183,0.0480545805111979,0,BENIGN,BENIGN,0,Monday,184
20170703_1659,2017-07-03 16:59:00,2017-07-03 16:59:59,2017-07-03,Monday,184,1014,290.71666666666664,96803.81666666668,9280318.954635108,26126295.09088144,0.6725838264299803,332.98337441953794,234.09492910604612,1.0749375520399669,11,198,0.5069033530571992,0.0564123143954595,0,BENIGN,BENIGN,0,Monday,185
20170703_1700,2017-07-03 17:00:00,2017-07-03 17:00:59,2017-07-03,Monday,185,890,252.05,89265.31666666667,6017332.31011236,19559924.02154249,0.7078651685393258,354.1571778086359,232.0466265191368,1.1593375214163335,21,213,0.5134831460674157,0.0576605170931693,0,BENIGN,BENIGN,0,Monday,186
20170703_1701,2017-07-03 17:01:00,2017-07-03 17:01:59,2017-07-03,Monday,186,1111,374.28333333333336,164742.15,11352214.0090009,27829679.61492623,0.6588658865886589,440.1535824019237,299.23050432042146,1.082722804414356,14,184,0.5841584158415841,0.0575767021418711,0,BENIGN,BENIGN,0,Monday,187
20170703_1702,2017-07-03 17:02:00,2017-07-03 17:02:59,2017-07-03,Monday,187,1225,322.35,103285.06666666668,16631037.115102042,36374468.73137206,0.7289795918367347,320.41280181996797,183.10674678646436,1.0435287902799788,15,184,0.3820408163265306,0.0494803784706064,0,BENIGN,BENIGN,0,Monday,188
20170703_1703,2017-07-03 17:03:00,2017-07-03 17:03:59,2017-07-03,Monday,188,536,154.25,51656.75,7181964.830223881,21617710.482972275,0.8152985074626866,334.8897893030794,211.2851665003228,1.2444228903976722,22,119,0.4962686567164179,0.057590491626148,0,BENIGN,BENIGN,0,Monday,189
20170703_1704,2017-07-03 17:04:00,2017-07-03 17:04:59,2017-07-03,Monday,189,673,203.31666666666663,81861.8,10043111.809806837,28284923.10743089,0.7800891530460624,402.6320190179523,210.28424434121345,1.0524899057873487,13,150,0.5586924219910847,0.0573817526026723,0,BENIGN,BENIGN,0,Monday,190
20170703_1705,2017-07-03 17:05:00,2017-07-03 17:05:59,2017-07-03,Monday,190,372,116.41666666666669,31135.766666666663,6972593.774193549,22009029.692227237,0.6666666666666666,267.45110952040085,250.0026890444335,1.1913425345043915,12,102,0.5940860215053764,0.0578382247673586,0,BENIGN,BENIGN,0,Monday,191
20170703_1706,2017-07-03 17:06:00,2017-07-03 17:06:59,2017-07-03,Monday,191,489,130.06666666666666,34204.38333333333,9383296.73210634,24152101.947069816,0.7116564417177914,262.9757816504357,247.64854443919185,1.2460431654676258,9,127,0.6114519427402862,0.069323423885187,0,BENIGN,BENIGN,0,Monday,192
20170703_1707,2017-07-03 17:07:00,2017-07-03 17:07:59,2017-07-03,Monday,192,868,271.98333333333335,110321.75,9539854.448156685,28123431.7487085,0.7868663594470046,405.6195232551014,298.35193994929097,1.0747520976353928,16,129,0.576036866359447,0.0601139775721551,0,BENIGN,BENIGN,0,Monday,193
20170703_1708,2017-07-03 17:08:00,2017-07-03 17:08:59,2017-07-03,Monday,193,494,144.11666666666667,38148.183333333334,9300935.70445344,24860813.972584985,0.7408906882591093,264.7034809760611,259.92868046107736,1.246233766233766,8,126,0.6862348178137652,0.0728576384873366,0,BENIGN,BENIGN,0,Monday,194
20170703_1709,2017-07-03 17:09:00,2017-07-03 17:09:59,2017-07-03,Monday,194,1226,374.46666666666664,189061.45,11742459.62071778,30778241.786948092,0.6117455138662317,504.881920954246,221.22829655686215,0.9779049295774648,21,220,0.4396411092985318,0.0478903329179277,0,BENIGN,BENIGN,0,Monday,195
20170703_1710,2017-07-03 17:10:00,2017-07-03 17:10:59,2017-07-03,Monday,195,536,160.93333333333334,64675.28333333333,6670593.085820896,19989660.60888032,0.7444029850746269,401.8762427506214,250.01205759372223,1.0241039614336618,13,129,0.5652985074626866,0.0590306545153272,0,BENIGN,BENIGN,0,Monday,196
20170703_1711,2017-07-03 17:11:00,2017-07-03 17:11:59,2017-07-03,Monday,196,561,185.61666666666667,81583.53333333334,7140690.752228164,20873528.00269718,0.6292335115864528,439.5269821316333,259.17832982532866,1.1050841050841052,15,165,0.5187165775401069,0.0488461883810721,0,BENIGN,BENIGN,0,Monday,197
20170703_1712,2017-07-03 17:12:00,2017-07-03 17:12:59,2017-07-03,Monday,197,331,129.51666666666668,48825.5,7229012.009063444,21104573.107526552,0.7129909365558912,376.98237035130614,228.76548093496345,0.9690904484418544,11,72,0.595166163141994,0.0505726418736327,0,BENIGN,BENIGN,0,Monday,198
20170703_1713,2017-07-03 17:13:00,2017-07-03 17:13:59,2017-07-03,Monday,198,388,118.11666666666666,24805.45,9109383.19072165,26686727.067290153,0.7371134020618557,210.00804289544237,244.61291765962457,1.2827697262479871,19,74,0.5876288659793815,0.0625088189643008,0,BENIGN,BENIGN,0,Monday,199
20170703_1714,2017-07-03 17:14:00,2017-07-03 17:14:59,2017-07-03,Monday,199,824,254.91666666666663,106112.0,4477585.067961165,16629664.464130642,0.8507281553398058,416.2615233736515,306.9773496290188,1.1034103410341034,12,169,0.6893203883495146,0.0721150702844066,0,BENIGN,BENIGN,0,Monday,200
20170703_1715,2017-07-03 17:15:00,2017-07-03 17:15:59,2017-07-03,Monday,200,568,200.56666666666663,72879.1,7285490.72887324,24211096.608645514,0.7887323943661971,363.3659631045372,294.16840181447645,1.08578856152513,16,112,0.6091549295774648,0.0564234668439421,0,BENIGN,BENIGN,0,Monday,201
20170703_1716,2017-07-03 17:16:00,2017-07-03 17:16:59,2017-07-03,Monday,201,835,243.66666666666663,91172.01666666666,12431521.014371255,31657689.529768456,0.7209580838323353,374.1669630642955,209.5961530527236,1.0555321242794882,15,153,0.5017964071856288,0.0566347469220246,0,BENIGN,BENIGN,0,Monday,202
20170703_1717,2017-07-03 17:17:00,2017-07-03 17:17:59,2017-07-03,Monday,202,340,89.35,18531.95,7627286.655882353,23921587.799244564,0.6852941176470588,207.40850587576944,199.40273114639183,1.2267441860465116,15,64,0.5558823529411765,0.0693900391717963,0,BENIGN,BENIGN,0,Monday,203
20170703_1718,2017-07-03 17:18:00,2017-07-03 17:18:59,2017-07-03,Monday,203,1114,265.3666666666667,85857.08333333333,12973041.01795332,31530368.23141576,0.7190305206463196,323.5413264665243,183.8942225549557,1.0852540597171294,14,176,0.4254937163375224,0.0573420424569777,0,BENIGN,BENIGN,0,Monday,204
20170703_1719,2017-07-03 17:19:00,2017-07-03 17:19:59,2017-07-03,Monday,204,928,225.73333333333332,68555.0,6818151.117456896,20682676.54209911,0.6767241379310345,303.69905493207324,222.59191766642965,1.136435331230284,13,200,0.4579741379310345,0.061650915534554,0,BENIGN,BENIGN,0,Monday,205
20170703_1720,2017-07-03 17:20:00,2017-07-03 17:20:59,2017-07-03,Monday,205,545,190.28333333333333,83662.86666666667,11484463.880733944,29413709.728038672,0.6954128440366972,439.6752211614259,236.75859108507512,1.1035372144436255,9,151,0.5541284403669725,0.0491372514671104,0,BENIGN,BENIGN,0,Monday,206
20170703_1721,2017-07-03 17:21:00,2017-07-03 17:21:59,2017-07-03,Monday,206,606,215.2,94609.65,16077355.95379538,33244308.57062589,0.5462046204620462,439.63592007434943,226.469112181213,1.0935473411154344,17,202,0.5445544554455446,0.0430607187112763,0,BENIGN,BENIGN,0,Monday,207
20170703_1722,2017-07-03 17:22:00,2017-07-03 17:22:59,2017-07-03,Monday,207,183,47.983333333333334,11652.233333333334,14073155.93442623,31749005.65631169,0.639344262295082,242.8391802709274,193.53828303191565,1.2552858261550508,13,52,0.5300546448087432,0.0673845085098992,0,BENIGN,BENIGN,0,Monday,208
20170703_1723,2017-07-03 17:23:00,2017-07-03 17:23:59,2017-07-03,Monday,208,370,95.51666666666668,30500.066666666666,15858886.986486487,28789667.614502747,0.5459459459459459,319.31669865642993,206.14005961158463,1.1166912850812407,15,115,0.5459459459459459,0.0561856569534112,0,BENIGN,BENIGN,0,Monday,209
20170703_1724,2017-07-03 17:24:00,2017-07-03 17:24:59,2017-07-03,Monday,209,703,162.18333333333334,44441.166666666664,4608928.1322901845,17367834.85388375,0.8349928876244666,274.01808652759223,239.20169599292697,1.2377558059323983,11,170,0.5419630156472262,0.0768677422669818,0,BENIGN,BENIGN,0,Monday,210
20170703_1725,2017-07-03 17:25:00,2017-07-03 17:25:59,2017-07-03,Monday,210,591,174.96666666666667,62400.816666666666,7436718.890016921,21311825.88778172,0.7631133671742809,356.6440274337969,241.15404563183577,1.0931020733652312,16,142,0.5549915397631133,0.0569632310916365,0,BENIGN,BENIGN,0,Monday,211
20170703_1726,2017-07-03 17:26:00,2017-07-03 17:26:59,2017-07-03,Monday,211,251,67.68333333333334,21346.933333333334,6445211.54183267,21792579.473634224,0.8007968127490039,315.3942378724452,261.0814847960189,1.2100108813928183,13,56,0.5219123505976095,0.0659935976360502,0,BENIGN,BENIGN,0,Monday,212
20170703_1727,2017-07-03 17:27:00,2017-07-03 17:27:59,2017-07-03,Monday,212,362,96.41666666666669,22024.25,9954501.522099448,24315880.884048745,0.6629834254143646,228.42783059636992,205.79155818779603,1.237432327919567,18,85,0.5773480662983426,0.0653414001728608,0,BENIGN,BENIGN,0,Monday,213
20170703_1728,2017-07-03 17:28:00,2017-07-03 17:28:59,2017-07-03,Monday,213,520,140.6,39915.816666666666,5545534.201923077,19491430.326005552,0.8076923076923077,283.89627785680415,277.19223577258344,1.2920402064656344,22,83,0.6807692307692308,0.0791844476055002,0,BENIGN,BENIGN,0,Monday,214
20170703_1729,2017-07-03 17:29:00,2017-07-03 17:29:59,2017-07-03,Monday,214,1512,426.9,163153.66666666666,12175671.330026455,29603914.789428346,0.6461640211640212,382.18240024986335,210.6255317675152,1.0132830307317455,17,270,0.451058201058201,0.0537206215350979,0,BENIGN,BENIGN,0,Monday,215
20170703_1730,2017-07-03 17:30:00,2017-07-03 17:30:59,2017-07-03,Monday,215,635,212.71666666666667,87370.03333333334,20105017.762204725,36561600.36292464,0.6141732283464567,410.7343101151767,211.70499650007508,0.9567683581174308,13,148,0.4913385826771653,0.0461490245240147,0,BENIGN,BENIGN,0,Monday,216
20170703_1731,2017-07-03 17:31:00,2017-07-03 17:31:59,2017-07-03,Monday,216,456,318.1166666666667,250554.06666666668,9733421.72368421,24311245.40019608,0.6162280701754386,787.616912034369,213.7482035430969,1.016267032850956,19,116,0.4035087719298245,0.0192801383140357,0,BENIGN,BENIGN,0,Monday,217
20170703_1732,2017-07-03 17:32:00,2017-07-03 17:32:59,2017-07-03,Monday,217,758,227.8,108227.5,10320944.036939314,22679227.623899408,0.5606860158311345,475.09877085162424,250.7258110651969,1.0226398342704943,17,213,0.496042216358839,0.0477026631548141,0,BENIGN,BENIGN,0,Monday,218
20170703_1733,2017-07-03 17:33:00,2017-07-03 17:33:59,2017-07-03,Monday,218,352,140.11666666666667,57509.86666666667,11104559.147727272,28391544.033414207,0.6960227272727273,410.4427262995123,243.3272141398305,1.0368217054263569,13,102,0.5994318181818182,0.045200428214583,0,BENIGN,BENIGN,0,Monday,219
20170703_1734,2017-07-03 17:34:00,2017-07-03 17:34:59,2017-07-03,Monday,219,548,117.96666666666668,29034.566666666666,7418873.153284672,22414838.311961,0.8284671532846716,246.12517660356033,214.8070954209224,1.245163336504916,11,140,0.5912408759124088,0.0820853348403503,0,BENIGN,BENIGN,0,Monday,220
20170703_1735,2017-07-03 17:35:00,2017-07-03 17:35:59,2017-07-03,Monday,220,290,89.3,19841.266666666663,10544140.510344828,28471974.63419034,0.7724137931034483,222.1866368047779,242.8458279049815,1.278486394557823,14,68,0.6,0.0638297872340425,0,BENIGN,BENIGN,0,Monday,221
20170703_1736,2017-07-03 17:36:00,2017-07-03 17:36:59,2017-07-03,Monday,221,318,90.78333333333332,23372.45,10561351.194968551,22506442.557057984,0.6132075471698113,257.4530934459335,253.6072041854764,1.205668016194332,12,99,0.6320754716981132,0.060583807600514,0,BENIGN,BENIGN,0,Monday,222
20170703_1737,2017-07-03 17:37:00,2017-07-03 17:37:59,2017-07-03,Monday,222,465,109.2,28715.733333333337,8822993.875268817,25758382.7730766,0.7354838709677419,262.96459096459097,185.06587806241637,1.1691492883151275,14,94,0.4193548387096774,0.057081807081807,0,BENIGN,BENIGN,0,Monday,223
20170703_1738,2017-07-03 17:38:00,2017-07-03 17:38:59,2017-07-03,Monday,223,271,80.63333333333334,28754.75,10819676.232472325,28254952.188278902,0.7675276752767528,356.6112029764365,189.1304852248317,1.042634022794428,10,61,0.4612546125461255,0.0535345183960314,0,BENIGN,BENIGN,0,Monday,224
20170703_1739,2017-07-03 17:39:00,2017-07-03 17:39:59,2017-07-03,Monday,224,342,189.45,138638.41666666666,8185786.605263158,21549490.037018843,0.7105263157894737,731.7942289082432,208.9884805366782,1.1967149758454103,13,79,0.5146198830409356,0.0277997712677047,0,BENIGN,BENIGN,0,Monday,225
20170703_1740,2017-07-03 17:40:00,2017-07-03 17:40:59,2017-07-03,Monday,225,361,116.1,34932.95,8582189.12465374,23806929.994197626,0.778393351800554,300.8867355727821,225.78282989065744,1.300099042588313,16,90,0.5484764542936288,0.0542635658914728,0,BENIGN,BENIGN,0,Monday,226
20170703_1741,2017-07-03 17:41:00,2017-07-03 17:41:59,2017-07-03,Monday,226,695,284.78333333333336,128799.53333333334,4026210.728057554,16550775.612915045,0.8676258992805755,452.2720196640721,327.70622193732015,1.0578034682080926,11,134,0.7366906474820144,0.0574120676537718,0,BENIGN,BENIGN,0,Monday,227
20170703_1742,2017-07-03 17:42:00,2017-07-03 17:42:59,2017-07-03,Monday,227,241,86.03333333333333,30708.283333333333,11414158.286307054,25027977.63650899,0.7053941908713693,356.93471522665635,287.8473277704411,1.1914261460101867,14,82,0.6473029045643154,0.0546299883765982,0,BENIGN,BENIGN,0,Monday,228
20170703_1743,2017-07-03 17:43:00,2017-07-03 17:43:59,2017-07-03,Monday,228,306,101.68333333333334,34026.53333333333,11864245.866013072,29502616.882902063,0.7483660130718954,334.6323553515817,243.9507316370103,1.1653655074520937,12,67,0.5326797385620915,0.0488444517292247,0,BENIGN,BENIGN,0,Monday,229
20170703_1744,2017-07-03 17:44:00,2017-07-03 17:44:59,2017-07-03,Monday,229,315,96.23333333333332,27845.533333333333,4890510.425396825,16898866.518075906,0.8571428571428571,289.3543470730863,276.534562231748,1.1800679501698754,14,77,0.6507936507936508,0.0696224454450987,0,BENIGN,BENIGN,0,Monday,230
20170703_1745,2017-07-03 17:45:00,2017-07-03 17:45:59,2017-07-03,Monday,230,582,121.75,29609.166666666668,5914534.951890035,20427955.616626956,0.8436426116838488,243.19644079397673,221.24575914563633,1.2220194647201947,10,139,0.5085910652920962,0.076933607118412,0,BENIGN,BENIGN,0,Monday,231
20170703_1746,2017-07-03 17:46:00,2017-07-03 17:46:59,2017-07-03,Monday,231,160,45.53333333333333,12351.883333333331,8496430.08125,22968004.3319781,0.8125,271.27122986822843,223.8673697134568,1.249382716049383,14,45,0.5875,0.0629575402635432,0,BENIGN,BENIGN,0,Monday,232
20170703_1747,2017-07-03 17:47:00,2017-07-03 17:47:59,2017-07-03,Monday,232,160,48.3,15819.283333333333,13535916.50625,29715462.378641445,0.7625,327.5213940648723,240.99070033460623,1.2577881619937694,9,42,0.5875,0.0545203588681849,0,BENIGN,BENIGN,0,Monday,233
20170703_1748,2017-07-03 17:48:00,2017-07-03 17:48:59,2017-07-03,Monday,233,465,159.31666666666666,74082.0,8328645.804301076,24793492.606974058,0.8021505376344086,464.9984307982007,254.49075283188415,1.021569042080778,16,73,0.5311827956989247,0.0508421382989852,0,BENIGN,BENIGN,0,Monday,234
20170703_1749,2017-07-03 17:49:00,2017-07-03 17:49:59,2017-07-03,Monday,234,442,169.73333333333332,87577.13333333333,9224240.45927602,25332448.783318423,0.832579185520362,515.9689709347997,268.959543533962,0.953020134228188,11,90,0.5610859728506787,0.0455616653574234,0,BENIGN,BENIGN,0,Monday,235
20170703_1750,2017-07-03 17:50:00,2017-07-03 17:50:59,2017-07-03,Monday,235,700,267.48333333333335,129811.58333333331,12613623.07857143,30485876.503022835,0.7657142857142857,485.30718424823976,259.719667418691,0.9731989181214654,14,125,0.55,0.0484142314162876,0,BENIGN,BENIGN,0,Monday,236
20170703_1751,2017-07-03 17:51:00,2017-07-03 17:51:59,2017-07-03,Monday,236,455,161.05,61282.8,10289148.393406594,26018979.644610666,0.7758241758241758,380.5203352995964,260.83879554702287,1.1132735622129892,16,126,0.6681318681318681,0.0581599917209976,0,BENIGN,BENIGN,0,Monday,237
20170703_1752,2017-07-03 17:52:00,2017-07-03 17:52:59,2017-07-03,Monday,237,660,187.4,46277.15,18179287.143939395,39127121.646199875,0.7196969696969697,246.9431696905016,208.02687213172305,1.1169051204819278,18,106,0.4712121212121212,0.0563856278904304,0,BENIGN,BENIGN,0,Monday,238
20170703_1753,2017-07-03 17:53:00,2017-07-03 17:53:59,2017-07-03,Monday,238,288,83.56666666666666,20963.95,14564077.524305556,31071311.046835553,0.7326388888888888,250.864978061428,200.3038048878871,1.2478709099058718,14,62,0.5694444444444444,0.0588352612684483,0,BENIGN,BENIGN,0,Monday,239
20170703_1754,2017-07-03 17:54:00,2017-07-03 17:54:59,2017-07-03,Monday,239,1352,342.5,134190.11666666667,13758609.053994082,30518798.315047514,0.6974852071005917,391.7959610705596,183.06544565076445,1.008502736512901,12,191,0.3794378698224852,0.0464233576642335,0,BENIGN,BENIGN,0,Monday,240
20170703_1755,2017-07-03 17:55:00,2017-07-03 17:55:59,2017-07-03,Monday,240,865,180.11666666666667,49431.916666666664,6683616.131791907,20189449.882038742,0.8589595375722543,274.443878967336,206.54586759130527,1.222953517071164,12,181,0.4716763005780346,0.0706949199592856,0,BENIGN,BENIGN,0,Monday,241
20170703_1756,2017-07-03 17:56:00,2017-07-03 17:56:59,2017-07-03,Monday,241,227,70.41666666666667,14999.016666666666,14184279.757709252,30912102.22002381,0.762114537444934,213.00378698224853,236.54714484003725,1.273265196342119,16,61,0.6916299559471366,0.0653254437869822,0,BENIGN,BENIGN,0,Monday,242
20170703_1757,2017-07-03 17:57:00,2017-07-03 17:57:59,2017-07-03,Monday,242,529,199.81666666666663,94971.16666666669,7881874.393194707,24030949.90510786,0.8374291115311909,475.2915172241221,306.7105864765965,1.0124202752601543,11,100,0.6597353497164461,0.0532154474935357,0,BENIGN,BENIGN,0,Monday,243
20170703_1758,2017-07-03 17:58:00,2017-07-03 17:58:59,2017-07-03,Monday,243,381,130.78333333333333,50365.933333333334,8876400.275590552,25586763.412190273,0.7952755905511811,385.10972346119536,235.28308420729576,1.1034575180916644,16,77,0.5695538057742782,0.0535236396074933,0,BENIGN,BENIGN,0,Monday,244
20170703_1759,2017-07-03 17:59:00,2017-07-03 17:59:59,2017-07-03,Monday,244,248,83.1,28099.433333333334,5919104.45967742,18957105.75518267,0.8588709677419355,338.1399919775371,227.04278967073313,1.1266524520255865,12,69,0.6129032258064516,0.0563578018451664,0,BENIGN,BENIGN,0,Monday,245
20170703_1800,2017-07-03 18:00:00,2017-07-03 18:00:59,2017-07-03,Monday,245,90,22.45,4712.833333333333,14388642.922222223,32292801.385986265,0.6888888888888889,209.92576095025984,138.4147128576265,1.4157706093189963,13,42,0.5888888888888889,0.0579064587973273,0,BENIGN,BENIGN,0,Monday,246
20170703_1801,2017-07-03 18:01:00,2017-07-03 18:01:59,2017-07-03,Monday,246,443,123.06666666666666,32642.416666666668,4376995.625282167,15454396.960204344,0.8465011286681715,265.2417388949079,233.7939988793776,1.3107008760951189,7,86,0.636568848758465,0.0739436619718309,0,BENIGN,BENIGN,0,Monday,247
20170703_1802,2017-07-03 18:02:00,2017-07-03 18:02:59,2017-07-03,Monday,247,837,359.26666666666665,166262.28333333333,21758758.673835125,40659106.848822325,0.6821983273596177,462.78238077565413,270.5830824374698,0.9857221812822402,12,200,0.5424133811230586,0.0404063833735386,0,BENIGN,BENIGN,0,Monday,248
20170703_1803,2017-07-03 18:03:00,2017-07-03 18:03:59,2017-07-03,Monday,248,744,198.05,70180.43333333333,14284705.852150535,32698596.688926645,0.717741935483871,354.35714886813093,212.4695535762455,1.0603328710124826,7,123,0.4206989247311828,0.0526802995876462,0,BENIGN,BENIGN,0,Monday,249
20170703_1804,2017-07-03 18:04:00,2017-07-03 18:04:59,2017-07-03,Monday,249,281,123.6,73498.38333333333,8922682.067615658,25556431.05908472,0.8256227758007118,594.647114347357,180.683373567837,0.9884718498659516,14,62,0.4412811387900356,0.0288565264293419,0,BENIGN,BENIGN,0,Monday,250
20170703_1805,2017-07-03 18:05:00,2017-07-03 18:05:59,2017-07-03,Monday,250,493,99.56666666666666,26673.65,3894749.898580122,15861015.555459348,0.9026369168356998,267.8973886842986,217.26406279414587,1.1966911764705883,11,123,0.5598377281947262,0.0885503850016739,0,BENIGN,BENIGN,0,Monday,251
20170703_1806,2017-07-03 18:06:00,2017-07-03 18:06:59,2017-07-03,Monday,251,429,144.43333333333334,67080.93333333333,19483387.34032634,39805222.428789586,0.7202797202797203,464.4421878606047,234.90908641243388,1.037855631319069,12,80,0.5407925407925408,0.0492730210016155,0,BENIGN,BENIGN,0,Monday,252
20170703_1807,2017-07-03 18:07:00,2017-07-03 18:07:59,2017-07-03,Monday,252,754,393.06666666666666,271285.31666666665,9956042.403183024,27168658.642756782,0.7931034482758621,690.1763483717775,271.25979852691864,0.9087892521851731,14,105,0.5610079575596817,0.0343453188602442,0,BENIGN,BENIGN,0,Monday,253
20170703_1808,2017-07-03 18:08:00,2017-07-03 18:08:59,2017-07-03,Monday,253,249,51.15,9886.033333333333,21189666.016064256,37495036.52412039,0.6586345381526104,193.2753339850114,142.4711179023487,1.4384432088959491,14,84,0.4417670682730923,0.0547409579667644,0,BENIGN,BENIGN,0,Monday,254
20170703_1809,2017-07-03 18:09:00,2017-07-03 18:09:59,2017-07-03,Monday,254,356,151.11666666666667,95857.61666666668,20813056.09269663,39850863.736110106,0.6769662921348315,634.3285540972759,169.8169056645445,0.8712340074288073,16,82,0.4157303370786517,0.0254770045218925,0,BENIGN,BENIGN,0,Monday,255
20170703_1810,2017-07-03 18:10:00,2017-07-03 18:10:59,2017-07-03,Monday,255,321,89.16666666666667,59759.9,9168895.23364486,24476227.047990102,0.7009345794392523,670.2044859813084,213.28926411226092,0.9906994047619048,13,60,0.4174454828660436,0.0416822429906542,0,BENIGN,BENIGN,0,Monday,256
20170703_1811,2017-07-03 18:11:00,2017-07-03 18:11:59,2017-07-03,Monday,256,138,40.25,20622.716666666667,18578789.92753623,32391689.46964603,0.5579710144927537,512.3656314699793,136.86627220755545,0.8470948012232415,14,45,0.5144927536231884,0.0405797101449275,0,BENIGN,BENIGN,0,Monday,257
20170703_1812,2017-07-03 18:12:00,2017-07-03 18:12:59,2017-07-03,Monday,257,423,133.18333333333334,44154.316666666666,8720113.281323876,23260550.219367515,0.7281323877068558,331.53034663997,253.134053814667,1.1931942919868277,11,100,0.5886524822695035,0.0589413089725941,0,BENIGN,BENIGN,0,Monday,258
20170703_1813,2017-07-03 18:13:00,2017-07-03 18:13:59,2017-07-03,Monday,258,868,259.65,103386.53333333334,18133557.46198157,34549732.279365726,0.6497695852534562,398.17651967392,235.0364342970194,1.0443511350216508,14,207,0.543778801843318,0.0561011618203992,0,BENIGN,BENIGN,0,Monday,259
20170703_1814,2017-07-03 18:14:00,2017-07-03 18:14:59,2017-07-03,Monday,259,202,66.85,18096.616666666665,8012350.242574258,23253309.258399885,0.7277227722772277,270.704811767639,263.8278547619066,1.3190751445086706,12,55,0.6386138613861386,0.0643231114435303,0,BENIGN,BENIGN,0,Monday,260
20170703_1815,2017-07-03 18:15:00,2017-07-03 18:15:59,2017-07-03,Monday,260,853,256.35,122064.9,14197249.730363425,34133501.17251646,0.7924970691676436,476.1650087770626,231.45990183372783,0.9758509955041746,10,148,0.4818288393903868,0.0511670242506989,0,BENIGN,BENIGN,0,Monday,261
20170703_1816,2017-07-03 18:16:00,2017-07-03 18:16:59,2017-07-03,Monday,261,514,139.51666666666668,45431.96666666667,4963874.4883268485,18837662.453177694,0.8988326848249028,325.6382749970135,234.991661689145,1.143918053777209,17,123,0.5583657587548638,0.0696452036793692,0,BENIGN,BENIGN,0,Monday,262
20170703_1817,2017-07-03 18:17:00,2017-07-03 18:17:59,2017-07-03,Monday,262,591,189.38333333333333,104753.85,18569937.898477156,37717042.83304656,0.751269035532995,553.1313033529877,168.20905857836223,0.9140980293077312,11,123,0.350253807106599,0.0303617002552142,0,BENIGN,BENIGN,0,Monday,263
20170703_1818,2017-07-03 18:18:00,2017-07-03 18:18:59,2017-07-03,Monday,263,298,100.06666666666666,56505.2,14701466.302013423,32427827.58281712,0.6208053691275168,564.6755496335776,174.55499391962132,0.9970069837046892,10,66,0.3624161073825503,0.0278147901399067,0,BENIGN,BENIGN,0,Monday,264
20170703_1819,2017-07-03 18:19:00,2017-07-03 18:19:59,2017-07-03,Monday,264,280,39.733333333333334,5467.383333333333,7206223.410714285,22954474.597899184,0.8535714285714285,137.60192953020135,80.27681490254272,1.212430426716141,15,34,0.325,0.0578859060402684,0,BENIGN,BENIGN,0,Monday,265
20170703_1820,2017-07-03 18:20:00,2017-07-03 18:20:59,2017-07-03,Monday,265,38,13.783333333333331,1402.3666666666666,13066142.315789474,28547946.188190125,0.5263157894736842,101.74365175332528,118.86322939626024,1.524390243902439,11,18,0.5,0.0580411124546553,0,BENIGN,BENIGN,0,Monday,266
20170703_1821,2017-07-03 18:21:00,2017-07-03 18:21:59,2017-07-03,Monday,266,751,165.88333333333333,64626.85,16422624.579227695,35518628.984619275,0.725699067909454,389.5921832613282,152.0680136017225,0.950999607996864,12,98,0.3342210386151797,0.0448106098663719,0,BENIGN,BENIGN,0,Monday,267
20170703_1822,2017-07-03 18:22:00,2017-07-03 18:22:59,2017-07-03,Monday,267,460,129.08333333333334,60795.583333333336,15431870.932608696,34175958.55105093,0.7086956521739131,470.979341510652,191.9172084169109,0.9302267630201844,18,72,0.3543478260869565,0.0453195610071013,0,BENIGN,BENIGN,0,Monday,268
20170703_1823,2017-07-03 18:23:00,2017-07-03 18:23:59,2017-07-03,Monday,268,255,81.21666666666667,31679.583333333332,18704720.82352941,38279591.63098133,0.6509803921568628,390.06258978042274,184.87205841881536,0.998359983599836,12,38,0.3843137254901961,0.0443258772829878,0,BENIGN,BENIGN,0,Monday,269
20170703_1824,2017-07-03 18:24:00,2017-07-03 18:24:59,2017-07-03,Monday,269,433,164.75,108116.46666666666,19960824.538106237,38517341.748396024,0.625866050808314,656.2456246838644,136.13367358372403,0.8880825057295646,11,87,0.3371824480369515,0.021446636317653,0,BENIGN,BENIGN,0,Monday,270
20170703_1825,2017-07-03 18:25:00,2017-07-03 18:25:59,2017-07-03,Monday,270,923,234.15,86281.35,17816316.858071506,38810826.96264967,0.733477789815818,368.4875080076874,177.9608235872476,0.9658598013152372,12,150,0.3380281690140845,0.0452701259876147,0,BENIGN,BENIGN,0,Monday,271
20170703_1826,2017-07-03 18:26:00,2017-07-03 18:26:59,2017-07-03,Monday,271,756,306.96666666666664,169231.31666666668,16913271.67328042,38138992.61908356,0.7380952380952381,551.3019328917363,170.82979329738333,0.8238439449450441,10,95,0.3333333333333333,0.0268215875773699,0,BENIGN,BENIGN,0,Monday,272
20170703_1827,2017-07-03 18:27:00,2017-07-03 18:27:59,2017-07-03,Monday,272,572,160.36666666666667,83564.65,14083184.601398602,33479092.573674597,0.7255244755244755,521.0849095822074,184.65387539609813,0.8802266510355607,11,88,0.3199300699300699,0.0359592600290999,0,BENIGN,BENIGN,0,Monday,273
20170703_1828,2017-07-03 18:28:00,2017-07-03 18:28:59,2017-07-03,Monday,273,257,43.983333333333334,8396.766666666666,11012322.509727629,27577453.322223835,0.7198443579766537,190.90791966654035,93.80422960130764,1.3529411764705883,12,47,0.4124513618677042,0.0413035240621447,0,BENIGN,BENIGN,0,Monday,274
20170703_1829,2017-07-03 18:29:00,2017-07-03 18:29:59,2017-07-03,Monday,274,325,104.7,55187.86666666667,13620568.34153846,32859096.245563403,0.6738461538461539,527.1047437121936,151.1636550106859,0.903939393939394,11,69,0.3907692307692307,0.0256287806431072,0,BENIGN,BENIGN,0,Monday,275
20170703_1830,2017-07-03 18:30:00,2017-07-03 18:30:59,2017-07-03,Monday,275,892,373.4166666666667,248752.01666666663,20543363.452914797,41270181.49811638,0.6872197309417041,666.1513501450569,170.26672885830743,0.8500536702171579,12,116,0.3105381165919282,0.0249497879937513,0,BENIGN,BENIGN,0,Monday,276
20170703_1831,2017-07-03 18:31:00,2017-07-03 18:31:59,2017-07-03,Monday,276,390,97.3,30528.566666666666,13209714.833333334,30198122.08330146,0.7307692307692307,313.7571085988352,139.40361500672918,0.8246875,9,64,0.2743589743589744,0.0356286399451867,0,BENIGN,BENIGN,0,Monday,277
20170703_1832,2017-07-03 18:32:00,2017-07-03 18:32:59,2017-07-03,Monday,277,843,303.68333333333334,138434.96666666667,20328623.09964413,40200104.97095872,0.6488730723606169,455.8530267274024,195.61301527281324,0.9374800637958532,13,127,0.3867141162514828,0.0344108446298227,0,BENIGN,BENIGN,0,Monday,278
20170703_1833,2017-07-03 18:33:00,2017-07-03 18:33:59,2017-07-03,Monday,278,226,43.03333333333333,9369.566666666668,15768080.305309735,35971445.980114475,0.6371681415929203,217.72811773818745,151.65656547521425,1.220980223559759,12,47,0.3672566371681416,0.051123160340821,0,BENIGN,BENIGN,0,Monday,279
20170703_1834,2017-07-03 18:34:00,2017-07-03 18:34:59,2017-07-03,Monday,279,1002,264.06666666666666,99543.46666666666,17998816.648702595,37651969.807081416,0.6706586826347305,376.9633930825549,201.24301733552116,0.9612575813838348,13,129,0.3722554890219561,0.042665993436001,0,BENIGN,BENIGN,0,Monday,280
20170703_1835,2017-07-03 18:35:00,2017-07-03 18:35:59,2017-07-03,Monday,280,1246,373.1166666666667,192999.63333333333,16018774.459871588,37203947.64465699,0.7134831460674157,517.2635011390539,170.77225078514826,0.921551798128916,12,191,0.2985553772070626,0.0324742037789788,0,BENIGN,BENIGN,0,Monday,281
20170703_1836,2017-07-03 18:36:00,2017-07-03 18:36:59,2017-07-03,Monday,281,544,148.4,49360.35,20374211.974264707,39359231.73027005,0.6397058823529411,332.6169137466307,199.14263426719347,1.0396243701328447,9,88,0.4025735294117647,0.0415543575920934,0,BENIGN,BENIGN,0,Monday,282
20170703_1837,2017-07-03 18:37:00,2017-07-03 18:37:59,2017-07-03,Monday,282,629,125.36666666666666,46761.23333333333,13395003.421303656,29921038.144505233,0.6343402225755167,372.995745812284,183.7958280600385,0.9657695322707082,5,111,0.3767885532591415,0.0505184791278915,0,BENIGN,BENIGN,0,Monday,283
20170703_1838,2017-07-03 18:38:00,2017-07-03 18:38:59,2017-07-03,Monday,283,1131,332.06666666666666,165071.35,16473320.377541998,35360956.92677117,0.6843501326259946,497.1030415579201,177.4301759157627,0.8760003766123717,11,130,0.3183023872679045,0.033778357759486,0,BENIGN,BENIGN,0,Monday,284
20170703_1839,2017-07-03 18:39:00,2017-07-03 18:39:59,2017-07-03,Monday,284,1679,357.03333333333336,145004.81666666668,12459383.39845146,32274753.12779261,0.7689100655151876,406.1380356642704,137.91039002952718,0.8929928426261377,8,157,0.2435973793924955,0.0365045280552702,0,BENIGN,BENIGN,0,Monday,285
20170703_1840,2017-07-03 18:40:00,2017-07-03 18:40:59,2017-07-03,Monday,285,970,186.51666666666668,57073.9,12766973.598969072,32758910.326579645,0.7690721649484537,305.9989277097668,138.9659599381759,1.0676150009237022,10,109,0.2577319587628865,0.0429809668483602,0,BENIGN,BENIGN,0,Monday,286
20170703_1841,2017-07-03 18:41:00,2017-07-03 18:41:59,2017-07-03,Monday,286,454,104.33333333333331,37765.7,15101743.22246696,33789632.51144324,0.6563876651982379,361.9715654952077,145.4048220403876,0.9516832917705736,12,83,0.3986784140969163,0.0370607028753993,0,BENIGN,BENIGN,0,Monday,287
20170703_1842,2017-07-03 18:42:00,2017-07-03 18:42:59,2017-07-03,Monday,287,188,39.666666666666664,11401.816666666668,15496874.792553192,35025269.9477469,0.6702127659574468,287.440756302521,107.54356973763213,1.1645454545454546,8,55,0.5053191489361702,0.0403361344537815,0,BENIGN,BENIGN,0,Monday,288
20170703_1843,2017-07-03 18:43:00,2017-07-03 18:43:59,2017-07-03,Monday,288,1486,260.95,65371.4,11637842.47577389,31044081.277152933,0.7624495289367429,250.51312511975473,145.16994740505902,0.9923654408957884,6,162,0.265814266487214,0.0477102893274573,0,BENIGN,BENIGN,0,Monday,289
20170703_1844,2017-07-03 18:44:00,2017-07-03 18:44:59,2017-07-03,Monday,289,333,56.96666666666667,9753.266666666666,10569451.978978978,29498905.49848082,0.7867867867867868,171.21006436512582,135.09508634488486,1.1763208147676638,14,65,0.2972972972972973,0.0497366881217086,0,BENIGN,BENIGN,0,Monday,290
20170703_1845,2017-07-03 18:45:00,2017-07-03 18:45:59,2017-07-03,Monday,290,816,153.15,42751.01666666667,12789322.399509804,29146031.354973707,0.7144607843137255,279.14473827402327,153.20714595745355,0.9986950848194868,11,105,0.3137254901960784,0.0500598541734682,0,BENIGN,BENIGN,0,Monday,291
20170703_1846,2017-07-03 18:46:00,2017-07-03 18:46:59,2017-07-03,Monday,291,1472,329.0833333333333,115837.56666666668,15401494.702445652,35916565.34080117,0.7194293478260869,352.00070904026336,144.13662349805224,0.9632133624975144,8,153,0.3029891304347826,0.0407191694099772,0,BENIGN,BENIGN,0,Monday,292
20170703_1847,2017-07-03 18:47:00,2017-07-03 18:47:59,2017-07-03,Monday,292,282,45.516666666666666,7134.566666666667,11769830.028368792,30392070.81724447,0.7198581560283688,156.7462467960454,128.46761638763817,1.2709891936824604,10,44,0.2695035460992908,0.0618820944708897,0,BENIGN,BENIGN,0,Monday,293
20170703_1848,2017-07-03 18:48:00,2017-07-03 18:48:59,2017-07-03,Monday,293,2508,879.8,508070.75,16625326.190988837,33302360.203858104,0.6674641148325359,577.4843714480563,167.28255427985158,0.8291406791406791,11,287,0.2902711323763955,0.0258581495794498,0,BENIGN,BENIGN,0,Monday,294
20170703_1849,2017-07-03 18:49:00,2017-07-03 18:49:59,2017-07-03,Monday,294,2517,489.96666666666664,223913.18333333332,8674745.198251886,23502808.865716983,0.7361938816050854,456.9967684876522,136.1768454665275,0.9568024494142704,16,215,0.2423520063567739,0.0425198993128784,0,BENIGN,BENIGN,0,Monday,295
20170703_1850,2017-07-03 18:50:00,2017-07-03 18:50:59,2017-07-03,Monday,295,665,168.81666666666666,65594.48333333334,19839526.25112782,40755011.70001072,0.6676691729323309,388.5545463520584,156.23672413596415,0.9925255704169944,9,83,0.3428571428571428,0.0393918451969592,0,BENIGN,BENIGN,0,Monday,296
20170703_1851,2017-07-03 18:51:00,2017-07-03 18:51:59,2017-07-03,Monday,296,1360,252.61666666666667,83998.48333333334,14922003.638235291,35067618.327337764,0.7463235294117647,332.5136240680873,133.1323861843402,0.9827338129496402,12,163,0.2566176470588235,0.0426865474698159,0,BENIGN,BENIGN,0,Monday,297
20170703_1852,2017-07-03 18:52:00,2017-07-03 18:52:59,2017-07-03,Monday,297,71,17.233333333333334,2041.4333333333336,5957888.042253521,21358340.9760924,0.647887323943662,118.45841392649903,92.93215113560224,1.0454545454545454,7,31,0.5211267605633803,0.034816247582205,0,BENIGN,BENIGN,0,Monday,298
20170703_1853,2017-07-03 18:53:00,2017-07-03 18:53:59,2017-07-03,Monday,298,2302,567.7,253800.41666666663,16570400.89834926,37134659.824294016,0.7341442224152911,447.067846867477,138.039802230342,0.9383713651624652,12,233,0.2662901824500434,0.0345546356643767,0,BENIGN,BENIGN,0,Monday,299
20170703_1854,2017-07-03 18:54:00,2017-07-03 18:54:59,2017-07-03,Monday,299,1338,413.43333333333334,223823.11666666667,13664219.680866966,31632743.061508138,0.7092675635276532,541.3765621220673,176.05023669471834,0.9098467934406036,11,191,0.3064275037369208,0.0322905748609207,0,BENIGN,BENIGN,0,Monday,300
20170703_1855,2017-07-03 18:55:00,2017-07-03 18:55:59,2017-07-03,Monday,300,670,110.13333333333334,21388.066666666666,12785352.52238806,30774400.843206376,0.7238805970149254,194.20157384987897,139.44243393498698,1.061447286338116,12,102,0.3119402985074627,0.0460048426150121,0,BENIGN,BENIGN,0,Monday,301
20170703_1856,2017-07-03 18:56:00,2017-07-03 18:56:59,2017-07-03,Monday,301,513,176.4,88545.45,22092847.83625731,42466786.93410945,0.6179337231968811,501.9583333333333,148.319881318278,0.9472038263428992,11,91,0.3840155945419103,0.0293839758125472,0,BENIGN,BENIGN,0,Monday,302
20170703_1857,2017-07-03 18:57:00,2017-07-03 18:57:59,2017-07-03,Monday,302,666,167.23333333333332,59541.03333333333,18556655.10960961,39503886.804863475,0.7072072072072072,356.0356786924457,151.34941988127898,1.0078031212484997,13,120,0.3648648648648648,0.0422563284831572,0,BENIGN,BENIGN,0,Monday,303
20170703_1858,2017-07-03 18:58:00,2017-07-03 18:58:59,2017-07-03,Monday,303,235,90.91666666666669,61146.583333333336,8502490.429787233,24808507.83894754,0.7489361702127659,672.5563703024748,184.6378900918188,0.7238546603475513,10,48,0.3914893617021276,0.0241979835013748,0,BENIGN,BENIGN,0,Monday,304
20170703_1859,2017-07-03 18:59:00,2017-07-03 18:59:59,2017-07-03,Monday,304,991,230.3,76762.8,18763896.85872856,40539034.01833525,0.7033299697275479,333.31654363873207,156.88576455087167,1.0310111699000588,13,115,0.3289606458123107,0.0457374439137357,0,BENIGN,BENIGN,0,Monday,305
20170703_1900,2017-07-03 19:00:00,2017-07-03 19:00:59,2017-07-03,Monday,305,85,51.56666666666667,32391.033333333333,13474658.635294115,33875549.9403909,0.7176470588235294,628.1389786683905,133.65808582730986,0.8400713436385255,13,18,0.3411764705882353,0.0219780219780219,0,BENIGN,BENIGN,0,Monday,306
20170703_1901,2017-07-03 19:01:00,2017-07-03 19:01:59,2017-07-03,Monday,306,1405,267.31666666666666,92733.46666666666,14771030.992170818,33329320.58253351,0.7074733096085409,346.9049192593054,134.64187733258612,1.0077606709225184,10,143,0.2626334519572953,0.0434565745994139,0,BENIGN,BENIGN,0,Monday,307
20170703_1902,2017-07-03 19:02:00,2017-07-03 19:02:59,2017-07-03,Monday,307,634,140.86666666666667,61347.3,17610714.605678234,38266746.56084774,0.7476340694006309,435.49905347846664,153.02395261698658,0.9521939953810624,12,80,0.2302839116719243,0.0357311878845243,0,BENIGN,BENIGN,0,Monday,308
20170703_1903,2017-07-03 19:03:00,2017-07-03 19:03:59,2017-07-03,Monday,308,1414,280.8,78460.03333333334,15162628.299858555,34334865.16953883,0.6881188118811881,279.41607312440647,163.53693096621697,1.0607876712328768,7,169,0.3246110325318246,0.0550807217473884,0,BENIGN,BENIGN,0,Monday,309
20170703_1904,2017-07-03 19:04:00,2017-07-03 19:04:59,2017-07-03,Monday,309,574,132.01666666666668,44677.36666666667,14710698.951219512,34054149.91958108,0.6376306620209059,338.4221689180659,164.25735135001085,1.0168024439918533,13,99,0.4076655052264808,0.0564322686529478,0,BENIGN,BENIGN,0,Monday,310
20170703_1905,2017-07-03 19:05:00,2017-07-03 19:05:59,2017-07-03,Monday,310,687,194.35,85553.98333333334,20965889.310043667,38287023.75799162,0.5778748180494906,440.2057284966984,161.18657206907469,0.970265247508025,11,146,0.4439592430858806,0.0479375696767001,0,BENIGN,BENIGN,0,Monday,311
20170703_1906,2017-07-03 19:06:00,2017-07-03 19:06:59,2017-07-03,Monday,311,339,99.86666666666666,53463.8,8026799.135693216,24886669.09099159,0.7610619469026548,535.3518024032043,126.83048657274962,0.8792724992160552,11,53,0.2890855457227139,0.0275367156208277,0,BENIGN,BENIGN,0,Monday,312
20170703_1907,2017-07-03 19:07:00,2017-07-03 19:07:59,2017-07-03,Monday,312,1211,284.76666666666665,99193.11666666668,19317017.686209746,40129160.650400944,0.6787778695293146,348.33120683600606,148.3383998256363,0.9467927537883104,7,179,0.3509496284062758,0.0451831909165398,0,BENIGN,BENIGN,0,Monday,313
20170703_1908,2017-07-03 19:08:00,2017-07-03 19:08:59,2017-07-03,Monday,313,140,30.45,4100.066666666667,12265824.8,32992562.546064317,0.6928571428571428,134.64915161466885,112.54153636103388,1.1405152224824355,12,39,0.35,0.0448823207443897,0,BENIGN,BENIGN,0,Monday,314
20170703_1909,2017-07-03 19:09:00,2017-07-03 19:09:59,2017-07-03,Monday,314,834,183.36666666666667,57242.85,15254647.473621104,35376759.214257,0.7062350119904077,312.176967824032,147.54113329538222,1.0222385590884029,13,143,0.3585131894484412,0.0492637702235957,0,BENIGN,BENIGN,0,Monday,315
20170703_1910,2017-07-03 19:10:00,2017-07-03 19:10:59,2017-07-03,Monday,315,244,83.73333333333333,42459.03333333333,28380902.54918033,47146976.68488539,0.5491803278688525,507.0744426751592,107.92348828942316,0.8743006340917568,7,52,0.4385245901639344,0.0270700636942675,0,BENIGN,BENIGN,0,Monday,316
20170703_1911,2017-07-03 19:11:00,2017-07-03 19:11:59,2017-07-03,Monday,316,538,149.5,54148.36666666667,21521909.918215618,40244253.7774946,0.6691449814126395,362.1964325529543,189.99603475160905,1.0264287327761463,16,89,0.3884758364312267,0.0451505016722408,0,BENIGN,BENIGN,0,Monday,317
20170703_1912,2017-07-03 19:12:00,2017-07-03 19:12:59,2017-07-03,Monday,317,818,520.4,434092.2833333333,23488812.931540344,42694814.224592224,0.6234718826405868,834.1511977965667,199.28076047120635,0.7910404955833429,11,133,0.3667481662591687,0.0182551883166794,0,BENIGN,BENIGN,0,Monday,318
20170703_1913,2017-07-03 19:13:00,2017-07-03 19:13:59,2017-07-03,Monday,318,1465,399.9166666666667,185892.76666666663,18272551.30102389,38928427.542991616,0.6948805460750853,464.82875599083144,161.13547665794127,0.8802695502272371,15,181,0.3358361774744027,0.0403417378620546,0,BENIGN,BENIGN,0,Monday,319
20170703_1914,2017-07-03 19:14:00,2017-07-03 19:14:59,2017-07-03,Monday,319,621,157.06666666666666,61690.066666666666,16589721.106280193,38215626.63016393,0.7053140096618358,392.7635823429542,135.11017820447054,0.9109894566098946,7,96,0.3623188405797101,0.0392614601018675,0,BENIGN,BENIGN,0,Monday,320
20170703_1915,2017-07-03 19:15:00,2017-07-03 19:15:59,2017-07-03,Monday,320,567,169.18333333333334,57714.666666666664,23483914.46208113,43162126.41551359,0.6296296296296297,341.1368338094769,157.68302051863773,1.0769230769230769,9,111,0.4215167548500881,0.036745148261255,0,BENIGN,BENIGN,0,Monday,321
20170703_1916,2017-07-03 19:16:00,2017-07-03 19:16:59,2017-07-03,Monday,321,374,109.61666666666666,41009.98333333333,21492656.406417113,41694143.06388785,0.6443850267379679,374.1217880492626,164.15565997089683,1.0067114093959733,14,71,0.4251336898395721,0.0419644214687547,0,BENIGN,BENIGN,0,Monday,322
20170703_1917,2017-07-03 19:17:00,2017-07-03 19:17:59,2017-07-03,Monday,322,712,196.68333333333337,72918.58333333333,16219260.50983146,37525922.87737721,0.7162921348314607,370.7410388950089,142.69808047651267,0.9630738522954092,10,113,0.3469101123595505,0.0356749428014575,0,BENIGN,BENIGN,0,Monday,323
20170703_1918,2017-07-03 19:18:00,2017-07-03 19:18:59,2017-07-03,Monday,323,480,136.0,58246.916666666664,22544200.522916667,43112792.69850915,0.69375,428.2861519607843,164.1623172081537,0.9837141468157512,13,82,0.3625,0.0392156862745098,0,BENIGN,BENIGN,0,Monday,324
20170703_1919,2017-07-03 19:19:00,2017-07-03 19:19:59,2017-07-03,Monday,324,221,74.88333333333334,20180.316666666666,30642773.22171946,45769506.56800457,0.5203619909502263,269.4900957044291,146.13037561845363,1.086350974930362,11,64,0.4660633484162896,0.0378366347651902,0,BENIGN,BENIGN,0,Monday,325
20170703_1920,2017-07-03 19:20:00,2017-07-03 19:20:59,2017-07-03,Monday,325,929,362.1,226547.83333333337,14176084.940796556,28960262.858487703,0.6533907427341227,625.6499125471785,183.39026786827748,0.8590741849918713,11,136,0.3498385360602798,0.0279388750805486,0,BENIGN,BENIGN,0,Monday,326
20170703_1921,2017-07-03 19:21:00,2017-07-03 19:21:59,2017-07-03,Monday,326,898,167.13333333333333,41073.75,14781497.563474389,31896523.489521418,0.6893095768374164,245.75438771439968,162.19801032296047,1.0618832236842106,13,139,0.3351893095768374,0.0605305145592341,0,BENIGN,BENIGN,0,Monday,327
20170703_1922,2017-07-03 19:22:00,2017-07-03 19:22:59,2017-07-03,Monday,327,234,37.916666666666664,5544.0,8914616.517094018,25928505.231803153,0.7905982905982906,146.2153846153846,124.41298040313193,1.3561076604554865,13,46,0.3247863247863248,0.0597802197802197,0,BENIGN,BENIGN,0,Monday,328
20170703_1923,2017-07-03 19:23:00,2017-07-03 19:23:59,2017-07-03,Monday,328,1221,387.8833333333333,213595.36666666667,17433414.202293202,36963648.07738562,0.6994266994266994,550.6691015339665,186.17767798087772,0.8761789600967352,11,161,0.3161343161343161,0.0316246293988742,0,BENIGN,BENIGN,0,Monday,329
20170703_1924,2017-07-03 19:24:00,2017-07-03 19:24:59,2017-07-03,Monday,329,1413,206.6,34101.35,9698243.322009908,27830607.54613704,0.7813163481953291,165.05977734753145,147.72967365577256,1.0779416694602748,15,148,0.2448690728945506,0.0570345272668602,0,BENIGN,BENIGN,0,Monday,330
20170703_1925,2017-07-03 19:25:00,2017-07-03 19:25:59,2017-07-03,Monday,330,497,105.43333333333334,51948.03333333333,12453943.444668008,33318707.095365725,0.8169014084507042,492.7097692064495,125.00256637872896,0.9219319562575942,8,48,0.2052313883299799,0.02560859943092,0,BENIGN,BENIGN,0,Monday,331
20170703_1926,2017-07-03 19:26:00,2017-07-03 19:26:59,2017-07-03,Monday,331,220,51.06666666666667,8488.566666666668,17622696.295454547,37888555.804255895,0.6,166.2251958224543,128.94483372377033,1.3045112781954886,13,56,0.4409090909090909,0.0378590078328981,0,BENIGN,BENIGN,0,Monday,332
20170703_1927,2017-07-03 19:27:00,2017-07-03 19:27:59,2017-07-03,Monday,332,490,89.21666666666667,25882.216666666667,13963209.242857143,34858485.166596815,0.7714285714285715,290.10517466841026,139.9646342152555,1.012781954887218,9,62,0.2448979591836734,0.0414720717354754,0,BENIGN,BENIGN,0,Monday,333
20170703_1928,2017-07-03 19:28:00,2017-07-03 19:28:59,2017-07-03,Monday,333,812,223.75,107095.11666666668,11329452.01724138,30001538.291168172,0.791871921182266,478.6373929236499,146.26377021505743,0.8925852833380321,9,69,0.2155172413793103,0.0248789571694599,0,BENIGN,BENIGN,0,Monday,334
20170703_1929,2017-07-03 19:29:00,2017-07-03 19:29:59,2017-07-03,Monday,334,866,377.1,247646.16666666663,21240877.90069284,42478533.2339954,0.7009237875288684,656.7121895164854,189.03136776752152,0.819183148416144,16,95,0.3106235565819861,0.0238663484486873,0,BENIGN,BENIGN,0,Monday,335
20170703_1930,2017-07-03 19:30:00,2017-07-03 19:30:59,2017-07-03,Monday,335,147,67.08333333333333,47792.26666666667,14399833.49659864,34121898.434063554,0.6462585034013606,712.4313043478261,140.4500148269147,0.90625,13,29,0.3605442176870748,0.0193788819875776,0,BENIGN,BENIGN,0,Monday,336
20170703_1931,2017-07-03 19:31:00,2017-07-03 19:31:59,2017-07-03,Monday,336,1206,274.73333333333335,108215.48333333334,14868281.31177446,34071162.35290634,0.7048092868988391,393.8928051443824,170.2588863174807,0.9991511035653652,11,141,0.3432835820895522,0.049745207473914,0,BENIGN,BENIGN,0,Monday,337
20170703_1932,2017-07-03 19:32:00,2017-07-03 19:32:59,2017-07-03,Monday,337,235,67.56666666666666,23322.316666666666,18392181.76595745,39850138.64460635,0.6297872340425532,345.17488899852,166.44041136185837,1.047979797979798,12,51,0.4297872340425532,0.0473606314750863,0,BENIGN,BENIGN,0,Monday,338
20170703_1933,2017-07-03 19:33:00,2017-07-03 19:33:59,2017-07-03,Monday,338,121,25.383333333333333,3416.45,13459778.917355372,32316998.167090915,0.6776859504132231,134.59422193040052,129.88408333559497,1.2848575712143928,10,29,0.4049586776859504,0.0525279054497701,0,BENIGN,BENIGN,0,Monday,339
20170703_1934,2017-07-03 19:34:00,2017-07-03 19:34:59,2017-07-03,Monday,339,1248,506.9,299781.75,22226232.691506412,40435117.07609506,0.6266025641025641,591.402150325508,190.03176728743065,0.865149935610474,11,207,0.3918269230769231,0.0309725784178338,0,BENIGN,BENIGN,0,Monday,340
20170703_1935,2017-07-03 19:35:00,2017-07-03 19:35:59,2017-07-03,Monday,340,762,165.06666666666666,54969.63333333333,11966470.367454069,30929033.180296835,0.6942257217847769,333.0147415185784,174.7679446469256,0.9746810207336524,11,95,0.384514435695538,0.0594709208400646,0,BENIGN,BENIGN,0,Monday,341
20170704_1353,2017-07-04 13:53:00,2017-07-04 13:53:59,2017-07-04,Tuesday,0,1,0.3333333333333333,0.1666666666666666,90030854.0,0.0,0.0,0.5,0.5129891760425771,0.9090909090909092,1,1,1.0,0.0,0,BENIGN,BENIGN,0,Tuesday,488
20170704_1354,2017-07-04 13:54:00,2017-07-04 13:54:59,2017-07-04,Tuesday,1,50,10.266666666666667,1779.5,15912587.0,36250470.54384007,0.76,173.32792207792207,187.6872868230311,1.3914728682170543,11,11,0.42,0.1185064935064935,0,BENIGN,BENIGN,0,Tuesday,489
20170704_1355,2017-07-04 13:55:00,2017-07-04 13:55:59,2017-07-04,Tuesday,2,103,19.233333333333334,7548.05,8744569.650485437,21317234.46107273,0.7184466019417476,392.446273830156,198.2698872375395,0.9282136894824708,4,22,0.3203883495145631,0.0623916811091854,0,BENIGN,BENIGN,0,Tuesday,490
20170704_1356,2017-07-04 13:56:00,2017-07-04 13:56:59,2017-07-04,Tuesday,3,99,22.633333333333333,2553.05,5276478.393939394,22559651.52118619,0.9292929292929292,112.80044182621502,104.58540287933654,2.9051724137931036,10,7,0.1212121212121212,0.0338733431516936,0,BENIGN,BENIGN,0,Tuesday,491
20170704_1357,2017-07-04 13:57:00,2017-07-04 13:57:59,2017-07-04,Tuesday,4,701,158.7,23581.033333333333,8224355.021398003,22865619.771521214,0.8359486447931527,148.58874186095358,118.42066459022072,2.190284757118928,23,40,0.1683309557774607,0.0468388993908842,0,BENIGN,BENIGN,0,Tuesday,492
20170704_1358,2017-07-04 13:58:00,2017-07-04 13:58:59,2017-07-04,Tuesday,5,217,58.65,10830.983333333334,7663070.68202765,22264661.02238706,0.815668202764977,184.67149758454107,138.81356745808108,1.8876127973748975,21,28,0.2488479262672811,0.0545609548167092,0,BENIGN,BENIGN,0,Tuesday,493
20170704_1359,2017-07-04 13:59:00,2017-07-04 13:59:59,2017-07-04,Tuesday,6,251,128.63333333333333,82016.83333333333,35258188.780876495,41794923.44738629,0.450199203187251,637.6017102876393,248.13900672661777,0.8313167259786477,11,62,0.4103585657370518,0.0275978232702772,0,BENIGN,BENIGN,0,Tuesday,494
20170704_1400,2017-07-04 14:00:00,2017-07-04 14:00:59,2017-07-04,Tuesday,7,56,15.833333333333334,1634.85,52409934.428571425,32671177.135781825,0.1964285714285714,103.25368421052632,64.27633582145981,2.804,13,30,0.1964285714285714,0.0189473684210526,0,BENIGN,BENIGN,0,Tuesday,495
20170704_1401,2017-07-04 14:01:00,2017-07-04 14:01:59,2017-07-04,Tuesday,8,2410,516.1,220063.76666666663,10193250.676348548,27127655.157948498,0.7481327800829876,426.39753277788543,147.25921625738408,0.9941399961362613,18,235,0.2298755186721991,0.03561971194213,0,BENIGN,BENIGN,0,Tuesday,496
20170704_1402,2017-07-04 14:02:00,2017-07-04 14:02:59,2017-07-04,Tuesday,9,426,125.86666666666666,77205.13333333333,16588522.593896711,31212988.73066288,0.7089201877934272,613.3882415254237,138.7508101674352,1.1062465142219744,19,64,0.2089201877934272,0.0270127118644067,0,BENIGN,BENIGN,0,Tuesday,497
20170704_1403,2017-07-04 14:03:00,2017-07-04 14:03:59,2017-07-04,Tuesday,10,144,41.13333333333333,16631.6,25356092.923611112,40736924.588439345,0.5902777777777778,404.3338735818476,128.45064328762345,0.983132530120482,9,36,0.4027777777777778,0.0198541329011345,0,BENIGN,BENIGN,0,Tuesday,498
20170704_1404,2017-07-04 14:04:00,2017-07-04 14:04:59,2017-07-04,Tuesday,11,148,34.95,9370.0,36662820.62162162,37889825.77303715,0.3513513513513513,268.0972818311874,90.89136671164994,1.5216346153846154,12,49,0.304054054054054,0.016213638531235,0,BENIGN,BENIGN,0,Tuesday,499
20170704_1405,2017-07-04 14:05:00,2017-07-04 14:05:59,2017-07-04,Tuesday,12,459,145.11666666666667,55264.316666666666,24890966.958605666,42493237.946029015,0.6318082788671024,380.8268060181463,196.71441464989553,1.0983132530120483,18,81,0.3594771241830065,0.0370965889514184,0,BENIGN,BENIGN,0,Tuesday,500
20170704_1406,2017-07-04 14:06:00,2017-07-04 14:06:59,2017-07-04,Tuesday,13,886,368.1,295221.75,11781439.630925508,29210075.101890657,0.7652370203160271,802.0150774246129,145.47867765779657,0.7962752114508783,17,110,0.22686230248307,0.0207371185366295,0,BENIGN,BENIGN,0,Tuesday,501
20170704_1407,2017-07-04 14:07:00,2017-07-04 14:07:59,2017-07-04,Tuesday,14,336,241.76666666666668,222703.76666666663,16640161.270833334,33804367.3606903,0.6785714285714286,921.1516613814972,159.58143971629315,1.0298027144256332,17,72,0.3095238095238095,0.011443540603888,0,BENIGN,BENIGN,0,Tuesday,502
20170704_1408,2017-07-04 14:08:00,2017-07-04 14:08:59,2017-07-04,Tuesday,15,411,1618.8333333333333,1807416.2666666664,17161668.683698297,34096304.4196122,0.6982968369829684,1116.49311232369,164.9518660010148,0.9540315442182344,23,74,0.2530413625304136,0.0024194378667764,0,BENIGN,BENIGN,0,Tuesday,503
20170704_1409,2017-07-04 14:09:00,2017-07-04 14:09:59,2017-07-04,Tuesday,16,1312,621.0833333333334,477350.68333333335,18395440.56554878,36388060.68226145,0.6585365853658537,768.5775124111096,153.16607728736756,1.1185901080159182,17,172,0.2789634146341463,0.0192942439286193,0,BENIGN,BENIGN,0,Tuesday,504
20170704_1410,2017-07-04 14:10:00,2017-07-04 14:10:59,2017-07-04,Tuesday,17,1095,256.2,87612.03333333334,18237595.59817352,35877468.867804036,0.6420091324200913,341.9673432214416,174.89531943603467,1.0412959766299297,8,153,0.3351598173515981,0.0471636742128545,0,BENIGN,BENIGN,0,Tuesday,505
20170704_1411,2017-07-04 14:11:00,2017-07-04 14:11:59,2017-07-04,Tuesday,18,1812,444.4,191158.38333333333,12245074.06732892,30091487.332644604,0.7367549668874173,430.1493774377438,152.78997560247768,0.997378277153558,19,214,0.4299116997792494,0.049054905490549,0,BENIGN,BENIGN,0,Tuesday,506
20170704_1412,2017-07-04 14:12:00,2017-07-04 14:12:59,2017-07-04,Tuesday,19,1711,444.0,252619.96666666667,10625694.772647576,28487319.775578152,0.7434248977206313,568.9638888888888,131.91231253076378,0.9626491822602034,16,204,0.3997662185856224,0.0417042042042042,0,BENIGN,BENIGN,0,Tuesday,507
20170704_1413,2017-07-04 14:13:00,2017-07-04 14:13:59,2017-07-04,Tuesday,20,350,81.01666666666667,22525.133333333335,16802583.257142857,34266712.68507078,0.64,278.0308578481794,113.09872560782108,1.2333486449242077,20,90,0.4114285714285714,0.0364122608516766,0,BENIGN,BENIGN,0,Tuesday,508
20170704_1414,2017-07-04 14:14:00,2017-07-04 14:14:59,2017-07-04,Tuesday,21,475,147.73333333333332,68623.63333333333,22894227.968421053,38424733.46777218,0.5705263157894737,464.5101534296029,165.99360011318498,0.9621513944223108,15,113,0.3705263157894737,0.0326037906137184,0,BENIGN,BENIGN,0,Tuesday,509
20170704_1415,2017-07-04 14:15:00,2017-07-04 14:15:59,2017-07-04,Tuesday,22,2724,702.9833333333333,390241.23333333334,12110118.31938326,28411277.74750151,0.683920704845815,555.121600796605,134.58488010310523,0.9540442879644214,61,248,0.2716593245227606,0.0356812631878422,0,BENIGN,BENIGN,0,Tuesday,510
20170704_1416,2017-07-04 14:16:00,2017-07-04 14:16:59,2017-07-04,Tuesday,23,1331,476.5,350251.25,13035703.480090158,29949218.127212916,0.6010518407212622,735.0498426023084,181.18997543992356,0.8108176578630693,15,180,0.4049586776859504,0.0380202868135711,0,BENIGN,BENIGN,0,Tuesday,511
20170704_1417,2017-07-04 14:17:00,2017-07-04 14:17:59,2017-07-04,Tuesday,24,878,955.8,1147874.7833333334,15752570.640091116,33554643.380149364,0.6765375854214123,1200.9570865592525,260.59471542596697,0.8012186312384183,17,140,0.4168564920273349,0.0115609960242728,1,Brute Force,Brute Force,1,Tuesday,512
20170704_1418,2017-07-04 14:18:00,2017-07-04 14:18:59,2017-07-04,Tuesday,25,1812,6213.833333333333,7398782.733333333,21633033.9696468,39625335.66257276,0.5849889624724062,1190.6953946839042,222.43523160681585,0.7425999411080108,11,307,0.4282560706401766,0.0039910951371938,0,BENIGN,BENIGN,0,Tuesday,513
20170704_1419,2017-07-04 14:19:00,2017-07-04 14:19:59,2017-07-04,Tuesday,26,1066,895.8333333333334,849165.0333333333,18491973.14352721,35966507.236751944,0.6097560975609756,947.905153488372,209.62841215089077,0.7660916707737802,15,154,0.3874296435272045,0.0147162790697674,1,Brute Force,Brute Force,1,Tuesday,514
20170704_1420,2017-07-04 14:20:00,2017-07-04 14:20:59,2017-07-04,Tuesday,27,2410,8582.833333333334,10468186.4,11686782.483817426,29537883.803994793,0.7029045643153526,1219.6655805192536,167.3534384140019,0.760994008863599,17,289,0.362655601659751,0.0031807678117171,1,Brute Force,Brute Force,1,Tuesday,515
20170704_1421,2017-07-04 14:21:00,2017-07-04 14:21:59,2017-07-04,Tuesday,28,574,486.95,406743.51666666666,16958922.641114984,33755467.40421191,0.5836236933797909,835.2880514768799,103.88158933715478,0.8120813693872488,13,120,0.3954703832752613,0.0116028339665263,1,Brute Force,Brute Force,1,Tuesday,516
20170704_1422,2017-07-04 14:22:00,2017-07-04 14:22:59,2017-07-04,Tuesday,29,1053,14157.333333333334,17804105.5,17420976.20797721,34907860.39388209,0.6267806267806267,1257.5889174044075,125.78616872565831,0.754905606584607,12,175,0.3532763532763532,0.0007357788660764,1,Brute Force,Brute Force,1,Tuesday,517
20170704_1423,2017-07-04 14:23:00,2017-07-04 14:23:59,2017-07-04,Tuesday,30,522,412.8,315601.93333333335,18689170.816091955,36993990.787468664,0.5881226053639846,764.5395671834625,124.25449096191356,0.8168414875669332,18,105,0.3773946360153257,0.0145752583979328,1,Brute Force,Brute Force,1,Tuesday,518
20170704_1424,2017-07-04 14:24:00,2017-07-04 14:24:59,2017-07-04,Tuesday,31,1172,13366.366666666669,16679745.35,19018659.29778157,37279701.18036284,0.6049488054607508,1247.8892556192034,167.02364532592108,0.7495609643295789,13,176,0.3993174061433447,0.0010374297677503,1,Brute Force,Brute Force,1,Tuesday,519
20170704_1425,2017-07-04 14:25:00,2017-07-04 14:25:59,2017-07-04,Tuesday,32,1161,506.76666666666665,319348.48333333334,14804023.768303188,32058069.44701481,0.6201550387596899,630.1686838124054,147.25881614294514,0.8848871807587404,13,188,0.3919035314384151,0.0269025850161152,1,Brute Force,Brute Force,1,Tuesday,520
20170704_1426,2017-07-04 14:26:00,2017-07-04 14:26:59,2017-07-04,Tuesday,33,1062,6805.733333333334,8394513.433333334,14260407.950094162,31415188.689767744,0.6694915254237288,1233.4473042336854,135.72737357099325,0.754262736657602,22,175,0.3747645951035782,0.0016897517779127,1,Brute Force,Brute Force,1,Tuesday,521
20170704_1427,2017-07-04 14:27:00,2017-07-04 14:27:59,2017-07-04,Tuesday,34,653,456.3,340265.51666666666,16949837.612557426,34204566.13764764,0.5650842266462481,745.705712615969,155.7995508712445,0.8202912040422844,17,134,0.4410413476263399,0.0181532617430053,1,Brute Force,Brute Force,1,Tuesday,522
20170704_1428,2017-07-04 14:28:00,2017-07-04 14:28:59,2017-07-04,Tuesday,35,289,5672.533333333334,6826917.966666667,22358570.98269896,32395064.5329712,0.3979238754325259,1203.5042485426852,101.20480402428954,0.7224429273427497,14,75,0.4913494809688581,0.0006816472358029,1,Brute Force,Brute Force,1,Tuesday,523
20170704_1429,2017-07-04 14:29:00,2017-07-04 14:29:59,2017-07-04,Tuesday,36,1916,855.1,561998.3833333333,15692867.545929018,34698668.797370374,0.6638830897703549,657.2311815382217,185.95813582555496,0.8347518237734229,15,229,0.337160751565762,0.0247144583479515,1,Brute Force,Brute Force,1,Tuesday,524
20170704_1430,2017-07-04 14:30:00,2017-07-04 14:30:59,2017-07-04,Tuesday,37,1254,6842.366666666667,8072585.383333334,15118269.641945774,33723605.85115929,0.6738437001594896,1179.7943279859307,108.17019462189852,0.7168336623063798,14,188,0.291866028708134,0.0016928840410968,1,Brute Force,Brute Force,1,Tuesday,525
20170704_1431,2017-07-04 14:31:00,2017-07-04 14:31:59,2017-07-04,Tuesday,38,686,250.33333333333337,144556.25,11579474.67638484,27619017.56993515,0.6690962099125365,577.4550599201066,166.7309109054871,0.9240425259382604,8,128,0.446064139941691,0.0347536617842876,1,Brute Force,Brute Force,1,Tuesday,526
20170704_1432,2017-07-04 14:32:00,2017-07-04 14:32:59,2017-07-04,Tuesday,39,382,10968.683333333332,14031046.666666666,22936696.2486911,35548427.09241941,0.4267015706806282,1279.1915164536613,124.91909631680116,0.7116395924036015,13,110,0.5366492146596858,0.0004102589037578,1,Brute Force,Brute Force,1,Tuesday,527
20170704_1433,2017-07-04 14:33:00,2017-07-04 14:33:59,2017-07-04,Tuesday,40,1034,282.55,125021.1,17394724.09574468,36307942.94174633,0.6431334622823984,442.47425234471774,128.3196244037539,0.8524912587412588,16,150,0.3230174081237911,0.0376334572052144,1,Brute Force,Brute Force,1,Tuesday,528
20170704_1434,2017-07-04 14:34:00,2017-07-04 14:34:59,2017-07-04,Tuesday,41,2496,6176.466666666666,7187078.416666667,12206646.95713141,28047519.29004649,0.671875,1163.6229586494976,133.32887049431622,0.751340954523329,11,295,0.3024839743589743,0.0040557168607726,1,Brute Force,Brute Force,1,Tuesday,529
20170704_1435,2017-07-04 14:35:00,2017-07-04 14:35:59,2017-07-04,Tuesday,42,1021,391.85,175675.95,18968821.930460338,37810550.679179795,0.6258570029382958,448.3244864106163,258.14098469446355,0.9500704984656216,16,201,0.545543584720862,0.0448726128195312,1,Brute Force,Brute Force,1,Tuesday,530
20170704_1436,2017-07-04 14:36:00,2017-07-04 14:36:59,2017-07-04,Tuesday,43,876,2064.6666666666665,2290852.4166666665,21058650.279680364,39124555.44931072,0.5924657534246576,1109.5507345818537,169.7437295641864,0.7283711196372514,9,143,0.408675799086758,0.0049402647723603,1,Brute Force,Brute Force,1,Tuesday,531
20170704_1437,2017-07-04 14:37:00,2017-07-04 14:37:59,2017-07-04,Tuesday,44,1777,434.18333333333334,185508.36666666667,16771773.18683174,34573266.0124752,0.6330894766460327,427.2581474799432,118.33555126422472,0.9239347167860572,10,250,0.325267304445695,0.0422632528501785,1,Brute Force,Brute Force,1,Tuesday,532
20170704_1438,2017-07-04 14:38:00,2017-07-04 14:38:59,2017-07-04,Tuesday,45,1158,304.4,102952.93333333332,20789800.59758204,39631545.01408479,0.6001727115716753,338.21594393342093,150.3221517766475,0.9307610993657506,13,192,0.3929188255613126,0.0468134034165571,1,Brute Force,Brute Force,1,Tuesday,533
20170704_1439,2017-07-04 14:39:00,2017-07-04 14:39:59,2017-07-04,Tuesday,46,1661,535.4666666666667,249907.35,21191717.1192053,40283129.30234118,0.633353401565322,466.7094434760956,176.3618911493369,0.8856153530136746,11,258,0.3889223359422035,0.0363234561752988,1,Brute Force,Brute Force,1,Tuesday,534
20170704_1440,2017-07-04 14:40:00,2017-07-04 14:40:59,2017-07-04,Tuesday,47,654,213.33333333333337,104607.9,18431855.779816512,36947629.260370545,0.591743119266055,490.34953125,132.42431835652638,0.8085617406046905,13,125,0.3960244648318042,0.03234375,1,Brute Force,Brute Force,1,Tuesday,535
20170704_1441,2017-07-04 14:41:00,2017-07-04 14:41:59,2017-07-04,Tuesday,48,579,169.53333333333333,67701.2,17759879.671848014,32281009.456300262,0.5664939550949913,399.3385764844672,128.8764216002779,0.8922991071428571,16,106,0.4058721934369603,0.0358828155721588,1,Brute Force,Brute Force,1,Tuesday,536
20170704_1442,2017-07-04 14:42:00,2017-07-04 14:42:59,2017-07-04,Tuesday,49,1554,406.78333333333336,157114.18333333332,16529665.64028314,31819197.794907138,0.6048906048906049,386.235547179088,147.12208421651627,0.9036031820308844,16,201,0.3378378378378378,0.0416274019748432,1,Brute Force,Brute Force,1,Tuesday,537
20170704_1443,2017-07-04 14:43:00,2017-07-04 14:43:59,2017-07-04,Tuesday,50,2169,461.78333333333336,159491.18333333332,13183106.904564315,30478468.50869266,0.677731673582296,345.3809867542498,131.95903146763877,0.9330263708664712,14,266,0.3102812355924389,0.0487963330566282,1,Brute Force,Brute Force,1,Tuesday,538
20170704_1444,2017-07-04 14:44:00,2017-07-04 14:44:59,2017-07-04,Tuesday,51,1013,220.36666666666667,62755.78333333333,12826818.469891412,27874778.840482827,0.6051332675222113,284.7789290576312,140.14782155887292,0.9854354354354354,12,158,0.3998025666337611,0.0595220087732566,1,Brute Force,Brute Force,1,Tuesday,539
20170704_1445,2017-07-04 14:45:00,2017-07-04 14:45:59,2017-07-04,Tuesday,52,372,140.48333333333332,63263.316666666666,25328569.56451613,40504552.241159685,0.5026881720430108,450.3261359591885,137.6696964973286,0.8704237852229865,12,91,0.5483870967741935,0.0358286866769486,1,Brute Force,Brute Force,1,Tuesday,540
20170704_1446,2017-07-04 14:46:00,2017-07-04 14:46:59,2017-07-04,Tuesday,53,636,172.71666666666667,78994.48333333334,14934506.465408806,30706674.478323128,0.5408805031446541,457.36456624529575,116.82051532452616,0.8670509818050801,10,93,0.410377358490566,0.0477660909003184,1,Brute Force,Brute Force,1,Tuesday,541
20170704_1447,2017-07-04 14:47:00,2017-07-04 14:47:59,2017-07-04,Tuesday,54,1818,568.7333333333333,319724.73333333334,14953034.380088007,31920063.535330713,0.6584158415841584,562.1698511311687,148.39163006440435,0.8585589020205872,15,245,0.3668866886688668,0.0382428789122025,1,Brute Force,Brute Force,1,Tuesday,542
20170704_1448,2017-07-04 14:48:00,2017-07-04 14:48:59,2017-07-04,Tuesday,55,1730,407.1166666666667,177371.55,14548640.316763006,33743200.27503002,0.6872832369942197,435.6774470872395,106.93398900311747,0.9376536844610136,13,192,0.2901734104046243,0.0408154910549801,1,Brute Force,Brute Force,1,Tuesday,543
20170704_1449,2017-07-04 14:49:00,2017-07-04 14:49:59,2017-07-04,Tuesday,56,1101,272.03333333333336,108919.46666666666,15413634.97184378,33113281.64924851,0.6330608537693007,400.39014826614385,156.15259875223424,0.927609825224374,13,176,0.3760217983651226,0.0462565862026712,1,Brute Force,Brute Force,1,Tuesday,544
20170704_1450,2017-07-04 14:50:00,2017-07-04 14:50:59,2017-07-04,Tuesday,57,579,6934.8,10511677.633333333,17729142.587219343,33762990.86788387,0.5233160621761658,1515.7867037742017,134.9393451344326,0.7797629486417239,10,104,0.4352331606217616,0.0011031320297629,1,Brute Force,Brute Force,1,Tuesday,545
20170704_1451,2017-07-04 14:51:00,2017-07-04 14:51:59,2017-07-04,Tuesday,58,1731,444.1333333333333,180885.4,13611328.164067011,31798702.84143316,0.6943963027151935,407.2772440708496,209.7726812168374,0.9742924877759668,12,198,0.389370306181398,0.0478084659261483,1,Brute Force,Brute Force,1,Tuesday,546
20170704_1452,2017-07-04 14:52:00,2017-07-04 14:52:59,2017-07-04,Tuesday,59,1498,410.3666666666667,178214.8,15919686.279038718,34503387.48738228,0.6568758344459279,434.2818617496548,141.79065446817063,0.8879773040944641,10,186,0.329105473965287,0.0387864511412557,1,Brute Force,Brute Force,1,Tuesday,547
20170704_1453,2017-07-04 14:53:00,2017-07-04 14:53:59,2017-07-04,Tuesday,60,812,310.43333333333334,149336.73333333334,21258503.42857143,37962436.59635848,0.4704433497536945,481.05894985504136,196.0841185072531,0.8872340425531915,13,172,0.5110837438423645,0.0409105551379791,1,Brute Force,Brute Force,1,Tuesday,548
20170704_1454,2017-07-04 14:54:00,2017-07-04 14:54:59,2017-07-04,Tuesday,61,1745,433.4,148694.65,18109221.13467049,36816130.93439803,0.6269340974212034,343.088717120443,170.32886165742667,0.9551161566799488,12,242,0.3805157593123209,0.0475696046762036,1,Brute Force,Brute Force,1,Tuesday,549
20170704_1455,2017-07-04 14:55:00,2017-07-04 14:55:59,2017-07-04,Tuesday,62,1212,280.1,101709.61666666668,15145443.75330033,32108271.32355542,0.5866336633663366,363.1189456146614,135.39261788112816,0.967341683249444,10,173,0.3976897689768977,0.047245031536356,1,Brute Force,Brute Force,1,Tuesday,550
20170704_1456,2017-07-04 14:56:00,2017-07-04 14:56:59,2017-07-04,Tuesday,63,1150,459.9,285356.45,20772776.29652174,39413504.21412215,0.5765217391304348,620.4749945640357,186.412250256464,0.8380736694864451,13,200,0.4347826086956521,0.0332681017612524,1,Brute Force,Brute Force,1,Tuesday,551
20170704_1457,2017-07-04 14:57:00,2017-07-04 14:57:59,2017-07-04,Tuesday,64,1070,512.7166666666667,340255.2833333333,19965067.45140187,38513991.02108541,0.5728971962616822,663.6321880180736,182.572709897657,0.7403405555241274,13,187,0.4383177570093458,0.0275655820303611,1,Brute Force,Brute Force,1,Tuesday,552
20170704_1458,2017-07-04 14:58:00,2017-07-04 14:58:59,2017-07-04,Tuesday,65,1489,432.6333333333333,196516.33333333337,14715355.69039624,33819178.70581027,0.6265950302216252,454.2329917559134,176.68831968766813,0.8895763575484059,14,229,0.435191403626595,0.0464596656136836,1,Brute Force,Brute Force,1,Tuesday,553
20170704_1459,2017-07-04 14:59:00,2017-07-04 14:59:59,2017-07-04,Tuesday,66,542,118.88333333333334,30443.066666666666,11884701.210332103,27225692.810791623,0.525830258302583,256.07514369830363,136.1655554279016,0.9380603096984516,10,107,0.5,0.0658909294826861,1,Brute Force,Brute Force,1,Tuesday,554
20170704_1500,2017-07-04 15:00:00,2017-07-04 15:00:59,2017-07-04,Tuesday,67,1176,301.75,115406.5,14236474.18367347,32535950.935394507,0.6309523809523809,382.45733222866613,172.01648646919674,0.9214687466836464,13,208,0.4005102040816326,0.0488262910798122,1,Brute Force,Brute Force,1,Tuesday,555
20170704_1501,2017-07-04 15:01:00,2017-07-04 15:01:59,2017-07-04,Tuesday,68,816,258.0833333333333,124953.3,15349125.0625,33536105.117800683,0.6078431372549019,484.1587342589603,159.3637329170681,0.8590636254501801,12,142,0.4215686274509804,0.0411365837907652,1,Brute Force,Brute Force,1,Tuesday,556
20170704_1502,2017-07-04 15:02:00,2017-07-04 15:02:59,2017-07-04,Tuesday,69,402,111.78333333333332,36213.46666666667,13060945.883084577,28567163.637595516,0.4850746268656716,323.9612345310869,122.03656772437547,0.8243132988849605,14,84,0.527363184079602,0.0599373788579096,1,Brute Force,Brute Force,1,Tuesday,557
20170704_1503,2017-07-04 15:03:00,2017-07-04 15:03:59,2017-07-04,Tuesday,70,947,294.55,108978.63333333332,16303172.81626188,35079480.957311615,0.6409714889123548,369.9834776212301,170.79736032085333,0.923177366702938,14,144,0.4181626187961985,0.04232444972557,1,Brute Force,Brute Force,1,Tuesday,558
20170704_1504,2017-07-04 15:04:00,2017-07-04 15:04:59,2017-07-04,Tuesday,71,1508,478.6166666666667,251632.2,13507870.543103447,31545635.283763938,0.6538461538461539,525.748929205697,182.69017646004363,0.873931484502447,12,185,0.3726790450928382,0.0400111432252672,1,Brute Force,Brute Force,1,Tuesday,559
20170704_1505,2017-07-04 15:05:00,2017-07-04 15:05:59,2017-07-04,Tuesday,72,470,122.03333333333332,35138.183333333334,11621730.423404256,26154192.10514849,0.5893617021276596,287.93922425566785,126.48686869093342,0.8893188854489165,16,90,0.4531914893617021,0.049440043703906,1,Brute Force,Brute Force,1,Tuesday,560
20170704_1506,2017-07-04 15:06:00,2017-07-04 15:06:59,2017-07-04,Tuesday,73,1745,494.45,211140.96666666667,17786241.732378222,36827777.150394015,0.6148997134670487,427.02187615869485,166.38493101019725,0.9243692028280468,11,250,0.3891117478510029,0.0407523510971786,1,Brute Force,Brute Force,1,Tuesday,561
20170704_1507,2017-07-04 15:07:00,2017-07-04 15:07:59,2017-07-04,Tuesday,74,514,270.71666666666664,176695.31666666668,17363843.02140078,36028743.55409312,0.585603112840467,652.6946376900819,144.04700910182098,0.8074997218204073,9,105,0.4299610894941634,0.0247491226990088,1,Brute Force,Brute Force,1,Tuesday,562
20170704_1508,2017-07-04 15:08:00,2017-07-04 15:08:59,2017-07-04,Tuesday,75,612,188.73333333333332,70956.9,18669084.272875816,36608797.36315363,0.5849673202614379,375.9637937124691,147.35269862985632,0.848074412532637,14,101,0.3986928104575163,0.0351465913104909,1,Brute Force,Brute Force,1,Tuesday,563
20170704_1509,2017-07-04 15:09:00,2017-07-04 15:09:59,2017-07-04,Tuesday,76,766,225.08333333333337,97609.55,15282996.994778069,33388037.64941807,0.6370757180156658,433.65960755275825,151.33656530379764,0.8665008291873963,11,138,0.3968668407310705,0.0391706775268419,1,Brute Force,Brute Force,1,Tuesday,564
20170704_1510,2017-07-04 15:10:00,2017-07-04 15:10:59,2017-07-04,Tuesday,77,2651,727.4166666666666,318454.43333333335,15710317.516408902,33627149.04142318,0.6439079592606564,437.78820025203345,173.0092604027949,0.8898462870751245,14,332,0.3515654470011316,0.0403711765379768,1,Brute Force,Brute Force,1,Tuesday,565
20170704_1511,2017-07-04 15:11:00,2017-07-04 15:11:59,2017-07-04,Tuesday,78,475,127.85,36798.46666666667,14680379.197894735,32334274.726503983,0.6273684210526316,287.8253161256681,124.80138118320636,0.8836238644733612,12,86,0.3978947368421052,0.0434102463824794,1,Brute Force,Brute Force,1,Tuesday,566
20170704_1512,2017-07-04 15:12:00,2017-07-04 15:12:59,2017-07-04,Tuesday,79,292,97.7,29458.5,14502302.56849315,27500396.23756715,0.4349315068493151,301.51995905834184,91.42153178224255,0.910394265232975,13,94,0.6506849315068494,0.0388945752302968,1,Brute Force,Brute Force,1,Tuesday,567
20170704_1513,2017-07-04 15:13:00,2017-07-04 15:13:59,2017-07-04,Tuesday,80,727,264.5833333333333,158034.26666666666,16275829.273727648,35208930.855759226,0.562585969738652,597.2948661417323,156.74880233069,0.8292430003456619,9,123,0.437414030261348,0.0346456692913385,1,Brute Force,Brute Force,1,Tuesday,568
20170704_1514,2017-07-04 15:14:00,2017-07-04 15:14:59,2017-07-04,Tuesday,81,1051,373.4,195442.4,17648754.80970504,37962184.45085841,0.6764985727878211,523.4129619710766,169.24311575433703,0.838887065003283,15,143,0.3368220742150333,0.0316014997321906,1,Brute Force,Brute Force,1,Tuesday,569
20170704_1515,2017-07-04 15:15:00,2017-07-04 15:15:59,2017-07-04,Tuesday,82,1091,411.21666666666664,177885.46666666667,25090192.861594867,43597411.36690785,0.5902841429880843,432.5833096907551,201.75017960128247,0.9192594897324208,9,179,0.4252978918423464,0.0372471932882097,1,Brute Force,Brute Force,1,Tuesday,570
20170704_1516,2017-07-04 15:16:00,2017-07-04 15:16:59,2017-07-04,Tuesday,83,436,251.06666666666663,166136.23333333334,12267592.206422018,28073887.653388154,0.5711009174311926,661.7215878916622,156.38058206688646,0.7841070582662245,13,102,0.5344036697247706,0.0234333510355815,1,Brute Force,Brute Force,1,Tuesday,571
20170704_1517,2017-07-04 15:17:00,2017-07-04 15:17:59,2017-07-04,Tuesday,84,803,261.51666666666665,143681.18333333332,11268667.551681196,29977897.306303464,0.6488169364881694,549.4150149767382,165.29940240578372,0.8450323339212228,14,102,0.37359900373599,0.0330125549678159,1,Brute Force,Brute Force,1,Tuesday,572
20170704_1518,2017-07-04 15:18:00,2017-07-04 15:18:59,2017-07-04,Tuesday,85,258,89.33333333333333,30910.45,11651892.988372091,25662240.42160053,0.5193798449612403,346.0125,109.32377882471287,0.8397391901166781,12,65,0.5852713178294574,0.0479477611940298,1,Brute Force,Brute Force,1,Tuesday,573
20170704_1519,2017-07-04 15:19:00,2017-07-04 15:19:59,2017-07-04,Tuesday,86,694,196.76666666666668,75204.86666666667,15889240.655619595,35489534.33825477,0.654178674351585,382.2032864645096,155.17595805890787,0.9074313408723748,11,95,0.3731988472622478,0.0432830764018295,1,Brute Force,Brute Force,1,Tuesday,574
20170704_1520,2017-07-04 15:20:00,2017-07-04 15:20:59,2017-07-04,Tuesday,87,253,64.78333333333333,30894.916666666668,11521830.632411066,28856246.682215057,0.6758893280632411,476.8960638024183,100.34177322521532,0.8531935176358436,14,73,0.3320158102766798,0.029585798816568,1,Brute Force,Brute Force,1,Tuesday,575
20170704_1521,2017-07-04 15:21:00,2017-07-04 15:21:59,2017-07-04,Tuesday,88,99,34.03333333333333,16139.183333333332,14825712.363636363,34357281.89622957,0.7171717171717171,474.21694417238,99.93414029744754,1.036889332003988,12,37,0.2525252525252525,0.0244857982370225,0,BENIGN,BENIGN,0,Tuesday,576
20170704_1522,2017-07-04 15:22:00,2017-07-04 15:22:59,2017-07-04,Tuesday,89,1237,323.4166666666667,165072.78333333333,14953081.519805985,33642181.85891059,0.713823767178658,510.4028343210513,151.43268500908974,0.8782423538521099,10,175,0.2700080840743735,0.0334449884050502,0,BENIGN,BENIGN,0,Tuesday,577
20170704_1523,2017-07-04 15:23:00,2017-07-04 15:23:59,2017-07-04,Tuesday,90,1313,419.23333333333335,230551.0,16277953.664127951,34545556.48319786,0.6686976389946687,549.9348016220084,177.2354986627092,0.8076315033055476,16,198,0.3313023610053313,0.0352230261588614,0,BENIGN,BENIGN,0,Tuesday,578
20170704_1524,2017-07-04 15:24:00,2017-07-04 15:24:59,2017-07-04,Tuesday,91,375,122.26666666666668,70868.28333333334,16083873.829333331,35142260.90455952,0.72,579.6206379498365,163.77504036951774,0.825578502114954,6,76,0.328,0.0282170119956379,0,BENIGN,BENIGN,0,Tuesday,579
20170704_1525,2017-07-04 15:25:00,2017-07-04 15:25:59,2017-07-04,Tuesday,92,438,106.93333333333334,50799.666666666664,16746971.429223744,36985271.48393923,0.7168949771689498,475.0592269326683,154.2506955221717,0.9720344191763984,8,104,0.3356164383561644,0.0335099750623441,0,BENIGN,BENIGN,0,Tuesday,580
20170704_1526,2017-07-04 15:26:00,2017-07-04 15:26:59,2017-07-04,Tuesday,93,186,44.2,27089.033333333333,11466289.08064516,27773294.831195284,0.6935483870967742,612.8740573152338,108.742547336332,0.8221153846153846,11,70,0.3333333333333333,0.0184766214177978,0,BENIGN,BENIGN,0,Tuesday,581
20170704_1527,2017-07-04 15:27:00,2017-07-04 15:27:59,2017-07-04,Tuesday,94,1022,329.0833333333333,180402.43333333332,17120364.6555773,36248726.696076415,0.6702544031311155,548.1968093188149,188.66330401546145,0.9034123770965876,9,164,0.3639921722113503,0.0365155735629273,0,BENIGN,BENIGN,0,Tuesday,582
20170704_1528,2017-07-04 15:28:00,2017-07-04 15:28:59,2017-07-04,Tuesday,95,797,230.43333333333337,101913.63333333332,19419615.35884567,40539527.82821901,0.6963613550815558,442.2694922609576,181.61489882258212,0.9439055250948968,15,138,0.3350062735257214,0.0369593519456097,0,BENIGN,BENIGN,0,Tuesday,583
20170704_1529,2017-07-04 15:29:00,2017-07-04 15:29:59,2017-07-04,Tuesday,96,321,142.33333333333334,87143.21666666666,13227122.507788165,29745668.026415143,0.7414330218068536,612.2474238875878,254.63981838332023,0.8632198952879581,15,88,0.4953271028037383,0.0378220140515222,0,BENIGN,BENIGN,0,Tuesday,584
20170704_1530,2017-07-04 15:30:00,2017-07-04 15:30:59,2017-07-04,Tuesday,97,289,138.13333333333333,103498.45,13591950.653979238,31251225.44563432,0.6228373702422145,749.2648407335907,150.85945618513463,0.7802835051546392,11,78,0.3875432525951557,0.0183397683397683,0,BENIGN,BENIGN,0,Tuesday,585
20170704_1531,2017-07-04 15:31:00,2017-07-04 15:31:59,2017-07-04,Tuesday,98,1128,611.3333333333334,428104.8333333333,18689299.911347516,38017485.57423244,0.6764184397163121,700.2805343511451,182.11376993269508,0.7684408446630026,12,162,0.3359929078014184,0.0199563794983642,0,BENIGN,BENIGN,0,Tuesday,586
20170704_1532,2017-07-04 15:32:00,2017-07-04 15:32:59,2017-07-04,Tuesday,99,203,55.61666666666667,29045.55,8478275.66502463,25065760.277132917,0.7487684729064039,522.2454300269703,158.03301650096478,0.8596100278551532,15,51,0.3793103448275862,0.0407551693137548,0,BENIGN,BENIGN,0,Tuesday,587
20170704_1533,2017-07-04 15:33:00,2017-07-04 15:33:59,2017-07-04,Tuesday,100,1041,450.96666666666664,288184.0333333333,15695530.479346782,36007445.34986808,0.7262247838616714,639.0362184936063,180.2844193777001,0.8222775944508047,16,152,0.329490874159462,0.024318131421391,0,BENIGN,BENIGN,0,Tuesday,588
20170704_1534,2017-07-04 15:34:00,2017-07-04 15:34:59,2017-07-04,Tuesday,101,195,50.766666666666666,27161.3,8989174.343589744,24518452.548606142,0.6666666666666666,535.0223243598161,93.41527520160686,0.9594855305466238,12,61,0.3282051282051282,0.020682862770847,0,BENIGN,BENIGN,0,Tuesday,589
20170704_1535,2017-07-04 15:35:00,2017-07-04 15:35:59,2017-07-04,Tuesday,102,782,413.51666666666665,297899.86666666664,17995793.098465472,38992989.859111145,0.7071611253196931,720.4059489742453,176.1357380556298,0.7939411466994433,11,118,0.3452685421994885,0.0205957035186006,0,BENIGN,BENIGN,0,Tuesday,590
20170704_1536,2017-07-04 15:36:00,2017-07-04 15:36:59,2017-07-04,Tuesday,103,1040,355.73333333333335,177818.75,13739414.96346154,33354355.79259585,0.7471153846153846,499.8653017241379,233.45822137341983,0.9183068212456188,13,156,0.4230769230769231,0.0397769865067466,0,BENIGN,BENIGN,0,Tuesday,591
20170704_1537,2017-07-04 15:37:00,2017-07-04 15:37:59,2017-07-04,Tuesday,104,123,153.56666666666666,149804.23333333334,14591362.203252032,33480068.14741685,0.7317073170731707,975.4996744085088,145.9333758973155,0.7522342650694048,12,34,0.3739837398373983,0.0085739092685044,0,BENIGN,BENIGN,0,Tuesday,592
20170704_1538,2017-07-04 15:38:00,2017-07-04 15:38:59,2017-07-04,Tuesday,105,707,162.95,72487.36666666667,14782008.540311174,34496711.78832135,0.7298444130127298,444.8442262452695,153.5325919539551,0.9274590971811552,10,113,0.3295615275813295,0.0367188299069244,0,BENIGN,BENIGN,0,Tuesday,593
20170704_1539,2017-07-04 15:39:00,2017-07-04 15:39:59,2017-07-04,Tuesday,106,897,287.5,173856.85,11245570.926421404,27934779.219638743,0.7023411371237458,604.7194782608696,168.29896542667723,0.9057666813963764,11,146,0.3244147157190635,0.033391304347826,0,BENIGN,BENIGN,0,Tuesday,594
20170704_1540,2017-07-04 15:40:00,2017-07-04 15:40:59,2017-07-04,Tuesday,107,250,87.18333333333334,44012.38333333333,18103260.892,36810539.53377347,0.664,504.8256547505257,150.71587846061155,0.8319327731092437,11,67,0.34,0.0286752055056394,0,BENIGN,BENIGN,0,Tuesday,595
20170704_1541,2017-07-04 15:41:00,2017-07-04 15:41:59,2017-07-04,Tuesday,108,528,270.71666666666664,204969.93333333332,18048151.25757576,38193662.5771046,0.6666666666666666,757.138213384227,167.2875086994446,0.8417233560090703,12,98,0.3541666666666667,0.0181616696423074,0,BENIGN,BENIGN,0,Tuesday,596
20170704_1542,2017-07-04 15:42:00,2017-07-04 15:42:59,2017-07-04,Tuesday,109,438,204.5,127066.1,16726732.374429224,36742898.12129007,0.6529680365296804,621.3501222493887,203.7091037250945,0.809882005899705,10,88,0.3972602739726027,0.0289323553382233,0,BENIGN,BENIGN,0,Tuesday,597
20170704_1543,2017-07-04 15:43:00,2017-07-04 15:43:59,2017-07-04,Tuesday,110,327,243.68333333333337,209424.48333333337,19671291.66055046,39387113.742896184,0.6880733944954128,859.4124204910745,299.4733508705822,0.8288930581613508,11,66,0.581039755351682,0.0218863278845496,0,BENIGN,BENIGN,0,Tuesday,598
20170704_1544,2017-07-04 15:44:00,2017-07-04 15:44:59,2017-07-04,Tuesday,111,183,76.98333333333333,50401.3,14211124.158469943,31267645.9684792,0.639344262295082,654.7040484953453,127.46109977931393,0.7427385892116183,9,65,0.3387978142076502,0.0162372807967092,0,BENIGN,BENIGN,0,Tuesday,599
20170704_1545,2017-07-04 15:45:00,2017-07-04 15:45:59,2017-07-04,Tuesday,112,664,323.3666666666667,242236.16666666663,18129793.909638554,37894499.790250935,0.6822289156626506,749.106793114112,203.02992560390257,0.8419403835200304,13,104,0.3554216867469879,0.0229873208947531,0,BENIGN,BENIGN,0,Tuesday,600
20170704_1546,2017-07-04 15:46:00,2017-07-04 15:46:59,2017-07-04,Tuesday,113,957,566.95,419061.61666666664,22541459.087774295,43150372.868791856,0.6050156739811913,739.1509245377312,239.07185832971447,0.8399048082643734,11,122,0.4117032392894462,0.0238116235999647,0,BENIGN,BENIGN,0,Tuesday,601
20170704_1547,2017-07-04 15:47:00,2017-07-04 15:47:59,2017-07-04,Tuesday,114,1180,402.3,244033.91666666663,11457963.712711863,31107351.58460543,0.7076271186440678,606.5968597232579,188.89685934210408,0.9079196964906734,9,124,0.3364406779661017,0.033059905543127,0,BENIGN,BENIGN,0,Tuesday,602
20170704_1548,2017-07-04 15:48:00,2017-07-04 15:48:59,2017-07-04,Tuesday,115,149,48.016666666666666,19953.666666666668,10527736.087248322,26730444.497914873,0.6845637583892618,415.55709822978133,158.64028489655425,0.92904953145917,15,53,0.4161073825503356,0.03748698368622,0,BENIGN,BENIGN,0,Tuesday,603
20170704_1549,2017-07-04 15:49:00,2017-07-04 15:49:59,2017-07-04,Tuesday,116,364,216.78333333333333,185422.5,15120413.851648351,35141941.20925131,0.6730769230769231,855.3355885292535,141.96327489080846,0.8177752934600335,10,96,0.3708791208791209,0.0116860152225724,0,BENIGN,BENIGN,0,Tuesday,604
20170704_1550,2017-07-04 15:50:00,2017-07-04 15:50:59,2017-07-04,Tuesday,117,880,199.4,84845.11666666667,11720019.886363637,32016900.00849903,0.8079545454545455,425.50208960213973,186.72601364228393,0.9901862940785096,13,129,0.3034090909090909,0.0435473085924439,0,BENIGN,BENIGN,0,Tuesday,605
20170704_1551,2017-07-04 15:51:00,2017-07-04 15:51:59,2017-07-04,Tuesday,118,413,356.95,325354.2166666667,12850703.479418889,24613909.849331927,0.6174334140435835,911.4840080310034,217.5797465750099,0.756869821999836,7,86,0.3825665859564164,0.0140075640846056,0,BENIGN,BENIGN,0,Tuesday,606
20170704_1552,2017-07-04 15:52:00,2017-07-04 15:52:59,2017-07-04,Tuesday,119,1438,318.96666666666664,135615.3,13415499.85674548,33949494.163002886,0.7357440890125174,425.17075974500995,138.73214040663845,0.9771694214876032,10,177,0.4318497913769124,0.053715121747309,0,BENIGN,BENIGN,0,Tuesday,607
20170704_1553,2017-07-04 15:53:00,2017-07-04 15:53:59,2017-07-04,Tuesday,120,618,252.23333333333332,186318.16666666663,10821501.493527507,29538557.736849327,0.7847896440129449,738.6738469670939,115.67974125753138,0.8803578084234066,14,85,0.2508090614886731,0.0201532972115765,0,BENIGN,BENIGN,0,Tuesday,608
20170704_1554,2017-07-04 15:54:00,2017-07-04 15:54:59,2017-07-04,Tuesday,121,1374,579.2833333333333,369701.76666666666,13901112.113537118,32927145.64950586,0.7183406113537117,638.2054262450729,176.44724981973212,0.8693126815101646,14,140,0.2889374090247453,0.023966395258509,0,BENIGN,BENIGN,0,Tuesday,609
20170704_1555,2017-07-04 15:55:00,2017-07-04 15:55:59,2017-07-04,Tuesday,122,492,239.11666666666667,177287.26666666666,14989840.697154472,33243373.0908068,0.7235772357723578,741.4258033038266,174.07450060729386,0.8812114855119969,9,87,0.3333333333333333,0.01951627517948,0,BENIGN,BENIGN,0,Tuesday,610
20170704_1556,2017-07-04 15:56:00,2017-07-04 15:56:59,2017-07-04,Tuesday,123,336,101.01666666666668,45084.26666666667,8228085.744047619,25340335.325774644,0.8154761904761905,446.3052301600396,184.44705190876243,1.0472813238770686,14,62,0.4464285714285714,0.0384425012374195,0,BENIGN,BENIGN,0,Tuesday,611
20170704_1557,2017-07-04 15:57:00,2017-07-04 15:57:59,2017-07-04,Tuesday,124,536,198.88333333333333,146992.0,9718297.774253732,25594093.28942446,0.6902985074626866,739.0865666638733,163.37271847298751,0.8796660891478973,11,101,0.3656716417910448,0.0256431743903461,0,BENIGN,BENIGN,0,Tuesday,612
20170704_1558,2017-07-04 15:58:00,2017-07-04 15:58:59,2017-07-04,Tuesday,125,600,173.61666666666667,94017.16666666669,15575566.278333334,36191811.31925766,0.7616666666666667,541.5215513103581,134.26895738089587,0.9299740644683216,12,84,0.28,0.0302390323509647,0,BENIGN,BENIGN,0,Tuesday,613
20170704_1559,2017-07-04 15:59:00,2017-07-04 15:59:59,2017-07-04,Tuesday,126,1190,328.75,175995.1,18707213.20420168,38325501.16029447,0.7025210084033613,535.3463117870723,160.59383452949345,0.8921822541966427,11,157,0.2815126050420168,0.0340177439797211,0,BENIGN,BENIGN,0,Tuesday,614
20170704_1600,2017-07-04 16:00:00,2017-07-04 16:00:59,2017-07-04,Tuesday,127,853,662.9666666666667,637053.7,18026313.6084408,37527169.1713812,0.6858147713950762,960.9136205942984,193.7698064215389,0.8230522456461962,12,114,0.347010550996483,0.014907737945598,0,BENIGN,BENIGN,0,Tuesday,615
20170704_1601,2017-07-04 16:01:00,2017-07-04 16:01:59,2017-07-04,Tuesday,128,1324,287.2,132054.78333333333,12648386.104984894,28501828.144456707,0.7077039274924471,459.800777623027,156.70066618828167,0.9966400185378288,13,185,0.2930513595166163,0.0425371402042711,0,BENIGN,BENIGN,0,Tuesday,616
20170704_1602,2017-07-04 16:02:00,2017-07-04 16:02:59,2017-07-04,Tuesday,129,1804,424.45,181647.11666666667,15338611.112527717,35723633.601319075,0.717849223946785,427.958809439667,162.0122325119315,1.0323996488708005,15,218,0.3059866962305986,0.0421722228766639,0,BENIGN,BENIGN,0,Tuesday,617
20170704_1603,2017-07-04 16:03:00,2017-07-04 16:03:59,2017-07-04,Tuesday,130,291,104.56666666666666,55996.933333333334,22553752.77319588,42738856.912135705,0.6426116838487973,535.5141855275741,235.59055804841597,0.9770006301197228,14,68,0.4570446735395189,0.0333120816066305,0,BENIGN,BENIGN,0,Tuesday,618
20170704_1604,2017-07-04 16:04:00,2017-07-04 16:04:59,2017-07-04,Tuesday,131,1131,279.76666666666665,104192.06666666668,21729287.73740053,42620526.68323634,0.6825817860300619,372.4248778744192,174.85305681079657,1.0549638878687722,12,157,0.358974358974359,0.0451566781842011,0,BENIGN,BENIGN,0,Tuesday,619
20170704_1605,2017-07-04 16:05:00,2017-07-04 16:05:59,2017-07-04,Tuesday,132,1057,307.51666666666665,134531.26666666666,17441410.46357616,36879893.78205799,0.6527909176915799,437.47634274565064,187.48767175860988,0.9823807477438762,13,175,0.3784295175023652,0.040594005744946,0,BENIGN,BENIGN,0,Tuesday,620
20170704_1606,2017-07-04 16:06:00,2017-07-04 16:06:59,2017-07-04,Tuesday,133,1153,271.2,117570.58333333331,12786529.352992194,33782003.98656573,0.7606244579358196,433.51985004916423,134.09261971226292,0.9456001912960306,16,154,0.3078924544666088,0.0397000983284169,0,BENIGN,BENIGN,0,Tuesday,621
20170704_1607,2017-07-04 16:07:00,2017-07-04 16:07:59,2017-07-04,Tuesday,134,1211,543.5,270324.15,4522546.158546655,19495189.623021018,0.8777869529314616,497.3765409383624,463.9948116207962,1.0200074331020812,7,105,0.8026424442609413,0.0597976080956761,0,BENIGN,BENIGN,0,Tuesday,622
20170704_1608,2017-07-04 16:08:00,2017-07-04 16:08:59,2017-07-04,Tuesday,135,656,140.98333333333332,42962.833333333336,16664461.4375,38011278.80021685,0.711890243902439,304.7369665445088,117.01067822153804,1.0133269871489767,15,102,0.3079268292682927,0.0403120936280884,0,BENIGN,BENIGN,0,Tuesday,623
20170704_1609,2017-07-04 16:09:00,2017-07-04 16:09:59,2017-07-04,Tuesday,136,398,134.18333333333334,84676.5,14771590.17085427,36098497.997917615,0.7361809045226131,631.0508011427152,143.47006522127634,0.9012987012987012,13,64,0.3065326633165829,0.0296857533225686,0,BENIGN,BENIGN,0,Tuesday,624
20170704_1610,2017-07-04 16:10:00,2017-07-04 16:10:59,2017-07-04,Tuesday,137,649,159.88333333333333,67956.2,19977496.724191062,40739779.30055586,0.7072419106317411,425.0361722089023,130.27130499508442,0.9916960763960972,13,110,0.3066255778120185,0.0366934222870843,0,BENIGN,BENIGN,0,Tuesday,625
20170704_1611,2017-07-04 16:11:00,2017-07-04 16:11:59,2017-07-04,Tuesday,138,588,199.51666666666668,103714.23333333334,16130303.357142856,37400457.551180944,0.7517006802721088,519.8274162559519,169.99529831814382,0.8081860746110859,14,92,0.3214285714285714,0.0332470136162392,0,BENIGN,BENIGN,0,Tuesday,626
20170704_1612,2017-07-04 16:12:00,2017-07-04 16:12:59,2017-07-04,Tuesday,139,592,133.41666666666666,45087.51666666667,17115185.048986487,38374759.16236629,0.7043918918918919,337.94515927545285,125.27801487877468,1.065531475748194,11,97,0.366554054054054,0.045471580262336,0,BENIGN,BENIGN,0,Tuesday,627
20170704_1613,2017-07-04 16:13:00,2017-07-04 16:13:59,2017-07-04,Tuesday,140,237,114.73333333333332,81646.4,22454318.06329114,41702225.474921934,0.6413502109704642,711.6188262638001,204.91481627138643,0.7887763055339049,10,58,0.3881856540084388,0.0239686228936664,0,BENIGN,BENIGN,0,Tuesday,628
20170704_1614,2017-07-04 16:14:00,2017-07-04 16:14:59,2017-07-04,Tuesday,141,1146,290.78333333333336,115671.78333333334,19332384.28272251,39908709.526741646,0.6701570680628273,397.793718117728,127.14133700886352,0.9768864717878992,12,153,0.3298429319371728,0.0381154353183928,0,BENIGN,BENIGN,0,Tuesday,629
20170704_1615,2017-07-04 16:15:00,2017-07-04 16:15:59,2017-07-04,Tuesday,142,400,109.95,43222.9,18515731.0975,38455288.13640219,0.6975,393.11414279217826,189.55858058790895,0.9354649457318862,14,66,0.36,0.0469910565408519,0,BENIGN,BENIGN,0,Tuesday,630
20170704_1616,2017-07-04 16:16:00,2017-07-04 16:16:59,2017-07-04,Tuesday,143,1014,271.31666666666666,129247.11666666668,16956263.696252465,38805557.10283974,0.7337278106508875,476.369985871368,130.98794911984126,0.961682130377154,11,138,0.3047337278106509,0.0345844339332882,0,BENIGN,BENIGN,0,Tuesday,631
20170704_1617,2017-07-04 16:17:00,2017-07-04 16:17:59,2017-07-04,Tuesday,144,114,40.016666666666666,22756.75,11300272.859649124,28762859.969320476,0.7456140350877193,568.6817992503123,167.32817686503537,0.8434382194934766,17,27,0.3771929824561403,0.0358184089962515,0,BENIGN,BENIGN,0,Tuesday,632
20170704_1618,2017-07-04 16:18:00,2017-07-04 16:18:59,2017-07-04,Tuesday,145,789,166.91666666666666,49421.21666666667,17002590.953105196,38745831.00713191,0.7072243346007605,296.0831752371443,106.47611465476228,0.948259093561564,10,106,0.2965779467680608,0.0405391912131802,0,BENIGN,BENIGN,0,Tuesday,633
20170704_1619,2017-07-04 16:19:00,2017-07-04 16:19:59,2017-07-04,Tuesday,146,194,60.766666666666666,25854.233333333337,11081592.2628866,28765102.758484907,0.654639175257732,425.46736149204605,161.72604513107075,0.9907205240174672,13,64,0.4381443298969072,0.0405924300603401,0,BENIGN,BENIGN,0,Tuesday,634
20170704_1620,2017-07-04 16:20:00,2017-07-04 16:20:59,2017-07-04,Tuesday,147,991,220.88333333333333,73418.81666666667,18927483.72048436,39909098.045937985,0.7124117053481333,332.38730853391684,142.6288828795551,1.0350069092584062,12,142,0.2996972754793138,0.0424809477099524,0,BENIGN,BENIGN,0,Tuesday,635
20170704_1621,2017-07-04 16:21:00,2017-07-04 16:21:59,2017-07-04,Tuesday,148,470,111.85,58720.01666666667,10946867.434042552,30859689.577997312,0.7936170212765957,524.988973327373,135.0684686785343,0.8827489481065919,14,65,0.3680851063829787,0.0417225450752495,0,BENIGN,BENIGN,0,Tuesday,636
20170704_1622,2017-07-04 16:22:00,2017-07-04 16:22:59,2017-07-04,Tuesday,149,561,147.26666666666668,71013.46666666666,18759420.395721924,40145379.61547872,0.7272727272727273,482.21004979628793,141.48647760577856,0.937938596491228,9,81,0.3761140819964349,0.0390448166591217,0,BENIGN,BENIGN,0,Tuesday,637
20170704_1623,2017-07-04 16:23:00,2017-07-04 16:23:59,2017-07-04,Tuesday,150,449,107.15,42363.95,15742142.022271715,37087641.00820542,0.7126948775055679,395.37050863275783,128.4241696944584,1.0232850849590938,15,77,0.311804008908686,0.0370197542386063,0,BENIGN,BENIGN,0,Tuesday,638
20170704_1624,2017-07-04 16:24:00,2017-07-04 16:24:59,2017-07-04,Tuesday,151,311,126.31666666666666,81044.9,16386753.948553056,37197477.41447456,0.7202572347266881,641.6010027708141,194.4145299706138,0.851037851037851,11,60,0.3408360128617363,0.0226942868452302,0,BENIGN,BENIGN,0,Tuesday,639
20170704_1625,2017-07-04 16:25:00,2017-07-04 16:25:59,2017-07-04,Tuesday,152,660,140.11666666666667,44601.2,17917448.275757577,40015130.92718413,0.7257575757575757,318.31473771856787,116.14013796278692,1.0192122958693564,11,95,0.3106060606060606,0.04341620078506,0,BENIGN,BENIGN,0,Tuesday,640
20170704_1626,2017-07-04 16:26:00,2017-07-04 16:26:59,2017-07-04,Tuesday,153,441,115.18333333333334,45542.566666666666,16898736.76643991,36376381.053693645,0.6961451247165533,395.3919837939517,153.68292435372905,0.9291096846218252,13,80,0.3061224489795918,0.0366083055997684,0,BENIGN,BENIGN,0,Tuesday,641
20170704_1627,2017-07-04 16:27:00,2017-07-04 16:27:59,2017-07-04,Tuesday,154,1389,354.73333333333335,163760.35,15853686.720662346,35985797.834858306,0.7019438444924406,461.64353504980267,149.80221392484793,0.953110662506882,12,204,0.3405327573794096,0.0412516444277391,0,BENIGN,BENIGN,0,Tuesday,642
20170704_1628,2017-07-04 16:28:00,2017-07-04 16:28:59,2017-07-04,Tuesday,155,107,36.78333333333333,20184.566666666666,14655214.10280374,34479430.33535367,0.7102803738317757,548.7421839601269,189.28137019882303,0.84,13,45,0.411214953271028,0.0280924331671952,0,BENIGN,BENIGN,0,Tuesday,643
20170704_1629,2017-07-04 16:29:00,2017-07-04 16:29:59,2017-07-04,Tuesday,156,1181,277.5,114776.05,14333504.469093988,32527258.11731073,0.6883996613039797,413.6073873873874,149.48176628211442,0.9886540069270272,16,154,0.3149872988992379,0.0425825825825825,0,BENIGN,BENIGN,0,Tuesday,644
20170704_1630,2017-07-04 16:30:00,2017-07-04 16:30:59,2017-07-04,Tuesday,157,1037,338.25,184659.9,16096088.028929604,35649524.59167155,0.6846673095467696,545.9272727272727,187.34843719928756,0.9366412213740458,13,149,0.3751205400192864,0.0367085489036708,0,BENIGN,BENIGN,0,Tuesday,645
20170704_1631,2017-07-04 16:31:00,2017-07-04 16:31:59,2017-07-04,Tuesday,158,827,327.78333333333336,190145.81666666668,13894296.84764208,31944265.923758075,0.6916565900846433,580.0960492195047,207.0747440438971,0.8639120545868082,13,137,0.3639661426844015,0.0289317130218131,0,BENIGN,BENIGN,0,Tuesday,646
20170704_1632,2017-07-04 16:32:00,2017-07-04 16:32:59,2017-07-04,Tuesday,159,897,304.48333333333335,173987.21666666667,14658233.314381272,34792757.38735786,0.705685618729097,571.4178663309432,157.8066689611102,0.9092904169714704,9,123,0.3333333333333333,0.028956155235645,0,BENIGN,BENIGN,0,Tuesday,647
20170704_1633,2017-07-04 16:33:00,2017-07-04 16:33:59,2017-07-04,Tuesday,160,288,165.9,99861.18333333332,26219715.0625,44875917.41345392,0.5902777777777778,601.936005625879,267.6828701748866,0.8597048384083691,14,65,0.5729166666666666,0.0263210769539883,0,BENIGN,BENIGN,0,Tuesday,648
20170704_1634,2017-07-04 16:34:00,2017-07-04 16:34:59,2017-07-04,Tuesday,161,1082,296.3833333333333,126609.31666666668,13804852.543438075,32669037.076411206,0.7051756007393716,427.1809593431929,181.0534133545044,0.8921161825726142,11,158,0.3419593345656192,0.039700837878873,0,BENIGN,BENIGN,0,Tuesday,649
20170704_1635,2017-07-04 16:35:00,2017-07-04 16:35:59,2017-07-04,Tuesday,162,512,128.63333333333333,45884.666666666664,14071043.49609375,32694632.924379945,0.701171875,356.7089919668308,151.71120763416633,0.9636224879165608,15,88,0.365234375,0.0409432495465146,0,BENIGN,BENIGN,0,Tuesday,650
20170704_1636,2017-07-04 16:36:00,2017-07-04 16:36:59,2017-07-04,Tuesday,163,125,42.266666666666666,19983.8,21017553.04,34589097.67113112,0.544,472.80283911671927,215.90941882835332,0.8737075332348597,8,49,0.56,0.0378548895899053,0,BENIGN,BENIGN,0,Tuesday,651
20170704_1637,2017-07-04 16:37:00,2017-07-04 16:37:59,2017-07-04,Tuesday,164,252,74.95,36292.066666666666,11850230.936507937,30021963.686319724,0.6944444444444444,484.21703357794087,174.64936565306394,0.9522569444444444,12,65,0.4126984126984127,0.035134534133867,0,BENIGN,BENIGN,0,Tuesday,652
20170704_1638,2017-07-04 16:38:00,2017-07-04 16:38:59,2017-07-04,Tuesday,165,1410,433.0833333333333,229164.53333333333,16530098.929078016,35711832.08509119,0.6702127659574468,529.1465076005388,194.64649550368367,0.875433025404157,9,178,0.3617021276595745,0.0395228016163171,0,BENIGN,BENIGN,0,Tuesday,653
20170704_1639,2017-07-04 16:39:00,2017-07-04 16:39:59,2017-07-04,Tuesday,166,434,172.11666666666667,108854.53333333334,17269947.050691243,38023530.82993138,0.7073732718894009,632.4462089667861,220.3491893935092,0.8338068181818182,11,67,0.380184331797235,0.0314709015202866,0,BENIGN,BENIGN,0,Tuesday,654
20170704_1640,2017-07-04 16:40:00,2017-07-04 16:40:59,2017-07-04,Tuesday,167,158,47.35,25768.566666666666,11391326.5,28436506.09886737,0.6139240506329114,544.2147131291798,262.3189366188888,0.8021559923906151,8,40,0.4810126582278481,0.0394227384723688,0,BENIGN,BENIGN,0,Tuesday,655
20170704_1641,2017-07-04 16:41:00,2017-07-04 16:41:59,2017-07-04,Tuesday,168,474,136.75,66201.73333333334,13009237.459915612,32559696.72896437,0.6729957805907173,484.1077391834248,167.37510407620914,0.9308235294117648,16,78,0.5569620253164557,0.0433881779402803,0,BENIGN,BENIGN,0,Tuesday,656
20170704_1642,2017-07-04 16:42:00,2017-07-04 16:42:59,2017-07-04,Tuesday,169,1041,226.85,104487.56666666668,13941026.386167146,35204989.889244474,0.7800192122958693,460.6020130776578,133.7919822209841,0.8863636363636364,11,111,0.5984630163304515,0.0621556094335463,0,BENIGN,BENIGN,0,Tuesday,657
20170704_1643,2017-07-04 16:43:00,2017-07-04 16:43:59,2017-07-04,Tuesday,170,458,153.51666666666668,85830.68333333333,14662024.58951965,34287463.9331332,0.6528384279475983,559.0968407339051,207.2091764708229,0.8704568527918781,18,63,0.4235807860262008,0.0419064162414504,0,BENIGN,BENIGN,0,Tuesday,658
20170704_1644,2017-07-04 16:44:00,2017-07-04 16:44:59,2017-07-04,Tuesday,171,1032,229.36666666666667,92464.73333333334,14117643.14728682,33982713.04915213,0.7131782945736435,403.1306496148816,148.48914679104604,0.9450254381006218,13,130,0.3052325581395348,0.0452695829094608,0,BENIGN,BENIGN,0,Tuesday,659
20170704_1645,2017-07-04 16:45:00,2017-07-04 16:45:59,2017-07-04,Tuesday,172,166,54.06666666666667,30229.283333333333,9528549.759036144,25212020.6869058,0.6927710843373494,559.1112823674476,252.94034966128177,0.8800695249130939,12,56,0.5301204819277109,0.0440813810110974,0,BENIGN,BENIGN,0,Tuesday,660
20170704_1646,2017-07-04 16:46:00,2017-07-04 16:46:59,2017-07-04,Tuesday,173,574,321.98333333333335,189065.0,24136495.85714286,43056887.19950109,0.6411149825783972,587.1887778870542,215.5777337638885,0.8300653594771242,8,93,0.4564459930313589,0.0231896060872715,0,BENIGN,BENIGN,0,Tuesday,661
20170704_1647,2017-07-04 16:47:00,2017-07-04 16:47:59,2017-07-04,Tuesday,174,303,89.3,42645.333333333336,13913493.508250823,34332552.29880802,0.7062706270627063,477.55132512131394,198.71196115546695,0.926312005751258,16,56,0.3465346534653465,0.0363941769316909,0,BENIGN,BENIGN,0,Tuesday,662
20170704_1648,2017-07-04 16:48:00,2017-07-04 16:48:59,2017-07-04,Tuesday,175,1308,386.8,204480.53333333333,13822331.00535168,33419178.29338024,0.7377675840978594,528.6466735608411,177.3311940584991,0.8484389933099713,7,149,0.3012232415902141,0.0326611513271285,0,BENIGN,BENIGN,0,Tuesday,663
20170704_1649,2017-07-04 16:49:00,2017-07-04 16:49:59,2017-07-04,Tuesday,176,469,104.88333333333334,38225.166666666664,12200351.90618337,27543839.112582833,0.6588486140724946,364.45415541077386,180.99562822772668,1.1915041782729805,13,74,0.3176972281449893,0.0440171619259494,0,BENIGN,BENIGN,0,Tuesday,664
20170704_1650,2017-07-04 16:50:00,2017-07-04 16:50:59,2017-07-04,Tuesday,177,846,329.6166666666667,240187.45,14107266.28605201,34109013.70052506,0.7399527186761229,728.687212418466,387.93990753088326,1.1146156313482305,10,138,0.4184397163120567,0.0352935227789856,0,BENIGN,BENIGN,0,Tuesday,665
20170704_1651,2017-07-04 16:51:00,2017-07-04 16:51:59,2017-07-04,Tuesday,178,1233,220.08333333333337,72360.6,9475167.246553125,27375556.662700284,0.7274939172749392,328.78727754638396,191.86201969446483,1.0229779411764706,15,145,0.2733171127331711,0.0523286633850814,0,BENIGN,BENIGN,0,Tuesday,666
20170704_1652,2017-07-04 16:52:00,2017-07-04 16:52:59,2017-07-04,Tuesday,179,243,85.63333333333334,44781.05,13436391.176954731,33195165.132827695,0.6995884773662552,522.9394706111327,213.51198221043776,0.8044241573033708,9,53,0.4403292181069959,0.0330868042039704,0,BENIGN,BENIGN,0,Tuesday,667
20170704_1653,2017-07-04 16:53:00,2017-07-04 16:53:59,2017-07-04,Tuesday,180,601,189.85,98911.31666666668,13755197.44093178,33256112.639370717,0.7154742096505824,520.9971907646387,189.62909133377997,0.8660114660114661,13,91,0.3760399334442595,0.0359055394609779,0,BENIGN,BENIGN,0,Tuesday,668
20170704_1654,2017-07-04 16:54:00,2017-07-04 16:54:59,2017-07-04,Tuesday,181,1032,476.8,287147.26666666666,18934036.26162791,38381756.14196366,0.6472868217054264,602.2383948545861,218.52003149199237,0.7808278867102396,13,149,0.3798449612403101,0.0270903243847874,0,BENIGN,BENIGN,0,Tuesday,669
20170704_1655,2017-07-04 16:55:00,2017-07-04 16:55:59,2017-07-04,Tuesday,182,224,62.35,41147.03333333333,4852675.602678572,16364327.795408173,0.6651785714285714,659.9363806468858,260.05558441196484,0.7526932084309134,7,47,0.4151785714285714,0.053461641272387,0,BENIGN,BENIGN,0,Tuesday,670
20170704_1656,2017-07-04 16:56:00,2017-07-04 16:56:59,2017-07-04,Tuesday,183,247,62.666666666666664,28223.45,10329537.032388665,27201986.992926504,0.6963562753036437,450.3742021276596,199.26715077735312,0.9857444561774024,16,60,0.4736842105263157,0.0497340425531914,0,BENIGN,BENIGN,0,Tuesday,671
20170704_1657,2017-07-04 16:57:00,2017-07-04 16:57:59,2017-07-04,Tuesday,184,246,85.33333333333333,45584.53333333333,8934894.646341464,20631652.857739903,0.5691056910569106,534.19375,240.36851488885972,0.8547627671133647,14,52,0.5121951219512195,0.0552734375,0,BENIGN,BENIGN,0,Tuesday,672
20170704_1658,2017-07-04 16:58:00,2017-07-04 16:58:59,2017-07-04,Tuesday,185,1857,402.48333333333335,149239.0,14686377.157781368,32117450.791609373,0.6849757673667205,370.7954780736262,157.50563396617378,0.9648523309738832,18,227,0.3268712977921378,0.0521760735434179,0,BENIGN,BENIGN,0,Tuesday,673
20170704_1659,2017-07-04 16:59:00,2017-07-04 16:59:59,2017-07-04,Tuesday,186,526,174.38333333333333,107112.9,11119712.574144486,30437266.359791428,0.779467680608365,614.2381726082385,205.39272272442471,0.8481102084069233,15,66,0.3098859315589353,0.0341202332027143,0,BENIGN,BENIGN,0,Tuesday,674
20170704_1700,2017-07-04 17:00:00,2017-07-04 17:00:59,2017-07-04,Tuesday,187,266,99.28333333333332,47115.433333333334,10628807.838345865,28509251.1901307,0.7894736842105263,474.55531307705223,350.3314946797083,0.986,15,38,0.5939849624060151,0.0570757092496222,0,BENIGN,BENIGN,0,Tuesday,675
20170704_1701,2017-07-04 17:01:00,2017-07-04 17:01:59,2017-07-04,Tuesday,188,247,117.11666666666666,76298.65,3525510.3117408906,16993010.330523867,0.8825910931174089,651.4755941369006,422.3058333073701,0.8877249529948966,14,38,0.6396761133603239,0.0419809306958872,0,BENIGN,BENIGN,0,Tuesday,676
20170704_1702,2017-07-04 17:02:00,2017-07-04 17:02:59,2017-07-04,Tuesday,189,1008,269.18333333333334,121317.95,14796450.42559524,33614392.84235454,0.7301587301587301,450.688935669618,185.34433159490487,0.9242315939957112,14,149,0.3253968253968254,0.0405547644108723,0,BENIGN,BENIGN,0,Tuesday,677
20170704_1703,2017-07-04 17:03:00,2017-07-04 17:03:59,2017-07-04,Tuesday,190,137,50.61666666666667,25877.533333333333,9753091.080291972,28296786.79128823,0.7518248175182481,511.24530786960815,244.8306922656276,0.8400969109630527,14,33,0.4525547445255474,0.0460981231478432,0,BENIGN,BENIGN,0,Tuesday,678
20170704_1704,2017-07-04 17:04:00,2017-07-04 17:04:59,2017-07-04,Tuesday,191,774,125.81666666666666,41837.78333333333,8445080.669250647,20464647.000618502,0.7454780361757106,332.5297390382832,126.80024222662884,1.0090473656200107,12,118,0.2816537467700258,0.0548417008875347,0,BENIGN,BENIGN,0,Tuesday,679
20170704_1705,2017-07-04 17:05:00,2017-07-04 17:05:59,2017-07-04,Tuesday,192,179,66.73333333333333,26194.883333333335,9527588.089385474,27954730.352500692,0.7932960893854749,392.53071928071927,177.88648245072832,1.5300063171193936,13,49,0.4525139664804469,0.0304695304695304,0,BENIGN,BENIGN,0,Tuesday,680
20170704_1706,2017-07-04 17:06:00,2017-07-04 17:06:59,2017-07-04,Tuesday,193,263,77.13333333333334,29952.733333333337,7114805.619771863,23015034.69652454,0.8098859315589354,388.32411408815904,202.9697165098797,1.0841963079693833,18,27,0.3079847908745247,0.0438634399308556,0,BENIGN,BENIGN,0,Tuesday,681
20170704_1707,2017-07-04 17:07:00,2017-07-04 17:07:59,2017-07-04,Tuesday,194,74,34.81666666666667,25753.15,5588478.824324325,21704320.189765584,0.8648648648648649,739.6787936811871,390.7126677061826,0.8110918544194108,11,20,0.527027027027027,0.0392532312111057,0,BENIGN,BENIGN,0,Tuesday,682
20170704_1708,2017-07-04 17:08:00,2017-07-04 17:08:59,2017-07-04,Tuesday,195,108,41.55,20642.65,13912846.24074074,32930088.29351269,0.75,496.8146811070999,223.57050846114169,1.1081994928148775,18,29,0.3981481481481481,0.0344965904532691,0,BENIGN,BENIGN,0,Tuesday,683
20170704_1709,2017-07-04 17:09:00,2017-07-04 17:09:59,2017-07-04,Tuesday,196,49,35.733333333333334,22354.45,8197923.591836735,27416896.08618761,0.7959183673469388,625.5909514925373,379.2141566915667,0.7654320987654321,11,13,0.6530612244897959,0.0307835820895522,0,BENIGN,BENIGN,0,Tuesday,684
20170704_1710,2017-07-04 17:10:00,2017-07-04 17:10:59,2017-07-04,Tuesday,197,248,137.95,77000.55,15645419.306451611,36109201.615176305,0.7137096774193549,558.1772381297571,217.87394379852967,0.8843614841793763,16,41,0.4032258064516129,0.0258547783013169,0,BENIGN,BENIGN,0,Tuesday,685
20170704_1711,2017-07-04 17:11:00,2017-07-04 17:11:59,2017-07-04,Tuesday,198,89,39.36666666666667,22671.95,6422782.08988764,24211700.15115586,0.8651685393258427,575.9174428450466,222.74342130543937,0.7753568745304282,10,26,0.4044943820224719,0.0296359017781541,0,BENIGN,BENIGN,0,Tuesday,686
20170704_1712,2017-07-04 17:12:00,2017-07-04 17:12:59,2017-07-04,Tuesday,199,121,48.68333333333333,27070.566666666666,11582078.347107438,28371899.01296545,0.7355371900826446,556.0540910647038,298.3894511376863,1.0635593220338984,18,46,0.5041322314049587,0.0407394727832933,0,BENIGN,BENIGN,0,Tuesday,687
20170704_1713,2017-07-04 17:13:00,2017-07-04 17:13:59,2017-07-04,Tuesday,200,79,40.65,25735.6,7263836.417721519,24106780.79991908,0.7088607594936709,633.1020910209102,375.4851247007043,0.7341862117981521,8,29,0.6835443037974683,0.041820418204182,0,BENIGN,BENIGN,0,Tuesday,688
20170704_1714,2017-07-04 17:14:00,2017-07-04 17:14:59,2017-07-04,Tuesday,201,79,38.71666666666667,19753.283333333333,11038063.139240509,30846219.09128569,0.8227848101265823,510.20103314679295,242.83031134796516,1.005176876617774,13,17,0.4050632911392405,0.0301334481274214,0,BENIGN,BENIGN,0,Tuesday,689
20170704_1715,2017-07-04 17:15:00,2017-07-04 17:15:59,2017-07-04,Tuesday,202,490,214.56666666666663,125797.65,17156329.053061225,38812360.217997536,0.7306122448979592,586.2870125835017,174.71042698388396,0.822105859043306,18,75,0.3142857142857143,0.024545595774429,0,BENIGN,BENIGN,0,Tuesday,690
20170704_1716,2017-07-04 17:16:00,2017-07-04 17:16:59,2017-07-04,Tuesday,203,86,44.3,22240.233333333337,14328739.61627907,34966092.96646148,0.7558139534883721,502.0368698269376,351.4535779711056,0.8325292901447278,15,17,0.5930232558139535,0.0481565086531226,0,BENIGN,BENIGN,0,Tuesday,691
20170704_1717,2017-07-04 17:17:00,2017-07-04 17:17:59,2017-07-04,Tuesday,204,115,50.3,23694.916666666668,4866259.521739131,17636685.114072565,0.7739130434782608,471.0719019218025,197.16192872405787,0.8705080545229245,13,31,0.4956521739130435,0.0351225977468522,0,BENIGN,BENIGN,0,Tuesday,692
20170704_1718,2017-07-04 17:18:00,2017-07-04 17:18:59,2017-07-04,Tuesday,205,45,29.1,18881.65,11189843.133333333,28996492.688970532,0.6666666666666666,648.8539518900344,400.125120484933,0.7417746759720838,10,12,0.8222222222222222,0.0378006872852233,0,BENIGN,BENIGN,0,Tuesday,693
20170704_1719,2017-07-04 17:19:00,2017-07-04 17:19:59,2017-07-04,Tuesday,206,86,41.166666666666664,23810.15,8558043.255813954,26399049.04832679,0.8255813953488372,578.3842105263158,283.15110487118005,0.8705526116578349,9,28,0.5232558139534884,0.0368421052631578,0,BENIGN,BENIGN,0,Tuesday,694
20170704_1720,2017-07-04 17:20:00,2017-07-04 17:20:59,2017-07-04,Tuesday,207,78,39.416666666666664,19597.066666666666,4883243.794871795,18829898.14249998,0.8205128205128205,497.1771670190275,235.00746546492687,0.8703557312252964,10,23,0.4230769230769231,0.0321353065539112,0,BENIGN,BENIGN,0,Tuesday,695
20170704_1721,2017-07-04 17:21:00,2017-07-04 17:21:59,2017-07-04,Tuesday,208,61,34.516666666666666,22046.35,15185514.344262294,33795146.59694829,0.7377049180327869,638.7160791887977,334.2700915023117,0.8434163701067615,9,19,0.5081967213114754,0.0376629647513278,0,BENIGN,BENIGN,0,Tuesday,696
20170704_1722,2017-07-04 17:22:00,2017-07-04 17:22:59,2017-07-04,Tuesday,209,113,38.166666666666664,20046.0,3865036.9115044246,18196315.201007735,0.911504424778761,525.2227074235808,197.98272086915335,0.8125,9,14,0.2743362831858407,0.0349344978165938,0,BENIGN,BENIGN,0,Tuesday,697
20170704_1723,2017-07-04 17:23:00,2017-07-04 17:23:59,2017-07-04,Tuesday,210,87,52.7,25061.233333333337,8177395.264367816,23017861.426466446,0.7586206896551724,475.5452245414295,267.9405679292244,0.979349186483104,22,15,0.5057471264367817,0.0379506641366223,0,BENIGN,BENIGN,0,Tuesday,698
20170704_1724,2017-07-04 17:24:00,2017-07-04 17:24:59,2017-07-04,Tuesday,211,40,32.583333333333336,18774.533333333333,491256.9,695321.2558078055,0.775,576.2005115089514,384.4046857748872,0.735581188997338,6,13,0.625,0.0317135549872122,0,BENIGN,BENIGN,0,Tuesday,699
20170704_1725,2017-07-04 17:25:00,2017-07-04 17:25:59,2017-07-04,Tuesday,212,92,47.43333333333333,25319.616666666665,11469949.804347826,30036131.3562454,0.782608695652174,533.7937456078707,308.90400289275243,0.9661602209944752,13,29,0.6086956521739131,0.0393534785664089,0,BENIGN,BENIGN,0,Tuesday,700
20170704_1726,2017-07-04 17:26:00,2017-07-04 17:26:59,2017-07-04,Tuesday,213,60,29.433333333333337,18417.733333333337,1336064.8333333333,7892105.315225266,0.8166666666666667,625.7440543601359,267.38954427611844,0.7055984555984556,8,15,0.4,0.0305775764439411,0,BENIGN,BENIGN,0,Tuesday,701
20170704_1727,2017-07-04 17:27:00,2017-07-04 17:27:59,2017-07-04,Tuesday,214,56,39.55,22760.066666666666,11903757.857142856,28150815.983219303,0.7142857142857143,575.4757690686894,392.2132128947956,0.8474708171206226,12,16,0.6607142857142857,0.0396123050990307,0,BENIGN,BENIGN,0,Tuesday,702
20170704_1728,2017-07-04 17:28:00,2017-07-04 17:28:59,2017-07-04,Tuesday,215,172,76.6,43764.433333333334,15555360.058139537,37702343.391962744,0.7209302325581395,571.3372497824195,252.6175174121664,0.8536290322580645,13,28,0.4186046511627907,0.0335073977371627,0,BENIGN,BENIGN,0,Tuesday,703
20170704_1729,2017-07-04 17:29:00,2017-07-04 17:29:59,2017-07-04,Tuesday,216,512,228.26666666666668,159154.5,15636427.3671875,36145193.48330821,0.732421875,697.2305782710281,184.4430023909343,0.8093791281373844,14,87,0.33984375,0.0268691588785046,0,BENIGN,BENIGN,0,Tuesday,704
20170704_1730,2017-07-04 17:30:00,2017-07-04 17:30:59,2017-07-04,Tuesday,217,113,112.56666666666666,92665.31666666668,11396512.0,30933236.109626196,0.7256637168141593,823.2038791827066,316.21905752975977,0.7481884057971014,17,36,0.4690265486725664,0.01628664495114,0,BENIGN,BENIGN,0,Tuesday,705
20170704_1731,2017-07-04 17:31:00,2017-07-04 17:31:59,2017-07-04,Tuesday,218,105,49.5,24522.833333333332,18063739.04761905,33854848.116240904,0.6190476190476191,495.4107744107744,259.2930162438451,0.8453416149068324,12,31,0.6285714285714286,0.0377104377104377,0,BENIGN,BENIGN,0,Tuesday,706
20170704_1732,2017-07-04 17:32:00,2017-07-04 17:32:59,2017-07-04,Tuesday,219,576,193.55,111014.63333333332,17167159.883680556,38863228.89764272,0.7430555555555556,573.5708257986739,189.0896715952268,0.8496575887880236,9,78,0.3472222222222222,0.0316886248170154,0,BENIGN,BENIGN,0,Tuesday,707
20170704_1733,2017-07-04 17:33:00,2017-07-04 17:33:59,2017-07-04,Tuesday,220,108,52.13333333333333,25407.5,11266890.777777778,30232029.024791628,0.6111111111111112,487.3561381074169,292.56411396797984,0.8384253819036428,9,16,0.5462962962962963,0.0409207161125319,0,BENIGN,BENIGN,0,Tuesday,708
20170704_1734,2017-07-04 17:34:00,2017-07-04 17:34:59,2017-07-04,Tuesday,221,43,24.933333333333337,17761.866666666665,10485508.88372093,26251204.176452786,0.7674418604651163,712.3743315508021,340.04326015939637,0.792814371257485,6,17,0.7209302325581395,0.0240641711229946,0,BENIGN,BENIGN,0,Tuesday,709
20170704_1735,2017-07-04 17:35:00,2017-07-04 17:35:59,2017-07-04,Tuesday,222,98,65.68333333333334,48544.5,12849246.408163264,32423296.12518018,0.6530612244897959,739.0687642730271,342.7059305156566,0.8032936870997255,10,29,0.5714285714285714,0.0223293580309566,0,BENIGN,BENIGN,0,Tuesday,710
20170704_1736,2017-07-04 17:36:00,2017-07-04 17:36:59,2017-07-04,Tuesday,223,52,33.56666666666667,19410.333333333332,12376489.807692308,28401825.99185722,0.7115384615384616,578.2621648460774,387.51281934751273,0.8153153153153153,12,16,0.6923076923076923,0.0446871896722939,0,BENIGN,BENIGN,0,Tuesday,711
20170704_1737,2017-07-04 17:37:00,2017-07-04 17:37:59,2017-07-04,Tuesday,224,71,52.166666666666664,41205.78333333333,15595492.591549296,36735194.50991599,0.6056338028169014,789.8872204472843,508.5793682864322,0.727924944812362,8,17,0.6338028169014085,0.0300319488817891,0,BENIGN,BENIGN,0,Tuesday,712
20170704_1738,2017-07-04 17:38:00,2017-07-04 17:38:59,2017-07-04,Tuesday,225,130,34.46666666666667,16900.816666666666,3535849.346153846,17241544.571022592,0.9076923076923076,490.3525145067698,163.44018463531583,0.8843351548269581,14,16,0.2384615384615384,0.0377176015473887,0,BENIGN,BENIGN,0,Tuesday,713
20170704_1739,2017-07-04 17:39:00,2017-07-04 17:39:59,2017-07-04,Tuesday,226,90,52.81666666666667,38253.23333333333,10057698.522222225,30038663.847927812,0.7333333333333333,724.26443673083,413.49621686276765,0.7909604519774012,6,24,0.5666666666666667,0.029031240138845,0,BENIGN,BENIGN,0,Tuesday,714
20170704_1740,2017-07-04 17:40:00,2017-07-04 17:40:59,2017-07-04,Tuesday,227,60,38.68333333333333,22019.083333333332,9700705.816666666,26913661.22501523,0.6833333333333333,569.2137009909521,374.1368848393267,0.9863130881094953,11,16,0.5833333333333334,0.0331753554502369,0,BENIGN,BENIGN,0,Tuesday,715
20170704_1741,2017-07-04 17:41:00,2017-07-04 17:41:59,2017-07-04,Tuesday,228,80,43.083333333333336,31037.933333333334,10433448.575,31030138.276906244,0.775,720.4162475822051,377.9647833549424,0.7663934426229508,8,15,0.4625,0.0286266924564796,0,BENIGN,BENIGN,0,Tuesday,716
20170704_1742,2017-07-04 17:42:00,2017-07-04 17:42:59,2017-07-04,Tuesday,229,732,332.9,163691.83333333334,28103246.70765027,47731959.889653586,0.6461748633879781,491.7147291478923,226.0684097831254,0.9262295081967212,15,99,0.3825136612021858,0.0301391809352157,0,BENIGN,BENIGN,0,Tuesday,717
20170704_1743,2017-07-04 17:43:00,2017-07-04 17:43:59,2017-07-04,Tuesday,230,555,180.98333333333332,71047.53333333334,20935464.727927927,40301772.35763555,0.654054054054054,392.5639561653928,290.841571147239,0.9585211902614968,16,133,0.4864864864864865,0.0510175890966018,0,BENIGN,BENIGN,0,Tuesday,718
20170704_1744,2017-07-04 17:44:00,2017-07-04 17:44:59,2017-07-04,Tuesday,231,99,43.63333333333333,22048.35,20734720.17171717,41696558.95607384,0.7373737373737373,505.3097784568373,207.7586623873971,0.8353188507358094,13,24,0.5858585858585859,0.0282658517952635,0,BENIGN,BENIGN,0,Tuesday,719
20170704_1745,2017-07-04 17:45:00,2017-07-04 17:45:59,2017-07-04,Tuesday,232,149,92.96666666666668,63839.51666666667,14732761.731543625,35025318.03144498,0.6510067114093959,686.6925421297956,333.48106096461765,0.8279816513761468,18,52,0.5570469798657718,0.0243814987450699,0,BENIGN,BENIGN,0,Tuesday,720
20170704_1746,2017-07-04 17:46:00,2017-07-04 17:46:59,2017-07-04,Tuesday,233,93,38.03333333333333,22405.1,16190584.021505376,32053045.02711915,0.7526881720430108,589.091148115688,275.83400615059776,0.7905882352941176,3,30,0.5806451612903226,0.0346187554776511,0,BENIGN,BENIGN,0,Tuesday,721
20170704_1747,2017-07-04 17:47:00,2017-07-04 17:47:59,2017-07-04,Tuesday,234,616,126.55,61148.51666666667,3647920.412337662,14070228.473567529,0.797077922077922,483.1964967733439,145.8786528710318,0.8932934430316629,13,69,0.2386363636363636,0.0404319768207559,0,BENIGN,BENIGN,0,Tuesday,722
20170704_1748,2017-07-04 17:48:00,2017-07-04 17:48:59,2017-07-04,Tuesday,235,53,30.15,20604.95,6906935.962264151,21941555.244377185,0.7735849056603774,683.4145936981757,308.91441508033034,0.8834547346514048,12,25,0.5094339622641509,0.0254284134881149,0,BENIGN,BENIGN,0,Tuesday,723
20170704_1749,2017-07-04 17:49:00,2017-07-04 17:49:59,2017-07-04,Tuesday,236,68,41.35,25885.733333333337,19578231.54411765,41137381.61148151,0.6911764705882353,626.0153164046756,400.2959483396533,0.8536221060492906,9,18,0.5294117647058824,0.0290205562273276,0,BENIGN,BENIGN,0,Tuesday,724
20170704_1750,2017-07-04 17:50:00,2017-07-04 17:50:59,2017-07-04,Tuesday,237,232,185.0,137223.01666666666,10272027.862068966,29116013.812248636,0.7198275862068966,741.746036036036,239.617656611558,0.916940079433604,12,37,0.4353448275862069,0.0187387387387387,0,BENIGN,BENIGN,0,Tuesday,725
20170704_1751,2017-07-04 17:51:00,2017-07-04 17:51:59,2017-07-04,Tuesday,238,117,52.88333333333333,26740.033333333333,9764300.017094018,27587070.54950436,0.7606837606837606,505.6419791994957,299.4858080658088,1.09228740936058,16,16,0.4017094017094017,0.0352978254018279,0,BENIGN,BENIGN,0,Tuesday,726
20170704_1752,2017-07-04 17:52:00,2017-07-04 17:52:59,2017-07-04,Tuesday,239,137,50.21666666666667,25427.75,6598525.386861314,21300219.95930408,0.8613138686131386,506.36076999668103,219.46936356250004,1.0378634212305613,17,27,0.3941605839416058,0.0384998340524394,0,BENIGN,BENIGN,0,Tuesday,727
20170704_1753,2017-07-04 17:53:00,2017-07-04 17:53:59,2017-07-04,Tuesday,240,155,52.1,29271.433333333334,6972650.3161290325,26157593.748460688,0.8516129032258064,561.8317338451695,238.63365911778183,0.9338280766852196,14,20,0.3096774193548387,0.0319897632757517,0,BENIGN,BENIGN,0,Tuesday,728
20170704_1754,2017-07-04 17:54:00,2017-07-04 17:54:59,2017-07-04,Tuesday,241,75,36.45,22157.433333333334,11040291.066666666,28172702.91795053,0.6666666666666666,607.8856881572931,325.3252489930474,0.7659402744148507,10,16,0.52,0.0388660265203475,0,BENIGN,BENIGN,0,Tuesday,729
20170704_1755,2017-07-04 17:55:00,2017-07-04 17:55:59,2017-07-04,Tuesday,242,127,54.38333333333333,31760.383333333335,2965112.1653543306,13203843.022444587,0.7952755905511811,584.0095004596997,290.03517922552675,1.0829610721123166,17,24,0.3543307086614173,0.028194912657064,0,BENIGN,BENIGN,0,Tuesday,730
20170704_1756,2017-07-04 17:56:00,2017-07-04 17:56:59,2017-07-04,Tuesday,243,1009,308.95,160642.71666666667,15307372.338949457,36596881.535135984,0.7472745292368682,519.9634784485083,199.85622600172005,0.9571368243243245,16,125,0.3280475718533201,0.0360899821977666,0,BENIGN,BENIGN,0,Tuesday,731
20170704_1757,2017-07-04 17:57:00,2017-07-04 17:57:59,2017-07-04,Tuesday,244,86,46.31666666666667,21989.633333333335,11240968.337209305,28410843.015587796,0.6744186046511628,474.7671824397265,307.59816019368697,0.9577464788732394,14,20,0.4883720930232558,0.0395825836631881,0,BENIGN,BENIGN,0,Tuesday,732
20170704_1758,2017-07-04 17:58:00,2017-07-04 17:58:59,2017-07-04,Tuesday,245,165,50.766666666666666,26345.033333333333,9179781.242424242,26064195.73245871,0.703030303030303,518.9435325016415,220.79037335199212,0.8647490820073439,15,35,0.509090909090909,0.0443204202232435,0,BENIGN,BENIGN,0,Tuesday,733
20170704_1759,2017-07-04 17:59:00,2017-07-04 17:59:59,2017-07-04,Tuesday,246,383,90.56666666666666,40630.35,10131095.817232376,29435902.927142292,0.7519582245430809,448.6236658078763,177.09557152991184,0.9536304816678648,12,66,0.3524804177545692,0.04158998895841,0,BENIGN,BENIGN,0,Tuesday,734
20170704_1800,2017-07-04 18:00:00,2017-07-04 18:00:59,2017-07-04,Tuesday,247,50,33.416666666666664,21562.216666666667,8688894.8,24735062.18712595,0.76,645.2533665835412,381.3885898798385,0.7736516357206012,11,17,0.64,0.0319201995012468,0,BENIGN,BENIGN,0,Tuesday,735
20170704_1801,2017-07-04 18:01:00,2017-07-04 18:01:59,2017-07-04,Tuesday,248,112,61.166666666666664,44086.26666666667,8720666.517857144,26386600.314479813,0.7767857142857143,720.7564032697547,249.62991320186936,0.7855058365758755,13,29,0.4553571428571428,0.0316076294277929,0,BENIGN,BENIGN,0,Tuesday,736
20170704_1802,2017-07-04 18:02:00,2017-07-04 18:02:59,2017-07-04,Tuesday,249,95,38.88333333333333,22350.75,6778921.189473684,18736457.33623555,0.8210526315789474,574.8156879554222,235.82454556422803,0.7995373939861218,10,15,0.4,0.0360051435919417,0,BENIGN,BENIGN,0,Tuesday,737
20170704_1803,2017-07-04 18:03:00,2017-07-04 18:03:59,2017-07-04,Tuesday,250,94,48.666666666666664,28791.25,18893395.19148936,41112498.18390063,0.7340425531914894,591.6010273972603,325.4406569305631,0.8593252705283259,12,26,0.5212765957446809,0.0308219178082191,0,BENIGN,BENIGN,0,Tuesday,738
20170704_1804,2017-07-04 18:04:00,2017-07-04 18:04:59,2017-07-04,Tuesday,251,86,32.25,21595.95,12501346.011627909,31326983.801686153,0.8023255813953488,669.6418604651162,234.41993190326372,0.7616014558689718,7,31,0.3720930232558139,0.0397932816537467,0,BENIGN,BENIGN,0,Tuesday,739
20170704_1805,2017-07-04 18:05:00,2017-07-04 18:05:59,2017-07-04,Tuesday,252,124,41.21666666666667,20832.933333333334,11241281.233870968,29839345.408286877,0.8145161290322581,505.449251920744,205.47620634774367,0.9823717948717948,14,34,0.3629032258064516,0.0359886777193691,0,BENIGN,BENIGN,0,Tuesday,740
20170704_1806,2017-07-04 18:06:00,2017-07-04 18:06:59,2017-07-04,Tuesday,253,119,39.65,24092.166666666668,6775566.445378152,22054056.8651893,0.865546218487395,607.6208490962589,234.47330547760177,0.8112633181126332,9,29,0.4369747899159664,0.0336275746111811,0,BENIGN,BENIGN,0,Tuesday,741
20170704_1807,2017-07-04 18:07:00,2017-07-04 18:07:59,2017-07-04,Tuesday,254,849,347.6166666666667,168956.23333333334,24872290.359246172,43446892.29095253,0.6277974087161367,486.0418085055377,266.64724454205356,0.9323698350935704,12,170,0.464075382803298,0.0384523181665627,0,BENIGN,BENIGN,0,Tuesday,742
20170704_1808,2017-07-04 18:08:00,2017-07-04 18:08:59,2017-07-04,Tuesday,255,931,233.05,90623.88333333332,13461824.558539204,32152984.44778888,0.7314715359828142,388.8602588857899,199.99640529751412,0.9116883116883115,14,105,0.3447905477980666,0.0467710791675606,0,BENIGN,BENIGN,0,Tuesday,743
20170704_1809,2017-07-04 18:09:00,2017-07-04 18:09:59,2017-07-04,Tuesday,256,910,334.9166666666667,198242.91666666663,16705278.073626371,36898033.82478803,0.7142857142857143,591.9171435680518,200.77665468291136,0.8654042513691637,12,120,0.3659340659340659,0.0320975367006718,0,BENIGN,BENIGN,0,Tuesday,744
20170704_1810,2017-07-04 18:10:00,2017-07-04 18:10:59,2017-07-04,Tuesday,257,569,142.45,57372.53333333333,13783181.970123025,32021596.177250072,0.6731107205623902,402.7555867555867,190.34158355132223,0.9269612263300272,13,113,0.4235500878734622,0.0411840411840411,0,BENIGN,BENIGN,0,Tuesday,745
20170704_1811,2017-07-04 18:11:00,2017-07-04 18:11:59,2017-07-04,Tuesday,258,201,73.78333333333333,41168.2,11013293.174129354,30276954.422937885,0.7810945273631841,557.9606957307432,250.98036840415944,0.8620689655172413,14,44,0.4925373134328358,0.0374971764174384,0,BENIGN,BENIGN,0,Tuesday,746
20170704_1812,2017-07-04 18:12:00,2017-07-04 18:12:59,2017-07-04,Tuesday,259,452,167.91666666666666,77188.5,21884444.362831857,38666854.73787459,0.5331858407079646,459.6833746898263,226.91426558115344,0.9369473279507882,7,109,0.504424778761062,0.0328535980148883,0,BENIGN,BENIGN,0,Tuesday,747
20170704_1813,2017-07-04 18:13:00,2017-07-04 18:13:59,2017-07-04,Tuesday,260,862,242.18333333333337,117814.16666666669,15645183.873549884,35253425.44308526,0.6867749419953596,486.4668639460464,203.86662119656623,0.855464759959142,10,130,0.3561484918793503,0.0425985823412015,0,BENIGN,BENIGN,0,Tuesday,748
20170704_1814,2017-07-04 18:14:00,2017-07-04 18:14:59,2017-07-04,Tuesday,261,130,54.21666666666667,23793.15,13972455.415384617,29033535.423862062,0.6461538461538462,438.85305871503226,209.17806014786368,0.9567047504509922,19,34,0.5846153846153846,0.0411927451583154,0,BENIGN,BENIGN,0,Tuesday,749
20170704_1815,2017-07-04 18:15:00,2017-07-04 18:15:59,2017-07-04,Tuesday,262,111,35.266666666666666,20360.55,11282990.783783784,31668817.77908361,0.8738738738738738,577.3312854442344,210.66058565766485,0.8489082969432314,10,24,0.3423423423423423,0.0330812854442344,0,BENIGN,BENIGN,0,Tuesday,750
20170704_1816,2017-07-04 18:16:00,2017-07-04 18:16:59,2017-07-04,Tuesday,263,270,101.51666666666668,44079.4,23486748.166666668,42272622.3905489,0.6185185185185185,434.2085043506813,250.47002862235735,0.9531901250400768,9,66,0.4962962962962963,0.0431784600229847,0,BENIGN,BENIGN,0,Tuesday,751
20170704_1817,2017-07-04 18:17:00,2017-07-04 18:17:59,2017-07-04,Tuesday,264,554,228.53333333333333,146076.56666666668,18268906.723826714,39657846.15191955,0.723826714801444,639.1915110851809,191.02714666554596,0.7979546348498754,11,86,0.3429602888086642,0.0275670945157526,0,BENIGN,BENIGN,0,Tuesday,752
20170704_1818,2017-07-04 18:18:00,2017-07-04 18:18:59,2017-07-04,Tuesday,265,258,124.31666666666666,91344.18333333332,9855006.395348838,29486148.943341903,0.8255813953488372,734.7702104839791,318.90005575664105,0.760679726221383,12,48,0.4961240310077519,0.0339187558653975,0,BENIGN,BENIGN,0,Tuesday,753
20170704_1819,2017-07-04 18:19:00,2017-07-04 18:19:59,2017-07-04,Tuesday,266,85,38.61666666666667,21594.066666666666,12238782.082352942,30199109.727859844,0.7647058823529411,559.190332326284,309.8249651441494,0.8618473895582329,11,31,0.6823529411764706,0.0466119982736297,0,BENIGN,BENIGN,0,Tuesday,754
20170704_1820,2017-07-04 18:20:00,2017-07-04 18:20:59,2017-07-04,Tuesday,267,79,34.766666666666666,20563.116666666665,5213939.46835443,18012763.551743448,0.6962025316455697,591.460690316395,195.0615440475555,0.9413953488372092,9,34,0.5189873417721519,0.0210930009587727,0,BENIGN,BENIGN,0,Tuesday,755
20170704_1821,2017-07-04 18:21:00,2017-07-04 18:21:59,2017-07-04,Tuesday,268,584,220.95,116247.35,19134897.133561645,39197815.170888945,0.678082191780822,526.1251414347138,216.4827555771859,0.8749823221609391,12,92,0.375,0.0328882854341102,0,BENIGN,BENIGN,0,Tuesday,756
20170704_1822,2017-07-04 18:22:00,2017-07-04 18:22:59,2017-07-04,Tuesday,269,83,33.75,21852.15,8000753.096385542,22640110.55913184,0.8554216867469879,647.4711111111111,252.3489095310198,0.8655616942909761,8,34,0.3855421686746988,0.0286419753086419,0,BENIGN,BENIGN,0,Tuesday,757
20170704_1823,2017-07-04 18:23:00,2017-07-04 18:23:59,2017-07-04,Tuesday,270,250,76.43333333333334,32753.516666666663,14819404.52,36218186.63245563,0.768,428.5239860444832,201.23880244420627,0.8714810281517748,16,47,0.384,0.0409943305713039,0,BENIGN,BENIGN,0,Tuesday,758
20170704_1824,2017-07-04 18:24:00,2017-07-04 18:24:59,2017-07-04,Tuesday,271,334,116.48333333333332,68412.7,14291236.155688625,34937403.183172435,0.718562874251497,587.3174989268852,215.2555995185921,0.8815612382234186,13,47,0.3622754491017964,0.0349120045786235,0,BENIGN,BENIGN,0,Tuesday,759
20170704_1825,2017-07-04 18:25:00,2017-07-04 18:25:59,2017-07-04,Tuesday,272,1292,401.6,164574.4,9530109.85139319,29829062.99089947,0.8537151702786377,409.796812749004,264.6847474929153,1.0632759654079973,11,121,0.5069659442724458,0.0550713811420982,0,BENIGN,BENIGN,0,Tuesday,760
20170704_1826,2017-07-04 18:26:00,2017-07-04 18:26:59,2017-07-04,Tuesday,273,163,53.483333333333334,25996.733333333337,9102475.417177914,27917132.641966034,0.852760736196319,486.0716734185104,228.57664385811808,0.9573170731707316,13,31,0.4049079754601227,0.0380180741664069,0,BENIGN,BENIGN,0,Tuesday,761
20170704_1827,2017-07-04 18:27:00,2017-07-04 18:27:59,2017-07-04,Tuesday,274,237,115.78333333333332,69697.3,11590661.223628692,29457373.850497592,0.5147679324894515,601.9631495609616,266.3991957964803,0.8074921956295525,11,49,0.5654008438818565,0.0335396574060745,0,BENIGN,BENIGN,0,Tuesday,762
20170704_1828,2017-07-04 18:28:00,2017-07-04 18:28:59,2017-07-04,Tuesday,275,631,232.36666666666667,138391.98333333334,17748997.9429477,39045537.10267237,0.6846275752773375,595.5758858126525,199.57846212232505,0.8875050764857182,15,82,0.5530903328050714,0.0395208721847654,0,BENIGN,BENIGN,0,Tuesday,763
20170704_1829,2017-07-04 18:29:00,2017-07-04 18:29:59,2017-07-04,Tuesday,276,517,146.43333333333334,76333.26666666666,10290575.914893618,27713931.665130395,0.6731141199226306,521.28340541771,192.6688603125127,0.9114639982597346,9,67,0.5183752417794971,0.0540632824948782,0,BENIGN,BENIGN,0,Tuesday,764
20170704_1830,2017-07-04 18:30:00,2017-07-04 18:30:59,2017-07-04,Tuesday,277,335,76.61666666666666,28554.05,10578872.997014925,27851145.08005452,0.7194029850746269,372.68718729606263,185.74288779509664,0.9784853700516352,14,63,0.4328358208955223,0.0609092886665216,0,BENIGN,BENIGN,0,Tuesday,765
20170704_1831,2017-07-04 18:31:00,2017-07-04 18:31:59,2017-07-04,Tuesday,278,154,71.71666666666667,46272.4,22099345.487012982,38878435.00361843,0.6103896103896104,645.211247966535,271.3729258209269,0.8137378845343447,6,34,0.512987012987013,0.0334650244015802,0,BENIGN,BENIGN,0,Tuesday,766
20170704_1832,2017-07-04 18:32:00,2017-07-04 18:32:59,2017-07-04,Tuesday,279,650,199.63333333333333,86777.65,21305535.853846155,41814276.21145888,0.696923076923077,434.68517281683086,201.1579673223944,0.9567134923227704,16,105,0.3584615384615384,0.036233094005677,0,BENIGN,BENIGN,0,Tuesday,767
20170704_1833,2017-07-04 18:33:00,2017-07-04 18:33:59,2017-07-04,Tuesday,280,1233,252.78333333333333,92826.66666666669,13287196.776155718,33702749.61384342,0.7453365774533658,367.2183028944419,147.9227227077523,0.9408829174664108,12,136,0.3065693430656934,0.0502406540515593,0,BENIGN,BENIGN,0,Tuesday,768
20170704_1834,2017-07-04 18:34:00,2017-07-04 18:34:59,2017-07-04,Tuesday,281,88,39.63333333333333,22851.45,11149940.704545457,27284326.344085943,0.75,576.5714886459209,249.4579438993348,0.8499222395023328,14,21,0.4772727272727273,0.0340622371740958,0,BENIGN,BENIGN,0,Tuesday,769
20170704_1835,2017-07-04 18:35:00,2017-07-04 18:35:59,2017-07-04,Tuesday,282,146,42.68333333333333,20360.083333333332,8875262.383561645,24025435.579415705,0.726027397260274,477.00312377977355,150.74847781803874,0.9572192513368984,12,51,0.4589041095890411,0.0409996095275283,0,BENIGN,BENIGN,0,Tuesday,770
20170704_1836,2017-07-04 18:36:00,2017-07-04 18:36:59,2017-07-04,Tuesday,283,678,244.55,130085.41666666669,16143680.920353984,35822301.83544856,0.6578171091445427,531.9379131738567,181.5124234001072,0.8798360235716116,12,103,0.3554572271386431,0.030259660601104,0,BENIGN,BENIGN,0,Tuesday,771
20170704_1837,2017-07-04 18:37:00,2017-07-04 18:37:59,2017-07-04,Tuesday,284,46,31.7,19621.566666666666,12722910.43478261,33336271.84343368,0.7608695652173914,618.9768664563617,417.29632855163254,0.7021466905187835,11,15,0.6739130434782609,0.0383806519453207,0,BENIGN,BENIGN,0,Tuesday,772
20170704_1838,2017-07-04 18:38:00,2017-07-04 18:38:59,2017-07-04,Tuesday,285,534,203.6,119493.46666666666,17354627.91573034,37522143.52651961,0.7228464419475655,586.9030779305829,200.51932115895033,0.894696029776675,11,75,0.4044943820224719,0.0346267190569744,0,BENIGN,BENIGN,0,Tuesday,773
20170704_1839,2017-07-04 18:39:00,2017-07-04 18:39:59,2017-07-04,Tuesday,286,694,205.61666666666667,119102.65,11422666.250720462,30219405.448873054,0.7031700288184438,579.2460890005674,190.3952257298175,0.8773584905660378,14,92,0.3314121037463977,0.0363135284104725,0,BENIGN,BENIGN,0,Tuesday,774
20170704_1840,2017-07-04 18:40:00,2017-07-04 18:40:59,2017-07-04,Tuesday,287,303,217.66666666666663,167935.56666666668,18103681.68646865,37906521.41549565,0.6666666666666666,771.5263399693721,251.3077333937328,0.799531551391568,8,63,0.429042904290429,0.0175344563552833,0,BENIGN,BENIGN,0,Tuesday,775
20170704_1841,2017-07-04 18:41:00,2017-07-04 18:41:59,2017-07-04,Tuesday,288,438,124.81666666666666,54245.73333333333,5761927.162100457,21010608.87076539,0.7009132420091324,434.6032848177327,191.30388293731352,1.0320130222463375,18,69,0.3721461187214612,0.0436640405928695,0,BENIGN,BENIGN,0,Tuesday,776
20170704_1842,2017-07-04 18:42:00,2017-07-04 18:42:59,2017-07-04,Tuesday,289,141,48.78333333333333,24407.1,5017876.865248227,14313388.45819462,0.5531914893617021,500.31636487871543,196.7210136667769,0.8473186119873817,9,40,0.6524822695035462,0.05603006491288,0,BENIGN,BENIGN,0,Tuesday,777
20170704_1843,2017-07-04 18:43:00,2017-07-04 18:43:59,2017-07-04,Tuesday,290,804,219.55,120825.05,13431776.963930348,34171217.14460746,0.7313432835820896,550.3304486449556,166.78691797312698,0.9131571304095266,14,121,0.3407960199004975,0.0413725043649889,0,BENIGN,BENIGN,0,Tuesday,778
20170704_1844,2017-07-04 18:44:00,2017-07-04 18:44:59,2017-07-04,Tuesday,291,350,106.83333333333331,61379.0,3617505.58,14593372.111875327,0.7257142857142858,574.5304212168487,214.0741563640843,0.7773773218741337,11,55,0.3885714285714285,0.0427457098283931,0,BENIGN,BENIGN,0,Tuesday,779
20170704_1845,2017-07-04 18:45:00,2017-07-04 18:45:59,2017-07-04,Tuesday,292,140,80.96666666666667,52293.23333333333,12432038.75,29360676.728721924,0.5857142857142857,645.8612597776863,253.4209958382828,0.7863970588235294,13,40,0.5357142857142857,0.0302593659942363,0,BENIGN,BENIGN,0,Tuesday,780
20170704_1846,2017-07-04 18:46:00,2017-07-04 18:46:59,2017-07-04,Tuesday,293,192,82.41666666666667,49361.833333333336,6208036.875,19156155.217577364,0.6145833333333334,598.9302325581396,228.13559187163665,0.7946298984034833,10,61,0.5833333333333334,0.0372093023255813,0,BENIGN,BENIGN,0,Tuesday,781
20170704_1847,2017-07-04 18:47:00,2017-07-04 18:47:59,2017-07-04,Tuesday,294,209,602.3666666666667,732500.9833333333,11410754.296650715,29066321.29013433,0.631578947368421,1216.0383764041835,239.46717042856815,1.018034617532105,13,43,0.4545454545454545,0.0056997399147805,0,BENIGN,BENIGN,0,Tuesday,782
20170704_1848,2017-07-04 18:48:00,2017-07-04 18:48:59,2017-07-04,Tuesday,295,2012,915.8166666666668,689189.8666666667,15390386.210238568,34027323.66390951,0.658051689860835,752.5413019345211,230.17921508753585,0.8792749658002736,13,297,0.4224652087475149,0.0304828113341462,0,BENIGN,BENIGN,0,Tuesday,783
20170704_1849,2017-07-04 18:49:00,2017-07-04 18:49:59,2017-07-04,Tuesday,296,689,181.95,90990.38333333332,10674660.690856311,29693914.790341083,0.7213352685050798,500.0845470367317,174.7304134920356,0.8954861111111111,10,104,0.3628447024673439,0.0457085279838783,0,BENIGN,BENIGN,0,Tuesday,784
20170704_1850,2017-07-04 18:50:00,2017-07-04 18:50:59,2017-07-04,Tuesday,297,253,70.76666666666667,32590.966666666667,8534330.158102768,26385177.53999544,0.7905138339920948,460.5412152614225,142.21964328898525,0.961662817551963,19,59,0.4624505928853755,0.0421573245407442,0,BENIGN,BENIGN,0,Tuesday,785
20170704_1851,2017-07-04 18:51:00,2017-07-04 18:51:59,2017-07-04,Tuesday,298,937,278.8666666666667,148188.51666666666,17469144.79722519,36527086.80088239,0.6851654215581644,531.3955892899833,188.73071838918148,0.8805349516745336,10,145,0.3639274279615795,0.0392063112598613,0,BENIGN,BENIGN,0,Tuesday,786
20170704_1852,2017-07-04 18:52:00,2017-07-04 18:52:59,2017-07-04,Tuesday,299,530,190.1,106048.08333333331,16957132.10566038,35124795.22634692,0.6830188679245283,557.8541995440996,259.8937791476243,0.8727630930881629,14,94,0.4622641509433962,0.0424338067683675,0,BENIGN,BENIGN,0,Tuesday,787
20170704_1853,2017-07-04 18:53:00,2017-07-04 18:53:59,2017-07-04,Tuesday,300,295,131.81666666666666,85014.26666666666,16256176.33220339,35961328.143696666,0.6508474576271186,644.9432292325199,243.56985519246768,0.952122408687068,13,72,0.4610169491525424,0.0307244910861044,0,BENIGN,BENIGN,0,Tuesday,788
20170704_1854,2017-07-04 18:54:00,2017-07-04 18:54:59,2017-07-04,Tuesday,301,348,184.61666666666667,126198.35,14062422.399425289,35134129.76146617,0.6925287356321839,683.5696488218832,196.9369247380275,0.897242678540846,13,62,0.3850574712643678,0.0228401191658391,0,BENIGN,BENIGN,0,Tuesday,789
20170704_1855,2017-07-04 18:55:00,2017-07-04 18:55:59,2017-07-04,Tuesday,302,450,152.96666666666667,92942.28333333334,17376444.26888889,37319330.62393929,0.6688888888888889,607.5982784920462,255.00833213709703,0.9980409229429692,10,77,0.4022222222222222,0.0362824144693833,0,BENIGN,BENIGN,0,Tuesday,790
20170704_1856,2017-07-04 18:56:00,2017-07-04 18:56:59,2017-07-04,Tuesday,303,323,89.3,49046.4,8561734.510835914,22819316.274194777,0.6965944272445821,549.2318029115341,244.90132411743392,1.0779371849554091,12,52,0.3684210526315789,0.0468458379992534,0,BENIGN,BENIGN,0,Tuesday,791
20170704_1857,2017-07-04 18:57:00,2017-07-04 18:57:59,2017-07-04,Tuesday,304,904,267.0833333333333,140079.3,19658967.720132746,40828772.925592594,0.7112831858407079,524.4778783151326,216.57985216198864,0.9903129657228018,17,125,0.3396017699115044,0.0365678627145085,0,BENIGN,BENIGN,0,Tuesday,792
20170704_1858,2017-07-04 18:58:00,2017-07-04 18:58:59,2017-07-04,Tuesday,305,144,46.733333333333334,22347.283333333333,9557929.805555556,27069137.269750983,0.7083333333333334,478.1872325249643,245.61206509847372,1.156033820138355,18,45,0.4305555555555556,0.0474322396576319,0,BENIGN,BENIGN,0,Tuesday,793
20170705_1342,2017-07-05 13:42:00,2017-07-05 13:42:59,2017-07-05,Wednesday,0,150,165.25,161245.83333333334,19296088.926666666,35036578.78336769,0.7266666666666667,975.7690368129096,102.4607626663543,0.9604586793198892,20,33,0.1533333333333333,0.0055471507816439,0,BENIGN,BENIGN,0,Wednesday,976
20170705_1343,2017-07-05 13:43:00,2017-07-05 13:43:59,2017-07-05,Wednesday,1,256,167.76666666666668,160245.18333333332,17492661.65234375,32446951.679390345,0.71484375,955.1669978144248,107.81622069448304,0.7386873920552677,21,52,0.23046875,0.0095370554341347,0,BENIGN,BENIGN,0,Wednesday,977
20170705_1344,2017-07-05 13:44:00,2017-07-05 13:44:59,2017-07-05,Wednesday,2,244,166.25,132398.21666666667,15407192.336065574,31415733.11712016,0.7336065573770492,796.3802506265664,221.7184385174434,1.171528080104484,18,60,0.3155737704918033,0.019047619047619,0,BENIGN,BENIGN,0,Wednesday,978
20170705_1345,2017-07-05 13:45:00,2017-07-05 13:45:59,2017-07-05,Wednesday,3,197,6948.3,8665179.433333334,28671901.59390863,37691490.36839957,0.5685279187817259,1247.0934521153856,133.9729799715728,0.7866359822235935,11,50,0.2131979695431472,0.0002302721529007,0,BENIGN,BENIGN,0,Wednesday,979
20170705_1346,2017-07-05 13:46:00,2017-07-05 13:46:59,2017-07-05,Wednesday,4,277,115.76666666666668,77780.2,15801378.415162455,35527172.67321631,0.7545126353790613,671.8704290238986,194.95675219587483,0.9481211441390914,24,46,0.2851985559566787,0.026778001727613,0,BENIGN,BENIGN,0,Wednesday,980
20170705_1347,2017-07-05 13:47:00,2017-07-05 13:47:59,2017-07-05,Wednesday,5,989,8169.3,10037903.116666667,19454499.481294237,39287914.685997464,0.7077856420626896,1228.734789598456,153.9326139758971,0.778393361850961,14,137,0.358948432760364,0.0013077415853663,0,BENIGN,BENIGN,0,Wednesday,981
20170705_1348,2017-07-05 13:48:00,2017-07-05 13:48:59,2017-07-05,Wednesday,6,228,114.18333333333334,80584.63333333333,15111078.192982456,29017668.76556827,0.6798245614035088,705.7477740475842,212.52299933744143,1.1141622955877817,23,47,0.2807017543859649,0.0218946139249744,0,BENIGN,BENIGN,0,Wednesday,982
20170705_1349,2017-07-05 13:49:00,2017-07-05 13:49:59,2017-07-05,Wednesday,7,743,7057.933333333333,8522552.65,20675307.317631222,38940844.205055445,0.6527590847913862,1207.513906337077,228.87015624101863,0.7887473864284357,18,137,0.3768506056527591,0.0012893292654129,0,BENIGN,BENIGN,0,Wednesday,983
20170705_1350,2017-07-05 13:50:00,2017-07-05 13:50:59,2017-07-05,Wednesday,8,215,940.1833333333332,1073326.816666667,23782763.772093024,39986050.05236474,0.5395348837209303,1141.6143837194873,213.44802713250056,0.8666490188941465,11,69,0.4046511627906977,0.002286788037794,0,BENIGN,BENIGN,0,Wednesday,984
20170705_1351,2017-07-05 13:51:00,2017-07-05 13:51:59,2017-07-05,Wednesday,9,1826,7393.183333333333,8749890.35,18796143.967141293,38184320.89727215,0.6785323110624315,1183.5078281570186,222.5004788751978,0.7809074923117688,11,244,0.3773274917853231,0.0030681415989052,0,BENIGN,BENIGN,0,Wednesday,985
20170705_1352,2017-07-05 13:52:00,2017-07-05 13:52:59,2017-07-05,Wednesday,10,491,1200.7666666666669,1525828.65,14154132.694501018,29983454.900617495,0.7230142566191446,1270.712031202287,171.41549992154938,0.9131924159541134,16,102,0.2769857433808554,0.0038170058018488,0,BENIGN,BENIGN,0,Wednesday,986
20170705_1353,2017-07-05 13:53:00,2017-07-05 13:53:59,2017-07-05,Wednesday,11,612,5504.933333333333,6665333.95,25619025.96732026,44105825.452172786,0.6160130718954249,1210.7928554993098,215.11551135621943,0.787582601354094,7,136,0.4395424836601307,0.0011989246009639,0,BENIGN,BENIGN,0,Wednesday,987
20170705_1354,2017-07-05 13:54:00,2017-07-05 13:54:59,2017-07-05,Wednesday,12,1133,8005.116666666667,9810408.2,14743153.737864075,34020410.68468877,0.6981465136804943,1225.517204621211,184.88431910500495,0.7512934853550841,20,173,0.3309796999117387,0.0015219432571251,0,BENIGN,BENIGN,0,Wednesday,988
20170705_1355,2017-07-05 13:55:00,2017-07-05 13:55:59,2017-07-05,Wednesday,13,1014,263.3833333333333,116151.58333333331,18917036.84516765,36144353.55314802,0.616370808678501,440.9982281845219,230.97197800975664,0.9135488557936796,11,176,0.4053254437869822,0.0489147630196798,0,BENIGN,BENIGN,0,Wednesday,989
20170705_1356,2017-07-05 13:56:00,2017-07-05 13:56:59,2017-07-05,Wednesday,14,392,8061.683333333333,9965197.716666669,19204384.599489797,36966422.05544621,0.6505102040816326,1236.1187241705104,127.95956646536142,0.748640714926107,22,83,0.2959183673469387,0.0003762655028623,0,BENIGN,BENIGN,0,Wednesday,990
20170705_1357,2017-07-05 13:57:00,2017-07-05 13:57:59,2017-07-05,Wednesday,15,269,52.166666666666664,8757.183333333332,15409890.226765798,31541768.00169783,0.6059479553903345,167.86932907348242,121.08459884608206,1.3330849478390463,19,90,0.3828996282527881,0.0498402555910543,0,BENIGN,BENIGN,0,Wednesday,991
20170705_1358,2017-07-05 13:58:00,2017-07-05 13:58:59,2017-07-05,Wednesday,16,1087,8276.65,10060606.466666669,16138480.322907085,36972399.28325236,0.7322907083716651,1215.5408851004534,264.02358437352865,0.7540513429124458,16,187,0.500459981600736,0.0021163957237126,0,BENIGN,BENIGN,0,Wednesday,992
20170705_1359,2017-07-05 13:59:00,2017-07-05 13:59:59,2017-07-05,Wednesday,17,364,136.91666666666666,55885.433333333334,11381906.538461538,25877501.91031724,0.6648351648351648,408.1711503347535,263.501238931719,1.1741201376025403,16,106,0.554945054945055,0.0446743761412051,0,BENIGN,BENIGN,0,Wednesday,993
20170705_1400,2017-07-05 14:00:00,2017-07-05 14:00:59,2017-07-05,Wednesday,18,135,7872.816666666667,9782863.7,19704773.05925926,36702495.51226812,0.6962962962962963,1242.612919137369,117.8784747667881,0.7411352746037597,7,39,0.4222222222222222,0.0001926460034422,0,BENIGN,BENIGN,0,Wednesday,994
20170705_1401,2017-07-05 14:01:00,2017-07-05 14:01:59,2017-07-05,Wednesday,19,97,17.333333333333332,1184.6,32564257.74226804,36014959.89328624,0.422680412371134,68.3423076923077,30.79754126673825,1.9573863636363635,15,49,0.1752577319587628,0.0413461538461538,1,DoS,DoS,1,Wednesday,995
20170705_1402,2017-07-05 14:02:00,2017-07-05 14:02:59,2017-07-05,Wednesday,20,657,7972.75,9760629.383333333,18537135.695585996,35605589.82892447,0.6727549467275494,1224.2487702904689,194.0507778543515,0.7383748818954866,13,106,0.3333333333333333,0.0009260710963385,0,BENIGN,BENIGN,0,Wednesday,996
20170705_1403,2017-07-05 14:03:00,2017-07-05 14:03:59,2017-07-05,Wednesday,21,1477,341.75,169201.75,14806753.864590386,34554047.86627768,0.7054840893703453,495.1038771031456,166.9073477897623,0.8978250809810273,13,217,0.3046716316858497,0.0443306510607168,0,BENIGN,BENIGN,0,Wednesday,997
20170705_1404,2017-07-05 14:04:00,2017-07-05 14:04:59,2017-07-05,Wednesday,22,133,1863.9,2317382.9166666665,17708024.97744361,32178839.445074514,0.6466165413533834,1243.297878999231,139.633408218839,0.7512253174864159,9,46,0.2631578947368421,0.000608044065311,0,BENIGN,BENIGN,0,Wednesday,998
20170705_1405,2017-07-05 14:05:00,2017-07-05 14:05:59,2017-07-05,Wednesday,23,112,24.4,4648.766666666666,26360021.026785713,37950297.840689674,0.4107142857142857,190.52322404371583,93.1181866073936,1.4539363484087102,16,56,0.4642857142857143,0.0314207650273224,0,BENIGN,BENIGN,0,Wednesday,999
20170705_1406,2017-07-05 14:06:00,2017-07-05 14:06:59,2017-07-05,Wednesday,24,507,153.93333333333334,88257.8,18667139.52662722,34997879.999754846,0.621301775147929,573.3508012126462,158.12869131186267,0.7946376530017486,10,110,0.3313609467455621,0.0304244261585101,0,BENIGN,BENIGN,0,Wednesday,1000
20170705_1407,2017-07-05 14:07:00,2017-07-05 14:07:59,2017-07-05,Wednesday,25,976,312.9166666666667,135920.26666666666,25253212.87909836,42620056.87496343,0.6290983606557377,434.3656990679095,174.8314244242413,0.9949001274968126,13,162,0.3790983606557377,0.0394673768308921,0,BENIGN,BENIGN,0,Wednesday,1001
20170705_1408,2017-07-05 14:08:00,2017-07-05 14:08:59,2017-07-05,Wednesday,26,189,4565.866666666667,6712539.316666666,25918471.984126985,36667645.74084899,0.5291005291005291,1470.1566661312932,181.3050384058742,0.7145745060364629,14,68,0.3333333333333333,0.0004234318420745,0,BENIGN,BENIGN,0,Wednesday,1002
20170705_1409,2017-07-05 14:09:00,2017-07-05 14:09:59,2017-07-05,Wednesday,27,1111,192.4,64646.8,12246519.615661567,30938253.31266588,0.7398739873987399,336.00207900207903,121.83646663827018,1.0397526501766785,12,148,0.2457245724572457,0.0455647955647955,0,BENIGN,BENIGN,0,Wednesday,1003
20170705_1410,2017-07-05 14:10:00,2017-07-05 14:10:59,2017-07-05,Wednesday,28,1411,280.55,112883.76666666666,9677121.249468464,23852452.668359544,0.7455705173635719,402.3659478405513,163.57763121833676,0.966129409016585,15,198,0.2678951098511694,0.0459811085368027,0,BENIGN,BENIGN,0,Wednesday,1004
20170705_1411,2017-07-05 14:11:00,2017-07-05 14:11:59,2017-07-05,Wednesday,29,233,105.86666666666666,71656.51666666666,19148450.763948496,39581608.02009672,0.6995708154506438,676.8562657430731,170.14304503360745,0.92748786407767,15,58,0.3261802575107296,0.0218828715365239,0,BENIGN,BENIGN,0,Wednesday,1005
20170705_1412,2017-07-05 14:12:00,2017-07-05 14:12:59,2017-07-05,Wednesday,30,1070,6057.333333333333,10620015.866666667,16506735.296261683,35648866.58340326,0.711214953271028,1753.249372661237,166.7156932024744,0.8800066211805359,9,169,0.3588785046728971,0.0019040281752146,0,BENIGN,BENIGN,0,Wednesday,1006
20170705_1413,2017-07-05 14:13:00,2017-07-05 14:13:59,2017-07-05,Wednesday,31,1067,255.83333333333337,93238.56666666668,11911513.369259609,24021645.74825164,0.7029053420805998,364.45042345276875,199.0176343360372,1.0891399020141534,15,147,0.3617619493908153,0.0505537459283387,0,BENIGN,BENIGN,0,Wednesday,1007
20170705_1414,2017-07-05 14:14:00,2017-07-05 14:14:59,2017-07-05,Wednesday,32,1200,387.31666666666666,261937.4,12925537.9925,31322757.09775923,0.7408333333333333,676.2874478247774,163.83061381115397,0.7476312227402617,9,132,0.29,0.0277550669133783,0,BENIGN,BENIGN,0,Wednesday,1008
20170705_1415,2017-07-05 14:15:00,2017-07-05 14:15:59,2017-07-05,Wednesday,33,106,26.933333333333337,7340.783333333334,21525367.41509434,34678048.106037214,0.5660377358490566,272.55383663366337,136.17147024036416,1.3744493392070485,12,43,0.2830188679245283,0.0371287128712871,0,BENIGN,BENIGN,0,Wednesday,1009
20170705_1416,2017-07-05 14:16:00,2017-07-05 14:16:59,2017-07-05,Wednesday,34,711,288.6666666666667,174876.61666666667,15447252.52180028,35065429.82957184,0.7538677918424754,605.8081408775981,272.317201037368,0.8878474114441417,14,90,0.4444444444444444,0.0356235565819861,0,BENIGN,BENIGN,0,Wednesday,1010
20170705_1417,2017-07-05 14:17:00,2017-07-05 14:17:59,2017-07-05,Wednesday,35,447,205.86666666666667,164538.03333333333,15822332.093959732,33577989.85392716,0.6152125279642058,799.245628238342,265.78970186042443,0.9202549354888856,10,101,0.4496644295302013,0.0344883419689119,0,BENIGN,BENIGN,0,Wednesday,1011
20170705_1418,2017-07-05 14:18:00,2017-07-05 14:18:59,2017-07-05,Wednesday,36,800,295.93333333333334,179165.08333333334,20260863.51125,41463860.91731788,0.71875,605.4238004054968,168.8682861969336,0.8156441717791411,9,137,0.3075,0.025963054742059,0,BENIGN,BENIGN,0,Wednesday,1012
20170705_1419,2017-07-05 14:19:00,2017-07-05 14:19:59,2017-07-05,Wednesday,37,191,34.55,3729.25,21273194.581151832,33704520.90918713,0.4973821989528796,107.93777134587556,88.58855676115085,1.406032482598608,13,72,0.3664921465968586,0.0410033767486734,0,BENIGN,BENIGN,0,Wednesday,1013
20170705_1420,2017-07-05 14:20:00,2017-07-05 14:20:59,2017-07-05,Wednesday,38,108,29.483333333333334,9120.9,18941616.166666668,32367256.046496782,0.5925925925925926,309.3578292820803,183.5118784002059,1.114695340501792,14,35,0.4351851851851852,0.0542679479932165,0,BENIGN,BENIGN,0,Wednesday,1014
20170705_1421,2017-07-05 14:21:00,2017-07-05 14:21:59,2017-07-05,Wednesday,39,484,92.51666666666668,27578.916666666668,15675460.030991737,34095723.20187615,0.6962809917355371,298.09673932624753,132.79931051178897,1.0716417910447762,15,82,0.2954545454545454,0.0508016573590344,0,BENIGN,BENIGN,0,Wednesday,1015
20170705_1422,2017-07-05 14:22:00,2017-07-05 14:22:59,2017-07-05,Wednesday,40,441,114.55,53360.55,17108038.863945577,34490565.63147891,0.6575963718820862,465.82758620689657,166.51139424013502,0.9718875502008032,12,86,0.3151927437641723,0.0405936272370144,0,BENIGN,BENIGN,0,Wednesday,1016
20170705_1423,2017-07-05 14:23:00,2017-07-05 14:23:59,2017-07-05,Wednesday,41,2344,685.4666666666667,388762.7166666667,12794846.188139932,31696729.725675803,0.7389078498293515,567.150432795176,161.98262504018615,0.9111988847583644,12,251,0.2879692832764505,0.0333835829605135,0,BENIGN,BENIGN,0,Wednesday,1017
20170705_1424,2017-07-05 14:24:00,2017-07-05 14:24:59,2017-07-05,Wednesday,42,181,30.166666666666668,4431.35,12623781.005524864,31478767.922646888,0.7403314917127072,146.89558011049724,129.59698061926238,1.0984936268829664,11,49,0.281767955801105,0.0657458563535911,0,BENIGN,BENIGN,0,Wednesday,1018
20170705_1425,2017-07-05 14:25:00,2017-07-05 14:25:59,2017-07-05,Wednesday,43,334,58.13333333333333,9620.066666666668,17516123.700598802,35373235.5491937,0.6676646706586826,165.4827981651376,114.98978076155024,1.2308184143222507,13,81,0.3502994011976048,0.0464449541284403,0,BENIGN,BENIGN,0,Wednesday,1019
20170705_1426,2017-07-05 14:26:00,2017-07-05 14:26:59,2017-07-05,Wednesday,44,385,123.96666666666668,62345.166666666664,11235215.17922078,26974109.119859803,0.6415584415584416,502.9187953751008,164.34722170457349,0.9247089262613196,15,102,0.348051948051948,0.0279645065877924,0,BENIGN,BENIGN,0,Wednesday,1020
20170705_1427,2017-07-05 14:27:00,2017-07-05 14:27:59,2017-07-05,Wednesday,45,272,140.75,94763.1,18181903.8125,37554565.12804965,0.7463235294117647,673.2724689165186,124.64982672777744,0.7792289867284601,16,54,0.2683823529411764,0.0198934280639431,0,BENIGN,BENIGN,0,Wednesday,1021
20170705_1428,2017-07-05 14:28:00,2017-07-05 14:28:59,2017-07-05,Wednesday,46,342,78.55,23642.816666666666,15884157.453216374,35805470.69214742,0.7368421052631579,300.9906641205177,117.94755559396144,1.15546410608139,60,77,0.3713450292397661,0.0504986208359855,0,BENIGN,BENIGN,0,Wednesday,1022
20170705_1429,2017-07-05 14:29:00,2017-07-05 14:29:59,2017-07-05,Wednesday,47,600,239.16666666666663,150030.78333333333,17970329.251666665,31883390.2055123,0.6583333333333333,627.3064111498257,207.1330212994185,0.8695935383011986,11,97,0.335,0.0268989547038327,0,BENIGN,BENIGN,0,Wednesday,1023
20170705_1430,2017-07-05 14:30:00,2017-07-05 14:30:59,2017-07-05,Wednesday,48,2234,617.6166666666667,333941.3,14273418.426589075,33639880.23133621,0.7157564905998209,540.6934722184742,159.82249883367817,0.8764494404779989,15,268,0.3003581020590868,0.0357827131176295,0,BENIGN,BENIGN,0,Wednesday,1024
20170705_1431,2017-07-05 14:31:00,2017-07-05 14:31:59,2017-07-05,Wednesday,49,159,24.716666666666665,3793.5,10850262.698113209,29948520.261509273,0.7169811320754716,153.4794335805799,102.6964206953368,1.2050520059435363,12,45,0.2830188679245283,0.0465273095077545,0,BENIGN,BENIGN,0,Wednesday,1025
20170705_1432,2017-07-05 14:32:00,2017-07-05 14:32:59,2017-07-05,Wednesday,50,180,36.65,9504.216666666667,18466184.472222224,37013291.40059521,0.6722222222222223,259.3237835379718,88.04075966439349,1.1782178217821782,13,66,0.3444444444444444,0.035925420645748,0,BENIGN,BENIGN,0,Wednesday,1026
20170705_1433,2017-07-05 14:33:00,2017-07-05 14:33:59,2017-07-05,Wednesday,51,404,129.51666666666668,76760.11666666667,12957734.16089109,31921559.620617516,0.6905940594059405,592.6659374597864,166.54122161906366,0.8482758620689655,13,82,0.3391089108910891,0.0315274739415776,0,BENIGN,BENIGN,0,Wednesday,1027
20170705_1434,2017-07-05 14:34:00,2017-07-05 14:34:59,2017-07-05,Wednesday,52,620,165.05,83360.76666666666,15436458.191935483,35085313.98820295,0.7193548387096774,505.0637180652328,151.93056464522985,0.9362658846529814,13,94,0.2693548387096774,0.034030091891346,0,BENIGN,BENIGN,0,Wednesday,1028
20170705_1435,2017-07-05 14:35:00,2017-07-05 14:35:59,2017-07-05,Wednesday,53,1710,370.6666666666667,180151.26666666663,10684629.1251462,29853000.805206664,0.7649122807017544,486.01960431654675,124.97138288032475,0.8938181198910081,10,198,0.2467836257309941,0.0378147482014388,0,BENIGN,BENIGN,0,Wednesday,1029
20170705_1436,2017-07-05 14:36:00,2017-07-05 14:36:59,2017-07-05,Wednesday,54,123,22.15,3240.016666666667,10466745.861788616,30268725.916373126,0.7235772357723578,146.27614747930775,96.23178871170172,1.2735042735042734,11,45,0.4065040650406504,0.0466516177577125,0,BENIGN,BENIGN,0,Wednesday,1030
20170705_1437,2017-07-05 14:37:00,2017-07-05 14:37:59,2017-07-05,Wednesday,55,290,142.13333333333333,88216.43333333333,24426226.01034483,45597959.68511284,0.6758620689655173,620.6597091932458,144.5528275883248,0.8039340101522843,12,71,0.3793103448275862,0.0199343339587242,0,BENIGN,BENIGN,0,Wednesday,1031
20170705_1438,2017-07-05 14:38:00,2017-07-05 14:38:59,2017-07-05,Wednesday,56,514,135.23333333333332,69819.88333333333,14022577.429961087,31702805.57241242,0.6964980544747081,516.2919645057924,130.6435874644195,0.9044825158413518,9,84,0.2976653696498054,0.0332758195711116,0,BENIGN,BENIGN,0,Wednesday,1032
20170705_1439,2017-07-05 14:39:00,2017-07-05 14:39:59,2017-07-05,Wednesday,57,582,222.95,150079.26666666666,9298163.1185567,23707399.21734743,0.7250859106529209,673.1521267847799,222.80057932942185,0.8924883293252228,9,105,0.40893470790378,0.0358077296852807,0,BENIGN,BENIGN,0,Wednesday,1033
20170705_1440,2017-07-05 14:40:00,2017-07-05 14:40:59,2017-07-05,Wednesday,58,1457,336.75,150432.65,13139248.67536033,33843884.207509704,0.759780370624571,446.7190794357832,138.71880048800145,0.93395865237366,14,168,0.2882635552505148,0.0408314773570898,0,BENIGN,BENIGN,0,Wednesday,1034
20170705_1441,2017-07-05 14:41:00,2017-07-05 14:41:59,2017-07-05,Wednesday,59,489,95.13333333333334,24574.083333333332,13184442.938650306,34883864.72453317,0.7852760736196319,258.31201822004203,140.14990595755478,1.063245392121431,16,69,0.2699386503067484,0.049229152067274,0,BENIGN,BENIGN,0,Wednesday,1035
20170705_1442,2017-07-05 14:42:00,2017-07-05 14:42:59,2017-07-05,Wednesday,60,179,46.016666666666666,16213.516666666666,15210177.715083798,35091063.4244349,0.7039106145251397,352.34009416877944,143.4429436646432,1.056589724497394,8,53,0.3128491620111732,0.0318725099601593,0,BENIGN,BENIGN,0,Wednesday,1036
20170705_1443,2017-07-05 14:43:00,2017-07-05 14:43:59,2017-07-05,Wednesday,61,769,215.9,113929.75,11722909.403120937,25838440.42819522,0.6723016905071522,527.6968503937007,160.70131121725802,0.8898614150255288,14,140,0.3407022106631989,0.0365138181256754,0,BENIGN,BENIGN,0,Wednesday,1037
20170705_1444,2017-07-05 14:44:00,2017-07-05 14:44:59,2017-07-05,Wednesday,62,313,104.68333333333334,48341.38333333333,16801144.332268372,32417391.3448141,0.5814696485623003,461.7868173857666,197.90546476800404,0.9205136044023234,12,71,0.463258785942492,0.0409170514249323,0,BENIGN,BENIGN,0,Wednesday,1038
20170705_1445,2017-07-05 14:45:00,2017-07-05 14:45:59,2017-07-05,Wednesday,63,924,257.6333333333333,95390.28333333334,21681279.71103896,40307188.20817019,0.6298701298701299,370.25598395652736,201.45330647563225,0.9970288076475908,12,145,0.3766233766233766,0.0454133781860525,0,BENIGN,BENIGN,0,Wednesday,1039
20170705_1446,2017-07-05 14:46:00,2017-07-05 14:46:59,2017-07-05,Wednesday,64,655,145.55,42282.15,15611932.114503818,36192177.91737039,0.7236641221374046,290.499141188595,173.57925025874175,1.064287402505318,15,116,0.3206106870229007,0.0472918813695179,0,BENIGN,BENIGN,0,Wednesday,1040
20170705_1447,2017-07-05 14:47:00,2017-07-05 14:47:59,2017-07-05,Wednesday,65,783,232.58333333333337,123770.51666666666,19006898.70625798,40394513.02722972,0.70242656449553,532.1555714797563,180.71323271480105,0.9459007250418292,13,126,0.3243933588761175,0.0350412038695807,0,BENIGN,BENIGN,0,Wednesday,1041
20170705_1448,2017-07-05 14:48:00,2017-07-05 14:48:59,2017-07-05,Wednesday,66,581,166.76666666666668,80457.25,27911666.91910499,42149437.534112945,0.5352839931153184,482.45402758344994,126.33239995126434,1.013886093781445,11,74,0.7538726333907056,0.0846492104737157,1,DoS,DoS,1,Wednesday,1042
20170705_1449,2017-07-05 14:49:00,2017-07-05 14:49:59,2017-07-05,Wednesday,67,1588,605.55,390473.9166666667,26049816.00440806,42184528.30373249,0.4905541561712846,644.825227754383,167.7342833068523,0.9807021369385084,13,167,0.5390428211586902,0.0564775823631409,1,DoS,DoS,1,Wednesday,1043
20170705_1450,2017-07-05 14:50:00,2017-07-05 14:50:59,2017-07-05,Wednesday,68,1071,304.96666666666664,161366.23333333334,25018885.491129786,42339873.91714927,0.5331465919701214,529.1274456224724,160.9313150756211,1.111341871466482,15,138,0.5032679738562091,0.0764564433271395,1,DoS,DoS,1,Wednesday,1044
20170705_1451,2017-07-05 14:51:00,2017-07-05 14:51:59,2017-07-05,Wednesday,69,745,168.75,52738.51666666667,33132973.420134228,47194617.58344815,0.4590604026845638,312.5245432098765,112.24355755052692,1.2492225677476676,8,96,0.5718120805369128,0.0952098765432098,1,DoS,DoS,1,Wednesday,1045
20170705_1452,2017-07-05 14:52:00,2017-07-05 14:52:59,2017-07-05,Wednesday,70,591,169.36666666666667,95068.46666666666,37793965.138747886,48169257.64341696,0.4433164128595601,561.3174571934659,133.92799815871888,1.0407630522088354,13,89,0.6480541455160744,0.0450698681361936,1,DoS,DoS,1,Wednesday,1046
20170705_1453,2017-07-05 14:53:00,2017-07-05 14:53:59,2017-07-05,Wednesday,71,1612,505.51666666666665,268640.9666666667,20499076.38337469,39383972.3147789,0.5986352357320099,531.4186146187069,204.36894083067224,0.95199176266169,10,203,0.4807692307692308,0.0560482674491444,1,DoS,DoS,1,Wednesday,1047
20170705_1454,2017-07-05 14:54:00,2017-07-05 14:54:59,2017-07-05,Wednesday,72,1168,349.75,191452.2,26323443.151541095,44394832.86504468,0.538527397260274,547.3972837741244,141.93978411635385,1.120869125821122,15,129,0.502568493150685,0.0623302358827734,1,DoS,DoS,1,Wednesday,1048
20170705_1455,2017-07-05 14:55:00,2017-07-05 14:55:59,2017-07-05,Wednesday,73,472,61.9,5731.833333333333,54418753.58262712,50240537.05868397,0.2478813559322034,92.59827679052236,44.94151330022302,2.258771929824561,10,62,0.847457627118644,0.1569736133548734,1,DoS,DoS,1,Wednesday,1049
20170705_1456,2017-07-05 14:56:00,2017-07-05 14:56:59,2017-07-05,Wednesday,74,746,165.15,52201.35,23413318.534852546,41217795.69468252,0.5683646112600537,316.08446866485014,134.74860145322023,1.1900552486187843,11,120,0.4463806970509383,0.0664042789383388,1,DoS,DoS,1,Wednesday,1050
20170705_1457,2017-07-05 14:57:00,2017-07-05 14:57:59,2017-07-05,Wednesday,75,1696,562.6166666666667,294598.3,24686508.2629717,43524891.4754132,0.6014150943396226,523.6217080901739,164.11931264530855,0.9643875472796044,12,213,0.4646226415094339,0.0504487958053144,1,DoS,DoS,1,Wednesday,1051
20170705_1458,2017-07-05 14:58:00,2017-07-05 14:58:59,2017-07-05,Wednesday,76,462,63.0,6782.166666666667,37498125.45887446,48729155.72711579,0.422077922077922,107.65343915343917,52.69025189803581,2.866053169734151,15,43,0.6255411255411255,0.1851851851851851,1,DoS,DoS,1,Wednesday,1052
20170705_1459,2017-07-05 14:59:00,2017-07-05 14:59:59,2017-07-05,Wednesday,77,796,154.48333333333332,39551.23333333333,39235635.48241206,48601936.5397557,0.4459798994974874,256.02265616571367,130.73885177286596,1.29058561897702,9,119,0.592964824120603,0.0881432732765131,1,DoS,DoS,1,Wednesday,1053
20170705_1500,2017-07-05 15:00:00,2017-07-05 15:00:59,2017-07-05,Wednesday,78,1365,457.0,261852.55,24703313.723809525,43321393.81600808,0.5838827838827839,572.9815098468272,138.24659858955712,0.9580834047415024,14,149,0.367032967032967,0.036834427425237,1,DoS,DoS,1,Wednesday,1054
20170705_1501,2017-07-05 15:01:00,2017-07-05 15:01:59,2017-07-05,Wednesday,79,1926,558.0166666666667,278288.6666666667,22475042.971962616,40988916.81479614,0.6007268951194185,498.7103133120277,178.71637886032795,0.9992834537529108,12,258,0.4143302180685358,0.0513425524924584,1,DoS,DoS,1,Wednesday,1055
20170705_1502,2017-07-05 15:02:00,2017-07-05 15:02:59,2017-07-05,Wednesday,80,1134,292.15,120714.9,34473792.821869485,47657676.37996494,0.4832451499118165,413.1949341091905,123.4706343229817,1.0298749421028257,12,147,0.5740740740740741,0.0605853157624508,1,DoS,DoS,1,Wednesday,1056
20170705_1503,2017-07-05 15:03:00,2017-07-05 15:03:59,2017-07-05,Wednesday,81,1553,330.93333333333334,132232.66666666666,18005385.847392146,38527280.483441025,0.7037990985189955,399.57493956486707,126.14005306070744,1.0886715052066898,11,189,0.330328396651642,0.0555499597099113,1,DoS,DoS,1,Wednesday,1057
20170705_1504,2017-07-05 15:04:00,2017-07-05 15:04:59,2017-07-05,Wednesday,82,746,209.28333333333333,106601.81666666668,27710880.48793566,44210769.26870332,0.5268096514745308,509.3660109898861,117.10750273568154,1.0627463863337714,15,105,0.5710455764075067,0.0678506012582623,1,DoS,DoS,1,Wednesday,1058
20170705_1505,2017-07-05 15:05:00,2017-07-05 15:05:59,2017-07-05,Wednesday,83,1246,476.06666666666666,299901.2833333333,30659279.864365973,46434691.86479262,0.5208667736757624,629.9564836857583,149.45040418145896,0.9395029875067896,11,161,0.5136436597110754,0.0423610138636045,1,DoS,DoS,1,Wednesday,1059
20170705_1506,2017-07-05 15:06:00,2017-07-05 15:06:59,2017-07-05,Wednesday,84,409,85.58333333333333,22621.066666666666,43054875.80195599,51619427.06197536,0.3325183374083129,264.31626095423564,108.61441857518898,1.7117212249208025,11,68,0.8190709046454768,0.1117818889970788,1,DoS,DoS,1,Wednesday,1060
20170705_1507,2017-07-05 15:07:00,2017-07-05 15:07:59,2017-07-05,Wednesday,85,1946,526.9,332336.05,14491918.126413155,29891404.18818537,0.6464542651593012,630.7383754033024,160.29527527144168,0.9777916796997184,9,251,0.3823227132579651,0.0487442272410957,1,DoS,DoS,1,Wednesday,1061
20170705_1508,2017-07-05 15:08:00,2017-07-05 15:08:59,2017-07-05,Wednesday,86,620,147.91666666666666,73291.5,35047349.893548384,45707842.700933,0.3854838709677419,495.4918309859155,134.9086506678437,1.3156796243151578,12,80,0.6548387096774193,0.0894647887323943,1,DoS,DoS,1,Wednesday,1062
20170705_1509,2017-07-05 15:09:00,2017-07-05 15:09:59,2017-07-05,Wednesday,87,511,124.45,48825.38333333333,23759958.886497065,25854667.87774377,0.2954990215264187,392.3293156555511,171.98526041511823,1.3677869372225746,10,44,0.735812133072407,0.0938797375117182,1,DoS,DoS,1,Wednesday,1063
20170705_1510,2017-07-05 15:10:00,2017-07-05 15:10:59,2017-07-05,Wednesday,88,493,139.73333333333332,75938.75,11010904.86815416,30504092.904895667,0.7200811359026369,543.4547948473282,192.58415287824636,0.987437781464802,16,72,0.4949290060851927,0.0450858778625954,1,DoS,DoS,1,Wednesday,1064
20170705_1511,2017-07-05 15:11:00,2017-07-05 15:11:59,2017-07-05,Wednesday,89,393,139.76666666666668,73283.83333333333,13159613.361323155,27356879.87260973,0.5597964376590331,524.3298354400191,206.7628162966748,0.9070031832651204,10,66,0.4351145038167939,0.0388743143334128,0,BENIGN,BENIGN,0,Wednesday,1065
20170705_1512,2017-07-05 15:12:00,2017-07-05 15:12:59,2017-07-05,Wednesday,90,197,123.31666666666666,96348.18333333332,15434518.340101523,33428718.109214637,0.5583756345177665,781.3070685227733,297.846383567361,0.8762677484787018,10,53,0.4619289340101523,0.0248682254358697,0,BENIGN,BENIGN,0,Wednesday,1066
20170705_1513,2017-07-05 15:13:00,2017-07-05 15:13:59,2017-07-05,Wednesday,91,1553,295.3666666666667,107900.48333333334,8751447.8454604,24610895.94185573,0.7527366387636832,365.3102922920664,155.0167317692597,1.0479547030275018,16,193,0.2543464262717321,0.0430538313960049,0,BENIGN,BENIGN,0,Wednesday,1067
20170705_1514,2017-07-05 15:14:00,2017-07-05 15:14:59,2017-07-05,Wednesday,92,920,360.68333333333334,195938.98333333337,19084625.87608696,38488353.90074476,0.6760869565217391,543.2437964973892,254.9528440478772,0.9583748077097096,15,141,0.4695652173913043,0.0412180583152349,0,BENIGN,BENIGN,0,Wednesday,1068
20170705_1515,2017-07-05 15:15:00,2017-07-05 15:15:59,2017-07-05,Wednesday,93,2985,950.2,511225.48333333334,40941750.2120603,44111451.946017995,0.3943048576214405,538.0188205991722,145.3039157467673,1.1398063353850774,10,253,0.5953098827470686,0.129323651161159,1,DoS,DoS,1,Wednesday,1069
20170705_1516,2017-07-05 15:16:00,2017-07-05 15:16:59,2017-07-05,Wednesday,94,1333,340.35,153558.55,13769281.2048012,32072070.143666107,0.6519129782445612,451.1783458204789,126.82312853114362,0.919541310273522,21,137,0.3210802700675169,0.042897017775819,1,DoS,DoS,1,Wednesday,1070
20170705_1517,2017-07-05 15:17:00,2017-07-05 15:17:59,2017-07-05,Wednesday,95,1889,546.05,279051.7833333333,15219336.96664902,31815113.846121427,0.6071995764955003,511.0370539938345,170.29695993862944,0.904440827714485,19,285,0.390153520381154,0.0380001831334126,1,DoS,DoS,1,Wednesday,1071
20170705_1518,2017-07-05 15:18:00,2017-07-05 15:18:59,2017-07-05,Wednesday,96,487,124.98333333333332,47681.85,13319850.965092402,28601588.08311791,0.5215605749486653,381.505667422323,179.84543430003757,1.042483660130719,14,100,0.5030800821355236,0.0514735298039738,1,DoS,DoS,1,Wednesday,1072
20170705_1519,2017-07-05 15:19:00,2017-07-05 15:19:59,2017-07-05,Wednesday,97,689,127.55,47425.933333333334,15469225.156748911,22800986.863030218,0.3628447024673439,371.82229191166863,390.4987283866178,0.950063694267516,28,80,0.6211901306240929,0.0326669280020906,1,DoS,DoS,1,Wednesday,1073
20170705_1520,2017-07-05 15:20:00,2017-07-05 15:20:59,2017-07-05,Wednesday,98,1042,459.48333333333335,302356.9,21633105.160268713,40863062.15375067,0.6429942418426103,658.0367078965505,211.12817847670271,0.8039651900804816,27,169,0.4049904030710173,0.0297435525408973,0,BENIGN,BENIGN,0,Wednesday,1074
20170705_1521,2017-07-05 15:21:00,2017-07-05 15:21:59,2017-07-05,Wednesday,99,490,100.06666666666666,42924.566666666666,11498660.032653062,30021510.815587968,0.6408163265306123,428.9596935376416,154.22646472467437,0.9259140474663246,27,62,0.3122448979591837,0.0471352431712191,0,BENIGN,BENIGN,0,Wednesday,1075
20170705_1522,2017-07-05 15:22:00,2017-07-05 15:22:59,2017-07-05,Wednesday,100,1323,182.83333333333337,15959.65,62706181.36054422,36766468.87185659,0.1602418745275888,87.29070191431175,71.14655624144746,3.921938088829071,17,60,0.8752834467120182,0.547584320875114,1,DoS,DoS,1,Wednesday,1076
20170705_1523,2017-07-05 15:23:00,2017-07-05 15:23:59,2017-07-05,Wednesday,101,1147,257.21666666666664,113487.8,15387045.283347864,31951467.126294367,0.6547515257192676,441.2147994557118,140.61020109973143,0.9593753967246412,11,179,0.3548387096774194,0.0468476640964167,1,DoS,DoS,1,Wednesday,1077
20170705_1524,2017-07-05 15:24:00,2017-07-05 15:24:59,2017-07-05,Wednesday,102,207,48.983333333333334,9380.233333333334,18984231.36231884,31211731.318376325,0.4975845410628019,191.49846886696156,154.01190968121745,1.5476603119584056,13,53,0.5748792270531401,0.0721333787002381,1,DoS,DoS,1,Wednesday,1078
20170705_1525,2017-07-05 15:25:00,2017-07-05 15:25:59,2017-07-05,Wednesday,103,1967,411.4,169100.86666666667,22875946.449923743,41900172.55533769,0.646670055922725,411.0375952033706,264.7719692859173,0.9770142559666828,14,204,0.5210981189628876,0.0601604278074866,1,DoS,DoS,1,Wednesday,1079
20170705_1526,2017-07-05 15:26:00,2017-07-05 15:26:59,2017-07-05,Wednesday,104,1554,296.28333333333336,89649.41666666667,43804751.61389961,37896662.17669995,0.2895752895752895,302.58001912583677,97.82949171518692,1.8729799612152551,16,96,0.7187902187902188,0.3287393823479777,1,DoS,DoS,1,Wednesday,1080
20170705_1527,2017-07-05 15:27:00,2017-07-05 15:27:59,2017-07-05,Wednesday,105,534,172.53333333333333,90355.15,17596889.511235956,37625684.14327551,0.6760299625468165,523.6967735703246,130.97040017493623,0.9742562929061784,14,85,0.3146067415730337,0.0314914992272024,1,DoS,DoS,1,Wednesday,1081
20170705_1528,2017-07-05 15:28:00,2017-07-05 15:28:59,2017-07-05,Wednesday,106,1306,277.56666666666666,88734.48333333334,16612995.869831547,34291521.386555634,0.5888208269525268,319.68710219767024,173.36504829688263,1.0506032996798818,14,213,0.4065849923430321,0.0612465473760057,1,DoS,DoS,1,Wednesday,1082
20170705_1529,2017-07-05 15:29:00,2017-07-05 15:29:59,2017-07-05,Wednesday,107,1542,287.1,87718.63333333333,13038462.162127107,32127710.985937953,0.6562905317769131,305.5333797747591,153.09176549797127,1.0165047407233994,13,209,0.3424124513618677,0.0593289213978869,1,DoS,DoS,1,Wednesday,1083
20170705_1530,2017-07-05 15:30:00,2017-07-05 15:30:59,2017-07-05,Wednesday,108,577,118.9,32487.15,15353378.979202772,32289080.419265214,0.5771230502599654,273.23086627417996,161.2929872382849,1.059757505773672,10,101,0.4246100519930676,0.0548079618727221,0,BENIGN,BENIGN,0,Wednesday,1084
20170705_1531,2017-07-05 15:31:00,2017-07-05 15:31:59,2017-07-05,Wednesday,109,611,129.96666666666667,39546.7,14976314.124386253,34252189.136556834,0.6415711947626841,304.2834060015389,163.18864520975117,1.0215137376879213,15,95,0.3764320785597381,0.0551423441908181,0,BENIGN,BENIGN,0,Wednesday,1085
20170705_1532,2017-07-05 15:32:00,2017-07-05 15:32:59,2017-07-05,Wednesday,110,585,98.66666666666669,30651.666666666668,7617297.38974359,23218461.004127275,0.6735042735042736,310.6587837837838,360.9835223703417,0.9756423089756424,10,95,0.6034188034188034,0.0535472972972973,1,DoS,DoS,1,Wednesday,1086
20170705_1533,2017-07-05 15:33:00,2017-07-05 15:33:59,2017-07-05,Wednesday,111,2022,436.45,157787.45,43915408.710187934,40360105.71936757,0.3382789317507418,361.5246878222019,136.3728324722956,1.558921242915771,15,152,0.6661721068249258,0.2639095734524764,1,DoS,DoS,1,Wednesday,1087
20170705_1534,2017-07-05 15:34:00,2017-07-05 15:34:59,2017-07-05,Wednesday,112,571,105.96666666666668,32819.11666666667,13707324.633975482,31943408.310245898,0.637478108581436,309.7117017930167,136.27360017936363,1.0849180327868853,13,86,0.3730297723292469,0.066530355457691,1,DoS,DoS,1,Wednesday,1088
20170705_1535,2017-07-05 15:35:00,2017-07-05 15:35:59,2017-07-05,Wednesday,113,350,77.58333333333333,31675.95,12546672.334285714,27566790.435003,0.5342857142857143,408.2829215896885,189.5855081905876,1.106787330316742,10,64,0.4685714285714286,0.0612244897959183,1,DoS,DoS,1,Wednesday,1089
20170705_1536,2017-07-05 15:36:00,2017-07-05 15:36:59,2017-07-05,Wednesday,114,1081,265.03333333333336,111177.53333333334,17284152.190564293,36828699.62656734,0.6318223866790009,419.48509621431265,154.58033179573374,0.9311475409836064,9,140,0.3496762257169287,0.047289649100742,0,BENIGN,BENIGN,0,Wednesday,1090
20170705_1537,2017-07-05 15:37:00,2017-07-05 15:37:59,2017-07-05,Wednesday,115,1095,310.8666666666667,175413.05,12506430.042922374,32378316.141638115,0.7342465753424657,564.2710165129745,263.4776273552915,0.9726099830795262,14,138,0.4091324200913242,0.0357066266352133,1,DoS,DoS,1,Wednesday,1091
20170705_1538,2017-07-05 15:38:00,2017-07-05 15:38:59,2017-07-05,Wednesday,116,1599,433.8666666666667,184441.21666666667,17674779.836772982,37578257.79177795,0.6760475297060663,425.1103641671788,180.9332697273819,0.932952182952183,15,195,0.3646028767979987,0.046058696988322,0,BENIGN,BENIGN,0,Wednesday,1092
20170705_1539,2017-07-05 15:39:00,2017-07-05 15:39:59,2017-07-05,Wednesday,117,379,82.93333333333334,27065.3,15082341.182058048,33298232.600845557,0.6015831134564644,326.3500803858521,110.52299980282056,1.0894206549118388,12,75,0.4089709762532981,0.0488344051446945,0,BENIGN,BENIGN,0,Wednesday,1093
20170705_1540,2017-07-05 15:40:00,2017-07-05 15:40:59,2017-07-05,Wednesday,118,566,136.73333333333332,55646.46666666667,15191810.12720848,33012665.52507551,0.5901060070671378,406.97074597757194,101.95570272193922,0.9833212472806382,14,100,0.3833922261484099,0.038152120916626,0,BENIGN,BENIGN,0,Wednesday,1094
20170705_1541,2017-07-05 15:41:00,2017-07-05 15:41:59,2017-07-05,Wednesday,119,1356,350.45,171363.81666666668,15877691.289085548,35835695.673963755,0.6814159292035398,488.9822133447472,137.08665195720008,0.9277594426109278,12,165,0.3067846607669616,0.0362391211299757,0,BENIGN,BENIGN,0,Wednesday,1095
20170705_1542,2017-07-05 15:42:00,2017-07-05 15:42:59,2017-07-05,Wednesday,120,1100,314.71666666666664,163170.7,12506541.114545455,31996850.94674472,0.6836363636363636,518.4685696128793,174.68491205508585,0.8831272437175908,14,145,0.36,0.0417306572048932,0,BENIGN,BENIGN,0,Wednesday,1096
20170705_1543,2017-07-05 15:43:00,2017-07-05 15:43:59,2017-07-05,Wednesday,121,7779,1883.7833333333333,1582255.2666666666,969558.3076230878,5275364.570316021,0.8283841110682607,839.9348474258363,1729.4098682553042,1.2278550873181693,45,40,0.9888160431932124,0.1479469507285869,1,DoS,DoS,1,Wednesday,1097
20170705_1544,2017-07-05 15:44:00,2017-07-05 15:44:59,2017-07-05,Wednesday,122,7753,1841.25,1524603.0333333334,1337382.7598349026,7589409.346820326,0.868695988649555,828.0260873500793,1771.5555362683992,1.2538762852945975,59,48,0.986972784728492,0.1467028739533831,1,DoS,DoS,1,Wednesday,1098
20170705_1545,2017-07-05 15:45:00,2017-07-05 15:45:59,2017-07-05,Wednesday,123,11193,2714.383333333333,2210627.4166666665,2436900.151255249,13521031.41216883,0.8533905119270973,814.4123895544108,1649.7851290152464,1.2062313736114874,14,159,0.9354953989100332,0.1360223009523341,1,DoS,DoS,1,Wednesday,1099
20170705_1546,2017-07-05 15:46:00,2017-07-05 15:46:59,2017-07-05,Wednesday,124,8936,2131.8166666666666,1746384.0833333333,1774855.4645255147,9444943.560845451,0.8710832587287377,819.1999390191464,1632.672105808986,1.188253810753939,13,137,0.9226723366159356,0.1356198547404795,1,DoS,DoS,1,Wednesday,1100
20170705_1547,2017-07-05 15:47:00,2017-07-05 15:47:59,2017-07-05,Wednesday,125,9962,2437.55,2069595.4,1228433.8636819916,7740540.067122215,0.8738205179682794,849.0473631310127,1768.9967083768197,1.2163726738194822,11,62,0.9842401124272234,0.1414603461125583,1,DoS,DoS,1,Wednesday,1101
20170705_1548,2017-07-05 15:48:00,2017-07-05 15:48:59,2017-07-05,Wednesday,126,10201,2413.883333333333,2033645.45,896237.0398000196,4678712.867562933,0.8663856484658367,842.478765198539,1770.6324747636338,1.227872634979234,9,41,0.9957847269875504,0.1490406191959014,1,DoS,DoS,1,Wednesday,1102
20170705_1549,2017-07-05 15:49:00,2017-07-05 15:49:59,2017-07-05,Wednesday,127,8742,2134.5833333333335,1669035.7333333334,2933938.7147105928,14825548.444319049,0.8541523678792038,781.9023540894008,1587.9367982373196,1.1771635473507065,13,162,0.9083733699382291,0.1306500097599063,1,DoS,DoS,1,Wednesday,1103
20170705_1550,2017-07-05 15:50:00,2017-07-05 15:50:59,2017-07-05,Wednesday,128,10411,2475.85,2061251.3,1204472.642301412,8005918.880416473,0.8810873114974546,832.5428842619706,1744.8072496201778,1.2256314985167651,12,65,0.976851407165498,0.144684317170534,1,DoS,DoS,1,Wednesday,1104
20170705_1551,2017-07-05 15:51:00,2017-07-05 15:51:59,2017-07-05,Wednesday,129,8100,1949.8833333333337,1595057.4,2159073.6555555556,12295253.566394148,0.8607407407407407,818.0270956382005,1675.206826824978,1.2028619845603463,11,91,0.9581481481481482,0.1402989922473994,1,DoS,DoS,1,Wednesday,1105
20170705_1552,2017-07-05 15:52:00,2017-07-05 15:52:59,2017-07-05,Wednesday,130,10352,2447.85,2042487.066666667,1130330.716286708,6936626.114895346,0.8646638330757341,834.4004194156777,1733.7698552076013,1.2295221324913477,13,63,0.982129057187017,0.1468295306765801,1,DoS,DoS,1,Wednesday,1106
20170705_1553,2017-07-05 15:53:00,2017-07-05 15:53:59,2017-07-05,Wednesday,131,11022,2666.866666666667,2133877.5833333335,2797691.9936490655,14980375.74643546,0.8828706223915804,800.1440829437793,1695.283140635366,1.2193819523426448,10,136,0.947922337143894,0.1367084968627352,1,DoS,DoS,1,Wednesday,1107
20170705_1554,2017-07-05 15:54:00,2017-07-05 15:54:59,2017-07-05,Wednesday,132,8057,2465.5,2205192.966666667,2248717.1736378307,12625857.638873013,0.8561499317363783,894.4201852227404,1682.1416215848842,1.0863267752626755,15,101,0.962517065905424,0.1112958831879943,1,DoS,DoS,1,Wednesday,1108
20170705_1555,2017-07-05 15:55:00,2017-07-05 15:55:59,2017-07-05,Wednesday,133,10239,2433.5,2045431.316666667,903684.047367907,5583068.197314451,0.8990135755444868,840.5306417368673,1764.7258686626851,1.231048972419589,10,40,0.99189373962301,0.1456886514622286,1,DoS,DoS,1,Wednesday,1109
20170705_1556,2017-07-05 15:56:00,2017-07-05 15:56:59,2017-07-05,Wednesday,134,8904,2877.733333333333,2536895.933333333,3219444.50730009,15913570.643904887,0.8569182389937107,881.5604642542742,1528.992040948281,1.0151370150786612,10,157,0.8946540880503144,0.0966790992911087,1,DoS,DoS,1,Wednesday,1110
20170705_1557,2017-07-05 15:57:00,2017-07-05 15:57:59,2017-07-05,Wednesday,135,11442,2691.233333333333,2152923.816666667,2554855.019926586,13461516.151743509,0.8669812969760531,799.9766463950853,1614.0611945226065,1.212016602967164,12,204,0.9241391365145952,0.1373162242837856,1,DoS,DoS,1,Wednesday,1111
20170705_1558,2017-07-05 15:58:00,2017-07-05 15:58:59,2017-07-05,Wednesday,136,10452,3507.883333333333,3268241.033333333,2473146.614332185,13607080.772424074,0.8732300038270188,931.6846436360008,1618.5011260080585,1.025054120363689,14,167,0.9336969001148104,0.0970575798320924,1,DoS,DoS,1,Wednesday,1112
20170705_1559,2017-07-05 15:59:00,2017-07-05 15:59:59,2017-07-05,Wednesday,137,8820,2305.4,1921292.15,1588102.0444444444,9862407.68860126,0.8803854875283447,833.387763511755,1682.9100949756184,1.1434437660767969,11,124,0.9595238095238096,0.1280471935455886,1,DoS,DoS,1,Wednesday,1113
20170705_1600,2017-07-05 16:00:00,2017-07-05 16:00:59,2017-07-05,Wednesday,138,8584,3155.516666666667,2982130.9,4145689.654473439,15960796.52774005,0.8430801491146319,945.0531291758878,1610.911900385128,1.0315028219489688,14,124,0.9462954333643988,0.0932546703920646,1,DoS,DoS,1,Wednesday,1114
20170705_1601,2017-07-05 16:01:00,2017-07-05 16:01:59,2017-07-05,Wednesday,139,1057,381.65,237386.6,16018507.01986755,35729796.816539586,0.6717123935666982,622.0007860605267,173.72570239007743,0.8402442944390871,13,157,0.3632923368022706,0.0306126905105026,1,DoS,DoS,1,Wednesday,1115
20170705_1602,2017-07-05 16:02:00,2017-07-05 16:02:59,2017-07-05,Wednesday,140,316,1156.5666666666666,1332754.3666666667,14996158.31329114,31200651.338799298,0.629746835443038,1152.3368302735107,121.94246072017864,0.6991087605895892,11,79,0.3449367088607595,0.0021759806323313,0,BENIGN,BENIGN,0,Wednesday,1116
20170705_1603,2017-07-05 16:03:00,2017-07-05 16:03:59,2017-07-05,Wednesday,141,437,145.4,76637.4,20042574.315789472,38547232.32834311,0.6338672768878718,527.0797799174691,147.38991589000543,0.8639179662465285,9,111,0.3890160183066362,0.0287712058688674,0,BENIGN,BENIGN,0,Wednesday,1117
20170705_1604,2017-07-05 16:04:00,2017-07-05 16:04:59,2017-07-05,Wednesday,142,858,1321.7666666666669,1364305.6333333333,10644499.095571095,26586229.167787492,0.7144522144522144,1032.183416134971,141.20170424878387,0.6846946362187998,15,136,0.3181818181818182,0.006002067939374,0,BENIGN,BENIGN,0,Wednesday,1118
20170705_1605,2017-07-05 16:05:00,2017-07-05 16:05:59,2017-07-05,Wednesday,143,92,12.483333333333333,1780.35,5347239.739130435,18844661.707038417,0.7934782608695652,142.6181575433912,102.80751461904012,1.4509803921568627,10,22,0.2826086956521739,0.0627503337783711,0,BENIGN,BENIGN,0,Wednesday,1119
20170705_1606,2017-07-05 16:06:00,2017-07-05 16:06:59,2017-07-05,Wednesday,144,243,1139.05,1359813.15,10958693.098765433,32091631.678882364,0.7901234567901234,1193.8133971291866,99.61680617192404,0.7213812558244969,8,35,0.720164609053498,0.0009657170449058,1,DoS,DoS,1,Wednesday,1120
20170705_1607,2017-07-05 16:07:00,2017-07-05 16:07:59,2017-07-05,Wednesday,145,1412,422.96666666666664,169931.51666666666,21689345.890934844,40604838.91060256,0.6288951841359773,401.76101347623927,210.08755131559656,0.9870811149389288,11,203,0.3994334277620396,0.0423201197887934,1,DoS,DoS,1,Wednesday,1121
20170705_1608,2017-07-05 16:08:00,2017-07-05 16:08:59,2017-07-05,Wednesday,146,1319,1691.4,1727105.2666666666,17452524.180439726,36625951.803478554,0.7050796057619408,1021.1098892436246,183.51376761885624,0.7249966004895295,14,181,0.3032600454890068,0.0078534547317803,0,BENIGN,BENIGN,0,Wednesday,1122
20170705_1609,2017-07-05 16:09:00,2017-07-05 16:09:59,2017-07-05,Wednesday,147,1019,211.0,84298.25,10117859.677134443,24084545.12486345,0.6653581943081452,399.5177725118483,194.54288312980552,0.9374139250191278,14,171,0.3699705593719333,0.0569510268562401,0,BENIGN,BENIGN,0,Wednesday,1123
20170705_1610,2017-07-05 16:10:00,2017-07-05 16:10:59,2017-07-05,Wednesday,148,1179,982.9333333333332,941887.8166666668,19358165.48346056,25919193.30839121,0.2357930449533503,958.2418102278892,1117.453793620413,0.8192109565378327,10,83,0.7828668363019508,0.0349125067824199,1,DoS,DoS,1,Wednesday,1124
20170705_1611,2017-07-05 16:11:00,2017-07-05 16:11:59,2017-07-05,Wednesday,149,2426,633.0666666666667,312073.1,21273630.53050289,36320881.7497958,0.3689200329760923,492.9545598146588,849.5573432766096,1.241796506137866,11,214,0.692085737840066,0.0914595619208087,1,DoS,DoS,1,Wednesday,1125
20170705_1612,2017-07-05 16:12:00,2017-07-05 16:12:59,2017-07-05,Wednesday,150,2004,486.6666666666667,263256.86666666664,46543368.55588822,43262220.15499246,0.2634730538922156,540.9387671232877,1072.118392974749,1.427146538109883,7,122,0.7395209580838323,0.1124657534246575,1,DoS,DoS,1,Wednesday,1126
20170705_1613,2017-07-05 16:13:00,2017-07-05 16:13:59,2017-07-05,Wednesday,151,1543,406.05,270417.31666666665,20811928.173039533,21416609.224798992,0.1127673363577446,665.9704880351352,1424.461830896949,1.411560922498268,14,75,0.8956578094620868,0.1158724295037556,1,DoS,DoS,1,Wednesday,1127
20170705_1614,2017-07-05 16:14:00,2017-07-05 16:14:59,2017-07-05,Wednesday,152,1225,272.6166666666667,118760.01666666666,15317250.351020409,31260953.783478297,0.4938775510204081,435.63006663813655,557.2901759235444,1.0974483908193358,11,156,0.5322448979591837,0.0778871431191538,1,DoS,DoS,1,Wednesday,1128
20170705_1615,2017-07-05 16:15:00,2017-07-05 16:15:59,2017-07-05,Wednesday,153,386,120.86666666666666,58461.8,18931961.3626943,38465154.949142605,0.6269430051813472,483.68836183121897,231.4815705389476,0.9492072023649556,10,77,0.4430051813471503,0.0452289023717595,0,BENIGN,BENIGN,0,Wednesday,1129
20170705_1616,2017-07-05 16:16:00,2017-07-05 16:16:59,2017-07-05,Wednesday,154,105,21.766666666666666,3227.9,11316773.476190476,30657588.16790908,0.6190476190476191,148.29555895865238,165.18470310825592,1.163907284768212,11,36,0.4095238095238095,0.0658499234303215,0,BENIGN,BENIGN,0,Wednesday,1130
20170705_1617,2017-07-05 16:17:00,2017-07-05 16:17:59,2017-07-05,Wednesday,155,1511,404.3666666666667,252023.61666666667,24006734.804765057,25832015.04469537,0.3017868960953011,623.2551726980463,1000.7906753657076,1.1931664105577149,11,105,0.6942422236929185,0.0869260572088038,1,DoS,DoS,1,Wednesday,1131
20170705_1618,2017-07-05 16:18:00,2017-07-05 16:18:59,2017-07-05,Wednesday,156,1916,443.45,285228.6,27742424.35177453,40196638.33126839,0.150313152400835,643.2035178712368,1439.2124597403051,1.4321755027422305,12,82,0.8517745302713987,0.1254557071447363,1,DoS,DoS,1,Wednesday,1132
20170705_1619,2017-07-05 16:19:00,2017-07-05 16:19:59,2017-07-05,Wednesday,157,1359,404.78333333333336,277717.0,12796623.933038998,24483621.75137719,0.2752023546725533,686.0880306336724,1168.9953573278688,1.10376786487657,11,70,0.7380426784400295,0.0842014246304607,1,DoS,DoS,1,Wednesday,1133
20170705_1620,2017-07-05 16:20:00,2017-07-05 16:20:59,2017-07-05,Wednesday,158,147,23.283333333333335,4881.266666666666,10818627.63265306,27891464.076995634,0.6326530612244898,209.64638511095205,117.6552797287531,1.306930693069307,8,44,0.3401360544217687,0.0529706513958482,0,BENIGN,BENIGN,0,Wednesday,1134
20170705_1621,2017-07-05 16:21:00,2017-07-05 16:21:59,2017-07-05,Wednesday,159,1388,453.05,256491.58333333337,15798370.264409222,35866494.88598986,0.7046109510086456,566.1440974138249,194.4453635082664,0.9238499646142958,10,161,0.3609510086455331,0.0369716366846926,0,BENIGN,BENIGN,0,Wednesday,1135
20170705_1622,2017-07-05 16:22:00,2017-07-05 16:22:59,2017-07-05,Wednesday,160,645,160.91666666666666,64414.316666666666,11892177.835658915,28389549.890494276,0.7209302325581395,400.2961160020714,198.20011918963272,1.0311316785864535,11,115,0.3643410852713178,0.0461936820300362,0,BENIGN,BENIGN,0,Wednesday,1136
20170705_1623,2017-07-05 16:23:00,2017-07-05 16:23:59,2017-07-05,Wednesday,161,483,175.3,114220.18333333332,10290292.43478261,27516819.72327131,0.7370600414078675,651.5697851302529,429.69995901023407,0.8814165623323198,11,65,0.6666666666666666,0.0603726944285985,0,BENIGN,BENIGN,0,Wednesday,1137
20170705_1624,2017-07-05 16:24:00,2017-07-05 16:24:59,2017-07-05,Wednesday,162,192,134.65,115146.96666666666,14891083.916666666,34613616.11126005,0.4427083333333333,855.1575690060652,153.06320241896967,0.5971535876655466,9,62,0.6145833333333334,0.0157197672979329,0,BENIGN,BENIGN,0,Wednesday,1138
20170705_1625,2017-07-05 16:25:00,2017-07-05 16:25:59,2017-07-05,Wednesday,163,127,31.1,4352.8,14391470.25984252,32424213.032770324,0.6141732283464567,139.9614147909968,149.36745616657524,1.372299872935197,16,26,0.4251968503937008,0.0664523043944265,0,BENIGN,BENIGN,0,Wednesday,1139
20170705_1626,2017-07-05 16:26:00,2017-07-05 16:26:59,2017-07-05,Wednesday,164,82,22.333333333333332,4257.1,16195013.231707318,34206258.25129696,0.4024390243902439,190.61641791044775,144.2375771193241,1.1629032258064516,9,28,0.573170731707317,0.0649253731343283,0,BENIGN,BENIGN,0,Wednesday,1140
20170705_1627,2017-07-05 16:27:00,2017-07-05 16:27:59,2017-07-05,Wednesday,165,1164,287.85,98295.36666666668,19955342.95790378,40229967.91454864,0.6932989690721649,341.48121127902266,168.65765335764124,1.0334353661408051,12,165,0.3024054982817869,0.0412251751490938,0,BENIGN,BENIGN,0,Wednesday,1141
20170705_1628,2017-07-05 16:28:00,2017-07-05 16:28:59,2017-07-05,Wednesday,166,876,312.8666666666667,177695.18333333332,16531399.41780822,36599373.38652407,0.6757990867579908,567.9581823993182,208.44435015910656,0.8687039617758312,13,124,0.3710045662100457,0.0352120178989985,0,BENIGN,BENIGN,0,Wednesday,1142
20170705_1629,2017-07-05 16:29:00,2017-07-05 16:29:59,2017-07-05,Wednesday,167,91,19.066666666666663,3862.866666666667,10491901.505494503,31366215.491778444,0.8021978021978022,202.5979020979021,155.29915218998826,1.2673267326732671,10,41,0.4065934065934066,0.0506993006993006,0,BENIGN,BENIGN,0,Wednesday,1143
20170705_1630,2017-07-05 16:30:00,2017-07-05 16:30:59,2017-07-05,Wednesday,168,228,89.45,38651.75,23559405.065789472,43513368.86093676,0.631578947368421,432.1045276690889,170.80123392695117,0.9212598425196852,9,53,0.4780701754385965,0.0329793180547792,0,BENIGN,BENIGN,0,Wednesday,1144
20170705_1631,2017-07-05 16:31:00,2017-07-05 16:31:59,2017-07-05,Wednesday,169,593,116.95,32848.7,14048316.964586848,33789942.07253929,0.6913996627318718,280.8781530568619,114.13918030330171,1.0213133640552996,10,100,0.3204047217537942,0.0488812882998432,0,BENIGN,BENIGN,0,Wednesday,1145
20170705_1632,2017-07-05 16:32:00,2017-07-05 16:32:59,2017-07-05,Wednesday,170,34,8.7,1405.6666666666667,21404891.147058822,42826605.54606456,0.6470588235294118,161.57088122605364,114.76535548914714,1.4439252336448598,8,18,0.3823529411764705,0.0383141762452107,0,BENIGN,BENIGN,0,Wednesday,1146
20170705_1633,2017-07-05 16:33:00,2017-07-05 16:33:59,2017-07-05,Wednesday,171,103,21.616666666666667,2282.15,10669093.126213592,30166143.2275432,0.7475728155339806,105.57363145720896,84.11630061321496,2.1970443349753697,17,36,0.4368932038834951,0.0277563608326908,0,BENIGN,BENIGN,0,Wednesday,1147
20170705_1634,2017-07-05 16:34:00,2017-07-05 16:34:59,2017-07-05,Wednesday,172,168,62.983333333333334,37740.71666666667,6818523.363095238,20377781.099841148,0.8392857142857143,599.2175178618683,127.15207384479665,0.7923186344238976,18,24,0.2142857142857142,0.0261974067213548,0,BENIGN,BENIGN,0,Wednesday,1148
20170705_1635,2017-07-05 16:35:00,2017-07-05 16:35:59,2017-07-05,Wednesday,173,1429,405.43333333333334,180358.26666666663,18880521.75717285,38504897.123748586,0.6976906927921623,444.85307901011265,186.11459987998603,0.9322478157267672,16,210,0.3358992302309307,0.040121680506454,0,BENIGN,BENIGN,0,Wednesday,1149
20170705_1636,2017-07-05 16:36:00,2017-07-05 16:36:59,2017-07-05,Wednesday,174,669,158.15,56303.76666666667,16369917.064275036,36503201.268477656,0.7085201793721974,356.0149646959637,172.871310617479,0.9750260145681582,9,133,0.3736920777279521,0.0510064284961534,0,BENIGN,BENIGN,0,Wednesday,1150
20170705_1637,2017-07-05 16:37:00,2017-07-05 16:37:59,2017-07-05,Wednesday,175,107,21.35,4064.4166666666665,17200681.205607478,34434800.94248468,0.6822429906542056,190.37080405932863,64.43717978541704,1.3309090909090908,12,47,0.4766355140186916,0.0202966432474629,0,BENIGN,BENIGN,0,Wednesday,1151
20170705_1638,2017-07-05 16:38:00,2017-07-05 16:38:59,2017-07-05,Wednesday,176,400,98.96666666666668,41739.083333333336,13069649.3725,34540832.53032663,0.77,421.7489053553385,145.70275826899223,0.9882825577502512,15,85,0.365,0.0380599528460761,0,BENIGN,BENIGN,0,Wednesday,1152
20170705_1639,2017-07-05 16:39:00,2017-07-05 16:39:59,2017-07-05,Wednesday,177,411,130.55,49519.1,24222320.9026764,44701010.020937115,0.6763990267639902,379.3113749521256,199.36735814037908,1.0159547092125578,14,87,0.3309002433090024,0.0344695518958253,0,BENIGN,BENIGN,0,Wednesday,1153
20170705_1640,2017-07-05 16:40:00,2017-07-05 16:40:59,2017-07-05,Wednesday,178,627,197.46666666666667,90202.63333333332,20931432.68740032,41169700.39732598,0.671451355661882,456.79929101958135,197.1629487011163,0.9279205987634234,11,94,0.3811802232854864,0.0400911546252532,0,BENIGN,BENIGN,0,Wednesday,1154
20170705_1641,2017-07-05 16:41:00,2017-07-05 16:41:59,2017-07-05,Wednesday,179,226,84.08333333333333,35999.45,22152435.508849557,43438412.62851879,0.668141592920354,428.1401387512389,164.0446730673179,0.9430111667308432,11,50,0.3716814159292035,0.0289395441030723,0,BENIGN,BENIGN,0,Wednesday,1155
20170705_1642,2017-07-05 16:42:00,2017-07-05 16:42:59,2017-07-05,Wednesday,180,662,167.83333333333334,54013.45,17966491.06042296,36317910.79208546,0.6253776435045317,321.8279046673287,213.64551629420728,1.0649989747795776,19,103,0.4274924471299093,0.0544190665342601,0,BENIGN,BENIGN,0,Wednesday,1156
20170705_1643,2017-07-05 16:43:00,2017-07-05 16:43:59,2017-07-05,Wednesday,181,938,197.13333333333333,99515.61666666668,7685026.83901919,20423802.786794625,0.6460554371002132,504.81374704091985,187.5428307015894,0.979086498243266,13,150,0.3336886993603412,0.0496280013527223,0,BENIGN,BENIGN,0,Wednesday,1157
20170705_1644,2017-07-05 16:44:00,2017-07-05 16:44:59,2017-07-05,Wednesday,182,820,280.18333333333334,113250.5,20359340.570731707,39766204.50935191,0.6097560975609756,404.20141573969426,200.07343330419084,1.026518804243009,10,104,0.3939024390243902,0.0369400987448694,0,BENIGN,BENIGN,0,Wednesday,1158
20170705_1645,2017-07-05 16:45:00,2017-07-05 16:45:59,2017-07-05,Wednesday,183,873,261.48333333333335,114909.68333333332,16498566.50744559,35416276.80055746,0.6655211912943871,439.4531837593218,201.30494623561628,0.9583125312031952,15,125,0.3654066437571592,0.0403467397539677,0,BENIGN,BENIGN,0,Wednesday,1159
20170705_1646,2017-07-05 16:46:00,2017-07-05 16:46:59,2017-07-05,Wednesday,184,212,35.03333333333333,7074.433333333333,10329119.183962263,28432316.95711548,0.6084905660377359,201.93434823977165,116.95081956590228,1.1725206611570247,12,40,0.2924528301886792,0.0566127497621313,0,BENIGN,BENIGN,0,Wednesday,1160
20170705_1647,2017-07-05 16:47:00,2017-07-05 16:47:59,2017-07-05,Wednesday,185,293,76.38333333333334,35502.11666666667,13041139.296928328,30120924.031945385,0.5972696245733788,464.7887846388828,152.08023674862557,1.0391459074733096,12,73,0.4334470989761092,0.0379663975561859,0,BENIGN,BENIGN,0,Wednesday,1161
20170705_1648,2017-07-05 16:48:00,2017-07-05 16:48:59,2017-07-05,Wednesday,186,1247,422.4166666666667,243186.01666666663,20453505.129109863,39450830.90556889,0.6535685645549318,575.7017557703689,176.8274875289796,0.8690362067694123,11,161,0.3327987169206094,0.0317616886959952,0,BENIGN,BENIGN,0,Wednesday,1162
20170705_1649,2017-07-05 16:49:00,2017-07-05 16:49:59,2017-07-05,Wednesday,187,2041,367.6333333333333,109784.5,13745483.495835377,33589095.447361015,0.7388535031847133,298.62498866624355,134.98137024234364,1.0453407510431154,16,203,0.2645761881430671,0.0506392238643576,0,BENIGN,BENIGN,0,Wednesday,1163
20170705_1650,2017-07-05 16:50:00,2017-07-05 16:50:59,2017-07-05,Wednesday,188,159,35.6,5298.616666666667,11168576.68553459,28868327.133970033,0.7044025157232704,148.8375468164794,107.29631560100428,1.5111633372502935,16,41,0.3459119496855345,0.0360486891385767,0,BENIGN,BENIGN,0,Wednesday,1164
20170705_1651,2017-07-05 16:51:00,2017-07-05 16:51:59,2017-07-05,Wednesday,189,860,296.96666666666664,144417.11666666667,23266695.291860465,42505450.206210695,0.6430232558139535,486.30749803569427,194.0165860007509,0.888005933460479,8,121,0.3651162790697674,0.0330003367381299,0,BENIGN,BENIGN,0,Wednesday,1165
20170705_1652,2017-07-05 16:52:00,2017-07-05 16:52:59,2017-07-05,Wednesday,190,985,171.76666666666668,43310.066666666666,13081769.58071066,31618995.94863877,0.7401015228426396,252.14477003687173,140.0581333116017,1.0369565217391303,15,149,0.2690355329949238,0.0490005821851348,0,BENIGN,BENIGN,0,Wednesday,1166
20170705_1653,2017-07-05 16:53:00,2017-07-05 16:53:59,2017-07-05,Wednesday,191,1374,578.3833333333333,347697.38333333336,18191904.413391557,38606907.99451203,0.6972343522561864,601.1538771864103,191.22864185402955,0.8324093141137335,13,168,0.3544395924308588,0.0271158113131429,0,BENIGN,BENIGN,0,Wednesday,1167
20170705_1654,2017-07-05 16:54:00,2017-07-05 16:54:59,2017-07-05,Wednesday,192,99,32.93333333333333,4703.983333333334,16921986.0,36595403.79074426,0.5555555555555556,142.8335020242915,129.24693002874872,1.3424170616113744,13,44,0.4545454545454545,0.0354251012145749,0,BENIGN,BENIGN,0,Wednesday,1168
20170705_1655,2017-07-05 16:55:00,2017-07-05 16:55:59,2017-07-05,Wednesday,193,929,264.26666666666665,135618.71666666667,12418580.25941873,31879982.522826213,0.7588805166846071,513.1888874873865,170.55657985226551,0.9139408569704284,11,137,0.3293864370290635,0.0360116044399596,0,BENIGN,BENIGN,0,Wednesday,1169
20170705_1656,2017-07-05 16:56:00,2017-07-05 16:56:59,2017-07-05,Wednesday,194,517,240.56666666666663,165941.6,10805916.636363637,28120023.161529776,0.6576402321083172,689.7946515172509,175.26499496955665,0.8664339281096457,14,95,0.3675048355899419,0.0234169322433143,0,BENIGN,BENIGN,0,Wednesday,1170
20170705_1657,2017-07-05 16:57:00,2017-07-05 16:57:59,2017-07-05,Wednesday,195,661,256.65,128094.05,23070362.8698941,42490543.03722418,0.6747352496217852,499.1001363724917,226.6048670585911,0.9158994774819608,12,107,0.4704992435703479,0.0397428404441846,0,BENIGN,BENIGN,0,Wednesday,1171
20170705_1658,2017-07-05 16:58:00,2017-07-05 16:58:59,2017-07-05,Wednesday,196,533,189.83333333333337,97638.83333333331,19778714.1369606,41074907.5134672,0.7110694183864915,514.3397717295874,154.3227737440758,0.9402146142054164,14,85,0.3452157598499062,0.0256365232660228,0,BENIGN,BENIGN,0,Wednesday,1172
20170705_1659,2017-07-05 16:59:00,2017-07-05 16:59:59,2017-07-05,Wednesday,197,284,175.48333333333332,122401.9,17229453.58450704,32850035.968105696,0.676056338028169,697.5129641941305,265.32279131468374,0.8587819947043248,12,65,0.5352112676056338,0.0285877101339158,0,BENIGN,BENIGN,0,Wednesday,1173
20170705_1700,2017-07-05 17:00:00,2017-07-05 17:00:59,2017-07-05,Wednesday,198,693,239.73333333333332,128582.5,19073659.836940836,37606777.99665969,0.6406926406926406,536.3563681868743,182.8129772486211,0.9386792452830188,12,120,0.3867243867243867,0.034274193548387,0,BENIGN,BENIGN,0,Wednesday,1174
20170705_1701,2017-07-05 17:01:00,2017-07-05 17:01:59,2017-07-05,Wednesday,199,449,159.9,88218.25,16111955.59688196,36285563.40980947,0.6837416481069042,551.708880550344,193.2541608074209,0.9565660685154976,15,74,0.3741648106904232,0.0353345841150719,0,BENIGN,BENIGN,0,Wednesday,1175
20170705_1702,2017-07-05 17:02:00,2017-07-05 17:02:59,2017-07-05,Wednesday,200,1387,402.8,173923.2,18394975.48449892,37505620.03392782,0.6712328767123288,431.785501489573,194.47764355030048,0.9928265171503958,15,208,0.357606344628695,0.0426183382985766,0,BENIGN,BENIGN,0,Wednesday,1176
20170705_1703,2017-07-05 17:03:00,2017-07-05 17:03:59,2017-07-05,Wednesday,201,998,306.81666666666666,167764.75,16804299.621242486,34952950.24376181,0.6492985971943888,546.7915150198272,191.82700792821137,0.878188124872475,11,148,0.3827655310621242,0.0405779781628551,0,BENIGN,BENIGN,0,Wednesday,1177
20170705_1704,2017-07-05 17:04:00,2017-07-05 17:04:59,2017-07-05,Wednesday,202,181,30.516666666666666,5384.316666666667,11967205.243093925,29247033.22927561,0.6961325966850829,176.4385581649372,89.81294936971977,1.3947712418300653,11,57,0.3259668508287293,0.0442381212452211,0,BENIGN,BENIGN,0,Wednesday,1178
20170705_1705,2017-07-05 17:05:00,2017-07-05 17:05:59,2017-07-05,Wednesday,203,369,94.78333333333332,36719.13333333333,14887705.89701897,29139925.79872933,0.6531165311653117,387.40073852646384,175.5820684600047,1.086573734409391,13,86,0.4092140921409214,0.0446632671004044,0,BENIGN,BENIGN,0,Wednesday,1179
20170705_1706,2017-07-05 17:06:00,2017-07-05 17:06:59,2017-07-05,Wednesday,204,158,27.816666666666663,3330.383333333333,9147697.61392405,24608871.92589241,0.620253164556962,119.72618334331936,96.56535209116436,1.352112676056338,12,39,0.3860759493670886,0.0581186339125224,0,BENIGN,BENIGN,0,Wednesday,1180
20170705_1707,2017-07-05 17:07:00,2017-07-05 17:07:59,2017-07-05,Wednesday,205,212,48.6,12753.25,14744453.820754716,35658223.55092821,0.660377358490566,262.4125514403292,186.3502014912548,1.1307523739956171,12,33,0.4009433962264151,0.0507544581618655,0,BENIGN,BENIGN,0,Wednesday,1181
20170705_1708,2017-07-05 17:08:00,2017-07-05 17:08:59,2017-07-05,Wednesday,206,121,21.566666666666663,2347.3333333333335,6479831.181818182,20972767.214264043,0.7024793388429752,108.84080370942812,83.03993254435339,1.529296875,12,22,0.3305785123966942,0.062596599690881,0,BENIGN,BENIGN,0,Wednesday,1182
20170705_1709,2017-07-05 17:09:00,2017-07-05 17:09:59,2017-07-05,Wednesday,207,574,176.93333333333334,84135.2,18509777.580139372,39895700.58091723,0.6916376306620209,475.5192162773173,192.04884730929788,0.9398867166088068,10,90,0.3275261324041811,0.0334400904295403,0,BENIGN,BENIGN,0,Wednesday,1183
20170705_1710,2017-07-05 17:10:00,2017-07-05 17:10:59,2017-07-05,Wednesday,208,773,173.78333333333333,53864.11666666667,13700897.038809832,33660467.31569079,0.723156532988357,309.9498417569771,152.0615079381961,1.030373831775701,14,99,0.3104786545924967,0.0484319555001438,0,BENIGN,BENIGN,0,Wednesday,1184
20170705_1711,2017-07-05 17:11:00,2017-07-05 17:11:59,2017-07-05,Wednesday,209,732,182.08333333333337,77143.95,13930574.37978142,34260116.73890597,0.7363387978142076,423.67386727688785,164.17022106504038,0.8962165914612982,12,112,0.3032786885245901,0.0389931350114416,0,BENIGN,BENIGN,0,Wednesday,1185
20170705_1712,2017-07-05 17:12:00,2017-07-05 17:12:59,2017-07-05,Wednesday,210,167,25.2,4240.883333333333,11333170.71257485,30808504.49462208,0.7065868263473054,168.28902116402116,98.53236688670243,1.275187969924812,7,41,0.2994011976047904,0.0423280423280423,0,BENIGN,BENIGN,0,Wednesday,1186
20170705_1713,2017-07-05 17:13:00,2017-07-05 17:13:59,2017-07-05,Wednesday,211,113,47.666666666666664,27627.933333333334,15579010.734513272,35477367.15419921,0.6460176991150443,579.606993006993,87.07485971485855,0.9240080699394756,11,50,0.3982300884955752,0.0111888111888111,0,BENIGN,BENIGN,0,Wednesday,1187
20170705_1714,2017-07-05 17:14:00,2017-07-05 17:14:59,2017-07-05,Wednesday,212,833,287.9166666666667,196785.65,15120390.829531811,37112890.37007504,0.7671068427370948,683.4812735166425,131.7359243416649,0.827567967840897,14,95,0.2376950780312124,0.0208972503617945,0,BENIGN,BENIGN,0,Wednesday,1188
20170705_1715,2017-07-05 17:15:00,2017-07-05 17:15:59,2017-07-05,Wednesday,213,105,59.15,36440.78333333333,10029289.266666668,28196777.961144004,0.5714285714285714,616.0741053817977,260.03985291281776,0.9441401971522454,9,27,0.4476190476190476,0.0247957171034094,0,BENIGN,BENIGN,0,Wednesday,1189
20170705_1716,2017-07-05 17:16:00,2017-07-05 17:16:59,2017-07-05,Wednesday,214,322,96.5,43693.46666666667,16598181.881987575,34516450.99940909,0.7018633540372671,452.7820379965458,170.05769414584051,1.0362165963431786,16,60,0.3944099378881988,0.038860103626943,0,BENIGN,BENIGN,0,Wednesday,1190
20170705_1717,2017-07-05 17:17:00,2017-07-05 17:17:59,2017-07-05,Wednesday,215,591,129.05,32741.683333333334,14117043.291032149,33157431.56695478,0.6954314720812182,253.7131602737957,198.497273932351,1.0475938656795347,6,92,0.3671742808798646,0.0566963709156657,0,BENIGN,BENIGN,0,Wednesday,1191
20170705_1718,2017-07-05 17:18:00,2017-07-05 17:18:59,2017-07-05,Wednesday,216,44,12.283333333333331,1449.7166666666667,17641902.90909091,39190021.470010586,0.8181818181818182,118.02306648575303,109.84072811971902,1.9758064516129032,13,14,0.3409090909090909,0.0298507462686567,0,BENIGN,BENIGN,0,Wednesday,1192
20170705_1719,2017-07-05 17:19:00,2017-07-05 17:19:59,2017-07-05,Wednesday,217,103,17.166666666666668,1739.6666666666667,7053071.640776699,21540159.29480222,0.7378640776699029,101.33980582524272,84.4464997202981,1.2709251101321586,9,36,0.3689320388349514,0.0446601941747572,0,BENIGN,BENIGN,0,Wednesday,1193
20170705_1720,2017-07-05 17:20:00,2017-07-05 17:20:59,2017-07-05,Wednesday,218,505,196.35,126772.95,14036534.942574255,33883257.28053588,0.7386138613861386,645.6478227654699,146.21356091082777,0.9248488809018134,14,69,0.2891089108910891,0.0251252015957898,0,BENIGN,BENIGN,0,Wednesday,1194
20170705_1721,2017-07-05 17:21:00,2017-07-05 17:21:59,2017-07-05,Wednesday,219,111,19.933333333333337,5146.75,5992716.585585586,24164651.86772392,0.8918918918918919,258.19816053511704,79.63951444362742,1.032258064516129,13,17,0.1441441441441441,0.0418060200668896,0,BENIGN,BENIGN,0,Wednesday,1195
20170705_1722,2017-07-05 17:22:00,2017-07-05 17:22:59,2017-07-05,Wednesday,220,238,172.65,117799.41666666669,10925616.218487397,30772494.306702655,0.7689075630252101,682.3018631142002,145.95245460879394,0.8707114481762369,16,42,0.2857142857142857,0.0140940245197412,0,BENIGN,BENIGN,0,Wednesday,1196
20170705_1723,2017-07-05 17:23:00,2017-07-05 17:23:59,2017-07-05,Wednesday,221,189,62.666666666666664,25227.383333333335,23158613.264550265,44084823.89987206,0.6190476190476191,402.56462765957446,174.1742743161704,0.9920550847457628,12,56,0.4232804232804232,0.0372340425531914,0,BENIGN,BENIGN,0,Wednesday,1197
20170705_1724,2017-07-05 17:24:00,2017-07-05 17:24:59,2017-07-05,Wednesday,222,71,44.8,27783.533333333333,9341391.084507044,28047274.335009016,0.6901408450704225,620.1681547619048,103.6827825288104,0.8354948805460751,9,14,0.2957746478873239,0.015625,0,BENIGN,BENIGN,0,Wednesday,1198
20170705_1725,2017-07-05 17:25:00,2017-07-05 17:25:59,2017-07-05,Wednesday,223,335,93.41666666666669,43107.166666666664,10094405.1880597,30857182.501601893,0.8328358208955224,461.4504906333631,131.62597681873325,0.9159261790840738,12,45,0.2417910447761194,0.0287243532560214,0,BENIGN,BENIGN,0,Wednesday,1199
20170705_1726,2017-07-05 17:26:00,2017-07-05 17:26:59,2017-07-05,Wednesday,224,76,32.5,26686.5,11071246.157894736,31923360.31549524,0.7894736842105263,821.123076923077,102.22864040748928,0.7704174228675136,4,15,0.1973684210526315,0.0082051282051282,0,BENIGN,BENIGN,0,Wednesday,1200
20170705_1727,2017-07-05 17:27:00,2017-07-05 17:27:59,2017-07-05,Wednesday,225,50,17.15,3629.0666666666666,11447618.34,33636069.32837891,0.8,211.60738581146745,114.68053549198136,1.3842592592592593,12,12,0.26,0.0272108843537414,0,BENIGN,BENIGN,0,Wednesday,1201
20170705_1728,2017-07-05 17:28:00,2017-07-05 17:28:59,2017-07-05,Wednesday,226,113,33.65,19969.25,7586104.318584071,24725352.49731519,0.7876106194690266,593.4398216939079,76.28089274909814,0.8967136150234741,13,28,0.2212389380530973,0.0188211986131748,0,BENIGN,BENIGN,0,Wednesday,1202
20170705_1729,2017-07-05 17:29:00,2017-07-05 17:29:59,2017-07-05,Wednesday,227,401,183.26666666666668,102671.25,14853161.349127185,33306211.612496987,0.7082294264339152,560.2287195343762,174.663856080143,0.8161849710982659,18,54,0.3915211970074813,0.0334667151691524,0,BENIGN,BENIGN,0,Wednesday,1203
20170705_1730,2017-07-05 17:30:00,2017-07-05 17:30:59,2017-07-05,Wednesday,228,644,192.78333333333333,96177.93333333332,14583770.072981369,35109036.727747336,0.7251552795031055,498.8913287801505,197.90042132637728,0.7937664754225461,12,85,0.3447204968944099,0.0388173251491311,0,BENIGN,BENIGN,0,Wednesday,1204
20170705_1731,2017-07-05 17:31:00,2017-07-05 17:31:59,2017-07-05,Wednesday,229,81,26.083333333333332,8622.116666666667,11293767.827160494,30380933.951699384,0.7530864197530864,330.56038338658146,120.56583453118158,0.9772727272727272,8,27,0.2469135802469135,0.0293929712460063,0,BENIGN,BENIGN,0,Wednesday,1205
20170705_1732,2017-07-05 17:32:00,2017-07-05 17:32:59,2017-07-05,Wednesday,230,50,6.65,717.25,15972852.68,27810514.560866084,0.66,107.85714285714286,65.9172904229605,1.127659574468085,6,23,0.4,0.0275689223057644,0,BENIGN,BENIGN,0,Wednesday,1206
20170705_1733,2017-07-05 17:33:00,2017-07-05 17:33:59,2017-07-05,Wednesday,231,121,29.483333333333334,4384.3,16560535.338842977,34844820.04451936,0.6033057851239669,148.70435274166195,92.84007105277392,1.2809278350515465,11,38,0.4214876033057851,0.0282645562464669,0,BENIGN,BENIGN,0,Wednesday,1207
20170705_1734,2017-07-05 17:34:00,2017-07-05 17:34:59,2017-07-05,Wednesday,232,46,14.116666666666667,1795.6166666666666,8314600.304347826,26745815.11582231,0.7608695652173914,127.198347107438,106.26501540359708,1.1522842639593909,10,12,0.3260869565217391,0.0495867768595041,0,BENIGN,BENIGN,0,Wednesday,1208
20170705_1735,2017-07-05 17:35:00,2017-07-05 17:35:59,2017-07-05,Wednesday,233,140,28.066666666666663,5559.466666666666,6480977.578571429,24496802.839199804,0.9,198.08076009501187,107.83597598842964,1.3799435028248588,12,12,0.15,0.0391923990498812,0,BENIGN,BENIGN,0,Wednesday,1209
20170705_1736,2017-07-05 17:36:00,2017-07-05 17:36:59,2017-07-05,Wednesday,234,365,172.78333333333333,86347.76666666666,24655249.528767124,45236185.240522824,0.6493150684931507,499.7459245683419,229.28829828326332,0.8892128279883382,13,58,0.3972602739726027,0.0310600945307224,0,BENIGN,BENIGN,0,Wednesday,1210
20170705_1737,2017-07-05 17:37:00,2017-07-05 17:37:59,2017-07-05,Wednesday,235,245,79.6,41795.316666666666,12882105.355102042,35136586.57760467,0.8408163265306122,525.0667922948073,102.52489009581852,0.8784899724734565,10,34,0.1795918367346938,0.0188442211055276,0,BENIGN,BENIGN,0,Wednesday,1211
20170705_1738,2017-07-05 17:38:00,2017-07-05 17:38:59,2017-07-05,Wednesday,236,509,108.3,25940.633333333335,18158320.80550098,39216973.79763479,0.7092337917485265,239.5257002154509,145.97535192980231,1.0290352794255386,13,75,0.3339882121807465,0.0400123114804555,0,BENIGN,BENIGN,0,Wednesday,1212
20170705_1739,2017-07-05 17:39:00,2017-07-05 17:39:59,2017-07-05,Wednesday,237,353,84.5,43096.51666666667,9499712.943342775,27807345.00320561,0.7450424929178471,510.01794871794874,153.48026278475314,0.9816334505666277,8,67,0.2804532577903683,0.0335305719921104,0,BENIGN,BENIGN,0,Wednesday,1213
20170705_1740,2017-07-05 17:40:00,2017-07-05 17:40:59,2017-07-05,Wednesday,238,187,47.0,8809.216666666667,25897877.262032084,44175492.06818106,0.6310160427807486,187.43014184397163,119.03978576759462,1.2640449438202248,13,55,0.3796791443850267,0.0226950354609929,0,BENIGN,BENIGN,0,Wednesday,1214
20170705_1741,2017-07-05 17:41:00,2017-07-05 17:41:59,2017-07-05,Wednesday,239,284,58.88333333333333,13044.133333333331,10581505.785211269,28984708.23079182,0.6725352112676056,221.5250495329748,138.17308620041945,1.1522533495736906,10,54,0.3345070422535211,0.0484007925275969,0,BENIGN,BENIGN,0,Wednesday,1215
20170705_1742,2017-07-05 17:42:00,2017-07-05 17:42:59,2017-07-05,Wednesday,240,266,66.26666666666667,19899.166666666668,17989897.691729322,39990395.282123506,0.6466165413533834,300.28923541247485,146.32071804115034,1.058488612836439,9,50,0.4022556390977443,0.0377263581488933,0,BENIGN,BENIGN,0,Wednesday,1216
20170705_1743,2017-07-05 17:43:00,2017-07-05 17:43:59,2017-07-05,Wednesday,241,116,28.5,6932.866666666667,20013621.38793103,40330726.360021174,0.6896551724137931,243.25847953216373,160.53742206853943,1.2424639580602883,13,31,0.3534482758620689,0.0380116959064327,0,BENIGN,BENIGN,0,Wednesday,1217
20170705_1744,2017-07-05 17:44:00,2017-07-05 17:44:59,2017-07-05,Wednesday,242,423,85.56666666666666,18692.833333333332,13436813.368794326,34107157.219872616,0.7210401891252955,218.45929100116868,153.35554844442294,1.1236559139784943,14,68,0.3073286052009456,0.0504479937670432,0,BENIGN,BENIGN,0,Wednesday,1218
20170705_1745,2017-07-05 17:45:00,2017-07-05 17:45:59,2017-07-05,Wednesday,243,54,21.666666666666668,6409.033333333334,42962238.074074075,53180124.82152815,0.5370370370370371,295.8015384615385,180.2132606111112,1.153973509933775,7,31,0.4814814814814814,0.0076923076923076,0,BENIGN,BENIGN,0,Wednesday,1219
20170705_1746,2017-07-05 17:46:00,2017-07-05 17:46:59,2017-07-05,Wednesday,244,344,75.06666666666666,19876.916666666668,11649567.188953487,27084447.49267675,0.6802325581395349,264.7901865008881,155.07416361445124,1.1452380952380952,11,63,0.3575581395348837,0.0510657193605683,0,BENIGN,BENIGN,0,Wednesday,1220
20170705_1747,2017-07-05 17:47:00,2017-07-05 17:47:59,2017-07-05,Wednesday,245,449,103.65,25318.516666666663,13919407.220489977,31681119.26529437,0.6681514476614699,244.26933590609423,175.7824637669339,0.985317586977338,9,80,0.4231625835189309,0.0546711689982312,0,BENIGN,BENIGN,0,Wednesday,1221
20170705_1748,2017-07-05 17:48:00,2017-07-05 17:48:59,2017-07-05,Wednesday,246,81,14.933333333333334,2138.6,8379124.234567901,28739382.42109409,0.8395061728395061,143.20982142857142,125.54861947618387,1.7770897832817338,10,26,0.2592592592592592,0.0446428571428571,0,BENIGN,BENIGN,0,Wednesday,1222
20170705_1749,2017-07-05 17:49:00,2017-07-05 17:49:59,2017-07-05,Wednesday,247,85,21.966666666666665,2886.0,7958717.658823529,24651359.99793087,0.7058823529411765,131.38088012139605,122.11788416968815,1.205685618729097,13,18,0.2941176470588235,0.047040971168437,0,BENIGN,BENIGN,0,Wednesday,1223
20170705_1750,2017-07-05 17:50:00,2017-07-05 17:50:59,2017-07-05,Wednesday,248,327,102.05,33701.96666666667,23448616.49235474,42472040.22884056,0.5963302752293578,330.2495508737547,218.60374545921505,1.092244619063888,13,84,0.4434250764525994,0.0437693940878654,0,BENIGN,BENIGN,0,Wednesday,1224
20170705_1751,2017-07-05 17:51:00,2017-07-05 17:51:59,2017-07-05,Wednesday,249,58,9.983333333333333,1328.4,3630067.5,17727808.710258015,0.8275862068965517,133.0617696160267,99.9339045714538,1.0408163265306123,9,11,0.2241379310344827,0.0534223706176961,0,BENIGN,BENIGN,0,Wednesday,1225
20170705_1752,2017-07-05 17:52:00,2017-07-05 17:52:59,2017-07-05,Wednesday,250,76,17.65,2414.4,9193073.328947367,29620608.944176476,0.8552631578947368,136.79320113314446,105.17176342455949,1.3766816143497758,14,13,0.2236842105263158,0.0396600566572237,0,BENIGN,BENIGN,0,Wednesday,1226
20170705_1753,2017-07-05 17:53:00,2017-07-05 17:53:59,2017-07-05,Wednesday,251,22,4.416666666666667,544.4833333333333,3681306.0,9482231.834806131,0.5454545454545454,123.27924528301888,122.15611060087664,1.353982300884956,5,14,0.5454545454545454,0.0377358490566037,0,BENIGN,BENIGN,0,Wednesday,1227
20170705_1754,2017-07-05 17:54:00,2017-07-05 17:54:59,2017-07-05,Wednesday,252,23,13.816666666666666,1426.5166666666669,12115985.695652174,31418168.25605566,0.5217391304347826,103.24607961399276,116.38799496306348,1.4629080118694362,10,10,0.4347826086956521,0.0361881785283474,0,BENIGN,BENIGN,0,Wednesday,1228
20170705_1755,2017-07-05 17:55:00,2017-07-05 17:55:59,2017-07-05,Wednesday,253,111,30.066666666666663,6577.216666666666,15086593.765765766,35765822.97157633,0.6846846846846847,218.75443458980044,168.27874625877368,1.1668667466986795,13,26,0.3783783783783784,0.0532150776053215,0,BENIGN,BENIGN,0,Wednesday,1229
20170705_1756,2017-07-05 17:56:00,2017-07-05 17:56:59,2017-07-05,Wednesday,254,176,96.43333333333334,56570.2,22860042.4375,41228193.00592836,0.6363636363636364,586.6249567922572,204.06353026247496,0.8313291139240506,13,30,0.3636363636363636,0.0228136882129277,0,BENIGN,BENIGN,0,Wednesday,1230
20170705_1757,2017-07-05 17:57:00,2017-07-05 17:57:59,2017-07-05,Wednesday,255,850,269.6666666666667,135468.46666666667,16745278.11764706,38298053.44356021,0.7235294117647059,502.35525339925834,201.99612867999116,0.8958406561218512,8,110,0.3552941176470588,0.0378862793572311,0,BENIGN,BENIGN,0,Wednesday,1231
20170705_1758,2017-07-05 17:58:00,2017-07-05 17:58:59,2017-07-05,Wednesday,256,191,37.43333333333333,5272.866666666667,9097876.785340317,26267207.599986788,0.7486910994764397,140.86019590382904,135.27584086004032,1.1019644527595884,10,37,0.2774869109947644,0.0525378450578806,0,BENIGN,BENIGN,0,Wednesday,1232
20170705_1759,2017-07-05 17:59:00,2017-07-05 17:59:59,2017-07-05,Wednesday,257,152,32.53333333333333,4835.8,18781810.585526317,37540391.27661267,0.6513157894736842,148.64139344262296,142.0112218867998,1.158011049723757,9,42,0.3815789473684211,0.0327868852459016,0,BENIGN,BENIGN,0,Wednesday,1233
20170705_1800,2017-07-05 18:00:00,2017-07-05 18:00:59,2017-07-05,Wednesday,258,314,68.9,12968.5,14975267.267515924,34109784.49149808,0.5796178343949044,188.22206095791,139.9061766426016,1.1866737176097304,10,81,0.4203821656050955,0.0452346395742622,0,BENIGN,BENIGN,0,Wednesday,1234
20170705_1801,2017-07-05 18:01:00,2017-07-05 18:01:59,2017-07-05,Wednesday,259,94,24.583333333333332,3283.3333333333335,9682439.723404257,27644727.894632604,0.723404255319149,133.5593220338983,122.69860400523947,1.3883495145631068,14,21,0.2978723404255319,0.039322033898305,0,BENIGN,BENIGN,0,Wednesday,1235
20170705_1802,2017-07-05 18:02:00,2017-07-05 18:02:59,2017-07-05,Wednesday,260,56,17.416666666666668,3344.866666666667,22426775.535714287,37396518.55968211,0.5357142857142857,192.04976076555025,202.51780776034775,1.1004016064257027,9,18,0.5178571428571429,0.0440191387559808,0,BENIGN,BENIGN,0,Wednesday,1236
20170705_1803,2017-07-05 18:03:00,2017-07-05 18:03:59,2017-07-05,Wednesday,261,184,34.766666666666666,5498.683333333333,10350320.0,28208321.963473182,0.657608695652174,158.15963566634707,135.75601491515494,1.3581920903954805,11,35,0.3206521739130434,0.0589645254074784,0,BENIGN,BENIGN,0,Wednesday,1237
20170705_1804,2017-07-05 18:04:00,2017-07-05 18:04:59,2017-07-05,Wednesday,262,122,46.31666666666667,31942.033333333333,12565445.819672132,32425070.049046,0.7213114754098361,689.6444764303707,108.83862287043614,0.8670248488918737,9,24,0.2131147540983606,0.0194314501619287,0,BENIGN,BENIGN,0,Wednesday,1238
20170705_1805,2017-07-05 18:05:00,2017-07-05 18:05:59,2017-07-05,Wednesday,263,1294,440.1166666666667,262458.86666666664,13012474.380216382,33626211.57353477,0.7565687789799073,596.3393039724316,151.13944525549016,0.8949483352468427,11,131,0.2758887171561051,0.0273412352785246,0,BENIGN,BENIGN,0,Wednesday,1239
20170705_1806,2017-07-05 18:06:00,2017-07-05 18:06:59,2017-07-05,Wednesday,264,97,15.2,2664.1,11014611.927835053,29892154.228302415,0.711340206185567,175.26973684210526,150.64540431274125,1.0988505747126436,5,24,0.2783505154639175,0.0559210526315789,0,BENIGN,BENIGN,0,Wednesday,1240
20170705_1807,2017-07-05 18:07:00,2017-07-05 18:07:59,2017-07-05,Wednesday,265,126,24.75,2660.4333333333334,12236948.698412698,30407536.05517014,0.7142857142857143,107.4922558922559,100.93332219531077,1.296754250386399,13,30,0.3571428571428571,0.0377104377104377,0,BENIGN,BENIGN,0,Wednesday,1241
20170705_1808,2017-07-05 18:08:00,2017-07-05 18:08:59,2017-07-05,Wednesday,266,677,205.95,97054.8,18210806.759231903,38345172.427491024,0.6528803545051699,471.2541879096868,199.73597469954657,0.9566181127295756,13,112,0.3884785819793205,0.0405438213158533,0,BENIGN,BENIGN,0,Wednesday,1242
20170705_1809,2017-07-05 18:09:00,2017-07-05 18:09:59,2017-07-05,Wednesday,267,216,76.88333333333334,25215.983333333337,28702388.837962963,47946938.52398535,0.5925925925925926,327.9772382397572,194.711941507596,1.0727762803234502,10,38,0.4074074074074074,0.0368523737264253,0,BENIGN,BENIGN,0,Wednesday,1243
20170705_1810,2017-07-05 18:10:00,2017-07-05 18:10:59,2017-07-05,Wednesday,268,616,212.86666666666667,116949.06666666668,17056260.719155844,37037901.06261288,0.6801948051948052,549.4005637331663,200.0216620627353,0.942957103742014,11,93,0.3814935064935065,0.0372690259943626,0,BENIGN,BENIGN,0,Wednesday,1244
20170705_1811,2017-07-05 18:11:00,2017-07-05 18:11:59,2017-07-05,Wednesday,269,734,204.95,65140.95,15500727.102179836,35727213.08116585,0.6376021798365122,317.83825323249573,205.11232444782036,1.0904300526942037,11,106,0.4182561307901907,0.0468406928519151,0,BENIGN,BENIGN,0,Wednesday,1245
20170705_1812,2017-07-05 18:12:00,2017-07-05 18:12:59,2017-07-05,Wednesday,270,219,69.7,26113.133333333335,10167327.753424658,26982292.120053913,0.6894977168949772,374.650406504065,292.9149104091328,1.003352490421456,7,28,0.5205479452054794,0.0540411286465805,0,BENIGN,BENIGN,0,Wednesday,1246
20170705_1813,2017-07-05 18:13:00,2017-07-05 18:13:59,2017-07-05,Wednesday,271,399,114.88333333333334,36484.066666666666,21205778.72932331,40702134.71089441,0.631578947368421,317.5749310895111,173.40628143517554,1.089090909090909,15,80,0.4310776942355889,0.034237632380676,0,BENIGN,BENIGN,0,Wednesday,1247
20170705_1814,2017-07-05 18:14:00,2017-07-05 18:14:59,2017-07-05,Wednesday,272,1838,479.6166666666667,193241.1,17516388.298694234,36822112.351080194,0.6452665941240479,402.9073913194565,203.3155536116506,0.9834585429733268,9,237,0.3667029379760609,0.0448969663272752,0,BENIGN,BENIGN,0,Wednesday,1248
20170705_1815,2017-07-05 18:15:00,2017-07-05 18:15:59,2017-07-05,Wednesday,273,882,185.25,48101.11666666667,16297808.709750568,33638754.45409507,0.63718820861678,259.655150697256,155.19043036670436,1.0879038317054843,13,153,0.3854875283446712,0.0609086819613135,0,BENIGN,BENIGN,0,Wednesday,1249
20170705_1816,2017-07-05 18:16:00,2017-07-05 18:16:59,2017-07-05,Wednesday,274,432,100.48333333333332,26823.383333333335,13278850.354166666,27405961.105923057,0.6365740740740741,266.9436059047935,178.82203873046095,1.234988880652335,11,92,0.5439814814814815,0.062365234698955,0,BENIGN,BENIGN,0,Wednesday,1250
20170705_1817,2017-07-05 18:17:00,2017-07-05 18:17:59,2017-07-05,Wednesday,275,1263,373.5,163521.13333333333,18894301.726049088,38025262.72833776,0.6500395882818686,437.8075858991522,210.44539404419507,0.9555846422338568,10,211,0.4378463974663499,0.044578313253012,0,BENIGN,BENIGN,0,Wednesday,1251
20170705_1818,2017-07-05 18:18:00,2017-07-05 18:18:59,2017-07-05,Wednesday,276,547,138.85,40565.583333333336,20598038.22486289,39721585.213566765,0.6508226691042047,292.1540031208738,162.49051351679847,1.101387137452711,10,104,0.3473491773308958,0.0438122674348817,0,BENIGN,BENIGN,0,Wednesday,1252
20170705_1819,2017-07-05 18:19:00,2017-07-05 18:19:59,2017-07-05,Wednesday,277,564,144.53333333333333,60455.5,18149397.377659574,36085303.5844764,0.6471631205673759,418.28067343173433,174.2146133384552,0.9290480427046264,13,95,0.3723404255319149,0.0434732472324723,0,BENIGN,BENIGN,0,Wednesday,1253
20170705_1820,2017-07-05 18:20:00,2017-07-05 18:20:59,2017-07-05,Wednesday,278,280,63.03333333333333,23254.916666666668,12659248.42142857,31218504.92925361,0.6857142857142857,368.9304600740349,234.7151831837623,1.0459707950243375,10,61,0.525,0.0637228979375991,0,BENIGN,BENIGN,0,Wednesday,1254
20170705_1821,2017-07-05 18:21:00,2017-07-05 18:21:59,2017-07-05,Wednesday,279,1101,394.03333333333336,195597.81666666668,23453772.952770207,43598436.767606035,0.6739327883742052,496.3991625074021,206.9460858531885,0.9330389992641648,9,168,0.3333333333333333,0.0306234667117841,0,BENIGN,BENIGN,0,Wednesday,1255
20170705_1822,2017-07-05 18:22:00,2017-07-05 18:22:59,2017-07-05,Wednesday,280,383,68.53333333333333,13246.133333333331,12906186.519582244,31491005.918121334,0.7389033942558747,193.28015564202337,152.0664809192837,1.205361930294906,15,74,0.3107049608355091,0.056420233463035,0,BENIGN,BENIGN,0,Wednesday,1256
20170705_1823,2017-07-05 18:23:00,2017-07-05 18:23:59,2017-07-05,Wednesday,281,1024,274.43333333333334,128415.08333333331,18025732.817382812,37855409.00102422,0.6611328125,467.9281549860318,182.4221113279272,0.9485268015619454,13,142,0.3134765625,0.0380784647151706,0,BENIGN,BENIGN,0,Wednesday,1257
20170705_1824,2017-07-05 18:24:00,2017-07-05 18:24:59,2017-07-05,Wednesday,282,372,130.71666666666667,67370.6,20633123.90591398,41453856.40658551,0.6854838709677419,515.3941093969145,169.76697868085802,0.8645115284050392,10,79,0.3494623655913978,0.0275404819584342,0,BENIGN,BENIGN,0,Wednesday,1258
20170705_1825,2017-07-05 18:25:00,2017-07-05 18:25:59,2017-07-05,Wednesday,283,175,36.95,6177.683333333333,19819295.417142857,42124610.5652621,0.7257142857142858,167.19034731619303,122.20319462405864,1.1575875486381324,11,39,0.3885714285714285,0.054127198917456,0,BENIGN,BENIGN,0,Wednesday,1259
20170705_1826,2017-07-05 18:26:00,2017-07-05 18:26:59,2017-07-05,Wednesday,284,671,274.3,146716.96666666667,23543991.883755587,41799937.256867185,0.526080476900149,534.8777494227731,245.84447455345423,0.934987067952034,14,128,0.4247391952309985,0.0334791590715761,0,BENIGN,BENIGN,0,Wednesday,1260
20170705_1827,2017-07-05 18:27:00,2017-07-05 18:27:59,2017-07-05,Wednesday,285,1479,389.1666666666667,181165.23333333337,12304917.2494929,29850024.88302427,0.711291413116971,465.5209421841542,197.5006962338689,0.9367172596831717,15,190,0.3421230561189993,0.0439828693790149,0,BENIGN,BENIGN,0,Wednesday,1261
20170705_1828,2017-07-05 18:28:00,2017-07-05 18:28:59,2017-07-05,Wednesday,286,376,54.833333333333336,8811.533333333333,5848589.32712766,18500259.331428703,0.7632978723404256,160.6966565349544,135.93786367070632,1.4145267791636096,14,73,0.3164893617021276,0.0565349544072948,0,BENIGN,BENIGN,0,Wednesday,1262
20170705_1829,2017-07-05 18:29:00,2017-07-05 18:29:59,2017-07-05,Wednesday,287,62,15.533333333333331,1345.75,18606571.967741936,33222048.785279833,0.4032258064516129,86.6362660944206,74.60150968903649,1.2056737588652482,9,38,0.7419354838709677,0.0300429184549356,0,BENIGN,BENIGN,0,Wednesday,1263
20170705_1830,2017-07-05 18:30:00,2017-07-05 18:30:59,2017-07-05,Wednesday,288,905,370.5833333333333,223357.83333333337,22324602.38674033,38827437.893798016,0.5845303867403315,602.7195862379132,228.09670384299585,0.8932311621966794,11,159,0.4243093922651934,0.032696199685181,0,BENIGN,BENIGN,0,Wednesday,1264
20170705_1831,2017-07-05 18:31:00,2017-07-05 18:31:59,2017-07-05,Wednesday,289,146,59.11666666666667,35155.46666666667,20126457.520547945,42224951.18804729,0.7671232876712328,594.6794474203552,132.1484441839458,0.846954711087975,14,23,0.2876712328767123,0.025937411897378,0,BENIGN,BENIGN,0,Wednesday,1265
20170705_1832,2017-07-05 18:32:00,2017-07-05 18:32:59,2017-07-05,Wednesday,290,1512,465.4166666666667,290156.6666666667,13609809.390873017,32727109.83584731,0.7136243386243386,623.4341987466428,179.4799113625108,0.835184333311428,12,183,0.2982804232804232,0.0329811996418979,0,BENIGN,BENIGN,0,Wednesday,1266
20170705_1833,2017-07-05 18:33:00,2017-07-05 18:33:59,2017-07-05,Wednesday,291,297,90.11666666666666,41150.96666666667,16017939.555555556,36988962.43353595,0.7104377104377104,456.6410208988348,154.3731312594793,0.9963086009597636,11,51,0.3434343434343434,0.0334751248381727,0,BENIGN,BENIGN,0,Wednesday,1267
20170705_1834,2017-07-05 18:34:00,2017-07-05 18:34:59,2017-07-05,Wednesday,292,573,175.2,85188.78333333334,19743729.834205933,40790429.33625873,0.7172774869109948,486.2373477929985,174.20027942177444,0.9282831988261188,10,87,0.3420593368237347,0.0338660578386605,0,BENIGN,BENIGN,0,Wednesday,1268
20170705_1835,2017-07-05 18:35:00,2017-07-05 18:35:59,2017-07-05,Wednesday,293,342,94.88333333333334,38740.316666666666,16735510.479532164,37612046.89967444,0.7280701754385965,408.2942209731249,182.65133970685991,0.9791449426485924,15,61,0.3976608187134502,0.0409274547690145,0,BENIGN,BENIGN,0,Wednesday,1269
20170705_1836,2017-07-05 18:36:00,2017-07-05 18:36:59,2017-07-05,Wednesday,294,944,296.7,136218.88333333333,22417159.625,41835530.95753834,0.6038135593220338,459.1131895292664,205.089137915416,0.9518693125753755,11,157,0.4205508474576271,0.0440961689697786,0,BENIGN,BENIGN,0,Wednesday,1270
20170705_1837,2017-07-05 18:37:00,2017-07-05 18:37:59,2017-07-05,Wednesday,295,558,148.9,58146.95,15089061.573476702,36768720.82300734,0.7204301075268817,390.51007387508395,163.68204228535936,0.9859968881973772,13,72,0.3243727598566308,0.0381687933736288,0,BENIGN,BENIGN,0,Wednesday,1271
20170705_1838,2017-07-05 18:38:00,2017-07-05 18:38:59,2017-07-05,Wednesday,296,136,39.53333333333333,14845.383333333331,16980206.088235293,35726579.09874379,0.6397058823529411,375.5155986509275,113.70561542493682,1.0059171597633136,10,51,0.3823529411764705,0.0244519392917369,0,BENIGN,BENIGN,0,Wednesday,1272
20170705_1839,2017-07-05 18:39:00,2017-07-05 18:39:59,2017-07-05,Wednesday,297,312,86.9,46692.46666666667,21551525.17948718,40972029.59384758,0.6217948717948718,537.3126198695819,164.6958161330776,0.8956743002544529,6,61,0.3974358974358974,0.0414269275028768,0,BENIGN,BENIGN,0,Wednesday,1273
20170705_1840,2017-07-05 18:40:00,2017-07-05 18:40:59,2017-07-05,Wednesday,298,279,67.5,21651.7,14907557.681003584,36046140.062216975,0.7060931899641577,320.7659259259259,152.20420403451868,1.1803013993541442,18,52,0.3225806451612903,0.042716049382716,0,BENIGN,BENIGN,0,Wednesday,1274
20170705_1841,2017-07-05 18:41:00,2017-07-05 18:41:59,2017-07-05,Wednesday,299,975,324.9166666666667,172758.61666666667,18212759.60615385,37770714.47073698,0.7015384615384616,531.7013080276994,189.03644939950811,0.9272439699485964,16,151,0.32,0.0332392921261862,0,BENIGN,BENIGN,0,Wednesday,1275
20170705_1842,2017-07-05 18:42:00,2017-07-05 18:42:59,2017-07-05,Wednesday,300,110,21.683333333333337,3258.9,12096127.918181818,30105923.231346417,0.6454545454545455,150.29515757109917,127.1580651123488,1.2105263157894737,13,33,0.4090909090909091,0.0584166026133743,0,BENIGN,BENIGN,0,Wednesday,1276
20170705_1843,2017-07-05 18:43:00,2017-07-05 18:43:59,2017-07-05,Wednesday,301,372,134.28333333333333,74392.08333333333,21273645.610215053,41622764.17201753,0.6720430107526881,553.993421869182,192.49050057278552,0.9975210708973724,9,71,0.3655913978494624,0.0285466054362666,0,BENIGN,BENIGN,0,Wednesday,1277
20170705_1844,2017-07-05 18:44:00,2017-07-05 18:44:59,2017-07-05,Wednesday,302,1236,349.51666666666665,135070.68333333332,16879525.029935274,35534640.73206137,0.651294498381877,386.4499070144485,198.0118846101945,0.9644061446234544,11,193,0.389967637540453,0.0463497210433455,0,BENIGN,BENIGN,0,Wednesday,1278
20170705_1845,2017-07-05 18:45:00,2017-07-05 18:45:59,2017-07-05,Wednesday,303,568,171.95,78301.11666666667,22773307.63028169,42218864.06569301,0.6179577464788732,455.3714258020742,222.0846220916036,0.9732262382864793,13,84,0.3873239436619718,0.042551129204226,0,BENIGN,BENIGN,0,Wednesday,1279
20170705_1846,2017-07-05 18:46:00,2017-07-05 18:46:59,2017-07-05,Wednesday,304,878,232.83333333333337,103042.48333333334,18298947.413439635,38415975.18737558,0.6492027334851936,442.5589835361489,170.97328902510168,0.9328998339789708,17,119,0.3656036446469248,0.0428775948460987,0,BENIGN,BENIGN,0,Wednesday,1280
20170705_1847,2017-07-05 18:47:00,2017-07-05 18:47:59,2017-07-05,Wednesday,305,849,146.08333333333334,50553.71666666667,11921129.583038868,32282869.163150556,0.7432273262661955,346.06081003993154,106.51385970306856,1.040977881257276,12,117,0.2591283863368669,0.040844266970907,0,BENIGN,BENIGN,0,Wednesday,1281
20170705_1848,2017-07-05 18:48:00,2017-07-05 18:48:59,2017-07-05,Wednesday,306,376,130.61666666666667,56661.05,21731932.343085103,40377248.323649,0.5159574468085106,433.7964782442261,210.81370528534296,0.9512073686830969,7,62,0.4734042553191489,0.0459359448768661,0,BENIGN,BENIGN,0,Wednesday,1282
20170705_1849,2017-07-05 18:49:00,2017-07-05 18:49:59,2017-07-05,Wednesday,307,799,133.33333333333334,47552.45,11718725.100125156,32476296.387606755,0.7647058823529411,356.643375,97.87803795603963,1.0250569476082003,14,80,0.2290362953692115,0.04075,0,BENIGN,BENIGN,0,Wednesday,1283
20170705_1850,2017-07-05 18:50:00,2017-07-05 18:50:59,2017-07-05,Wednesday,308,634,247.43333333333337,142468.76666666666,22286926.37539432,41440998.54798757,0.6293375394321766,575.7864744712381,182.55891526661745,0.8689577039274925,9,94,0.3564668769716088,0.0302438367236966,0,BENIGN,BENIGN,0,Wednesday,1284
20170705_1851,2017-07-05 18:51:00,2017-07-05 18:51:59,2017-07-05,Wednesday,309,1019,285.76666666666665,144015.36666666667,16583468.490677137,36246794.26224317,0.7075564278704612,503.96139041175786,135.73970725409424,0.8801535087719298,15,120,0.2953876349362119,0.0328939694389361,0,BENIGN,BENIGN,0,Wednesday,1285
20170705_1852,2017-07-05 18:52:00,2017-07-05 18:52:59,2017-07-05,Wednesday,310,355,77.98333333333333,35442.98333333333,15432998.701408451,36102961.5765798,0.7267605633802817,454.494336396666,111.33836089727689,0.9491878384006665,12,57,0.2985915492957746,0.046591151955546,0,BENIGN,BENIGN,0,Wednesday,1286
20170705_1853,2017-07-05 18:53:00,2017-07-05 18:53:59,2017-07-05,Wednesday,311,709,120.81666666666666,28481.383333333335,16492046.681241184,37958564.2249999,0.7165021156558533,235.74051593323216,94.89041711408908,1.0905420991926182,13,87,0.2849083215796897,0.0504897227203752,0,BENIGN,BENIGN,0,Wednesday,1287
20170705_1854,2017-07-05 18:54:00,2017-07-05 18:54:59,2017-07-05,Wednesday,312,942,234.8,92088.8,17251707.616772823,36541711.18895792,0.6326963906581741,392.2010221465077,183.6257101796215,0.9524667405764968,8,141,0.3566878980891719,0.0462805224304372,0,BENIGN,BENIGN,0,Wednesday,1288
20170705_1855,2017-07-05 18:55:00,2017-07-05 18:55:59,2017-07-05,Wednesday,313,825,136.43333333333334,25294.0,13965166.375757577,35313655.42724875,0.7466666666666667,185.3945761055461,97.07188776190326,1.1204351204351204,16,95,0.2606060606060606,0.0467871976545321,0,BENIGN,BENIGN,0,Wednesday,1289
20170705_1856,2017-07-05 18:56:00,2017-07-05 18:56:59,2017-07-05,Wednesday,314,136,40.56666666666667,13251.183333333332,19436932.463235293,40343695.67981597,0.6029411764705882,326.652013147083,184.57176198458504,1.0074196207749382,12,31,0.4044117647058823,0.0419063270336894,0,BENIGN,BENIGN,0,Wednesday,1290
20170705_1857,2017-07-05 18:57:00,2017-07-05 18:57:59,2017-07-05,Wednesday,315,806,129.1,23367.683333333334,15626781.368486352,37593622.00837424,0.7580645161290323,181.00451846114123,93.22998323946312,1.1017362995116655,20,83,0.2394540942928039,0.0506067647818228,0,BENIGN,BENIGN,0,Wednesday,1291
20170705_1858,2017-07-05 18:58:00,2017-07-05 18:58:59,2017-07-05,Wednesday,316,218,75.2,43030.333333333336,11523940.857798165,31013660.329952437,0.7385321100917431,572.2118794326241,128.06818265516858,0.8518670496512105,15,38,0.2981651376146789,0.0274822695035461,0,BENIGN,BENIGN,0,Wednesday,1292
20170705_1859,2017-07-05 18:59:00,2017-07-05 18:59:59,2017-07-05,Wednesday,317,1910,358.25,117380.28333333334,9657173.903664922,27845448.31730616,0.7382198952879581,327.64908118167017,140.17137499973342,0.9865077164772202,14,177,0.2643979057591623,0.0471272388927657,0,BENIGN,BENIGN,0,Wednesday,1293
20170705_1900,2017-07-05 19:00:00,2017-07-05 19:00:59,2017-07-05,Wednesday,318,502,126.8,59393.05,14325414.611553784,34192373.460320145,0.7151394422310757,468.3994479495268,163.44171161276964,0.9490266393442623,11,69,0.3386454183266932,0.0463985278654048,0,BENIGN,BENIGN,0,Wednesday,1294
20170705_1901,2017-07-05 19:01:00,2017-07-05 19:01:59,2017-07-05,Wednesday,319,517,203.63333333333333,110639.43333333332,19774626.86847195,39971929.609585255,0.6924564796905223,543.3267310525454,175.61141935992364,0.8784012298232129,10,81,0.3558994197292069,0.0249631690947781,0,BENIGN,BENIGN,0,Wednesday,1295
20170705_1902,2017-07-05 19:02:00,2017-07-05 19:02:59,2017-07-05,Wednesday,320,995,312.43333333333334,173676.03333333333,16313353.261306534,35867343.39511547,0.6683417085427136,555.8818948042249,188.01569473657185,0.9622147791500942,17,143,0.4060301507537688,0.0423023578363384,0,BENIGN,BENIGN,0,Wednesday,1296
20170705_1903,2017-07-05 19:03:00,2017-07-05 19:03:59,2017-07-05,Wednesday,321,315,136.55,73091.71666666666,22545854.54920635,41277857.37581524,0.5873015873015873,535.2743805687783,217.6403810965608,0.8580498866213152,11,52,0.473015873015873,0.030025631636763,0,BENIGN,BENIGN,0,Wednesday,1297
20170705_1904,2017-07-05 19:04:00,2017-07-05 19:04:59,2017-07-05,Wednesday,322,1340,365.1333333333333,144121.2,17304210.158955224,37174524.07688672,0.6798507462686567,394.708417016615,165.2557764160836,0.9402231668437832,13,176,0.3440298507462687,0.0391181303633375,0,BENIGN,BENIGN,0,Wednesday,1298
20170705_1905,2017-07-05 19:05:00,2017-07-05 19:05:59,2017-07-05,Wednesday,323,659,179.81666666666666,97107.88333333332,11931288.194233688,30791512.3363305,0.716236722306525,540.0382797293539,186.6086658506877,0.9202705107670404,11,93,0.3186646433990895,0.0357771804615812,0,BENIGN,BENIGN,0,Wednesday,1299
20170705_1906,2017-07-05 19:06:00,2017-07-05 19:06:59,2017-07-05,Wednesday,324,225,53.85,18831.65,11075475.204444444,27425715.89792773,0.6266666666666667,349.70566388115134,173.8304424325012,1.0625398851308232,11,45,0.4355555555555555,0.0433302383163107,0,BENIGN,BENIGN,0,Wednesday,1300
20170705_1907,2017-07-05 19:07:00,2017-07-05 19:07:59,2017-07-05,Wednesday,325,403,110.66666666666669,44430.48333333333,18578963.372208435,37430847.92819587,0.6228287841191067,401.48027108433735,179.22826609613224,1.011205330102968,14,79,0.3870967741935484,0.0382530120481927,0,BENIGN,BENIGN,0,Wednesday,1301
20170705_1908,2017-07-05 19:08:00,2017-07-05 19:08:59,2017-07-05,Wednesday,326,147,38.416666666666664,21886.933333333334,11357391.448979592,25496782.24838263,0.54421768707483,569.7249457700651,96.52686626299202,1.021034180543383,7,46,0.4897959183673469,0.0446854663774403,0,BENIGN,BENIGN,0,Wednesday,1302
20170705_1909,2017-07-05 19:09:00,2017-07-05 19:09:59,2017-07-05,Wednesday,327,1621,402.48333333333335,139252.01666666666,19076062.759407777,38243208.26411481,0.6483652066625539,345.9820696509172,194.9804535109535,1.0390070921985817,15,231,0.3281924737816163,0.0452606733198062,0,BENIGN,BENIGN,0,Wednesday,1303
20170705_1910,2017-07-05 19:10:00,2017-07-05 19:10:59,2017-07-05,Wednesday,328,886,190.96666666666667,49505.066666666666,14208852.768623024,32583241.341094196,0.6230248306997742,259.2340722639204,191.32082124939305,1.1044995408631773,11,140,0.3984198645598194,0.0642345959155175,0,BENIGN,BENIGN,0,Wednesday,1304
20170705_1911,2017-07-05 19:11:00,2017-07-05 19:11:59,2017-07-05,Wednesday,329,772,209.53333333333333,72017.31666666667,18516761.178756475,37820825.79711189,0.6373056994818653,343.7033884823417,201.51330186869953,0.98531501657982,16,139,0.4119170984455959,0.0384982500795418,0,BENIGN,BENIGN,0,Wednesday,1305
20170705_1912,2017-07-05 19:12:00,2017-07-05 19:12:59,2017-07-05,Wednesday,330,413,141.6,76985.7,13481063.021791767,29859206.099846113,0.559322033898305,543.6843220338983,210.0011164397795,0.8744760644165012,14,91,0.4455205811138014,0.0348399246704331,0,BENIGN,BENIGN,0,Wednesday,1306
20170705_1913,2017-07-05 19:13:00,2017-07-05 19:13:59,2017-07-05,Wednesday,331,1391,377.03333333333336,150984.35,15835622.90869878,34963754.25865789,0.6642703091301222,400.4535850057466,195.7212590224334,0.9853444493198772,17,201,0.3687994248741912,0.0439395278932013,0,BENIGN,BENIGN,0,Wednesday,1307
20170705_1914,2017-07-05 19:14:00,2017-07-05 19:14:59,2017-07-05,Wednesday,332,290,64.18333333333334,19572.916666666668,13947232.079310345,31096910.00074105,0.596551724137931,304.9532588937938,191.7817792869218,1.0654155495978552,11,67,0.4137931034482758,0.050376525577772,0,BENIGN,BENIGN,0,Wednesday,1308
20170705_1915,2017-07-05 19:15:00,2017-07-05 19:15:59,2017-07-05,Wednesday,333,1266,395.56666666666666,187046.68333333332,18809000.694312796,39076293.52794607,0.6721958925750395,472.85754613634447,181.48041587736844,0.8960696596900464,15,177,0.3530805687203791,0.0358136007415522,0,BENIGN,BENIGN,0,Wednesday,1309
20170705_1916,2017-07-05 19:16:00,2017-07-05 19:16:59,2017-07-05,Wednesday,334,518,93.01666666666668,25445.25,14096345.208494209,33039203.226863384,0.6853281853281853,273.5558143701846,153.37595925738594,1.1064150943396227,12,92,0.3069498069498069,0.0458699157857014,0,BENIGN,BENIGN,0,Wednesday,1310
20170705_1917,2017-07-05 19:17:00,2017-07-05 19:17:59,2017-07-05,Wednesday,335,1132,446.6333333333333,275946.9,20743162.43992933,41444039.68004498,0.6696113074204947,617.8376744533174,206.58348101749797,0.8176207270754206,13,182,0.338339222614841,0.0265318307336368,0,BENIGN,BENIGN,0,Wednesday,1311
20170705_1918,2017-07-05 19:18:00,2017-07-05 19:18:59,2017-07-05,Wednesday,336,803,388.81666666666666,237602.76666666663,17155172.043586552,35086981.55672288,0.5853051058530511,611.0920313772558,244.02962082063243,0.7723923117830281,14,133,0.4694894146948941,0.0289768099789961,0,BENIGN,BENIGN,0,Wednesday,1312
20170705_1919,2017-07-05 19:19:00,2017-07-05 19:19:59,2017-07-05,Wednesday,337,820,189.23333333333332,66175.28333333334,13553398.757317074,32815889.503902093,0.6902439024390243,349.70204333274614,178.33373255913995,1.003352152434721,12,133,0.3524390243902439,0.0406024308613704,0,BENIGN,BENIGN,0,Wednesday,1313
20170705_1920,2017-07-05 19:20:00,2017-07-05 19:20:59,2017-07-05,Wednesday,338,362,72.26666666666667,16412.85,13645547.480662985,30420720.59997789,0.5911602209944752,227.11508302583024,192.7692700200231,1.11767578125,14,78,0.43646408839779,0.0498154981549815,0,BENIGN,BENIGN,0,Wednesday,1314
20170705_1921,2017-07-05 19:21:00,2017-07-05 19:21:59,2017-07-05,Wednesday,339,638,176.95,79879.18333333333,15036805.089341693,34391308.80277562,0.6410658307210031,451.4223415277385,190.6784200605523,0.9379448804526374,9,106,0.3824451410658307,0.0401243289064707,0,BENIGN,BENIGN,0,Wednesday,1315
20170705_1922,2017-07-05 19:22:00,2017-07-05 19:22:59,2017-07-05,Wednesday,340,1031,269.98333333333335,129029.28333333334,9226485.257032009,19311666.347918164,0.6362754607177498,477.9157355392308,217.20230218821655,0.9412822049131216,19,156,0.3957322987390883,0.0488301747021421,0,BENIGN,BENIGN,0,Wednesday,1316
20170705_1923,2017-07-05 19:23:00,2017-07-05 19:23:59,2017-07-05,Wednesday,341,124,24.7,3919.7166666666662,5205108.798387097,19130638.15714412,0.75,158.69298245614036,140.94839053231377,1.3244514106583072,13,29,0.4274193548387097,0.0627530364372469,0,BENIGN,BENIGN,0,Wednesday,1317
20170705_1924,2017-07-05 19:24:00,2017-07-05 19:24:59,2017-07-05,Wednesday,342,331,83.48333333333333,35842.7,11026635.003021147,30389143.515393473,0.7552870090634441,429.3395887402675,135.19984190307193,0.8919939577039275,14,47,0.2628398791540785,0.0407266919544819,0,BENIGN,BENIGN,0,Wednesday,1318
20170705_1925,2017-07-05 19:25:00,2017-07-05 19:25:59,2017-07-05,Wednesday,343,1427,474.6166666666667,272817.7,14330765.526979676,33891081.617164284,0.700770847932726,574.8169399866559,201.9255713560388,0.880108272265135,14,174,0.3300630693763139,0.0341328089335253,0,BENIGN,BENIGN,0,Wednesday,1319
20170705_1926,2017-07-05 19:26:00,2017-07-05 19:26:59,2017-07-05,Wednesday,344,525,148.58333333333334,55832.86666666667,14655762.245714286,34546499.56877444,0.6819047619047619,375.7680314077398,184.5817054034951,0.9556920377275718,17,77,0.3314285714285714,0.0411665731912507,0,BENIGN,BENIGN,0,Wednesday,1320
20170705_1927,2017-07-05 19:27:00,2017-07-05 19:27:59,2017-07-05,Wednesday,345,482,112.15,45610.88333333333,14664138.421161825,33853156.795202985,0.6618257261410788,406.6953484916035,182.81191238312456,0.971294669009959,12,87,0.412863070539419,0.0520136721652548,0,BENIGN,BENIGN,0,Wednesday,1321
20170706_1359,2017-07-06 13:59:00,2017-07-06 13:59:59,2017-07-06,Thursday,0,6,5.9,846.7166666666667,67809470.66666667,56749496.66235336,0.3333333333333333,143.51129943502823,170.5016256874127,3.6710526315789473,5,4,0.5,0.0056497175141242,0,BENIGN,BENIGN,0,Thursday,1485
20170706_1400,2017-07-06 14:00:00,2017-07-06 14:00:59,2017-07-06,Thursday,1,230,41.53333333333333,5691.75,7951867.317391304,25180542.96921009,0.8782608695652174,137.04052969502408,75.26215049971954,2.159695817490494,10,18,0.0695652173913043,0.0256821829855537,0,BENIGN,BENIGN,0,Thursday,1486
20170706_1401,2017-07-06 14:01:00,2017-07-06 14:01:59,2017-07-06,Thursday,2,425,272.98333333333335,183665.05,13165057.152941177,29771249.87539001,0.7458823529411764,672.8068258135418,196.44082715674017,1.055980921300364,25,53,0.3529411764705882,0.0308932169241101,0,BENIGN,BENIGN,0,Thursday,1487
20170706_1402,2017-07-06 14:02:00,2017-07-06 14:02:59,2017-07-06,Thursday,3,160,22.7,4924.583333333333,4884837.70625,18915650.056226727,0.9125,216.9419970631424,140.76563439417214,1.1296875,12,10,0.1625,0.0587371512481644,0,BENIGN,BENIGN,0,Thursday,1488
20170706_1403,2017-07-06 14:03:00,2017-07-06 14:03:59,2017-07-06,Thursday,4,469,187.03333333333333,122316.46666666666,21348384.618336886,38501322.501420096,0.6716417910447762,653.9821778649082,200.3674952340905,0.8951367781155015,13,89,0.3411513859275053,0.031099625735163,0,BENIGN,BENIGN,0,Thursday,1489
20170706_1404,2017-07-06 14:04:00,2017-07-06 14:04:59,2017-07-06,Thursday,5,431,213.86666666666667,132703.1,15461500.141531322,34739426.33156115,0.777262180974478,620.4945448877805,134.1719608338336,1.1359853528628496,15,63,0.2041763341067285,0.0165991271820448,0,BENIGN,BENIGN,0,Thursday,1490
20170706_1405,2017-07-06 14:05:00,2017-07-06 14:05:59,2017-07-06,Thursday,6,441,554.3833333333333,562245.2166666667,18849956.89342404,34559013.7264581,0.655328798185941,1014.1813125695217,189.09679479046395,0.8324243926623699,20,80,0.3356009070294785,0.0098608063012957,0,BENIGN,BENIGN,0,Thursday,1491
20170706_1406,2017-07-06 14:06:00,2017-07-06 14:06:59,2017-07-06,Thursday,7,329,237.28333333333333,196558.56666666668,29905417.936170213,43560867.391956106,0.541033434650456,828.3707241694177,263.60485598196146,0.9222357229647632,16,88,0.4407294832826747,0.0190349090398258,0,BENIGN,BENIGN,0,Thursday,1492
20170706_1407,2017-07-06 14:07:00,2017-07-06 14:07:59,2017-07-06,Thursday,8,286,140.31666666666666,96919.88333333332,32271712.307692308,43456934.50555586,0.5244755244755245,690.7225323672645,161.39935362063136,0.961332401583974,12,67,0.3216783216783216,0.0182919586649245,0,BENIGN,BENIGN,0,Thursday,1493
20170706_1408,2017-07-06 14:08:00,2017-07-06 14:08:59,2017-07-06,Thursday,9,1653,349.56666666666666,118468.3,17055196.043557167,37125490.02719514,0.6944948578342408,338.90044817392965,141.33900737858522,0.9999046529366896,17,185,0.2970356926799758,0.048917707638028,0,BENIGN,BENIGN,0,Thursday,1494
20170706_1409,2017-07-06 14:09:00,2017-07-06 14:09:59,2017-07-06,Thursday,10,397,6876.216666666666,8572923.416666666,25052137.569269523,40619739.66174503,0.6171284634760705,1246.7500418107825,184.9015593398245,0.7561197778108839,15,81,0.2745591939546599,0.0005380865931604,0,BENIGN,BENIGN,0,Thursday,1495
20170706_1410,2017-07-06 14:10:00,2017-07-06 14:10:59,2017-07-06,Thursday,11,884,369.81666666666666,278087.75,21155986.984162897,41141815.40096767,0.6719457013574661,751.9611068547479,121.77557966600271,0.8803491229556817,17,138,0.3110859728506787,0.0206859254585605,0,BENIGN,BENIGN,0,Thursday,1496
20170706_1411,2017-07-06 14:11:00,2017-07-06 14:11:59,2017-07-06,Thursday,12,699,8192.383333333333,10301745.733333332,19493959.60658083,37885166.04399793,0.703862660944206,1257.4784789936994,157.1196050251002,0.7535728300809817,18,133,0.2517882689556509,0.0007059402737908,0,BENIGN,BENIGN,0,Thursday,1497
20170706_1412,2017-07-06 14:12:00,2017-07-06 14:12:59,2017-07-06,Thursday,13,900,209.95,97435.8,18672925.23888889,39138206.53182772,0.7233333333333334,464.0904977375566,111.02272728984524,0.9134264884568652,19,119,0.2833333333333333,0.0362784790029372,0,BENIGN,BENIGN,0,Thursday,1498
20170706_1413,2017-07-06 14:13:00,2017-07-06 14:13:59,2017-07-06,Thursday,14,341,8007.733333333334,9947718.616666667,19685966.184750732,38126623.41892722,0.6920821114369502,1242.2639719104866,160.56352666681082,0.7436518103726715,14,64,0.3049853372434017,0.0004516467414832,0,BENIGN,BENIGN,0,Thursday,1499
20170706_1414,2017-07-06 14:14:00,2017-07-06 14:14:59,2017-07-06,Thursday,15,1905,526.9333333333333,294213.2833333333,16796731.844619423,36751070.72562648,0.7191601049868767,558.3501075404859,138.6553581188067,0.9781642995682912,12,236,0.2692913385826772,0.031977479757085,0,BENIGN,BENIGN,0,Thursday,1500
20170706_1415,2017-07-06 14:15:00,2017-07-06 14:15:59,2017-07-06,Thursday,16,536,7955.633333333333,9793710.216666669,16592071.776119404,35411980.96394531,0.6194029850746269,1231.040924879226,222.11887626437328,0.7428637150305606,11,101,0.4421641791044776,0.0009469181167223,1,Brute Force,Brute Force,1,Thursday,1501
20170706_1416,2017-07-06 14:16:00,2017-07-06 14:16:59,2017-07-06,Thursday,17,768,115.75,17620.433333333334,17697841.626302082,36734638.88838706,0.69140625,152.22836573074153,93.92445113859964,1.0978556327393536,10,121,0.2682291666666667,0.0526997840172786,1,Brute Force,Brute Force,1,Thursday,1502
20170706_1417,2017-07-06 14:17:00,2017-07-06 14:17:59,2017-07-06,Thursday,18,658,7011.483333333334,8557758.683333334,18367798.537993923,38451493.9817353,0.6960486322188449,1220.5346966523964,161.88965141255264,0.7353265106609412,17,119,0.2917933130699088,0.0008081979799804,0,BENIGN,BENIGN,0,Thursday,1503
20170706_1418,2017-07-06 14:18:00,2017-07-06 14:18:59,2017-07-06,Thursday,19,1083,1014.9,1008819.7333333332,22463838.76823638,40745839.217916705,0.6241920590951062,994.008999244589,156.43847181254444,0.6844157999557424,9,190,0.3425669436749769,0.0112818996945511,1,Brute Force,Brute Force,1,Thursday,1504
20170706_1419,2017-07-06 14:19:00,2017-07-06 14:19:59,2017-07-06,Thursday,20,475,4423.633333333333,5378361.616666666,19388289.43157895,35514187.055362016,0.6126315789473684,1215.8244617923426,203.5330347488131,0.7509813105691271,16,91,0.4084210526315789,0.001454309805665,1,Brute Force,Brute Force,1,Thursday,1505
20170706_1420,2017-07-06 14:20:00,2017-07-06 14:20:59,2017-07-06,Thursday,21,1114,325.48333333333335,166095.85,19215619.05475763,37961682.84845406,0.699281867145422,510.30523836345947,159.85243818721693,1.0123647604327666,11,187,0.3447037701974865,0.0364073941318039,0,BENIGN,BENIGN,0,Thursday,1506
20170706_1421,2017-07-06 14:21:00,2017-07-06 14:21:59,2017-07-06,Thursday,22,630,196.71666666666667,111079.3,17038920.776190475,36266812.18951194,0.6873015873015873,564.6664407354062,135.46466538874654,0.8677215189873417,12,102,0.2793650793650793,0.0271117512496822,1,Brute Force,Brute Force,1,Thursday,1507
20170706_1422,2017-07-06 14:22:00,2017-07-06 14:22:59,2017-07-06,Thursday,23,221,47.416666666666664,8144.516666666666,22077287.380090497,32494278.666201636,0.2579185520361991,171.76485061511423,73.11376539543019,1.2951612903225806,11,80,0.5746606334841629,0.0657293497363796,1,Brute Force,Brute Force,1,Thursday,1508
20170706_1423,2017-07-06 14:23:00,2017-07-06 14:23:59,2017-07-06,Thursday,24,1531,323.3333333333333,113932.71666666666,15575456.454604834,35706481.494839415,0.7152188112344873,352.3692268041237,131.87966564997973,1.0257909575023494,17,187,0.3122142390594383,0.047061855670103,1,Brute Force,Brute Force,1,Thursday,1509
20170706_1424,2017-07-06 14:24:00,2017-07-06 14:24:59,2017-07-06,Thursday,25,231,57.2,15113.1,24720292.54978355,37819847.0794304,0.4199134199134199,264.215034965035,113.96674525192162,1.2750165672630882,9,64,0.4415584415584415,0.0574009324009324,1,Brute Force,Brute Force,1,Thursday,1510
20170706_1425,2017-07-06 14:25:00,2017-07-06 14:25:59,2017-07-06,Thursday,26,1440,259.46666666666664,65542.43333333333,14400218.977777775,35164956.06764734,0.7548611111111111,252.60444501541625,93.548635365575,1.1318636176913597,13,149,0.2430555555555555,0.0416880781089414,1,Brute Force,Brute Force,1,Thursday,1511
20170706_1426,2017-07-06 14:26:00,2017-07-06 14:26:59,2017-07-06,Thursday,27,267,63.43333333333333,18127.766666666663,18303047.644194756,33300985.57601128,0.4719101123595505,285.77666841828693,87.45959992961782,1.2539964476021317,16,83,0.4606741573033708,0.0386232264844981,1,Brute Force,Brute Force,1,Thursday,1512
20170706_1427,2017-07-06 14:27:00,2017-07-06 14:27:59,2017-07-06,Thursday,28,657,109.16666666666669,15778.1,20952711.741248097,40949927.94275828,0.6331811263318112,144.53221374045802,78.34193466904931,1.262085635359116,16,94,0.2907153729071537,0.0519083969465648,1,Brute Force,Brute Force,1,Thursday,1513
20170706_1428,2017-07-06 14:28:00,2017-07-06 14:28:59,2017-07-06,Thursday,29,256,57.016666666666666,15935.85,18838022.95703125,30831986.772525966,0.484375,279.49459222449576,94.74411883859992,1.1508485229415462,20,45,0.35546875,0.0496930722011107,1,Brute Force,Brute Force,1,Thursday,1514
20170706_1429,2017-07-06 14:29:00,2017-07-06 14:29:59,2017-07-06,Thursday,30,1941,639.2166666666667,369564.73333333334,19259670.12673879,36345433.72464236,0.6609994848016486,578.1525304409042,142.1970836354162,0.8785325953861978,25,252,0.2946934569809377,0.0296978072119521,1,Brute Force,Brute Force,1,Thursday,1515
20170706_1430,2017-07-06 14:30:00,2017-07-06 14:30:59,2017-07-06,Thursday,31,547,171.1,110666.28333333334,11461920.914076785,24211078.837124508,0.6489945155393053,646.7930060393533,152.82307605307483,0.963472939376554,22,89,0.3802559414990859,0.0399376582894993,1,Brute Force,Brute Force,1,Thursday,1516
20170706_1431,2017-07-06 14:31:00,2017-07-06 14:31:59,2017-07-06,Thursday,32,1439,268.3,70174.2,14486552.975677554,33523469.70279343,0.715079916608756,261.55124860231086,141.8524945828504,1.1182894736842106,20,192,0.3168867268936761,0.0554727295316188,1,Brute Force,Brute Force,1,Thursday,1517
20170706_1432,2017-07-06 14:32:00,2017-07-06 14:32:59,2017-07-06,Thursday,33,411,110.56666666666666,42679.25,12340012.510948906,26113599.215760093,0.6496350364963503,386.00467289719626,114.48947569150876,1.0154921020656136,16,71,0.3284671532846715,0.0426590292432921,1,Brute Force,Brute Force,1,Thursday,1518
20170706_1433,2017-07-06 14:33:00,2017-07-06 14:33:59,2017-07-06,Thursday,34,875,203.33333333333337,82828.41666666667,18349469.34285714,37055551.2157488,0.6822857142857143,407.35286885245904,117.63560933325547,1.014031033344338,8,119,0.2845714285714286,0.0373770491803278,1,Brute Force,Brute Force,1,Thursday,1519
20170706_1434,2017-07-06 14:34:00,2017-07-06 14:34:59,2017-07-06,Thursday,35,507,114.11666666666666,31097.033333333333,12108011.8382643,23555911.366877735,0.6153846153846154,272.50211771578796,135.59977651895986,1.1636650868878358,29,100,0.4220907297830374,0.057105301591938,1,Brute Force,Brute Force,1,Thursday,1520
20170706_1435,2017-07-06 14:35:00,2017-07-06 14:35:59,2017-07-06,Thursday,36,668,197.6,96243.5,9145790.08532934,24802723.57577622,0.6721556886227545,487.0622469635627,159.95506302202585,1.0425495262704565,40,103,0.4446107784431137,0.0479082321187584,1,Brute Force,Brute Force,1,Thursday,1521
20170706_1436,2017-07-06 14:36:00,2017-07-06 14:36:59,2017-07-06,Thursday,37,735,191.36666666666667,72602.23333333334,21539409.43945578,40755997.38929805,0.6503401360544218,379.3880856993555,166.72822078977092,0.9963490959666204,11,112,0.3687074829931973,0.0482494338965337,1,Brute Force,Brute Force,1,Thursday,1522
20170706_1437,2017-07-06 14:37:00,2017-07-06 14:37:59,2017-07-06,Thursday,38,1800,452.56666666666666,175672.85,19479305.271111112,38616888.446711965,0.63,388.1701038521029,175.82776952632665,0.984144381119392,11,240,0.3516666666666667,0.0476541209398247,1,Brute Force,Brute Force,1,Thursday,1523
20170706_1438,2017-07-06 14:38:00,2017-07-06 14:38:59,2017-07-06,Thursday,39,152,35.11666666666667,6611.983333333334,18759014.04605263,31907072.86386496,0.4671052631578947,188.2861888941623,62.645916043645315,1.5005931198102016,13,48,0.4144736842105263,0.0493592785951589,1,Brute Force,Brute Force,1,Thursday,1524
20170706_1439,2017-07-06 14:39:00,2017-07-06 14:39:59,2017-07-06,Thursday,40,2429,803.35,421655.95,16279540.03581721,34417490.12380496,0.6615891313297654,524.8720358498787,200.231663585455,0.908687732636414,8,336,0.3548785508439687,0.0353934565672911,1,Brute Force,Brute Force,1,Thursday,1525
20170706_1440,2017-07-06 14:40:00,2017-07-06 14:40:59,2017-07-06,Thursday,41,781,5831.783333333334,10594050.733333332,8794412.307298336,17999569.169787355,0.5966709346991037,1816.6056809380775,238.68575636327205,0.8744636285229093,11,136,0.4353393085787452,0.0019147945025392,1,Brute Force,Brute Force,1,Thursday,1526
20170706_1441,2017-07-06 14:41:00,2017-07-06 14:41:59,2017-07-06,Thursday,42,1556,378.6,144542.55,16939649.329691518,35660520.39833391,0.6619537275064268,381.78169572107765,160.80955098787396,0.9916710503243906,11,251,0.3329048843187661,0.0442419440042261,1,Brute Force,Brute Force,1,Thursday,1527
20170706_1442,2017-07-06 14:42:00,2017-07-06 14:42:59,2017-07-06,Thursday,43,481,105.4,21858.383333333335,17239997.20997921,34693820.990069285,0.5634095634095634,207.38504111321947,120.797019109888,1.219298245614035,10,114,0.4449064449064449,0.0570841239721695,1,Brute Force,Brute Force,1,Thursday,1528
20170706_1443,2017-07-06 14:43:00,2017-07-06 14:43:59,2017-07-06,Thursday,44,943,294.3666666666667,137269.33333333334,20978038.074231178,41372924.19760093,0.662778366914104,466.3209149586683,167.72047767915114,0.9739606616003575,11,158,0.3499469777306468,0.036179368134979,1,Brute Force,Brute Force,1,Thursday,1529
20170706_1444,2017-07-06 14:44:00,2017-07-06 14:44:59,2017-07-06,Thursday,45,415,97.6,22048.766666666663,18565509.78313253,38024664.34844868,0.6120481927710844,225.90949453551912,144.77819792998213,1.257032755298651,15,89,0.4192771084337349,0.0546448087431694,1,Brute Force,Brute Force,1,Thursday,1530
20170706_1445,2017-07-06 14:45:00,2017-07-06 14:45:59,2017-07-06,Thursday,46,632,245.71666666666667,135167.56666666668,21244733.235759493,40632991.44047837,0.6392405063291139,550.0952316353523,197.7511015998112,0.9443492021627324,12,105,0.4018987341772151,0.0331682832530692,1,Brute Force,Brute Force,1,Thursday,1531
20170706_1446,2017-07-06 14:46:00,2017-07-06 14:46:59,2017-07-06,Thursday,47,1314,360.8666666666667,137320.56666666668,18120844.799847793,38251244.01726561,0.6727549467275494,380.5299279512285,181.50854375217713,1.014794826463199,11,201,0.3729071537290715,0.0443838906336597,1,Brute Force,Brute Force,1,Thursday,1532
20170706_1447,2017-07-06 14:47:00,2017-07-06 14:47:59,2017-07-06,Thursday,48,746,179.93333333333334,64916.0,17457375.430294905,38539231.24602303,0.7211796246648794,360.778065950352,153.9451125291611,1.055788271134806,12,133,0.3056300268096514,0.0384401630233419,1,Brute Force,Brute Force,1,Thursday,1533
20170706_1448,2017-07-06 14:48:00,2017-07-06 14:48:59,2017-07-06,Thursday,49,165,34.28333333333333,5865.716666666666,12253523.424242424,29034918.789406583,0.4666666666666667,171.09528439474963,75.85162772226438,1.6762028608582575,8,66,0.5636363636363636,0.0495867768595041,1,Brute Force,Brute Force,1,Thursday,1534
20170706_1449,2017-07-06 14:49:00,2017-07-06 14:49:59,2017-07-06,Thursday,50,467,373.3666666666667,295419.18333333335,17254899.08137045,37859311.14277937,0.6231263383297645,791.2307383269351,151.0056747754882,0.7705682446850549,11,99,0.3961456102783726,0.0140612445317382,1,Brute Force,Brute Force,1,Thursday,1535
20170706_1450,2017-07-06 14:50:00,2017-07-06 14:50:59,2017-07-06,Thursday,51,1291,322.56666666666666,132418.91666666666,16608979.757552285,36563783.85287072,0.6839659178931061,410.51643071199754,150.49724869256727,0.966771669545778,10,165,0.3392718822618125,0.0446936033894802,1,Brute Force,Brute Force,1,Thursday,1536
20170706_1451,2017-07-06 14:51:00,2017-07-06 14:51:59,2017-07-06,Thursday,52,834,413.3833333333333,299837.9166666667,22625019.72302158,41241195.67077495,0.592326139088729,725.3265733983792,222.65574498007635,0.8863791923340179,12,145,0.4364508393285372,0.0286658871910656,1,Brute Force,Brute Force,1,Thursday,1537
20170706_1452,2017-07-06 14:52:00,2017-07-06 14:52:59,2017-07-06,Thursday,53,429,157.3,99120.11666666668,12253060.072261073,29546363.00390962,0.6153846153846154,630.1342445433354,160.84967263502256,0.9330329715338932,10,77,0.4079254079254079,0.0337995337995338,1,Brute Force,Brute Force,1,Thursday,1538
20170706_1453,2017-07-06 14:53:00,2017-07-06 14:53:59,2017-07-06,Thursday,54,1296,355.0833333333333,175062.13333333333,15571465.402777778,35143243.986499086,0.6697530864197531,493.017038253931,171.01058964541735,0.901302873460646,13,221,0.3526234567901234,0.039239615113823,1,Brute Force,Brute Force,1,Thursday,1539
20170706_1454,2017-07-06 14:54:00,2017-07-06 14:54:59,2017-07-06,Thursday,55,714,191.03333333333333,86009.76666666666,12812988.460784314,30932045.726290435,0.6974789915966386,450.2343395567964,131.33769172063464,1.008937960042061,8,106,0.3109243697478991,0.034461699528878,1,Brute Force,Brute Force,1,Thursday,1540
20170706_1455,2017-07-06 14:55:00,2017-07-06 14:55:59,2017-07-06,Thursday,56,864,235.56666666666663,86426.83333333333,19371877.371527776,39261878.2469045,0.6446759259259259,366.8890618367058,173.27777526575417,1.0236220472440944,12,150,0.3842592592592592,0.044573369180699,1,Brute Force,Brute Force,1,Thursday,1541
20170706_1456,2017-07-06 14:56:00,2017-07-06 14:56:59,2017-07-06,Thursday,57,1365,522.9666666666667,294142.5333333333,15915737.85128205,35270495.20904557,0.6879120879120879,562.4498693352031,177.5997344708228,0.8898458202842688,13,215,0.3355311355311355,0.0278857798457518,1,Brute Force,Brute Force,1,Thursday,1542
20170706_1457,2017-07-06 14:57:00,2017-07-06 14:57:59,2017-07-06,Thursday,58,702,136.2,23512.333333333332,10126128.173789172,27492396.97659952,0.6837606837606838,172.63093489965738,146.53336953447092,1.1080732525148311,10,133,0.3774928774928774,0.0602055800293685,1,Brute Force,Brute Force,1,Thursday,1543
20170706_1458,2017-07-06 14:58:00,2017-07-06 14:58:59,2017-07-06,Thursday,59,842,215.53333333333333,86634.38333333333,15407429.396674585,35899429.39884008,0.6817102137767221,401.95352613671514,162.6868425301794,1.095091527620282,13,136,0.3693586698337292,0.0453912774512836,1,Brute Force,Brute Force,1,Thursday,1544
20170706_1459,2017-07-06 14:59:00,2017-07-06 14:59:59,2017-07-06,Thursday,60,596,130.33333333333334,46901.45,9123673.682885906,24399027.03968171,0.6761744966442953,359.8576726342711,117.45536520974832,1.0404382989825205,18,129,0.3708053691275167,0.0429667519181585,1,Brute Force,Brute Force,1,Thursday,1545
20170706_1500,2017-07-06 15:00:00,2017-07-06 15:00:59,2017-07-06,Thursday,61,316,103.48333333333332,54718.76666666667,11283168.848101266,22411821.47834914,0.6835443037974683,528.7688838782412,243.80596141122203,1.026762402088773,9,97,0.4462025316455696,0.0430020937349009,1,Brute Force,Brute Force,1,Thursday,1546
20170706_1501,2017-07-06 15:01:00,2017-07-06 15:01:59,2017-07-06,Thursday,62,608,210.66666666666663,106842.81666666668,13946185.388157897,33587235.24596023,0.7138157894736842,507.1652689873418,197.8837271218193,0.9141429436705028,15,105,0.3963815789473684,0.0375791139240506,0,BENIGN,BENIGN,0,Thursday,1547
20170706_1502,2017-07-06 15:02:00,2017-07-06 15:02:59,2017-07-06,Thursday,63,378,121.26666666666668,52830.63333333333,19846543.412698414,36965369.235320576,0.6640211640211641,435.6566794942276,213.8897939921277,1.0113322277501382,9,66,0.3597883597883597,0.0379329301814183,0,BENIGN,BENIGN,0,Thursday,1548
20170706_1503,2017-07-06 15:03:00,2017-07-06 15:03:59,2017-07-06,Thursday,64,298,84.01666666666667,33146.666666666664,23178003.261744965,41898600.03454467,0.6644295302013423,394.5248958539973,154.5192997081997,0.9749314531923228,10,67,0.3355704697986577,0.0333267208887125,0,BENIGN,BENIGN,0,Thursday,1549
20170706_1504,2017-07-06 15:04:00,2017-07-06 15:04:59,2017-07-06,Thursday,65,631,203.9,134066.53333333333,15732957.431061806,36238119.02058603,0.705229793977813,657.5111982998202,132.92836055726403,0.8898671609514983,9,122,0.3264659270998415,0.0297531469674677,0,BENIGN,BENIGN,0,Thursday,1550
20170706_1505,2017-07-06 15:05:00,2017-07-06 15:05:59,2017-07-06,Thursday,66,278,76.9,28647.783333333333,17165219.60791367,37588313.963791154,0.6906474820143885,372.53294321629824,161.1114358330484,0.9781397342477496,13,66,0.356115107913669,0.0400953619419159,0,BENIGN,BENIGN,0,Thursday,1551
20170706_1506,2017-07-06 15:06:00,2017-07-06 15:06:59,2017-07-06,Thursday,67,723,150.93333333333334,37085.51666666667,15464765.409405256,35729875.632848464,0.7330567081604425,245.70792844522967,156.86286230652613,1.0692254969156956,7,126,0.3112033195020747,0.0521201413427561,0,BENIGN,BENIGN,0,Thursday,1552
20170706_1507,2017-07-06 15:07:00,2017-07-06 15:07:59,2017-07-06,Thursday,68,156,115.01666666666668,91764.75,17689297.743589744,36017523.725502156,0.6153846153846154,797.8387190262281,138.64056063127788,0.7843846949327818,8,44,0.4038461538461538,0.0140559339226199,0,BENIGN,BENIGN,0,Thursday,1553
20170706_1508,2017-07-06 15:08:00,2017-07-06 15:08:59,2017-07-06,Thursday,69,313,125.8,88408.11666666667,15559402.54632588,36821621.008728325,0.744408945686901,702.7672231054584,143.80129033027748,0.8630306021717671,13,71,0.2843450479233226,0.0206677265500794,0,BENIGN,BENIGN,0,Thursday,1554
20170706_1509,2017-07-06 15:09:00,2017-07-06 15:09:59,2017-07-06,Thursday,70,1330,306.5833333333333,112916.85,18111417.381203007,37544888.04844317,0.6669172932330827,368.30720304430554,177.48644098198466,1.009393773894047,11,190,0.3451127819548872,0.0503941288393585,0,BENIGN,BENIGN,0,Thursday,1555
20170706_1510,2017-07-06 15:10:00,2017-07-06 15:10:59,2017-07-06,Thursday,71,241,160.01666666666668,161704.71666666667,15236199.302904565,35294824.35524597,0.7427385892116183,1010.5492136235808,143.58843847815072,0.6343829787234042,10,68,0.2655601659751037,0.0132277887720029,0,BENIGN,BENIGN,0,Thursday,1556
20170706_1511,2017-07-06 15:11:00,2017-07-06 15:11:59,2017-07-06,Thursday,72,1024,358.8833333333333,193927.91666666663,20797152.065429688,42157171.917137936,0.6806640625,540.3647889286212,196.3043134206281,0.9022968197879858,11,162,0.376953125,0.0356661867830771,0,BENIGN,BENIGN,0,Thursday,1557
20170706_1512,2017-07-06 15:12:00,2017-07-06 15:12:59,2017-07-06,Thursday,73,193,96.25,66870.53333333334,15418828.139896372,35119958.60534829,0.6424870466321243,694.7587878787879,202.76810416210432,0.8220820189274448,7,73,0.4248704663212435,0.0235497835497835,0,BENIGN,BENIGN,0,Thursday,1558
20170706_1513,2017-07-06 15:13:00,2017-07-06 15:13:59,2017-07-06,Thursday,74,110,31.316666666666663,7723.416666666667,17947855.69090909,34588583.713094085,0.6363636363636364,246.62320383182544,146.25261556306896,1.0958751393534003,10,46,0.4454545454545454,0.040447046301224,0,BENIGN,BENIGN,0,Thursday,1559
20170706_1514,2017-07-06 15:14:00,2017-07-06 15:14:59,2017-07-06,Thursday,75,411,150.46666666666667,63514.61666666667,24173285.04136253,44562826.92471559,0.6155717761557178,422.11752326096587,186.71153994040947,0.9321634924031672,17,88,0.4209245742092457,0.0323438192290651,0,BENIGN,BENIGN,0,Thursday,1560
20170706_1515,2017-07-06 15:15:00,2017-07-06 15:15:59,2017-07-06,Thursday,76,262,84.55,46728.88333333333,12293018.240458015,32839704.782559138,0.7519083969465649,552.6775083776857,162.06028005644382,1.019904458598726,9,71,0.3511450381679389,0.035284841316775,1,Web Attack,Web Attack,1,Thursday,1561
20170706_1516,2017-07-06 15:16:00,2017-07-06 15:16:59,2017-07-06,Thursday,77,265,121.38333333333334,87052.53333333334,21770454.362264153,40295170.82910621,0.5094339622641509,717.1703968144996,173.27273513884302,0.894901144640999,10,59,0.4867924528301887,0.0336399835232733,1,Web Attack,Web Attack,1,Thursday,1562
20170706_1517,2017-07-06 15:17:00,2017-07-06 15:17:59,2017-07-06,Thursday,78,147,26.95,5244.833333333333,9414540.63265306,23306300.526080273,0.5374149659863946,194.6134817563389,42.95033055727146,1.8090277777777777,10,61,0.4557823129251701,0.0581323438466295,1,Web Attack,Web Attack,1,Thursday,1563
20170706_1518,2017-07-06 15:18:00,2017-07-06 15:18:59,2017-07-06,Thursday,79,843,337.0833333333333,180671.25,23805182.979833927,41949490.50217546,0.564650059311981,535.9839307787391,224.52108956347945,0.9410748560460652,11,120,0.4638196915776987,0.0390605686032138,1,Web Attack,Web Attack,1,Thursday,1564
20170706_1519,2017-07-06 15:19:00,2017-07-06 15:19:59,2017-07-06,Thursday,80,705,142.13333333333333,31438.25,16683955.224113476,36505647.321179226,0.6042553191489362,221.18843808630393,131.82687108303807,1.1669207317073171,10,138,0.3957446808510638,0.0662523452157598,1,Web Attack,Web Attack,1,Thursday,1565
20170706_1520,2017-07-06 15:20:00,2017-07-06 15:20:59,2017-07-06,Thursday,81,592,151.5,72726.25,17726585.013513513,38169302.82322489,0.6503378378378378,480.04125412541254,140.4524665045814,1.055857078245138,11,82,0.3597972972972973,0.0467546754675467,1,Web Attack,Web Attack,1,Thursday,1566
20170706_1521,2017-07-06 15:21:00,2017-07-06 15:21:59,2017-07-06,Thursday,82,268,57.333333333333336,19440.633333333335,12759026.343283582,29941659.56621727,0.5634328358208955,339.08081395348836,115.58244755338998,1.1833756345177664,8,80,0.503731343283582,0.0584302325581395,1,Web Attack,Web Attack,1,Thursday,1567
20170706_1522,2017-07-06 15:22:00,2017-07-06 15:22:59,2017-07-06,Thursday,83,690,311.26666666666665,198226.96666666667,24770941.750724636,44738190.98086006,0.6260869565217392,636.8396872992075,194.5423499707283,0.859147919569978,11,122,0.4,0.0298243735275219,1,Web Attack,Web Attack,1,Thursday,1568
20170706_1523,2017-07-06 15:23:00,2017-07-06 15:23:59,2017-07-06,Thursday,84,359,86.78333333333333,19134.333333333332,18793380.632311977,39849572.638400726,0.6072423398328691,220.48396389475707,152.25245933644862,1.2208955223880598,14,64,0.4568245125348189,0.0637603226425965,1,Web Attack,Web Attack,1,Thursday,1569
20170706_1524,2017-07-06 15:24:00,2017-07-06 15:24:59,2017-07-06,Thursday,85,96,22.566666666666663,5128.5,14666510.322916666,31138219.583496377,0.3333333333333333,227.2599704579025,61.123699886282274,1.3483535528596189,7,36,0.8125,0.0782865583456425,1,Web Attack,Web Attack,1,Thursday,1570
20170706_1525,2017-07-06 15:25:00,2017-07-06 15:25:59,2017-07-06,Thursday,86,938,208.7,80234.88333333333,14034496.86673774,33083900.29569383,0.6982942430703625,384.4508065804185,141.96305395242365,1.0043213828425095,10,145,0.3166311300639658,0.045679603897141,1,Web Attack,Web Attack,1,Thursday,1571
20170706_1526,2017-07-06 15:26:00,2017-07-06 15:26:59,2017-07-06,Thursday,87,600,120.7,52538.78333333333,6061109.123333333,17784131.749253415,0.6666666666666666,435.28403755868544,184.85838493736205,1.1340601060695346,10,116,0.3566666666666667,0.0599281966307649,1,Web Attack,Web Attack,1,Thursday,1572
20170706_1527,2017-07-06 15:27:00,2017-07-06 15:27:59,2017-07-06,Thursday,88,651,279.18333333333334,194550.13333333333,20083702.314900152,36806793.88711839,0.6144393241167435,696.8543967524326,212.0155545146856,1.0236772167190142,10,134,0.3932411674347158,0.0309235269536147,1,Web Attack,Web Attack,1,Thursday,1573
20170706_1528,2017-07-06 15:28:00,2017-07-06 15:28:59,2017-07-06,Thursday,89,491,242.63333333333333,166433.85,15867044.588594705,35019630.29575119,0.6456211812627292,685.948001099052,185.79114877932116,0.8043128020820424,8,85,0.4358452138492871,0.0296744058249759,1,Web Attack,Web Attack,1,Thursday,1574
20170706_1529,2017-07-06 15:29:00,2017-07-06 15:29:59,2017-07-06,Thursday,90,511,173.65,107319.06666666668,6773623.7397260275,22111524.31146971,0.6692759295499021,618.0193876571648,183.6511666714717,0.9934953127989288,10,81,0.4344422700587084,0.041462712352433,1,Web Attack,Web Attack,1,Thursday,1575
20170706_1530,2017-07-06 15:30:00,2017-07-06 15:30:59,2017-07-06,Thursday,91,499,124.65,73321.98333333334,15216229.118236473,34852065.67458344,0.6533066132264529,588.2228907607969,114.358146786953,0.9154929577464788,7,82,0.3286573146292585,0.0413156839149618,1,Web Attack,Web Attack,1,Thursday,1576
20170706_1531,2017-07-06 15:31:00,2017-07-06 15:31:59,2017-07-06,Thursday,92,1086,407.2,241762.38333333333,16576683.956721917,35738787.96609102,0.643646408839779,593.7190160445317,187.49896892160717,0.8323833808309584,14,171,0.3950276243093922,0.0343811394891945,1,Web Attack,Web Attack,1,Thursday,1577
20170706_1532,2017-07-06 15:32:00,2017-07-06 15:32:59,2017-07-06,Thursday,93,347,74.48333333333333,15537.4,13476863.06628242,33413419.147559963,0.659942363112392,208.6023718952786,144.44820528861362,1.1836834391792868,11,68,0.4293948126801152,0.0653390020138733,1,Web Attack,Web Attack,1,Thursday,1578
20170706_1533,2017-07-06 15:33:00,2017-07-06 15:33:59,2017-07-06,Thursday,94,261,117.86666666666666,79619.63333333333,15599298.421455938,32982845.098514333,0.5517241379310345,675.5059389140272,147.7861028371997,0.9346280087527352,8,47,0.4904214559386973,0.0318156108597285,1,Web Attack,Web Attack,1,Thursday,1579
20170706_1534,2017-07-06 15:34:00,2017-07-06 15:34:59,2017-07-06,Thursday,95,493,87.68333333333334,31399.066666666666,13385188.778904663,33009918.225303717,0.6632860040567952,358.0961794335678,74.16726217401944,1.0514619883040937,4,69,0.2616632860040568,0.0363048850028511,1,Web Attack,Web Attack,1,Thursday,1580
20170706_1535,2017-07-06 15:35:00,2017-07-06 15:35:59,2017-07-06,Thursday,96,920,681.4666666666667,572407.45,16648641.566304348,36319832.2270592,0.6771739130434783,839.9639747603209,167.8062504485539,0.7342013741623548,9,139,0.3304347826086956,0.0149921737429074,1,Web Attack,Web Attack,1,Thursday,1581
20170706_1536,2017-07-06 15:36:00,2017-07-06 15:36:59,2017-07-06,Thursday,97,815,151.23333333333332,50293.01666666667,10099791.834355827,28026756.78395172,0.7656441717791411,332.5524575710822,140.32401159809544,1.0457619477006312,7,121,0.2711656441717791,0.0477187568878113,0,BENIGN,BENIGN,0,Thursday,1582
20170706_1537,2017-07-06 15:37:00,2017-07-06 15:37:59,2017-07-06,Thursday,98,423,125.88333333333334,65458.95,11566642.71394799,26950355.376734473,0.7186761229314421,519.9969548523766,155.26079396646043,0.9630977130977132,14,86,0.342789598108747,0.0320402489077187,0,BENIGN,BENIGN,0,Thursday,1583
20170706_1538,2017-07-06 15:38:00,2017-07-06 15:38:59,2017-07-06,Thursday,99,619,311.93333333333334,236292.98333333337,19215014.21486268,40520844.84452708,0.7108239095315024,757.5111669160077,151.35510129413353,0.8084057971014493,11,84,0.3134087237479806,0.019502030348365,0,BENIGN,BENIGN,0,Thursday,1584
20170706_1539,2017-07-06 15:39:00,2017-07-06 15:39:59,2017-07-06,Thursday,100,575,152.7,60011.13333333333,15055319.770434782,34983436.869598635,0.7060869565217391,393.0002182929491,185.61416233619912,0.9859124403987864,7,105,0.3982608695652174,0.0426762715564287,0,BENIGN,BENIGN,0,Thursday,1585
20170706_1540,2017-07-06 15:40:00,2017-07-06 15:40:59,2017-07-06,Thursday,101,836,269.4,163818.08333333334,13792462.78229665,32476677.17330592,0.69377990430622,608.0849418460778,168.79690318672377,0.9513520038628682,12,134,0.354066985645933,0.0349542192526602,1,Web Attack,Web Attack,1,Thursday,1586
20170706_1541,2017-07-06 15:41:00,2017-07-06 15:41:59,2017-07-06,Thursday,102,1111,330.05,174424.46666666667,14604838.415841583,34901023.55263107,0.7425742574257426,528.4789173357572,180.92598130420453,0.872010587012005,16,156,0.3357335733573357,0.0352976821693682,1,Web Attack,Web Attack,1,Thursday,1587
20170706_1542,2017-07-06 15:42:00,2017-07-06 15:42:59,2017-07-06,Thursday,103,375,116.21666666666668,55524.48333333333,19918828.130666666,39324184.56563443,0.6506666666666666,477.7669582676036,174.96966292461985,0.9270516717325228,6,69,0.384,0.0352789330273913,1,Web Attack,Web Attack,1,Thursday,1588
20170706_1543,2017-07-06 15:43:00,2017-07-06 15:43:59,2017-07-06,Thursday,104,1085,214.55,75952.98333333334,13779333.12626728,33585515.916750245,0.7548387096774194,354.010642429892,148.59829214995307,0.950901651765419,5,146,0.2838709677419355,0.0431911753282063,0,BENIGN,BENIGN,0,Thursday,1589
20170706_1544,2017-07-06 15:44:00,2017-07-06 15:44:59,2017-07-06,Thursday,105,418,117.23333333333332,36628.75,20499114.33492823,40847818.700976506,0.6339712918660287,312.4431333522889,163.5262817269126,1.0825932504440496,18,96,0.4138755980861244,0.0390958203013932,0,BENIGN,BENIGN,0,Thursday,1590
20170706_1545,2017-07-06 15:45:00,2017-07-06 15:45:59,2017-07-06,Thursday,106,944,169.55,37620.73333333333,13348510.941737289,33514351.805505835,0.746822033898305,221.88577607392116,148.9948205592527,1.0616008105369807,9,136,0.2828389830508475,0.0505259018971788,0,BENIGN,BENIGN,0,Thursday,1591
20170706_1546,2017-07-06 15:46:00,2017-07-06 15:46:59,2017-07-06,Thursday,107,296,98.3,42983.51666666667,14069363.969594594,34418101.493228205,0.6790540540540541,437.26873516446256,147.99761679342038,1.03133608815427,11,65,0.3885135135135135,0.0330620549338758,0,BENIGN,BENIGN,0,Thursday,1592
20170706_1547,2017-07-06 15:47:00,2017-07-06 15:47:59,2017-07-06,Thursday,108,122,18.65,2384.6833333333334,13778407.590163937,32740445.79969547,0.6721311475409836,127.8650580875782,66.32783694332691,1.157996146435453,7,48,0.4344262295081967,0.0357462019660411,0,BENIGN,BENIGN,0,Thursday,1593
20170706_1548,2017-07-06 15:48:00,2017-07-06 15:48:59,2017-07-06,Thursday,109,493,128.33333333333334,42931.25,20567920.20892495,40687581.23890823,0.6146044624746451,334.5292207792208,156.35461388857428,0.9680552006133402,12,97,0.3894523326572008,0.0493506493506493,0,BENIGN,BENIGN,0,Thursday,1594
20170706_1549,2017-07-06 15:49:00,2017-07-06 15:49:59,2017-07-06,Thursday,110,1634,459.85,261033.45,13534895.045287635,32860035.637566257,0.7356181150550796,567.6491247145808,161.14566269536994,0.9531393784950803,9,197,0.2998776009791922,0.0357362908194701,0,BENIGN,BENIGN,0,Thursday,1595
20170706_1550,2017-07-06 15:50:00,2017-07-06 15:50:59,2017-07-06,Thursday,111,85,17.483333333333334,1657.8333333333333,11679350.11764706,32481841.695467595,0.8117647058823529,94.8236415633937,70.60114171406407,1.7486910994764395,11,32,0.3176470588235294,0.0257387988560533,0,BENIGN,BENIGN,0,Thursday,1596
20170706_1551,2017-07-06 15:51:00,2017-07-06 15:51:59,2017-07-06,Thursday,112,1091,254.88333333333333,99889.83333333331,15393949.759853346,35504683.54744261,0.7002749770852429,391.90413914863007,177.2230314823091,0.9500191253346932,14,155,0.3244729605866178,0.0453802393251814,0,BENIGN,BENIGN,0,Thursday,1597
20170706_1552,2017-07-06 15:52:00,2017-07-06 15:52:59,2017-07-06,Thursday,113,230,71.48333333333333,35146.38333333333,13709926.152173912,33133850.707865298,0.5695652173913044,491.6724178130101,141.49218062984187,0.9870310328855952,11,78,0.4652173913043478,0.0291443226859407,0,BENIGN,BENIGN,0,Thursday,1598
20170706_1553,2017-07-06 15:53:00,2017-07-06 15:53:59,2017-07-06,Thursday,114,1381,326.0833333333333,108280.15,16422521.218682114,34853358.886632666,0.667632150615496,332.0628162535139,183.9535576700104,1.0212809917355372,9,191,0.3627805937726285,0.0503450038333759,0,BENIGN,BENIGN,0,Thursday,1599
20170706_1554,2017-07-06 15:54:00,2017-07-06 15:54:59,2017-07-06,Thursday,115,1517,326.96666666666664,91007.11666666668,15164044.967699409,34856265.49867827,0.6954515491100857,278.3375981241717,188.1678191435368,1.0196623430100886,13,217,0.3579433091628213,0.0531654602915689,0,BENIGN,BENIGN,0,Thursday,1600
20170706_1555,2017-07-06 15:55:00,2017-07-06 15:55:59,2017-07-06,Thursday,116,85,25.133333333333333,3867.0,16870955.82352941,32347641.0864901,0.4941176470588235,153.85941644562334,135.99843034638317,1.1373937677053825,14,39,0.6823529411764706,0.053050397877984,0,BENIGN,BENIGN,0,Thursday,1601
20170706_1556,2017-07-06 15:56:00,2017-07-06 15:56:59,2017-07-06,Thursday,117,310,63.1,13634.85,13158156.05483871,29341050.624025363,0.7032258064516129,216.08320126782883,110.90603480023093,1.3953194180898163,18,82,0.3064516129032258,0.0330163761225567,0,BENIGN,BENIGN,0,Thursday,1602
20170706_1557,2017-07-06 15:57:00,2017-07-06 15:57:59,2017-07-06,Thursday,118,200,40.65,7572.2,14292407.44,33922305.92740053,0.635,186.2779827798278,85.73090381625087,1.031640299750208,10,70,0.37,0.036490364903649,0,BENIGN,BENIGN,0,Thursday,1603
20170706_1558,2017-07-06 15:58:00,2017-07-06 15:58:59,2017-07-06,Thursday,119,1092,312.7,169089.88333333333,13970523.108974358,34201985.751425125,0.73992673992674,540.7415520733397,181.2645850087623,0.934928328348974,15,148,0.315018315018315,0.0378957467220978,0,BENIGN,BENIGN,0,Thursday,1604
20170706_1559,2017-07-06 15:59:00,2017-07-06 15:59:59,2017-07-06,Thursday,120,331,147.85,90194.3,19331462.114803627,41345674.01022834,0.7341389728096677,610.0392289482584,192.1131122693091,0.8289012574726861,15,49,0.3413897280966767,0.0285198962912862,0,BENIGN,BENIGN,0,Thursday,1605
20170706_1600,2017-07-06 16:00:00,2017-07-06 16:00:59,2017-07-06,Thursday,121,185,54.95,15912.366666666669,24615730.681081083,41568518.69201006,0.6270270270270271,289.57901122232335,152.9461107981489,1.1154586273252085,9,46,0.3837837837837838,0.0382165605095541,0,BENIGN,BENIGN,0,Thursday,1606
20170706_1601,2017-07-06 16:01:00,2017-07-06 16:01:59,2017-07-06,Thursday,122,513,132.4,55036.6,15877419.996101364,36205474.27582124,0.6861598440545809,415.68429003021146,172.88658175067104,1.025235788937038,10,117,0.3469785575048733,0.0377643504531722,0,BENIGN,BENIGN,0,Thursday,1607
20170706_1602,2017-07-06 16:02:00,2017-07-06 16:02:59,2017-07-06,Thursday,123,312,89.2,42888.066666666666,16110964.259615384,34855305.05895834,0.6538461538461539,480.80792227204785,165.10203691137792,0.976735598227474,10,62,0.3557692307692308,0.0351270553064275,0,BENIGN,BENIGN,0,Thursday,1608
20170706_1603,2017-07-06 16:03:00,2017-07-06 16:03:59,2017-07-06,Thursday,124,109,17.916666666666668,2936.7833333333333,14209602.339449542,33165116.258229375,0.7155963302752294,163.913488372093,147.6148338182472,1.164989939637827,8,28,0.3027522935779816,0.0586046511627907,0,BENIGN,BENIGN,0,Thursday,1609
20170706_1604,2017-07-06 16:04:00,2017-07-06 16:04:59,2017-07-06,Thursday,125,126,23.116666666666667,3421.25,6936595.952380952,22719199.51041967,0.6984126984126984,147.99927901946648,107.42231635559092,1.364565587734242,12,42,0.3809523809523809,0.0403749098774333,0,BENIGN,BENIGN,0,Thursday,1610
20170706_1605,2017-07-06 16:05:00,2017-07-06 16:05:59,2017-07-06,Thursday,126,1442,716.9166666666666,531490.0166666667,21366008.443828017,41392837.514092185,0.6664355062413315,741.3553644077647,186.39970410026888,0.8136436461759001,10,174,0.3273231622746186,0.0217830989189817,0,BENIGN,BENIGN,0,Thursday,1611
20170706_1606,2017-07-06 16:06:00,2017-07-06 16:06:59,2017-07-06,Thursday,127,651,166.0,66994.28333333334,14652653.465437789,34016213.875367306,0.7096774193548387,403.5800200803213,168.17654864335012,0.9957924263674616,10,100,0.314900153609831,0.0430722891566265,0,BENIGN,BENIGN,0,Thursday,1612
20170706_1607,2017-07-06 16:07:00,2017-07-06 16:07:59,2017-07-06,Thursday,128,1013,306.35,161471.15,13305567.578479763,30320116.74715476,0.6702862783810464,527.0806267341276,231.09853739557823,0.9470395085266392,11,171,0.4057255676209279,0.0421631032043958,0,BENIGN,BENIGN,0,Thursday,1613
20170706_1608,2017-07-06 16:08:00,2017-07-06 16:08:59,2017-07-06,Thursday,129,144,80.9,53121.333333333336,10868179.993055556,29509854.14583406,0.5902777777777778,656.6295838483725,94.36264628458224,0.8544690603514133,17,46,0.5069444444444444,0.0164812525751957,0,BENIGN,BENIGN,0,Thursday,1614
20170706_1609,2017-07-06 16:09:00,2017-07-06 16:09:59,2017-07-06,Thursday,130,333,195.31666666666663,148424.21666666667,12938984.927927928,29507517.81623551,0.6516516516516516,759.9157777967404,200.67559816443065,0.7409387997623291,11,71,0.4324324324324324,0.0208208891543647,0,BENIGN,BENIGN,0,Thursday,1615
20170706_1610,2017-07-06 16:10:00,2017-07-06 16:10:59,2017-07-06,Thursday,131,244,62.583333333333336,25787.616666666665,17156272.094262294,38093243.19438462,0.7172131147540983,412.0524633821571,177.50921844355167,1.0237068965517242,10,56,0.3114754098360656,0.0394141145139813,0,BENIGN,BENIGN,0,Thursday,1616
20170706_1611,2017-07-06 16:11:00,2017-07-06 16:11:59,2017-07-06,Thursday,132,131,23.216666666666665,5491.266666666666,11217501.847328244,30431480.284942824,0.7938931297709924,236.52261306532665,101.9125375994896,1.2197452229299364,10,50,0.2977099236641221,0.0380473797559224,0,BENIGN,BENIGN,0,Thursday,1617
20170706_1612,2017-07-06 16:12:00,2017-07-06 16:12:59,2017-07-06,Thursday,133,96,17.066666666666666,2871.5333333333333,16120783.71875,35082784.6455064,0.6979166666666666,168.25390625,132.8761600612211,1.2676991150442478,8,27,0.34375,0.048828125,0,BENIGN,BENIGN,0,Thursday,1618
20170706_1613,2017-07-06 16:13:00,2017-07-06 16:13:59,2017-07-06,Thursday,134,83,92.25,79689.81666666667,25874435.73493976,45708634.952931,0.6024096385542169,863.846251129178,323.2413377813783,0.777207062600321,9,25,0.4819277108433735,0.010840108401084,0,BENIGN,BENIGN,0,Thursday,1619
20170706_1614,2017-07-06 16:14:00,2017-07-06 16:14:59,2017-07-06,Thursday,135,1047,247.4,96045.45,16592255.330468005,37860090.25210008,0.7631327602674307,388.2192805173807,168.0158164458946,0.9561207010146264,11,154,0.3218720152817574,0.0429803287523578,0,BENIGN,BENIGN,0,Thursday,1620
20170706_1615,2017-07-06 16:15:00,2017-07-06 16:15:59,2017-07-06,Thursday,136,265,143.93333333333334,117469.41666666669,15621029.396226415,32267965.755919,0.660377358490566,816.1376794812413,275.35809800891775,0.81411468178954,9,69,0.4,0.0251273737841593,0,BENIGN,BENIGN,0,Thursday,1621
20170706_1616,2017-07-06 16:16:00,2017-07-06 16:16:59,2017-07-06,Thursday,137,179,45.983333333333334,19759.816666666666,17007866.446927376,36123736.68677734,0.6759776536312849,429.7169264226169,146.95533204680507,0.9770773638968482,8,41,0.3519553072625698,0.0492932221819499,0,BENIGN,BENIGN,0,Thursday,1622
20170706_1617,2017-07-06 16:17:00,2017-07-06 16:17:59,2017-07-06,Thursday,138,402,118.13333333333334,50685.416666666664,15569949.890547264,33870709.646887966,0.5671641791044776,429.05262415349887,192.85031836676143,1.006510048117747,14,105,0.4850746268656716,0.0483916478555304,0,BENIGN,BENIGN,0,Thursday,1623
20170706_1618,2017-07-06 16:18:00,2017-07-06 16:18:59,2017-07-06,Thursday,139,495,132.5,60113.833333333336,9725487.49090909,27176449.42432001,0.7292929292929293,453.6893081761006,229.0980555431424,0.9622408687068116,11,95,0.404040404040404,0.0529559748427672,0,BENIGN,BENIGN,0,Thursday,1624
20170706_1619,2017-07-06 16:19:00,2017-07-06 16:19:59,2017-07-06,Thursday,140,123,59.35,41260.583333333336,16625393.528455283,37992170.42106476,0.6910569105691057,695.2078067958439,176.75017058707428,0.8341915550978373,9,36,0.4146341463414634,0.0199382196012356,0,BENIGN,BENIGN,0,Thursday,1625
20170706_1620,2017-07-06 16:20:00,2017-07-06 16:20:59,2017-07-06,Thursday,141,59,10.666666666666666,1017.2666666666668,5194604.694915255,21327583.836445294,0.8305084745762712,95.36875,21.4370107666859,1.5236220472440944,9,25,0.2033898305084746,0.0265625,0,BENIGN,BENIGN,0,Thursday,1626
20170706_1621,2017-07-06 16:21:00,2017-07-06 16:21:59,2017-07-06,Thursday,142,270,71.95,34344.28333333333,15604656.192592593,36312277.39426952,0.7481481481481481,477.3354181144313,166.89027372277693,1.0177570093457944,13,41,0.2592592592592592,0.0289552930275654,0,BENIGN,BENIGN,0,Thursday,1627
20170706_1622,2017-07-06 16:22:00,2017-07-06 16:22:59,2017-07-06,Thursday,143,449,314.28333333333336,261399.25,15893429.0155902,33445306.695006303,0.6124721603563474,831.7311873574799,190.42138804217737,0.8237911025145068,9,83,0.4053452115812918,0.0179243782149864,0,BENIGN,BENIGN,0,Thursday,1628
20170706_1623,2017-07-06 16:23:00,2017-07-06 16:23:59,2017-07-06,Thursday,144,600,173.01666666666668,100260.58333333331,15631917.678333333,33865256.00759076,0.7083333333333334,579.4851170407475,179.28685038874656,0.9391109450877848,9,122,0.3483333333333333,0.0354493786725748,0,BENIGN,BENIGN,0,Thursday,1629
20170706_1624,2017-07-06 16:24:00,2017-07-06 16:24:59,2017-07-06,Thursday,145,20,1.7666666666666666,190.75,3808635.9,13864359.712593112,0.75,107.97169811320757,46.05090269072004,1.0980392156862746,2,18,0.25,0.0377358490566037,0,BENIGN,BENIGN,0,Thursday,1630
20170706_1625,2017-07-06 16:25:00,2017-07-06 16:25:59,2017-07-06,Thursday,146,515,107.68333333333334,42349.933333333334,14825726.39223301,30661241.995412644,0.6679611650485436,393.28215446525303,151.90188441853184,0.9677222898903776,9,101,0.3728155339805825,0.0524686581024609,0,BENIGN,BENIGN,0,Thursday,1631
20170706_1626,2017-07-06 16:26:00,2017-07-06 16:26:59,2017-07-06,Thursday,147,520,247.96666666666667,166583.6,20207336.840384617,41849573.40037106,0.6846153846153846,671.798359994623,185.90584563777455,0.9444589649764767,16,90,0.3596153846153846,0.0254066406775104,0,BENIGN,BENIGN,0,Thursday,1632
20170706_1627,2017-07-06 16:27:00,2017-07-06 16:27:59,2017-07-06,Thursday,148,185,39.833333333333336,12177.733333333334,16611446.383783784,34428142.5392571,0.7405405405405405,305.7171548117155,110.49403382932532,1.09369527145359,8,37,0.2648648648648649,0.0384937238493723,0,BENIGN,BENIGN,0,Thursday,1633
20170706_1628,2017-07-06 16:28:00,2017-07-06 16:28:59,2017-07-06,Thursday,149,213,88.35,55060.48333333333,20372700.08920188,39416220.37887477,0.6431924882629108,623.208639879268,193.86480220776951,0.8596983514556296,10,52,0.3849765258215962,0.0282965478211658,0,BENIGN,BENIGN,0,Thursday,1634
20170706_1629,2017-07-06 16:29:00,2017-07-06 16:29:59,2017-07-06,Thursday,150,299,70.16666666666667,29650.6,16079897.264214046,30974296.670345914,0.6254180602006689,422.5738717339668,133.66443029081148,1.05615234375,9,59,0.3411371237458194,0.0427553444180522,0,BENIGN,BENIGN,0,Thursday,1635
20170706_1630,2017-07-06 16:30:00,2017-07-06 16:30:59,2017-07-06,Thursday,151,142,42.03333333333333,27577.35,15171456.211267604,37276861.65976375,0.7535211267605634,656.0828707375099,140.88054729676958,0.7957295373665481,6,26,0.2816901408450704,0.0313243457573354,0,BENIGN,BENIGN,0,Thursday,1636
20170706_1631,2017-07-06 16:31:00,2017-07-06 16:31:59,2017-07-06,Thursday,152,195,53.8,21510.216666666667,13771731.123076923,34568156.43657577,0.7128205128205128,399.81815365551427,135.2162669768719,1.080541237113402,11,45,0.2666666666666666,0.0309789343246592,0,BENIGN,BENIGN,0,Thursday,1637
20170706_1632,2017-07-06 16:32:00,2017-07-06 16:32:59,2017-07-06,Thursday,153,530,172.7,87036.38333333333,18649891.63962264,41118225.600881055,0.7377358490566037,503.9744257865277,180.47866980863387,0.9028644876973926,9,79,0.350943396226415,0.0371549893842887,0,BENIGN,BENIGN,0,Thursday,1638
20170706_1633,2017-07-06 16:33:00,2017-07-06 16:33:59,2017-07-06,Thursday,154,393,173.25,103152.25,18673195.13740458,38193507.3035864,0.6870229007633588,595.3953823953824,187.5907815089637,0.8306039795738687,11,69,0.3460559796437659,0.0256854256854256,0,BENIGN,BENIGN,0,Thursday,1639
20170706_1634,2017-07-06 16:34:00,2017-07-06 16:34:59,2017-07-06,Thursday,155,137,47.916666666666664,20734.166666666668,23171226.82481752,39950082.26193152,0.6496350364963503,432.7130434782609,149.85468679955557,0.9671682626538988,8,36,0.3868613138686131,0.0417391304347826,0,BENIGN,BENIGN,0,Thursday,1640
20170706_1635,2017-07-06 16:35:00,2017-07-06 16:35:59,2017-07-06,Thursday,156,1091,441.55,267453.6,16532456.35655362,34523718.747881316,0.6361136571952337,605.7153210281962,203.9600141092072,0.8698567294798504,17,164,0.4197983501374885,0.0334805420299701,0,BENIGN,BENIGN,0,Thursday,1641
20170706_1636,2017-07-06 16:36:00,2017-07-06 16:36:59,2017-07-06,Thursday,157,502,190.21666666666667,94684.65,17158824.045816734,37126996.53584005,0.603585657370518,497.7726277052484,191.71269376505631,0.8629019095805451,9,99,0.4103585657370518,0.0364496626653815,0,BENIGN,BENIGN,0,Thursday,1642
20170706_1637,2017-07-06 16:37:00,2017-07-06 16:37:59,2017-07-06,Thursday,158,718,241.51666666666668,130498.13333333332,18769620.399721447,38013128.554561526,0.66991643454039,540.3276516458492,217.75784249619505,0.8921530225878052,8,111,0.3885793871866295,0.0376095507556414,0,BENIGN,BENIGN,0,Thursday,1643
20170706_1638,2017-07-06 16:38:00,2017-07-06 16:38:59,2017-07-06,Thursday,159,1104,321.71666666666664,130788.25,18367483.069746375,38858405.619091794,0.6802536231884058,406.5324042894887,201.34882955590453,0.9424431475145904,15,166,0.3967391304347826,0.0446044656271045,0,BENIGN,BENIGN,0,Thursday,1644
20170706_1639,2017-07-06 16:39:00,2017-07-06 16:39:59,2017-07-06,Thursday,160,308,107.13333333333334,59161.7,14407526.431818182,34029948.14558162,0.6428571428571429,552.2249533291848,169.85195170511506,0.9376130198915008,10,67,0.3896103896103896,0.0320472930927193,0,BENIGN,BENIGN,0,Thursday,1645
20170706_1640,2017-07-06 16:40:00,2017-07-06 16:40:59,2017-07-06,Thursday,161,360,130.65,76294.21666666666,13705725.422222223,32020434.702754475,0.6361111111111111,583.9587957647659,181.76934278122067,0.8918918918918919,9,83,0.4638888888888889,0.0309988518943742,0,BENIGN,BENIGN,0,Thursday,1646
20170706_1641,2017-07-06 16:41:00,2017-07-06 16:41:59,2017-07-06,Thursday,162,561,1007.25,1080711.8333333333,14020648.98395722,33304955.45539033,0.6310160427807486,1072.933068586084,227.24788106826625,0.763422035480859,18,137,0.4705882352941176,0.007644576818069,0,BENIGN,BENIGN,0,Thursday,1647
20170706_1642,2017-07-06 16:42:00,2017-07-06 16:42:59,2017-07-06,Thursday,163,310,77.66666666666667,25310.733333333337,16145222.86451613,37209394.3400803,0.7290322580645161,325.8892703862661,173.81754174653815,1.0291684806269046,8,47,0.3419354838709677,0.0476394849785407,0,BENIGN,BENIGN,0,Thursday,1648
20170706_1643,2017-07-06 16:43:00,2017-07-06 16:43:59,2017-07-06,Thursday,164,917,868.3833333333333,877387.55,13215286.075245366,33025917.659610704,0.7295528898582334,1010.3689422873924,131.85220068625117,0.7621753246753247,12,143,0.3162486368593238,0.010556014049095,0,BENIGN,BENIGN,0,Thursday,1649
20170706_1644,2017-07-06 16:44:00,2017-07-06 16:44:59,2017-07-06,Thursday,165,389,154.38333333333333,91161.05,22575154.36503856,44164214.44324603,0.6735218508997429,590.4850480405916,217.40940260994904,0.8602409638554217,12,70,0.429305912596401,0.0329266976141638,0,BENIGN,BENIGN,0,Thursday,1650
20170706_1645,2017-07-06 16:45:00,2017-07-06 16:45:59,2017-07-06,Thursday,166,628,1268.1166666666666,1277702.6,19063084.52866242,38054632.08244964,0.6480891719745223,1007.5591888233208,199.3734917890724,0.6979380523074177,10,91,0.3742038216560509,0.0061114250791856,0,BENIGN,BENIGN,0,Thursday,1651
20170706_1646,2017-07-06 16:46:00,2017-07-06 16:46:59,2017-07-06,Thursday,167,2184,586.9333333333333,283622.61666666664,16215585.983974358,36609924.13694659,0.6836080586080586,483.2279929577465,172.97194409145942,0.9545454545454546,11,284,0.3502747252747252,0.0425090867787369,0,BENIGN,BENIGN,0,Thursday,1652
20170706_1647,2017-07-06 16:47:00,2017-07-06 16:47:59,2017-07-06,Thursday,168,255,1063.8666666666666,1146637.7833333334,15392986.51764706,35825013.06950567,0.6392156862745098,1077.8021525253791,142.5942576983565,0.7170486335270067,14,67,0.4392156862745098,0.0027259055019425,0,BENIGN,BENIGN,0,Thursday,1653
20170706_1648,2017-07-06 16:48:00,2017-07-06 16:48:59,2017-07-06,Thursday,169,195,97.56666666666666,73134.68333333333,11504734.512820512,28423809.126251698,0.5487179487179488,749.5867782712675,130.837782375726,0.8458385876418664,11,67,0.5846153846153846,0.0196446873932353,0,BENIGN,BENIGN,0,Thursday,1654
20170706_1649,2017-07-06 16:49:00,2017-07-06 16:49:59,2017-07-06,Thursday,170,527,1332.2833333333333,1359967.55,16765759.176470589,37301761.36140385,0.6337760910815939,1020.779526377022,161.18728813915672,0.6891997548760644,12,99,0.3927893738140417,0.0045660958004428,0,BENIGN,BENIGN,0,Thursday,1655
20170706_1650,2017-07-06 16:50:00,2017-07-06 16:50:59,2017-07-06,Thursday,171,291,78.78333333333333,34014.083333333336,14711321.343642613,32994680.75017755,0.6460481099656358,431.7421197376772,168.80543075559262,0.9593866556154164,11,61,0.3573883161512027,0.040617727945843,0,BENIGN,BENIGN,0,Thursday,1656
20170706_1651,2017-07-06 16:51:00,2017-07-06 16:51:59,2017-07-06,Thursday,172,1705,1456.4833333333331,1360079.566666667,14278522.39882698,29571253.333054155,0.6715542521994134,933.810594010688,160.2638897365322,0.753129513721714,9,206,0.3120234604105572,0.0119923560173477,0,BENIGN,BENIGN,0,Thursday,1657
20170706_1652,2017-07-06 16:52:00,2017-07-06 16:52:59,2017-07-06,Thursday,173,1121,277.06666666666666,96765.91666666669,15303722.073148971,35515239.379191145,0.7172167707404103,349.2513835418672,190.04527649761576,1.0363792258696718,14,162,0.4005352363960749,0.0536573628488931,0,BENIGN,BENIGN,0,Thursday,1658
20170706_1653,2017-07-06 16:53:00,2017-07-06 16:53:59,2017-07-06,Thursday,174,635,1305.7166666666667,1272634.5833333333,19634556.62362205,38905367.868024215,0.6362204724409449,974.6636585272456,208.11301838497693,0.6956107696303351,15,102,0.4062992125984252,0.006611950014679,0,BENIGN,BENIGN,0,Thursday,1659
20170706_1654,2017-07-06 16:54:00,2017-07-06 16:54:59,2017-07-06,Thursday,175,1150,306.06666666666666,109771.26666666666,17749058.81826087,38023314.466942206,0.6947826086956522,358.6514920496624,195.52524196612012,0.9362150764364786,9,165,0.388695652173913,0.0499346547593117,0,BENIGN,BENIGN,0,Thursday,1660
20170706_1655,2017-07-06 16:55:00,2017-07-06 16:55:59,2017-07-06,Thursday,176,604,1184.8666666666666,1185129.0,21489901.58609271,42668727.8463708,0.6887417218543046,1000.221403252124,231.84781511381263,0.7161444503451938,10,85,0.4089403973509933,0.0069065436336015,0,BENIGN,BENIGN,0,Thursday,1661
20170706_1656,2017-07-06 16:56:00,2017-07-06 16:56:59,2017-07-06,Thursday,177,401,112.3,57721.4,19172892.104738154,34170136.39428553,0.5935162094763092,513.992876224399,129.26617644607535,1.0551997560231778,10,112,0.4738154613466334,0.0234490946868506,0,BENIGN,BENIGN,0,Thursday,1662
20170706_1657,2017-07-06 16:57:00,2017-07-06 16:57:59,2017-07-06,Thursday,178,639,315.56666666666666,213331.26666666663,21475640.400625978,39668413.99635644,0.596244131455399,676.0259850005282,236.5460077138038,0.8631309652661616,12,102,0.4522691705790297,0.0264075208619414,0,BENIGN,BENIGN,0,Thursday,1663
20170706_1658,2017-07-06 16:58:00,2017-07-06 16:58:59,2017-07-06,Thursday,179,749,161.03333333333333,59467.583333333336,16159216.602136182,33623757.07562946,0.7102803738317757,369.2874146139516,124.19361723687123,1.025786163522013,14,118,0.2843791722296395,0.0337404264127509,0,BENIGN,BENIGN,0,Thursday,1664
20170706_1659,2017-07-06 16:59:00,2017-07-06 16:59:59,2017-07-06,Thursday,180,1888,472.21666666666664,165858.4,19543630.35911017,39064029.63902381,0.6626059322033898,351.2336851021777,184.3518121180706,0.9855641205325858,8,245,0.3511652542372881,0.0462358380686831,0,BENIGN,BENIGN,0,Thursday,1665
20170706_1700,2017-07-06 17:00:00,2017-07-06 17:00:59,2017-07-06,Thursday,181,898,311.93333333333334,199812.56666666668,16315296.85857461,33943418.94944635,0.6336302895322939,640.5617653344732,151.43692087061774,0.9048442906574394,6,133,0.3964365256124721,0.0303483650352639,0,BENIGN,BENIGN,0,Thursday,1666
20170706_1701,2017-07-06 17:01:00,2017-07-06 17:01:59,2017-07-06,Thursday,182,457,169.31666666666666,86750.98333333334,15099088.262582056,30616894.089227885,0.5798687089715536,512.3593857663155,178.2426431228034,0.9781931464174456,14,74,0.3698030634573304,0.0349443842897923,0,BENIGN,BENIGN,0,Thursday,1667
20170706_1702,2017-07-06 17:02:00,2017-07-06 17:02:59,2017-07-06,Thursday,183,1036,269.1166666666667,104036.5,19472551.653474905,37499131.2951018,0.637065637065637,386.5851241716728,189.97268572107976,1.004219932977535,17,178,0.4054054054054054,0.0431039821638694,0,BENIGN,BENIGN,0,Thursday,1668
20170706_1703,2017-07-06 17:03:00,2017-07-06 17:03:59,2017-07-06,Thursday,184,84,47.516666666666666,30366.516666666663,15311772.607142856,35063337.54516707,0.6547619047619048,639.070852332515,147.04710432738642,0.9166666666666666,14,25,0.4047619047619047,0.0273588214661522,0,BENIGN,BENIGN,0,Thursday,1669
20170706_1704,2017-07-06 17:04:00,2017-07-06 17:04:59,2017-07-06,Thursday,185,441,106.78333333333332,39542.183333333334,20902293.10430839,41501064.385860026,0.7120181405895691,370.3029498985485,172.39999477119056,1.015728216420258,6,88,0.3197278911564626,0.0383955049164975,0,BENIGN,BENIGN,0,Thursday,1670
20170706_1705,2017-07-06 17:05:00,2017-07-06 17:05:59,2017-07-06,Thursday,186,79,18.383333333333333,2009.6333333333337,4780607.164556962,15997523.376082884,0.6075949367088608,109.31822302810517,79.82127098049926,1.1775147928994083,12,35,0.4556962025316455,0.041704442429737,0,BENIGN,BENIGN,0,Thursday,1671
20170706_1706,2017-07-06 17:06:00,2017-07-06 17:06:59,2017-07-06,Thursday,187,177,58.7,29587.583333333332,16114016.6779661,36139929.67676863,0.711864406779661,504.0474162407723,168.95567277407926,0.9971655328798186,9,45,0.2994350282485876,0.0286768881317433,0,BENIGN,BENIGN,0,Thursday,1672
20170706_1707,2017-07-06 17:07:00,2017-07-06 17:07:59,2017-07-06,Thursday,188,645,135.45,46567.083333333336,11029906.17364341,29563800.780032996,0.7503875968992249,343.79537344653625,195.91217089863932,0.9505639548836092,7,103,0.3643410852713178,0.0553709856035437,0,BENIGN,BENIGN,0,Thursday,1673
20170706_1708,2017-07-06 17:08:00,2017-07-06 17:08:59,2017-07-06,Thursday,189,56,12.95,1519.6166666666666,14225869.785714284,36078751.541026585,0.8214285714285714,117.34491634491634,67.72986264668842,2.3106382978723405,11,29,0.2142857142857142,0.0257400257400257,0,BENIGN,BENIGN,0,Thursday,1674
20170706_1709,2017-07-06 17:09:00,2017-07-06 17:09:59,2017-07-06,Thursday,190,172,34.166666666666664,7486.3,17508128.970930234,36842027.22236856,0.6802325581395349,219.1112195121951,124.70295830074944,1.1144329896907217,11,52,0.377906976744186,0.0419512195121951,0,BENIGN,BENIGN,0,Thursday,1675
20170706_1710,2017-07-06 17:10:00,2017-07-06 17:10:59,2017-07-06,Thursday,191,361,146.0,47150.8,29989205.102493074,48364467.35579064,0.4958448753462603,322.9506849315068,214.6053224509791,1.0849595430747263,8,52,0.4404432132963989,0.0384703196347031,0,BENIGN,BENIGN,0,Thursday,1676
20170706_1711,2017-07-06 17:11:00,2017-07-06 17:11:59,2017-07-06,Thursday,192,67,14.25,1561.75,13805534.656716418,35644507.38348247,0.7611940298507462,109.59649122807018,89.52918408504813,1.3910614525139664,9,21,0.2238805970149253,0.0280701754385964,0,BENIGN,BENIGN,0,Thursday,1677
20170706_1712,2017-07-06 17:12:00,2017-07-06 17:12:59,2017-07-06,Thursday,193,43,19.8,2913.233333333333,19387524.441860463,39280656.926443346,0.5116279069767442,147.13299663299662,121.09802911399264,1.4465020576131686,11,22,0.5813953488372093,0.0286195286195286,0,BENIGN,BENIGN,0,Thursday,1678
20170706_1713,2017-07-06 17:13:00,2017-07-06 17:13:59,2017-07-06,Thursday,194,100,78.53333333333333,49161.416666666664,14688939.2,34658019.23070585,0.72,625.9942699490662,156.33908252363983,0.6996033177064551,13,24,0.34,0.0184634974533106,0,BENIGN,BENIGN,0,Thursday,1679
20170706_1714,2017-07-06 17:14:00,2017-07-06 17:14:59,2017-07-06,Thursday,195,1434,358.75,108806.46666666666,17892829.59902371,38253305.1440825,0.7078103207810321,303.2932868757259,196.4372874903159,1.0294145375695296,15,177,0.3563458856345886,0.0478513356562137,0,BENIGN,BENIGN,0,Thursday,1680
20170706_1715,2017-07-06 17:15:00,2017-07-06 17:15:59,2017-07-06,Thursday,196,41,11.3,2490.016666666667,22841393.536585364,42609275.37588273,0.7317073170731707,220.35545722713863,237.5455355536465,1.1419558359621451,9,20,0.4878048780487805,0.0619469026548672,0,BENIGN,BENIGN,0,Thursday,1681
20170706_1716,2017-07-06 17:16:00,2017-07-06 17:16:59,2017-07-06,Thursday,197,599,180.96666666666667,69557.15,18660342.24040067,37138889.48082174,0.656093489148581,384.3644317553877,176.4273514560663,0.9822928075940124,15,112,0.3906510851419031,0.0416282925032234,0,BENIGN,BENIGN,0,Thursday,1682
20170706_1717,2017-07-06 17:17:00,2017-07-06 17:17:59,2017-07-06,Thursday,198,998,189.13333333333333,56020.2,13083691.199398795,32452888.729498096,0.6713426853707415,296.19421924568206,143.30724083699306,1.0762897914379803,14,164,0.342685370741483,0.0550757842791681,0,BENIGN,BENIGN,0,Thursday,1683
20170706_1718,2017-07-06 17:18:00,2017-07-06 17:18:59,2017-07-06,Thursday,199,104,30.95,7326.916666666667,26409733.278846152,41444756.59698803,0.5673076923076923,236.73397953688743,154.25994173307205,0.8843813387423936,8,38,0.4903846153846153,0.0215401184706515,0,BENIGN,BENIGN,0,Thursday,1684
20170706_1719,2017-07-06 17:19:00,2017-07-06 17:19:59,2017-07-06,Thursday,200,567,119.46666666666668,33859.166666666664,13802820.335097002,34017532.640350506,0.7195767195767195,283.4193638392857,170.1333664853322,1.0160292463442069,9,102,0.3386243386243386,0.0482700892857142,0,BENIGN,BENIGN,0,Thursday,1685
20170706_1720,2017-07-06 17:20:00,2017-07-06 17:20:59,2017-07-06,Thursday,201,156,39.2,6897.35,16757578.993589744,38010757.835448325,0.6987179487179487,175.95280612244898,106.72518541764946,1.0249569707401032,11,35,0.3717948717948718,0.0357142857142857,0,BENIGN,BENIGN,0,Thursday,1686
20170706_1721,2017-07-06 17:21:00,2017-07-06 17:21:59,2017-07-06,Thursday,202,74,17.216666666666665,3587.65,10650641.094594594,30125929.830864612,0.7702702702702703,208.38238141335916,117.75058738561252,1.5979899497487438,8,25,0.2297297297297297,0.0271055179090029,0,BENIGN,BENIGN,0,Thursday,1687
20170706_1722,2017-07-06 17:22:00,2017-07-06 17:22:59,2017-07-06,Thursday,203,81,17.216666666666665,2492.5666666666666,9268585.333333334,26281678.269813325,0.6666666666666666,144.7763794772507,133.5981165239543,1.0846774193548387,10,22,0.382716049382716,0.0600193610842207,0,BENIGN,BENIGN,0,Thursday,1688
20170706_1723,2017-07-06 17:23:00,2017-07-06 17:23:59,2017-07-06,Thursday,204,51,11.933333333333334,1555.3166666666666,3039973.4901960786,16569297.97893603,0.8627450980392157,130.33379888268158,94.92356246291216,1.7056603773584906,13,14,0.2156862745098039,0.0488826815642458,0,BENIGN,BENIGN,0,Thursday,1689
20170706_1724,2017-07-06 17:24:00,2017-07-06 17:24:59,2017-07-06,Thursday,205,272,135.85,69055.2,32236578.040441178,51049124.25034507,0.6544117647058824,508.3194700036805,184.200268544753,0.8451788139429606,9,49,0.3713235294117647,0.0267451846399214,0,BENIGN,BENIGN,0,Thursday,1690
20170706_1725,2017-07-06 17:25:00,2017-07-06 17:25:59,2017-07-06,Thursday,206,29,6.8,837.1166666666667,6689520.448275862,23108985.911765903,0.7241379310344828,123.10539215686276,156.4225877645888,1.50920245398773,7,16,0.3103448275862069,0.0490196078431372,0,BENIGN,BENIGN,0,Thursday,1691
20170706_1726,2017-07-06 17:26:00,2017-07-06 17:26:59,2017-07-06,Thursday,207,66,10.3,1270.6166666666666,9451919.651515152,26635418.954270184,0.8333333333333334,123.36084142394822,64.82568807581467,1.6340425531914893,7,22,0.1818181818181818,0.0226537216828478,0,BENIGN,BENIGN,0,Thursday,1692
20170706_1727,2017-07-06 17:27:00,2017-07-06 17:27:59,2017-07-06,Thursday,208,341,118.98333333333332,61465.53333333333,17597069.255131964,38265487.14130668,0.7067448680351907,516.5894382966802,189.9298621198101,0.976197066150014,12,49,0.3870967741935484,0.0407620114862025,0,BENIGN,BENIGN,0,Thursday,1693
20170706_1728,2017-07-06 17:28:00,2017-07-06 17:28:59,2017-07-06,Thursday,209,239,100.11666666666666,53744.26666666667,16372504.19246862,37750822.391775295,0.6778242677824268,536.8163808889628,209.16964401368824,0.8151057401812689,10,33,0.3849372384937238,0.0327950724155152,0,BENIGN,BENIGN,0,Thursday,1694
20170706_1729,2017-07-06 17:29:00,2017-07-06 17:29:59,2017-07-06,Thursday,210,172,68.35,31046.15,18327713.43023256,40646820.04237222,0.7441860465116279,454.2231163130943,154.9595365784575,0.9025974025974026,13,33,0.3604651162790697,0.0336503291880029,0,BENIGN,BENIGN,0,Thursday,1695
20170706_1730,2017-07-06 17:30:00,2017-07-06 17:30:59,2017-07-06,Thursday,211,228,93.78333333333332,54636.933333333334,17450105.692982458,36349318.27486627,0.6666666666666666,582.5868135773947,140.04350941665166,0.8154838709677419,10,42,0.3859649122807017,0.0259463301937089,0,BENIGN,BENIGN,0,Thursday,1696
20170706_1731,2017-07-06 17:31:00,2017-07-06 17:31:59,2017-07-06,Thursday,212,77,24.133333333333333,3217.9333333333334,15531541.922077922,33629451.48585768,0.6103896103896104,133.33977900552486,133.22468791272016,1.35609756097561,9,29,0.4415584415584415,0.0490331491712707,0,BENIGN,BENIGN,0,Thursday,1697
20170706_1732,2017-07-06 17:32:00,2017-07-06 17:32:59,2017-07-06,Thursday,213,66,21.033333333333335,3838.633333333333,19711855.75757576,40395548.69137836,0.5757575757575758,182.50237717908084,171.3973960780985,1.0738916256157636,8,24,0.5,0.0491283676703645,0,BENIGN,BENIGN,0,Thursday,1698
20170706_1733,2017-07-06 17:33:00,2017-07-06 17:33:59,2017-07-06,Thursday,214,57,14.85,2182.35,3960762.3684210526,12516983.14692224,0.631578947368421,146.95959595959596,128.2951359576086,1.8138801261829651,13,24,0.3859649122807017,0.0606060606060606,0,BENIGN,BENIGN,0,Thursday,1699
20170706_1734,2017-07-06 17:34:00,2017-07-06 17:34:59,2017-07-06,Thursday,215,20,1.7333333333333334,142.88333333333333,607824.75,1423011.494429956,0.85,82.4326923076923,26.677881676454035,1.0192307692307692,4,16,0.15,0.0192307692307692,0,BENIGN,BENIGN,0,Thursday,1700
20170706_1735,2017-07-06 17:35:00,2017-07-06 17:35:59,2017-07-06,Thursday,216,21,10.3,2431.3,7444562.285714285,22846689.301552717,0.7619047619047619,236.0485436893204,189.7961936918488,1.0564784053156149,8,12,0.4285714285714285,0.0517799352750809,0,BENIGN,BENIGN,0,Thursday,1701
20170706_1736,2017-07-06 17:36:00,2017-07-06 17:36:59,2017-07-06,Thursday,217,25,9.533333333333331,1332.5666666666666,7706426.04,22588941.82892511,0.68,139.77972027972027,200.3478326871575,2.2742857142857145,11,10,0.44,0.0716783216783216,0,BENIGN,BENIGN,0,Thursday,1702
20170706_1737,2017-07-06 17:37:00,2017-07-06 17:37:59,2017-07-06,Thursday,218,25,15.466666666666669,2199.1,6578809.28,18669884.504942592,0.44,142.1831896551724,231.4757053506222,0.9557894736842104,12,6,0.72,0.0657327586206896,0,BENIGN,BENIGN,0,Thursday,1703
20170706_1738,2017-07-06 17:38:00,2017-07-06 17:38:59,2017-07-06,Thursday,219,16,4.083333333333333,378.03333333333336,10505947.6875,28627832.859577168,0.625,92.57959183673468,91.3255510727124,3.641509433962264,7,9,0.1875,0.0244897959183673,0,BENIGN,BENIGN,0,Thursday,1704
20170706_1739,2017-07-06 17:39:00,2017-07-06 17:39:59,2017-07-06,Thursday,220,17,9.083333333333334,1119.5666666666666,9900448.294117646,26398850.001741126,0.4117647058823529,123.25504587155964,196.18528834649445,0.956989247311828,6,8,0.5882352941176471,0.0477064220183486,0,BENIGN,BENIGN,0,Thursday,1705
20170706_1740,2017-07-06 17:40:00,2017-07-06 17:40:59,2017-07-06,Thursday,221,22,12.366666666666667,1173.0166666666669,11200921.363636363,26556476.77031437,0.3636363636363636,94.85309973045824,140.9787662892973,1.8358778625954195,8,11,0.3636363636363636,0.0350404312668463,0,BENIGN,BENIGN,0,Thursday,1706
20170706_1741,2017-07-06 17:41:00,2017-07-06 17:41:59,2017-07-06,Thursday,222,176,41.55,12950.85,10485008.517045457,31136566.801712938,0.7727272727272727,311.69314079422384,165.48179897249773,0.9591516103692066,10,33,0.3011363636363636,0.0525471319695146,0,BENIGN,BENIGN,0,Thursday,1707
20170706_1742,2017-07-06 17:42:00,2017-07-06 17:42:59,2017-07-06,Thursday,223,35,8.983333333333333,1252.55,16058935.542857142,37728330.88046968,0.7428571428571429,139.430426716141,161.8775349012397,1.8421052631578947,8,14,0.3142857142857143,0.0575139146567718,0,BENIGN,BENIGN,0,Thursday,1708
20170706_1743,2017-07-06 17:43:00,2017-07-06 17:43:59,2017-07-06,Thursday,224,363,133.05,44580.2,34628243.56473829,50086115.23945764,0.5702479338842975,335.06350995866217,243.06619292198732,1.0284552845528456,9,78,0.4545454545454545,0.0425905048227483,0,BENIGN,BENIGN,0,Thursday,1709
20170706_1744,2017-07-06 17:44:00,2017-07-06 17:44:59,2017-07-06,Thursday,225,583,220.25,125073.88333333332,19036661.77186964,39651625.94279926,0.6535162950257289,567.8723420355657,237.7728791317934,0.9262498178108148,10,80,0.4150943396226415,0.0373817631479379,0,BENIGN,BENIGN,0,Thursday,1710
20170706_1745,2017-07-06 17:45:00,2017-07-06 17:45:59,2017-07-06,Thursday,226,46,7.833333333333333,1630.9666666666667,10602046.217391305,29428507.64418696,0.782608695652174,208.20851063829787,157.63017985272623,1.3908629441624365,6,16,0.3043478260869565,0.0468085106382978,0,BENIGN,BENIGN,0,Thursday,1711
20170706_1746,2017-07-06 17:46:00,2017-07-06 17:46:59,2017-07-06,Thursday,227,72,20.633333333333333,3107.016666666667,15767086.986111112,35648272.81832347,0.4722222222222222,150.58239095315025,178.8370677599892,1.3158878504672895,7,26,0.5416666666666666,0.0581583198707592,0,BENIGN,BENIGN,0,Thursday,1712
20170706_1747,2017-07-06 17:47:00,2017-07-06 17:47:59,2017-07-06,Thursday,228,36,13.7,1770.7,7567702.666666667,19278497.583560035,0.3333333333333333,129.24817518248176,157.4284573790149,1.4567164179104477,11,20,0.8055555555555556,0.0583941605839416,0,BENIGN,BENIGN,0,Thursday,1713
20170706_1748,2017-07-06 17:48:00,2017-07-06 17:48:59,2017-07-06,Thursday,229,27,11.616666666666667,1679.25,9441091.148148147,30949301.596273337,0.5555555555555556,144.55523672883788,141.0174211721194,1.0529411764705885,7,12,0.5185185185185185,0.0430416068866571,0,BENIGN,BENIGN,0,Thursday,1714
20170706_1749,2017-07-06 17:49:00,2017-07-06 17:49:59,2017-07-06,Thursday,230,50,10.616666666666667,1624.4,2244696.92,14977620.766972154,0.92,153.00470957613814,118.3453252875804,1.3895131086142325,8,6,0.16,0.0439560439560439,0,BENIGN,BENIGN,0,Thursday,1715
20170706_1750,2017-07-06 17:50:00,2017-07-06 17:50:59,2017-07-06,Thursday,231,17,10.3,1759.3833333333334,4275586.705882353,14474192.221538834,0.5882352941176471,170.81391585760517,251.63677983330084,1.022875816993464,7,8,0.6470588235294118,0.058252427184466,0,BENIGN,BENIGN,0,Thursday,1716
20170706_1751,2017-07-06 17:51:00,2017-07-06 17:51:59,2017-07-06,Thursday,232,180,36.916666666666664,14849.716666666667,2809802.738888889,12463032.216673937,0.7888888888888889,402.2496613995486,162.36062029218172,1.0671641791044777,14,34,0.2611111111111111,0.0487584650112866,0,BENIGN,BENIGN,0,Thursday,1717
20170706_1752,2017-07-06 17:52:00,2017-07-06 17:52:59,2017-07-06,Thursday,233,132,13.183333333333334,2687.6666666666665,604970.0606060605,1994773.2540093116,0.9242424242424242,203.8685208596713,89.20397828909324,0.9949622166246852,6,31,0.1515151515151515,0.0530973451327433,0,BENIGN,BENIGN,0,Thursday,1718
20170706_1753,2017-07-06 17:53:00,2017-07-06 17:53:59,2017-07-06,Thursday,234,22,8.183333333333334,1154.4,10098528.090909092,27977147.068605453,0.7272727272727273,141.06720977596743,145.11404347182585,1.6885245901639343,9,12,0.3636363636363636,0.0448065173116089,0,BENIGN,BENIGN,0,Thursday,1719
20170706_1754,2017-07-06 17:54:00,2017-07-06 17:54:59,2017-07-06,Thursday,235,61,18.866666666666667,5239.983333333334,19090780.442622952,40382096.655530006,0.7377049180327869,277.73763250883394,157.26298920141284,1.0053097345132744,8,14,0.3278688524590163,0.0459363957597173,0,BENIGN,BENIGN,0,Thursday,1720
20170706_1755,2017-07-06 17:55:00,2017-07-06 17:55:59,2017-07-06,Thursday,236,768,232.88333333333333,130584.5,18279082.239583332,39047972.678921245,0.7005208333333334,560.729263579761,196.3811352528957,0.9269167126309984,9,94,0.3268229166666667,0.0366420954698346,0,BENIGN,BENIGN,0,Thursday,1721
20170706_1756,2017-07-06 17:56:00,2017-07-06 17:56:59,2017-07-06,Thursday,237,374,129.73333333333332,76204.8,13970337.294117646,33900803.066094175,0.7513368983957219,587.3956834532374,214.02777851071957,0.8909400048579063,11,58,0.3903743315508021,0.0389260020554984,0,BENIGN,BENIGN,0,Thursday,1722
20170706_1757,2017-07-06 17:57:00,2017-07-06 17:57:59,2017-07-06,Thursday,238,407,97.33333333333331,28805.516666666663,13406532.557739558,33773510.13761872,0.7518427518427518,295.94708904109586,188.6371750004408,1.0295343988881167,11,61,0.3611793611793611,0.0506849315068493,0,BENIGN,BENIGN,0,Thursday,1723
20170706_1758,2017-07-06 17:58:00,2017-07-06 17:58:59,2017-07-06,Thursday,239,138,29.233333333333334,3700.266666666667,6168892.15942029,23019853.649854776,0.7971014492753623,126.5769669327252,102.26620940674562,1.3462566844919786,14,36,0.3405797101449275,0.0478905359179019,0,BENIGN,BENIGN,0,Thursday,1724
20170706_1759,2017-07-06 17:59:00,2017-07-06 17:59:59,2017-07-06,Thursday,240,113,24.25,3830.7,9261401.407079646,26160379.30592975,0.7345132743362832,157.96701030927835,117.481966704839,1.1538461538461535,13,22,0.3185840707964602,0.0563573883161512,0,BENIGN,BENIGN,0,Thursday,1725
20170706_1800,2017-07-06 18:00:00,2017-07-06 18:00:59,2017-07-06,Thursday,241,129,74.08333333333333,50382.45,14629687.0,33780034.09233985,0.6821705426356589,680.0780652418448,170.78959391432227,0.8213846784104875,8,38,0.3720930232558139,0.0152980877390326,0,BENIGN,BENIGN,0,Thursday,1726
20170706_1801,2017-07-06 18:01:00,2017-07-06 18:01:59,2017-07-06,Thursday,242,584,184.73333333333332,101618.93333333332,10496909.034246575,28309386.595002618,0.726027397260274,550.084446048358,194.75133685828877,0.9043119738876482,9,74,0.3287671232876712,0.0364489354023818,0,BENIGN,BENIGN,0,Thursday,1727
20170706_1802,2017-07-06 18:02:00,2017-07-06 18:02:59,2017-07-06,Thursday,243,40,9.15,1373.2833333333333,14544713.45,35521715.04286265,0.65,150.0856102003643,149.96356405355132,1.4774774774774777,6,12,0.375,0.0510018214936247,0,BENIGN,BENIGN,0,Thursday,1728
20170706_1803,2017-07-06 18:03:00,2017-07-06 18:03:59,2017-07-06,Thursday,244,40,8.35,807.9,17346332.825,27937155.50630904,0.25,96.75449101796409,87.99538503562596,1.2818181818181815,8,26,0.85,0.0538922155688622,0,BENIGN,BENIGN,0,Thursday,1729
20170706_1804,2017-07-06 18:04:00,2017-07-06 18:04:59,2017-07-06,Thursday,245,211,51.233333333333334,17957.483333333334,13673640.028436018,33910800.67355931,0.7203791469194313,350.50390370852307,155.96819964187625,1.0216962524654831,11,36,0.3317535545023696,0.0448926480156148,0,BENIGN,BENIGN,0,Thursday,1730
20170706_1805,2017-07-06 18:05:00,2017-07-06 18:05:59,2017-07-06,Thursday,246,8,1.8833333333333333,250.9,22153877.875,43038373.42767141,0.5,133.2212389380531,165.70864070010973,0.9655172413793104,3,5,0.5,0.0619469026548672,0,BENIGN,BENIGN,0,Thursday,1731
20170706_1806,2017-07-06 18:06:00,2017-07-06 18:06:59,2017-07-06,Thursday,247,89,23.05,2926.0833333333335,16811916.38202247,36335504.84880633,0.7415730337078652,126.94504699927694,105.7278631777234,1.4195804195804196,10,19,0.2584269662921348,0.0332610267534345,0,BENIGN,BENIGN,0,Thursday,1732
20170706_1807,2017-07-06 18:07:00,2017-07-06 18:07:59,2017-07-06,Thursday,248,17,6.2,1200.1666666666667,1691880.4117647058,3910607.352866177,0.7647058823529411,193.5752688172043,238.61789310274503,1.0722222222222222,10,6,0.5882352941176471,0.0913978494623656,0,BENIGN,BENIGN,0,Thursday,1733
20170706_1808,2017-07-06 18:08:00,2017-07-06 18:08:59,2017-07-06,Thursday,249,824,335.1666666666667,206597.33333333337,22087397.27184466,43360492.449653305,0.7087378640776699,616.4017901541522,201.57372749890388,0.876026119402985,12,97,0.3883495145631068,0.0302834410740924,0,BENIGN,BENIGN,0,Thursday,1734
20170706_1809,2017-07-06 18:09:00,2017-07-06 18:09:59,2017-07-06,Thursday,250,173,55.18333333333333,28025.9,16640673.410404624,39453441.64148546,0.7745664739884393,507.8689217758985,144.61177012572028,0.8298342541436464,11,39,0.2658959537572254,0.0320144971307762,0,BENIGN,BENIGN,0,Thursday,1735
20170706_1810,2017-07-06 18:10:00,2017-07-06 18:10:59,2017-07-06,Thursday,251,958,264.96666666666664,105669.6,17798969.967640918,37653132.162327155,0.7014613778705637,398.8033714932696,183.91751298457237,0.9323043266893536,10,122,0.3194154488517745,0.0384325072336142,0,BENIGN,BENIGN,0,Thursday,1736
20170706_1811,2017-07-06 18:11:00,2017-07-06 18:11:59,2017-07-06,Thursday,252,777,195.06666666666663,67707.31666666667,21949119.236808237,41080423.45985267,0.6422136422136422,347.09834244702665,195.10514292831348,0.9967587853974752,7,116,0.3655083655083655,0.0432330827067669,0,BENIGN,BENIGN,0,Thursday,1737
20170706_1812,2017-07-06 18:12:00,2017-07-06 18:12:59,2017-07-06,Thursday,253,698,189.16666666666663,83894.83333333333,17096411.226361033,37284767.97687047,0.6934097421203438,443.4969162995595,147.12933270428363,0.9255301102629346,8,97,0.328080229226361,0.0355947136563876,0,BENIGN,BENIGN,0,Thursday,1738
20170706_1813,2017-07-06 18:13:00,2017-07-06 18:13:59,2017-07-06,Thursday,254,930,266.75,122405.5,15282747.99139785,35162092.09114221,0.6989247311827957,458.8772258669166,184.0304334361093,0.9277369625436588,10,115,0.3505376344086021,0.0389253358325523,0,BENIGN,BENIGN,0,Thursday,1739
20170706_1814,2017-07-06 18:14:00,2017-07-06 18:14:59,2017-07-06,Thursday,255,148,33.18333333333333,5489.55,18950491.533783782,37239896.76609594,0.5878378378378378,165.43093922651934,96.89259288868443,1.273972602739726,10,49,0.5540540540540541,0.0401808136614766,0,BENIGN,BENIGN,0,Thursday,1740
20170706_1815,2017-07-06 18:15:00,2017-07-06 18:15:59,2017-07-06,Thursday,256,1014,254.03333333333333,140618.78333333333,12912119.95857988,31749793.373581156,0.6745562130177515,553.5446135677732,164.62379972854976,0.8811551277304702,10,172,0.3520710059171598,0.0419236320692822,0,BENIGN,BENIGN,0,Thursday,1741
20170706_1816,2017-07-06 18:16:00,2017-07-06 18:16:59,2017-07-06,Thursday,257,146,30.266666666666666,3300.0,16507969.5,33929107.527450524,0.5136986301369864,109.03083700440529,116.28016701001962,1.489041095890411,10,61,0.5273972602739726,0.0567180616740088,0,BENIGN,BENIGN,0,Thursday,1742
20170706_1817,2017-07-06 18:17:00,2017-07-06 18:17:59,2017-07-06,Thursday,258,768,277.9,158914.66666666666,15859357.001302084,34590117.17500404,0.6770833333333334,571.8411898764543,221.0106284516828,0.9663915094339622,11,118,0.40234375,0.0367038503058654,0,BENIGN,BENIGN,0,Thursday,1743
20170706_1818,2017-07-06 18:18:00,2017-07-06 18:18:59,2017-07-06,Thursday,259,528,166.81666666666666,106086.0,9342554.142045457,25831607.56393879,0.7708333333333334,635.9436507143571,139.52881317640748,0.8994307400379506,9,80,0.3162878787878788,0.0307723049255669,0,BENIGN,BENIGN,0,Thursday,1744
20170706_1819,2017-07-06 18:19:00,2017-07-06 18:19:59,2017-07-06,Thursday,260,1472,365.8333333333333,182159.58333333337,9789565.51290761,26517151.74169505,0.6440217391304348,497.93052391799546,204.59313529989663,0.9574638844301766,7,197,0.3817934782608695,0.0498405466970387,0,BENIGN,BENIGN,0,Thursday,1745
20170706_1820,2017-07-06 18:20:00,2017-07-06 18:20:59,2017-07-06,Thursday,261,1255,342.51666666666665,174629.98333333334,13608639.491633466,33100412.73260581,0.6796812749003984,509.8437545618218,174.48807167483525,0.902962962962963,12,171,0.3864541832669322,0.0467617147584059,0,BENIGN,BENIGN,0,Thursday,1746
20170706_1821,2017-07-06 18:21:00,2017-07-06 18:21:59,2017-07-06,Thursday,262,677,176.66666666666666,59060.15,14770925.150664696,35079321.81265075,0.7607090103397341,334.3027358490566,236.91972571912345,0.996421845574388,10,88,0.4963072378138848,0.0606603773584905,0,BENIGN,BENIGN,0,Thursday,1747
20170706_1822,2017-07-06 18:22:00,2017-07-06 18:22:59,2017-07-06,Thursday,263,707,191.76666666666668,87205.41666666667,19507604.256011315,38775609.50567345,0.6534653465346535,454.74752303146187,190.86692574140272,0.9457220155563072,8,112,0.4172560113154172,0.0509299495915174,0,BENIGN,BENIGN,0,Thursday,1748
20170706_1823,2017-07-06 18:23:00,2017-07-06 18:23:59,2017-07-06,Thursday,264,509,255.3,180086.8,21071183.92141454,41407666.76429693,0.6699410609037328,705.3928711320016,207.54827063827096,0.7409932946925787,11,91,0.3772102161100196,0.0225225225225225,0,BENIGN,BENIGN,0,Thursday,1749
20170706_1824,2017-07-06 18:24:00,2017-07-06 18:24:59,2017-07-06,Thursday,265,867,296.76666666666665,173565.25,18847392.974625144,39641875.60372328,0.6562860438292965,584.8542626081096,184.24620276828327,0.8817499735813167,9,121,0.3817762399077278,0.035212849601258,0,BENIGN,BENIGN,0,Thursday,1750
20170706_1825,2017-07-06 18:25:00,2017-07-06 18:25:59,2017-07-06,Thursday,266,887,346.26666666666665,251887.26666666663,17350992.016910937,36861582.64411515,0.6922209695603156,727.4372352714671,175.3768161362223,0.8484875444839858,8,138,0.342728297632469,0.027579899884482,0,BENIGN,BENIGN,0,Thursday,1751
20170706_1826,2017-07-06 18:26:00,2017-07-06 18:26:59,2017-07-06,Thursday,267,1418,286.95,89516.75,16312505.368829338,36518410.61168136,0.6840620592383639,311.9594005924377,153.75275651905656,1.031622418879056,6,189,0.3363892806770098,0.0548295289539408,0,BENIGN,BENIGN,0,Thursday,1752
20170706_1827,2017-07-06 18:27:00,2017-07-06 18:27:59,2017-07-06,Thursday,268,216,92.96666666666668,57278.23333333333,15764619.078703703,33487918.63686079,0.5509259259259259,616.1158121190391,174.14268488529544,0.9459365190094176,10,78,0.5185185185185185,0.0243814987450699,0,BENIGN,BENIGN,0,Thursday,1753
20170706_1828,2017-07-06 18:28:00,2017-07-06 18:28:59,2017-07-06,Thursday,269,681,184.55,81601.26666666666,16616809.064610869,37413034.38908114,0.7019089574155654,442.16346067009846,153.93947412807236,0.9641716920893934,10,104,0.3436123348017621,0.0393750564436015,0,BENIGN,BENIGN,0,Thursday,1754
20170706_1829,2017-07-06 18:29:00,2017-07-06 18:29:59,2017-07-06,Thursday,270,409,114.48333333333332,51218.01666666667,18184107.606356967,40488456.4599083,0.7457212713936431,447.3840442568059,153.43391728316547,0.9152495121271256,10,65,0.3789731051344743,0.0378512156063473,0,BENIGN,BENIGN,0,Thursday,1755
20170706_1830,2017-07-06 18:30:00,2017-07-06 18:30:59,2017-07-06,Thursday,271,82,66.83333333333333,76438.71666666666,29460539.256097563,43103604.281286925,0.5487804878048781,1143.7214463840398,244.2442412494736,0.5426923076923077,6,25,0.4878048780487805,0.0174563591022443,0,BENIGN,BENIGN,0,Thursday,1756
20170706_1831,2017-07-06 18:31:00,2017-07-06 18:31:59,2017-07-06,Thursday,272,831,250.85,100543.9,20989163.24909747,41639936.31100864,0.6606498194945848,400.8128363563883,170.65349440050292,0.968611038451478,11,114,0.3574007220216607,0.0359444555179057,0,BENIGN,BENIGN,0,Thursday,1757
20170706_1832,2017-07-06 18:32:00,2017-07-06 18:32:59,2017-07-06,Thursday,273,828,252.66666666666663,119665.1,14482562.875603864,34649491.7084337,0.6727053140096618,473.6085751978892,163.64117627210422,0.8984472827448035,8,105,0.3502415458937198,0.0397757255936675,0,BENIGN,BENIGN,0,Thursday,1758
20170706_1833,2017-07-06 18:33:00,2017-07-06 18:33:59,2017-07-06,Thursday,274,95,47.2,23830.35,13883434.136842106,29915083.045845214,0.5578947368421052,504.88029661016947,185.19212609570943,0.9259007477906186,9,27,0.4421052631578947,0.0225988700564971,0,BENIGN,BENIGN,0,Thursday,1759
20170706_1834,2017-07-06 18:34:00,2017-07-06 18:34:59,2017-07-06,Thursday,275,857,229.68333333333337,84533.95,18896644.68028005,38738945.190922275,0.6441073512252042,368.0456425513388,167.3019507775797,0.9297115653878464,6,136,0.3640606767794632,0.0420869312822001,0,BENIGN,BENIGN,0,Thursday,1760
20170706_1835,2017-07-06 18:35:00,2017-07-06 18:35:59,2017-07-06,Thursday,276,272,62.3,24003.483333333337,5548987.323529412,22188589.037025496,0.8014705882352942,385.2886570358481,77.10069909510759,0.996262680192205,11,33,0.1985294117647058,0.0208667736757624,0,BENIGN,BENIGN,0,Thursday,1761
20170706_1836,2017-07-06 18:36:00,2017-07-06 18:36:59,2017-07-06,Thursday,277,404,406.21666666666664,365132.2,26281838.257425744,46530147.89383464,0.6881188118811881,898.8607065195093,205.97671627765143,0.872762197464464,10,72,0.3712871287128713,0.0118573831699011,0,BENIGN,BENIGN,0,Thursday,1762
20170706_1837,2017-07-06 18:37:00,2017-07-06 18:37:59,2017-07-06,Thursday,278,1441,432.85,248822.86666666667,11605147.543372655,31052432.077110756,0.7203331020124913,574.8477917677409,176.3673248118211,0.8660727115964938,9,140,0.2942401110340041,0.031650687305071,0,BENIGN,BENIGN,0,Thursday,1763
20170706_1838,2017-07-06 18:38:00,2017-07-06 18:38:59,2017-07-06,Thursday,279,643,177.68333333333334,87602.7,13414272.511664074,33310450.704461895,0.7045101088646968,493.0271081512053,137.1220151819968,0.8910961333806314,10,79,0.2986003110419907,0.0352687365162742,0,BENIGN,BENIGN,0,Thursday,1764
20170706_1839,2017-07-06 18:39:00,2017-07-06 18:39:59,2017-07-06,Thursday,280,219,95.76666666666668,57504.03333333333,23847551.15525114,40314575.93648246,0.547945205479452,600.4597981204316,156.61317927221862,0.9067684140676842,8,59,0.5388127853881278,0.0236686390532544,0,BENIGN,BENIGN,0,Thursday,1765
20170706_1840,2017-07-06 18:40:00,2017-07-06 18:40:59,2017-07-06,Thursday,281,748,228.85,104800.91666666669,21754128.971925132,40209153.6756687,0.6390374331550802,457.9458888646129,161.57118501091648,0.8943302524486136,10,114,0.3195187165775401,0.0305877212147695,0,BENIGN,BENIGN,0,Thursday,1766
20170706_1841,2017-07-06 18:41:00,2017-07-06 18:41:59,2017-07-06,Thursday,282,2190,670.3166666666667,338826.86666666664,20040556.32100457,39458817.6441166,0.647945205479452,505.4728362216863,167.7950807583305,0.949493480684407,9,293,0.3561643835616438,0.0389368209055421,0,BENIGN,BENIGN,0,Thursday,1767
20170706_1842,2017-07-06 18:42:00,2017-07-06 18:42:59,2017-07-06,Thursday,283,980,292.03333333333336,138238.56666666668,17876599.78367347,37309204.91138175,0.65,473.3657116767493,179.72258232598642,0.9111135347366124,8,150,0.3642857142857142,0.0386371418787809,0,BENIGN,BENIGN,0,Thursday,1768
20170706_1843,2017-07-06 18:43:00,2017-07-06 18:43:59,2017-07-06,Thursday,284,277,141.65,100601.35,13553142.263537906,30832325.19410759,0.6425992779783394,710.210730674197,180.77810810612,0.9252548131370328,7,71,0.3971119133574007,0.0188257442052006,0,BENIGN,BENIGN,0,Thursday,1769
20170706_1844,2017-07-06 18:44:00,2017-07-06 18:44:59,2017-07-06,Thursday,285,742,225.55,117185.75,14226199.355795149,31906211.00326424,0.6684636118598383,519.555530924407,153.36931404044793,0.9746133644587104,9,133,0.3490566037735849,0.0322175423039976,0,BENIGN,BENIGN,0,Thursday,1770
20170706_1845,2017-07-06 18:45:00,2017-07-06 18:45:59,2017-07-06,Thursday,286,579,178.3,88044.75,16607744.602763385,36953803.02980261,0.6597582037996546,493.8011777902412,182.99523824902477,0.8979953876175271,8,104,0.3626943005181347,0.0387922976257244,0,BENIGN,BENIGN,0,Thursday,1771
20170706_1846,2017-07-06 18:46:00,2017-07-06 18:46:59,2017-07-06,Thursday,287,186,28.233333333333334,4742.583333333333,11030245.059139784,30481394.06531229,0.7419354838709677,167.97815820543093,106.61701068248,1.3772791023842916,11,39,0.2580645161290322,0.0655253837072018,0,BENIGN,BENIGN,0,Thursday,1772
20170706_1847,2017-07-06 18:47:00,2017-07-06 18:47:59,2017-07-06,Thursday,288,368,93.93333333333334,28047.133333333335,17890861.038043477,36805708.21018789,0.6902173913043478,298.5855216465578,152.9528629315708,1.0003548616039744,8,75,0.375,0.041873669268985,0,BENIGN,BENIGN,0,Thursday,1773
20170706_1848,2017-07-06 18:48:00,2017-07-06 18:48:59,2017-07-06,Thursday,289,1316,309.68333333333334,126580.48333333334,13370013.674772035,30980807.234555747,0.7066869300911854,408.7416716000215,170.87639304279972,0.9759676733304976,12,178,0.3145896656534954,0.044131101662989,0,BENIGN,BENIGN,0,Thursday,1774
20170706_1849,2017-07-06 18:49:00,2017-07-06 18:49:59,2017-07-06,Thursday,290,254,93.63333333333334,40278.88333333333,14970062.716535432,36948376.27951476,0.7913385826771654,430.1767532929868,123.22255325065628,1.0226781857451404,20,33,0.2440944881889764,0.0279458882164471,0,BENIGN,BENIGN,0,Thursday,1775
20170706_1850,2017-07-06 18:50:00,2017-07-06 18:50:59,2017-07-06,Thursday,291,457,529.7666666666667,514544.35,17592618.98905908,38134608.70429139,0.6849015317286652,971.2659976090102,217.13995646284127,0.7334896657032229,13,77,0.350109409190372,0.0095639589756496,0,BENIGN,BENIGN,0,Thursday,1776
20170706_1851,2017-07-06 18:51:00,2017-07-06 18:51:59,2017-07-06,Thursday,292,394,133.65,51670.95,27814609.134517767,47361485.28647524,0.6142131979695431,386.6139169472503,210.46630246876612,0.9925465838509316,17,63,0.4289340101522843,0.0427734131437835,0,BENIGN,BENIGN,0,Thursday,1777
20170706_1852,2017-07-06 18:52:00,2017-07-06 18:52:59,2017-07-06,Thursday,293,102,48.93333333333333,25127.983333333337,10161858.87254902,28963544.81735101,0.6764705882352942,513.5146457765668,182.44001751768027,0.7985303123086344,12,26,0.4117647058823529,0.0286103542234332,0,BENIGN,BENIGN,0,Thursday,1778
20170706_1853,2017-07-06 18:53:00,2017-07-06 18:53:59,2017-07-06,Thursday,294,604,220.85,127693.23333333334,19488642.236754965,36660543.542355105,0.6258278145695364,578.1898724624557,212.811593010839,0.8544640358242374,11,88,0.3824503311258278,0.0313183910648253,0,BENIGN,BENIGN,0,Thursday,1779
20170706_1854,2017-07-06 18:54:00,2017-07-06 18:54:59,2017-07-06,Thursday,295,1080,361.3,202815.78333333333,13947151.414814817,32391944.08003502,0.6944444444444444,561.3500784205185,186.80235837620543,0.8484822646657572,11,135,0.3398148148148148,0.0338130823876741,0,BENIGN,BENIGN,0,Thursday,1780
20170706_1855,2017-07-06 18:55:00,2017-07-06 18:55:59,2017-07-06,Thursday,296,1077,360.73333333333335,186330.0,16167554.808727948,35844833.2586711,0.6935933147632312,516.5311402698208,190.5174841773648,0.8756499133448874,13,150,0.3769730733519034,0.0368693402328589,0,BENIGN,BENIGN,0,Thursday,1781
20170706_1856,2017-07-06 18:56:00,2017-07-06 18:56:59,2017-07-06,Thursday,297,431,509.2,514396.26666666666,14179284.294663573,29684681.129372388,0.6218097447795824,1010.204765645457,254.73176067914304,0.8542817260423621,17,62,0.4222737819025522,0.0114231474207907,0,BENIGN,BENIGN,0,Thursday,1782
20170706_1857,2017-07-06 18:57:00,2017-07-06 18:57:59,2017-07-06,Thursday,298,689,274.2,151817.95,22924229.718432512,42036212.13024563,0.5863570391872278,553.6759664478483,219.26130032393823,0.9933365640901382,21,99,0.4499274310595065,0.0350109409190372,0,BENIGN,BENIGN,0,Thursday,1783
20170706_1858,2017-07-06 18:58:00,2017-07-06 18:58:59,2017-07-06,Thursday,299,874,263.7,141978.03333333333,13801640.411899311,32472506.709759716,0.6979405034324943,538.4074074074074,156.8636269009702,0.8845878989995236,14,107,0.3169336384439359,0.033940083428138,0,BENIGN,BENIGN,0,Thursday,1784
20170706_1859,2017-07-06 18:59:00,2017-07-06 18:59:59,2017-07-06,Thursday,300,1286,382.6166666666667,146704.4,16954173.39424572,34935407.958246455,0.6539657853810265,383.4239665461515,223.19570934302791,1.0001742463843877,12,159,0.4059097978227061,0.0458683625909308,0,BENIGN,BENIGN,0,Thursday,1785
20170706_1900,2017-07-06 19:00:00,2017-07-06 19:00:59,2017-07-06,Thursday,301,1247,88.03333333333333,14570.583333333334,3028433.180433039,16397568.599673873,0.9334402566158782,165.51211662249148,33.26115515091083,1.075834970530452,962,64,0.8853247794707297,0.2192351382052253,0,BENIGN,BENIGN,0,Thursday,1786
20170706_1901,2017-07-06 19:01:00,2017-07-06 19:01:59,2017-07-06,Thursday,302,997,349.6166666666667,194428.36666666667,13845737.552657971,33263479.569349892,0.7031093279839519,556.1187014349049,179.77971456621972,0.9291888909324996,13,136,0.3299899699097292,0.0291748105067454,0,BENIGN,BENIGN,0,Thursday,1787
20170706_1902,2017-07-06 19:02:00,2017-07-06 19:02:59,2017-07-06,Thursday,303,843,273.8333333333333,128798.01666666666,12521771.419928826,30691844.85802952,0.6714116251482799,470.3518563603165,191.72677233599669,0.8921004145555044,17,111,0.3677342823250296,0.0352404138770541,0,BENIGN,BENIGN,0,Thursday,1788
20170706_1903,2017-07-06 19:03:00,2017-07-06 19:03:59,2017-07-06,Thursday,304,976,296.0833333333333,165362.61666666667,16514107.61987705,36235605.15963608,0.7059426229508197,558.5002533070644,176.989806896513,0.8744460856720827,12,128,0.3381147540983606,0.0355192794821277,0,BENIGN,BENIGN,0,Thursday,1789
20170706_1904,2017-07-06 19:04:00,2017-07-06 19:04:59,2017-07-06,Thursday,305,992,245.06666666666663,67350.81666666667,18661881.02016129,37678428.84399444,0.6381048387096774,274.82650979325354,195.9515487779331,1.0369857320958582,12,169,0.3891129032258064,0.0541349292709466,0,BENIGN,BENIGN,0,Thursday,1790
20170706_1905,2017-07-06 19:05:00,2017-07-06 19:05:59,2017-07-06,Thursday,306,944,230.15,67272.81666666667,16340809.67266949,33773604.740165435,0.638771186440678,292.2998768918821,186.3556051933089,1.0605789316621903,10,159,0.4226694915254237,0.050474328336592,0,BENIGN,BENIGN,0,Thursday,1791
20170706_1906,2017-07-06 19:06:00,2017-07-06 19:06:59,2017-07-06,Thursday,307,298,91.48333333333332,29951.516666666663,24244075.22147651,43585853.51005386,0.5771812080536913,327.3986154126435,158.5063165237068,1.127906976744186,13,76,0.4865771812080537,0.0360721442885771,0,BENIGN,BENIGN,0,Thursday,1792
20170706_1907,2017-07-06 19:07:00,2017-07-06 19:07:59,2017-07-06,Thursday,308,371,186.68333333333337,109038.48333333334,18366073.86522911,38407998.3096319,0.6792452830188679,584.0825819123293,178.0879226870541,0.7812052790586739,12,76,0.4043126684636118,0.0232122131952504,0,BENIGN,BENIGN,0,Thursday,1793
20170706_1908,2017-07-06 19:08:00,2017-07-06 19:08:59,2017-07-06,Thursday,309,338,89.2,32314.5,8877939.174556212,21723753.434954,0.665680473372781,362.27017937219733,222.05395229854935,1.0828793774319063,14,56,0.4112426035502958,0.0485799701046337,0,BENIGN,BENIGN,0,Thursday,1794
20170707_1359,2017-07-07 13:59:00,2017-07-07 13:59:59,2017-07-07,Friday,0,2,1.6,318.4,112740625.0,91.92388155425118,0.0,199.0,176.16296600080685,1.9393939393939392,2,1,1.0,0.0,0,BENIGN,BENIGN,0,Friday,1971
20170707_1400,2017-07-07 14:00:00,2017-07-07 14:00:59,2017-07-07,Friday,1,125,69.4,9962.783333333333,12054774.384,28320490.535111334,0.728,143.5559558117195,187.20697750917705,2.9218455743879472,16,14,0.368,0.0437079731027857,0,BENIGN,BENIGN,0,Friday,1972
20170707_1401,2017-07-07 14:01:00,2017-07-07 14:01:59,2017-07-07,Friday,2,308,86.2,17922.666666666668,7748885.863636363,24206587.82893928,0.8506493506493507,207.9195668986852,151.75145421765183,2.068208778173191,22,29,0.2175324675324675,0.045630317092034,0,BENIGN,BENIGN,0,Friday,1973
20170707_1402,2017-07-07 14:02:00,2017-07-07 14:02:59,2017-07-07,Friday,3,179,108.31666666666666,72037.53333333334,14033973.301675975,30945678.440374635,0.7374301675977654,665.064163717495,182.65843544121265,1.047244094488189,19,39,0.3128491620111732,0.0258501307893522,0,BENIGN,BENIGN,0,Friday,1974
20170707_1403,2017-07-07 14:03:00,2017-07-07 14:03:59,2017-07-07,Friday,4,147,229.26666666666668,250335.68333333332,21141753.795918368,37115403.637658216,0.6666666666666666,1091.8974265774934,332.4050053627211,0.8858122001370802,13,35,0.4217687074829932,0.010250072695551,0,BENIGN,BENIGN,0,Friday,1975
20170707_1404,2017-07-07 14:04:00,2017-07-07 14:04:59,2017-07-07,Friday,5,308,130.06666666666666,92420.96666666666,20906473.74025974,36340021.08086661,0.6428571428571429,710.5661199384931,213.39317960006605,0.801708217913204,19,82,0.3376623376623376,0.0302409021014864,0,BENIGN,BENIGN,0,Friday,1976
20170707_1405,2017-07-07 14:05:00,2017-07-07 14:05:59,2017-07-07,Friday,6,1537,551.7666666666667,356271.8333333333,15521107.821080023,33948017.94441662,0.7254391672088484,645.6929257536398,185.36380750709907,0.8745824132268841,15,241,0.2940793754066363,0.0283936446565577,0,BENIGN,BENIGN,0,Friday,1977
20170707_1406,2017-07-07 14:06:00,2017-07-07 14:06:59,2017-07-07,Friday,7,132,31.25,6589.966666666666,25003079.136363637,38664673.27987044,0.5606060606060606,210.87893333333332,135.12762722106766,1.5733882030178326,11,46,0.3181818181818182,0.0426666666666666,0,BENIGN,BENIGN,0,Friday,1978
20170707_1407,2017-07-07 14:07:00,2017-07-07 14:07:59,2017-07-07,Friday,8,399,1480.6333333333334,1778689.4166666667,18900257.684210528,37295492.13911442,0.7167919799498746,1201.303102276053,113.47603578687637,0.7309108621529469,20,59,0.1929824561403508,0.0016772102028411,0,BENIGN,BENIGN,0,Friday,1979
20170707_1408,2017-07-07 14:08:00,2017-07-07 14:08:59,2017-07-07,Friday,9,401,85.41666666666667,24574.516666666663,16824581.144638404,34614800.19291682,0.6957605985037406,287.70165853658534,186.6351707550956,1.2601410934744268,19,73,0.3192019950124688,0.0599024390243902,0,BENIGN,BENIGN,0,Friday,1980
20170707_1409,2017-07-07 14:09:00,2017-07-07 14:09:59,2017-07-07,Friday,10,338,127.65,80531.68333333333,26398307.78402367,41345160.91498978,0.6301775147928994,630.8788353570962,161.04542748403853,0.9560776302349336,19,67,0.2928994082840236,0.0272881577229403,0,BENIGN,BENIGN,0,Friday,1981
20170707_1410,2017-07-07 14:10:00,2017-07-07 14:10:59,2017-07-07,Friday,11,785,604.6833333333333,566124.7166666667,15539157.310828026,33530074.674565196,0.6929936305732484,936.2333728397784,172.2955646239424,0.8499898021619416,19,113,0.3095541401273885,0.0141396323144345,0,BENIGN,BENIGN,0,Friday,1982
20170707_1411,2017-07-07 14:11:00,2017-07-07 14:11:59,2017-07-07,Friday,12,1108,252.28333333333333,136483.33333333334,14529553.898916967,32295671.91790647,0.73014440433213,540.9922705952303,152.230875754351,0.914990512333966,17,192,0.2888086642599278,0.0430072008984607,0,BENIGN,BENIGN,0,Friday,1983
20170707_1412,2017-07-07 14:12:00,2017-07-07 14:12:59,2017-07-07,Friday,13,486,962.8,976355.4833333332,16962758.88271605,35336264.26670564,0.7181069958847737,1014.0792307159674,143.7328580095433,1.0607498305568437,59,87,0.3436213991769547,0.0055393989752111,0,BENIGN,BENIGN,0,Friday,1984
20170707_1413,2017-07-07 14:13:00,2017-07-07 14:13:59,2017-07-07,Friday,14,392,438.43333333333334,468466.56666666665,20053244.520408165,33877822.0501502,0.6428571428571429,1068.5012544666615,189.77257209068088,0.7742631685438727,12,110,0.3545918367346938,0.0089713373374895,0,BENIGN,BENIGN,0,Friday,1985
20170707_1414,2017-07-07 14:14:00,2017-07-07 14:14:59,2017-07-07,Friday,15,234,113.2,74815.16666666667,24493356.970085472,38042210.49854511,0.5341880341880342,660.9113663133098,174.20793194609,0.9684149521877716,16,72,0.3418803418803419,0.0188457008244994,0,BENIGN,BENIGN,0,Friday,1986
20170707_1415,2017-07-07 14:15:00,2017-07-07 14:15:59,2017-07-07,Friday,16,133,148.78333333333333,147657.66666666666,25601216.66917293,35858320.60983034,0.4661654135338345,992.4341884171614,143.7769123093037,0.9523288869451126,8,58,0.3533834586466165,0.0061610843508457,0,BENIGN,BENIGN,0,Friday,1987
20170707_1416,2017-07-07 14:16:00,2017-07-07 14:16:59,2017-07-07,Friday,17,1097,6683.1,8035523.6,20945697.853236098,39031384.30828716,0.6545123062898814,1202.364710987416,219.380177487882,0.7473037923386306,21,174,0.3445761166818596,0.0019077972797055,0,BENIGN,BENIGN,0,Friday,1988
20170707_1417,2017-07-07 14:17:00,2017-07-07 14:17:59,2017-07-07,Friday,18,1080,466.68333333333334,364432.13333333336,17597254.71111111,36207523.86969104,0.675,780.8981107817579,194.62693490444096,0.8998575208630165,15,164,0.3351851851851852,0.0263204885539802,0,BENIGN,BENIGN,0,Friday,1989
20170707_1418,2017-07-07 14:18:00,2017-07-07 14:18:59,2017-07-07,Friday,19,258,7930.333333333333,9771931.6,24536505.139534883,35547394.628655285,0.5736434108527132,1232.2220503551764,231.03751877577335,0.7395759833581328,17,97,0.4844961240310077,0.0004266319196334,0,BENIGN,BENIGN,0,Friday,1990
20170707_1419,2017-07-07 14:19:00,2017-07-07 14:19:59,2017-07-07,Friday,20,393,183.68333333333337,128212.56666666668,24900157.636132315,42731899.1586808,0.6157760814249363,698.0087106433173,207.46365591512696,0.8912148249828414,14,83,0.366412213740458,0.0236820615189184,0,BENIGN,BENIGN,0,Friday,1991
20170707_1420,2017-07-07 14:20:00,2017-07-07 14:20:59,2017-07-07,Friday,21,81,8224.433333333332,10191752.816666666,29005910.111111112,39001169.59364716,0.3333333333333333,1239.2042592600098,93.11561994296385,0.7318763775216542,9,51,0.419753086419753,2.8370748947242566e-05,0,BENIGN,BENIGN,0,Friday,1992
20170707_1421,2017-07-07 14:21:00,2017-07-07 14:21:59,2017-07-07,Friday,22,908,275.75,127683.58333333331,21352912.168502204,41211512.99003296,0.6629955947136564,463.0411000302206,215.00878915914504,0.9853611711063116,11,154,0.355726872246696,0.0419462073133877,0,BENIGN,BENIGN,0,Friday,1993
20170707_1422,2017-07-07 14:22:00,2017-07-07 14:22:59,2017-07-07,Friday,23,248,8221.7,10157023.516666668,13443964.322580645,29761257.828573033,0.717741935483871,1235.3921350410094,214.1061670081077,0.7367928148687996,12,88,0.4435483870967742,0.0003365078592829,0,BENIGN,BENIGN,0,Friday,1994
20170707_1423,2017-07-07 14:23:00,2017-07-07 14:23:59,2017-07-07,Friday,24,132,36.46666666666667,17834.033333333333,43653025.5,45770371.222229235,0.3939393939393939,489.0502742230347,210.9241425877213,1.06120527306968,9,51,0.5,0.0374771480804387,0,BENIGN,BENIGN,0,Friday,1995
20170707_1424,2017-07-07 14:24:00,2017-07-07 14:24:59,2017-07-07,Friday,25,539,7896.05,9731903.883333333,24224044.15955473,42439816.2599257,0.608534322820037,1232.5028189200086,157.47487164159807,0.7471493266067767,13,117,0.3766233766233766,0.0006480033265577,0,BENIGN,BENIGN,0,Friday,1996
20170707_1425,2017-07-07 14:25:00,2017-07-07 14:25:59,2017-07-07,Friday,26,2052,514.3166666666667,215402.28333333333,17126330.62719298,36660608.567478575,0.6803118908382066,418.8125668362552,173.2260709907746,0.9267028781919212,12,226,0.3118908382066276,0.0421270942026637,0,BENIGN,BENIGN,0,Friday,1997
20170707_1426,2017-07-07 14:26:00,2017-07-07 14:26:59,2017-07-07,Friday,27,622,3232.266666666667,3907381.3333333335,17679992.172025725,31975211.682211507,0.657556270096463,1208.8672551769655,170.61957422430282,0.7505235224031483,11,139,0.3536977491961415,0.002021285372494,0,BENIGN,BENIGN,0,Friday,1998
20170707_1427,2017-07-07 14:27:00,2017-07-07 14:27:59,2017-07-07,Friday,28,236,59.583333333333336,18700.6,21752880.072033897,38704534.25450968,0.5466101694915254,313.85622377622377,157.4926063857035,1.0985915492957747,16,83,0.4915254237288136,0.0332867132867132,0,BENIGN,BENIGN,0,Friday,1999
20170707_1428,2017-07-07 14:28:00,2017-07-07 14:28:59,2017-07-07,Friday,29,340,73.86666666666666,24375.366666666665,23125231.467647057,38371989.49385197,0.538235294117647,329.9914259927798,113.8964280963152,1.072463768115942,12,88,0.3970588235294117,0.0356498194945848,0,BENIGN,BENIGN,0,Friday,2000
20170707_1429,2017-07-07 14:29:00,2017-07-07 14:29:59,2017-07-07,Friday,30,473,143.11666666666667,64254.78333333333,21430085.687103596,35943794.86439477,0.627906976744186,448.9678583905904,200.6723114576015,0.8983200707338639,13,93,0.3657505285412262,0.038313730057063,0,BENIGN,BENIGN,0,Friday,2001
20170707_1430,2017-07-07 14:30:00,2017-07-07 14:30:59,2017-07-07,Friday,31,547,151.63333333333333,73374.03333333334,23420566.12431444,38822473.01334419,0.6069469835466179,483.89118487579685,203.40641149041616,0.9442307692307692,10,126,0.413162705667276,0.0450648494174543,0,BENIGN,BENIGN,0,Friday,2002
20170707_1431,2017-07-07 14:31:00,2017-07-07 14:31:59,2017-07-07,Friday,32,928,237.75,86972.7,20350769.775862068,39741509.64495555,0.6702586206896551,365.8157728706624,193.29219732704985,1.0295916915635226,18,142,0.3125,0.0415001752541184,0,BENIGN,BENIGN,0,Friday,2003
20170707_1432,2017-07-07 14:32:00,2017-07-07 14:32:59,2017-07-07,Friday,33,775,217.41666666666663,122904.63333333332,15841228.601290325,28442228.3283029,0.6503225806451612,565.2953622077424,166.49131092462633,0.8518097941802697,12,126,0.3367741935483871,0.0400919892679187,0,BENIGN,BENIGN,0,Friday,2004
20170707_1433,2017-07-07 14:33:00,2017-07-07 14:33:59,2017-07-07,Friday,34,561,316.8833333333333,257170.95,14463402.037433157,29139800.313165504,0.661319073083779,811.5635091779309,156.259922649703,0.8150057273768614,13,121,0.3351158645276292,0.016409824856677,0,BENIGN,BENIGN,0,Friday,2005
20170707_1434,2017-07-07 14:34:00,2017-07-07 14:34:59,2017-07-07,Friday,35,652,7171.633333333333,10657780.65,20480498.852760736,40489007.13014622,0.7131901840490797,1486.102280280178,155.43305962650666,0.7760694414634549,11,110,0.2806748466257668,0.0007924740528656,1,Bot,Bot,1,Friday,2006
20170707_1435,2017-07-07 14:35:00,2017-07-07 14:35:59,2017-07-07,Friday,36,277,148.28333333333333,105100.43333333332,24565067.137184117,40212921.444708765,0.6209386281588448,708.7811621895021,164.32484390415112,0.834639175257732,8,58,0.3032490974729241,0.0177587950994717,0,BENIGN,BENIGN,0,Friday,2007
20170707_1436,2017-07-07 14:36:00,2017-07-07 14:36:59,2017-07-07,Friday,37,121,26.333333333333332,7661.716666666666,20371238.305785123,35076089.117912985,0.5785123966942148,290.9512658227848,136.83511602592142,1.1307277628032344,8,41,0.3388429752066115,0.0354430379746835,0,BENIGN,BENIGN,0,Friday,2008
20170707_1437,2017-07-07 14:37:00,2017-07-07 14:37:59,2017-07-07,Friday,38,1071,351.1,212001.0,19855983.622782446,38640332.731622,0.6573295985060691,603.8194246653375,183.98666867777595,0.9051365527220112,16,183,0.3482726423902894,0.0343207063514668,0,BENIGN,BENIGN,0,Friday,2009
20170707_1438,2017-07-07 14:38:00,2017-07-07 14:38:59,2017-07-07,Friday,39,857,218.75,116779.81666666668,10807479.827304551,27654421.697770745,0.7257876312718786,533.8505904761905,288.1286499160702,0.880515759312321,8,114,0.4819136522753792,0.0665142857142857,0,BENIGN,BENIGN,0,Friday,2010
20170707_1439,2017-07-07 14:39:00,2017-07-07 14:39:59,2017-07-07,Friday,40,610,140.08333333333334,48410.75,16267635.467213117,34108966.90893643,0.6639344262295082,345.5853658536585,194.29041656863524,1.040786598689002,11,117,0.4016393442622951,0.0558001189767995,0,BENIGN,BENIGN,0,Friday,2011
20170707_1440,2017-07-07 14:40:00,2017-07-07 14:40:59,2017-07-07,Friday,41,811,227.26666666666668,80474.1,19692014.40567201,37957846.132899016,0.6399506781750924,354.09548254620125,249.35040437496372,1.05965866183356,11,128,0.5018495684340321,0.0561748313288354,0,BENIGN,BENIGN,0,Friday,2012
20170707_1441,2017-07-07 14:41:00,2017-07-07 14:41:59,2017-07-07,Friday,42,886,377.85,237315.31666666668,20589530.98645598,38658692.43105361,0.6433408577878104,628.0675312072692,172.6984056002169,0.8053830227743272,14,136,0.3521444695259593,0.0255833443606369,0,BENIGN,BENIGN,0,Friday,2013
20170707_1442,2017-07-07 14:42:00,2017-07-07 14:42:59,2017-07-07,Friday,43,1540,622.5833333333334,325099.93333333335,20671569.699350648,40005516.45206316,0.6642857142857143,522.178985410253,203.04158923490544,0.8775633293124246,10,216,0.3857142857142857,0.0315620398875652,0,BENIGN,BENIGN,0,Friday,2014
20170707_1443,2017-07-07 14:43:00,2017-07-07 14:43:59,2017-07-07,Friday,44,616,154.45,66464.26666666666,15989267.743506491,34459893.89057719,0.6753246753246753,430.3286932124744,181.17768175733815,1.0271216097987752,11,128,0.3798701298701298,0.0443509226286824,0,BENIGN,BENIGN,0,Friday,2015
20170707_1444,2017-07-07 14:44:00,2017-07-07 14:44:59,2017-07-07,Friday,45,818,222.1,72147.86666666667,19196468.347188264,37339528.51807008,0.6271393643031785,324.8440642353294,161.73226822023474,0.9929714371167938,16,161,0.3838630806845965,0.0375956776226924,0,BENIGN,BENIGN,0,Friday,2016
20170707_1445,2017-07-07 14:45:00,2017-07-07 14:45:59,2017-07-07,Friday,46,189,41.483333333333334,6056.516666666666,18867832.23809524,33385505.377633028,0.4285714285714285,145.99879469666533,117.21284934383053,1.5279187817258884,15,71,0.492063492063492,0.0393732422659702,0,BENIGN,BENIGN,0,Friday,2017
20170707_1446,2017-07-07 14:46:00,2017-07-07 14:46:59,2017-07-07,Friday,47,2695,833.4333333333333,399310.93333333335,16370846.858998144,35392572.25792049,0.6675324675324675,479.115626124865,212.3694927271524,0.902781477112743,17,378,0.3625231910946196,0.0381954165500139,0,BENIGN,BENIGN,0,Friday,2018
20170707_1447,2017-07-07 14:47:00,2017-07-07 14:47:59,2017-07-07,Friday,48,125,18.45,1676.9,13718041.76,28082943.800053947,0.632,90.88888888888889,69.88182725114645,1.5296803652968036,11,41,0.264,0.028906955736224,0,BENIGN,BENIGN,0,Friday,2019
20170707_1448,2017-07-07 14:48:00,2017-07-07 14:48:59,2017-07-07,Friday,49,222,66.36666666666666,9152.7,27016048.62162162,42908375.66931456,0.6261261261261262,137.91109994977398,123.5965602870282,1.0156882591093117,9,72,0.4234234234234234,0.0200904068307383,0,BENIGN,BENIGN,0,Friday,2020
20170707_1449,2017-07-07 14:49:00,2017-07-07 14:49:59,2017-07-07,Friday,50,506,102.86666666666666,35016.933333333334,12225471.43083004,30039647.371396296,0.6027667984189723,340.4108878807518,174.87252396529703,1.04742951907131,11,113,0.4268774703557312,0.0484445884640311,0,BENIGN,BENIGN,0,Friday,2021
20170707_1450,2017-07-07 14:50:00,2017-07-07 14:50:59,2017-07-07,Friday,51,289,96.13333333333334,27986.85,25293033.349480968,46249221.30295977,0.6608996539792388,291.125346740638,182.96011943989788,0.977039067854695,14,66,0.370242214532872,0.0332871012482662,0,BENIGN,BENIGN,0,Friday,2022
20170707_1451,2017-07-07 14:51:00,2017-07-07 14:51:59,2017-07-07,Friday,52,133,30.766666666666666,6210.466666666666,15822142.736842103,38439486.105806865,0.7443609022556391,201.8569880823402,141.19478505755683,1.2199519230769231,11,50,0.2631578947368421,0.0390032502708559,0,BENIGN,BENIGN,0,Friday,2023
20170707_1452,2017-07-07 14:52:00,2017-07-07 14:52:59,2017-07-07,Friday,53,955,331.2,156577.3,18522814.68691099,38700458.37344958,0.6638743455497382,472.75754830917873,188.3034132760764,0.895916809769128,15,138,0.3445026178010471,0.0316022544283413,0,BENIGN,BENIGN,0,Friday,2024
20170707_1453,2017-07-07 14:53:00,2017-07-07 14:53:59,2017-07-07,Friday,54,555,114.78333333333332,46542.15,12124385.486486487,31235804.88666566,0.7207207207207207,405.4782924350225,139.67900908837407,0.956262425447316,7,100,0.2882882882882883,0.0453027443008566,0,BENIGN,BENIGN,0,Friday,2025
20170707_1454,2017-07-07 14:54:00,2017-07-07 14:54:59,2017-07-07,Friday,55,604,190.46666666666667,88006.43333333333,19943966.685430463,40453253.947022095,0.6754966887417219,462.0568778438922,189.38797682715247,0.9859252823631623,16,83,0.3344370860927152,0.0371893594679734,0,BENIGN,BENIGN,0,Friday,2026
20170707_1455,2017-07-07 14:55:00,2017-07-07 14:55:59,2017-07-07,Friday,56,716,190.51666666666668,87994.38333333333,15443309.134078212,33281875.30778965,0.6564245810055865,461.8723646225177,145.80535161316777,1.010905892700088,11,156,0.3324022346368715,0.0356049339515353,0,BENIGN,BENIGN,0,Friday,2027
20170707_1456,2017-07-07 14:56:00,2017-07-07 14:56:59,2017-07-07,Friday,57,1069,225.6,69221.38333333333,13198538.538821328,32212189.659486756,0.744621141253508,306.8323729314421,142.36021386303617,1.1224521793665725,21,141,0.2478952291861552,0.0404846335697399,0,BENIGN,BENIGN,0,Friday,2028
20170707_1457,2017-07-07 14:57:00,2017-07-07 14:57:59,2017-07-07,Friday,58,1254,313.4166666666667,126144.03333333334,18307474.633971293,38582451.72047361,0.6794258373205742,402.4802977931401,147.87307252527373,1.0061873266481758,20,158,0.3086124401913875,0.0403616059558628,0,BENIGN,BENIGN,0,Friday,2029
20170707_1458,2017-07-07 14:58:00,2017-07-07 14:58:59,2017-07-07,Friday,59,739,225.8,126128.38333333332,15327966.589986468,33938240.91251801,0.6630581867388363,558.5845143194567,183.5259536486202,0.9128900183538048,17,137,0.3640054127198917,0.0365367581930912,0,BENIGN,BENIGN,0,Friday,2030
20170707_1459,2017-07-07 14:59:00,2017-07-07 14:59:59,2017-07-07,Friday,60,1296,302.76666666666665,95493.86666666668,16963056.354938272,37916753.99912358,0.7322530864197531,315.40416162060995,157.98876778488358,1.0271144833742467,13,192,0.2862654320987654,0.0383683804910271,0,BENIGN,BENIGN,0,Friday,2031
20170707_1500,2017-07-07 15:00:00,2017-07-07 15:00:59,2017-07-07,Friday,61,233,45.5,7490.733333333334,12157433.918454936,29527317.885058656,0.6051502145922747,164.63150183150182,108.65816261036602,1.2312091503267977,19,71,0.3948497854077253,0.056043956043956,0,BENIGN,BENIGN,0,Friday,2032
20170707_1501,2017-07-07 15:01:00,2017-07-07 15:01:59,2017-07-07,Friday,62,1500,640.85,420936.51666666666,21446862.514,39817952.93039547,0.6326666666666667,656.8409404176745,197.1321006642558,0.7209094163981382,13,218,0.3586666666666667,0.0262932043379886,0,BENIGN,BENIGN,0,Friday,2033
20170707_1502,2017-07-07 15:02:00,2017-07-07 15:02:59,2017-07-07,Friday,63,1600,455.35,217436.21666666667,16928955.375625,36528887.348098926,0.69625,477.51447604406866,140.0940716715561,0.8917122481478917,10,197,0.265,0.030928589729512,0,BENIGN,BENIGN,0,Friday,2034
20170707_1503,2017-07-07 15:03:00,2017-07-07 15:03:59,2017-07-07,Friday,64,1353,599.7166666666667,459820.05,13897453.12638581,32705605.32471882,0.6777531411677753,766.7288163855154,186.80370494194773,0.968059505578648,11,185,0.3532889874353289,0.0244282022065975,0,BENIGN,BENIGN,0,Friday,2035
20170707_1504,2017-07-07 15:04:00,2017-07-07 15:04:59,2017-07-07,Friday,65,1507,488.3833333333333,281074.2,12743163.124751162,29825975.773727465,0.6894492368944923,575.5196396273419,201.3689878668611,0.953990798159632,20,242,0.4147312541473125,0.0387673617035798,1,Bot,Bot,1,Friday,2036
20170707_1505,2017-07-07 15:05:00,2017-07-07 15:05:59,2017-07-07,Friday,66,808,226.51666666666668,82646.61666666667,10347516.11509901,25106502.81064095,0.6868811881188119,364.8588771981458,174.86744683630363,0.9964747356051704,11,134,0.417079207920792,0.0388492384666323,1,Bot,Bot,1,Friday,2037
20170707_1506,2017-07-07 15:06:00,2017-07-07 15:06:59,2017-07-07,Friday,67,1185,579.0833333333334,448804.3333333333,15383792.197468355,33147149.861185588,0.7021097046413503,775.0254712908333,190.8674297634067,0.8005907654039488,12,180,0.3544303797468354,0.0217585264066772,1,Bot,Bot,1,Friday,2038
20170707_1507,2017-07-07 15:07:00,2017-07-07 15:07:59,2017-07-07,Friday,68,1177,460.9166666666667,316879.2166666667,14500677.884451997,34067857.92974704,0.7374681393372983,687.4978484903272,194.08249342631504,0.8189950013154433,12,172,0.3372982158028887,0.0269752305188935,1,Bot,Bot,1,Friday,2039
20170707_1508,2017-07-07 15:08:00,2017-07-07 15:08:59,2017-07-07,Friday,69,1013,385.71666666666664,354967.23333333334,14715125.84995064,34636888.06087807,0.7423494570582428,920.2797390139568,163.04680945019842,1.0060674352084598,15,165,0.3139190523198421,0.0257961370608823,1,Bot,Bot,1,Friday,2040
20170707_1509,2017-07-07 15:09:00,2017-07-07 15:09:59,2017-07-07,Friday,70,486,130.76666666666668,59025.55,15163170.42798354,29599879.46642203,0.6419753086419753,451.3807035432067,195.2401934602145,1.0371235721703012,13,117,0.419753086419753,0.0339026255416772,1,Bot,Bot,1,Friday,2041
20170707_1510,2017-07-07 15:10:00,2017-07-07 15:10:59,2017-07-07,Friday,71,1505,914.9,817726.0333333333,11267411.77475083,30612354.616481345,0.7760797342192691,893.7873355922324,142.08111884408214,0.7612050434726811,16,174,0.2551495016611295,0.012587896673589,1,Bot,Bot,1,Friday,2042
20170707_1511,2017-07-07 15:11:00,2017-07-07 15:11:59,2017-07-07,Friday,72,1009,533.4666666666667,530019.0833333334,11534114.682854312,30399247.846308444,0.7888999008919723,993.5373969007748,160.4020833894509,0.7990669964028777,14,120,0.2765113974231912,0.0169332666833291,1,Bot,Bot,1,Friday,2043
20170707_1512,2017-07-07 15:12:00,2017-07-07 15:12:59,2017-07-07,Friday,73,342,152.05,78506.66666666667,17029830.529239766,36122421.396613635,0.6842105263157895,516.3213855091527,221.20921187875348,0.9044040910039658,13,68,0.4152046783625731,0.0283897840622602,1,Bot,Bot,1,Friday,2044
20170707_1513,2017-07-07 15:13:00,2017-07-07 15:13:59,2017-07-07,Friday,74,669,348.1,379555.2166666667,11526504.729446936,29371636.91233978,0.7130044843049327,1090.3625873791057,152.30672595121297,1.0820374800637955,12,125,0.336322869955157,0.0164224839605477,1,Bot,Bot,1,Friday,2045
20170707_1514,2017-07-07 15:14:00,2017-07-07 15:14:59,2017-07-07,Friday,75,500,549.6833333333333,879345.7166666667,19394201.874,38487825.83998726,0.658,1599.7314514417392,234.02530178877572,0.8794233289646134,15,82,0.484,0.0131894120857463,1,Bot,Bot,1,Friday,2046
20170707_1515,2017-07-07 15:15:00,2017-07-07 15:15:59,2017-07-07,Friday,76,1383,431.25,225643.7,13642144.071583511,32503735.044117957,0.6796818510484454,523.231768115942,181.49539092706652,0.8453858222792754,11,190,0.3456254519161243,0.0369082125603864,1,Bot,Bot,1,Friday,2047
20170707_1516,2017-07-07 15:16:00,2017-07-07 15:16:59,2017-07-07,Friday,77,580,736.8333333333334,1245058.6,11490729.339655172,28340046.40046508,0.7103448275862069,1689.7425016964487,150.84384110871704,0.8558895138947191,13,97,0.3620689655172414,0.0088667722234788,1,Bot,Bot,1,Friday,2048
20170707_1517,2017-07-07 15:17:00,2017-07-07 15:17:59,2017-07-07,Friday,78,835,362.4166666666667,242821.63333333333,12596306.311377246,32176879.862605687,0.7233532934131737,670.0068061623361,199.0877065766857,0.7545586574148782,12,120,0.4119760479041916,0.0268567486778569,1,Bot,Bot,1,Friday,2049
20170707_1518,2017-07-07 15:18:00,2017-07-07 15:18:59,2017-07-07,Friday,79,892,919.0333333333332,1424861.65,13216073.742152466,33162412.437778804,0.7275784753363229,1550.391697798411,191.86718387993255,0.8562291715757229,13,118,0.3654708520179372,0.0110260781255667,1,Bot,Bot,1,Friday,2050
20170707_1519,2017-07-07 15:19:00,2017-07-07 15:19:59,2017-07-07,Friday,80,684,207.56666666666663,92643.28333333334,12099734.638888888,31715711.648362584,0.7675438596491229,446.3302553396499,202.99432739180267,0.9663719608462268,13,109,0.4064327485380117,0.0431186767303677,1,Bot,Bot,1,Friday,2051
20170707_1520,2017-07-07 15:20:00,2017-07-07 15:20:59,2017-07-07,Friday,81,597,129.61666666666667,40164.35,18657767.08040201,35742206.635566995,0.6365159128978225,309.8702584544169,155.0363768122318,1.0942380183091007,16,113,0.3316582914572864,0.0432043204320432,1,Bot,Bot,1,Friday,2052
20170707_1521,2017-07-07 15:21:00,2017-07-07 15:21:59,2017-07-07,Friday,82,3278,705.5666666666667,264271.1666666667,16128674.728492985,36307523.18205875,0.6879194630872483,374.55166060377,151.72749292874082,1.0001417367476142,16,362,0.3136058572300183,0.0473378371994141,1,Bot,Bot,1,Friday,2053
20170707_1522,2017-07-07 15:22:00,2017-07-07 15:22:59,2017-07-07,Friday,83,784,351.3333333333333,213351.95,9523464.99872449,27870095.800739203,0.7857142857142857,607.263614800759,281.952470047565,0.8299479166666667,13,129,0.5497448979591837,0.0393263757115749,1,Bot,Bot,1,Friday,2054
20170707_1523,2017-07-07 15:23:00,2017-07-07 15:23:59,2017-07-07,Friday,84,1601,608.4666666666667,436486.5,15859376.593379138,36839436.70152962,0.7482823235477827,717.3548263394324,131.5435860772204,0.7657670729348036,11,189,0.2991880074953154,0.0220225703955297,1,Bot,Bot,1,Friday,2055
20170707_1524,2017-07-07 15:24:00,2017-07-07 15:24:59,2017-07-07,Friday,85,1298,267.28333333333336,103000.28333333334,15366588.725731894,35809836.91423579,0.736517719568567,385.3599176903411,146.87551909355528,0.9831828861135156,9,157,0.2688751926040061,0.0419654548855771,1,Bot,Bot,1,Friday,2056
20170707_1525,2017-07-07 15:25:00,2017-07-07 15:25:59,2017-07-07,Friday,86,1502,304.73333333333335,158109.76666666666,10978989.254327564,30234856.49569857,0.8115845539280959,518.8463137169109,124.20421904289528,0.901913875598086,12,131,0.2063914780292942,0.0305731787355064,1,Bot,Bot,1,Friday,2057
20170707_1526,2017-07-07 15:26:00,2017-07-07 15:26:59,2017-07-07,Friday,87,1699,375.21666666666664,175405.93333333332,9965555.014125956,25434515.952175133,0.7186580341377281,467.47905654510726,160.29280798182197,0.9079661016949152,13,240,0.3266627427898764,0.0457069248878425,1,Bot,Bot,1,Friday,2058
20170707_1527,2017-07-07 15:27:00,2017-07-07 15:27:59,2017-07-07,Friday,88,1324,260.43333333333334,85415.33333333333,13904403.20241692,34817711.63050375,0.7741691842900302,327.97388967106104,121.2383632248978,0.9686318972033258,12,130,0.2530211480362537,0.0408293869192371,1,Bot,Bot,1,Friday,2059
20170707_1528,2017-07-07 15:28:00,2017-07-07 15:28:59,2017-07-07,Friday,89,1414,673.0,557454.95,15207847.923620934,33930806.31552284,0.6888260254596889,828.3134472511144,172.95001993087786,0.9171533019987655,12,195,0.3804809052333804,0.0252352649826646,1,Bot,Bot,1,Friday,2060
20170707_1529,2017-07-07 15:29:00,2017-07-07 15:29:59,2017-07-07,Friday,90,1577,601.8666666666667,371895.45,16145542.079264428,32238111.814959183,0.6544071020925808,617.9033839167035,188.06868211923097,0.7887463470206548,11,210,0.3779327837666455,0.0318730615861763,1,Bot,Bot,1,Friday,2061
20170707_1530,2017-07-07 15:30:00,2017-07-07 15:30:59,2017-07-07,Friday,91,1492,244.46666666666667,61925.316666666666,11361744.550938338,30462684.284870453,0.75,253.30781292609765,114.33790725884658,1.00642866912871,14,183,0.2580428954423592,0.0499045541314426,1,Bot,Bot,1,Friday,2062
20170707_1531,2017-07-07 15:31:00,2017-07-07 15:31:59,2017-07-07,Friday,92,370,106.81666666666666,49895.183333333334,14602578.378378378,31790153.555297565,0.6135135135135135,467.1104696520518,161.27402687388437,0.9289798374962384,16,80,0.4702702702702703,0.0452488687782805,1,Bot,Bot,1,Friday,2063
20170707_1532,2017-07-07 15:32:00,2017-07-07 15:32:59,2017-07-07,Friday,93,1831,398.06666666666666,174397.0,15997129.218459858,36374818.76769145,0.7307482250136538,438.1100318204656,120.96726044103124,0.932756109402816,14,192,0.2528672856362643,0.0378077373974208,1,Bot,Bot,1,Friday,2064
20170707_1533,2017-07-07 15:33:00,2017-07-07 15:33:59,2017-07-07,Friday,94,365,94.3,52416.21666666667,10278183.361643836,27112112.528489582,0.7863013698630137,555.8453517143868,131.4715815237433,0.810300703774792,13,58,0.2712328767123287,0.0296924708377518,1,Bot,Bot,1,Friday,2065
20170707_1534,2017-07-07 15:34:00,2017-07-07 15:34:59,2017-07-07,Friday,95,2773,465.53333333333336,147991.65,9727994.253516048,26326338.391083587,0.7616300036062027,317.89699985679505,115.03422378133696,1.0091347191253686,11,280,0.2376487558600793,0.0464341973363883,1,Bot,Bot,1,Friday,2066
20170707_1535,2017-07-07 15:35:00,2017-07-07 15:35:59,2017-07-07,Friday,96,246,271.5,309979.05,11116525.361788616,30074775.074196503,0.7682926829268293,1141.7276243093922,137.08365984379137,0.7927808957851876,12,65,0.3577235772357723,0.007366482504604,1,Bot,Bot,1,Friday,2067
20170707_1536,2017-07-07 15:36:00,2017-07-07 15:36:59,2017-07-07,Friday,97,1018,160.18333333333334,29380.783333333333,12348583.2043222,33399246.680403173,0.7927308447937131,183.41972739569243,93.68422703385858,1.0868432479374728,11,90,0.2269155206286837,0.0445323067318697,1,Bot,Bot,1,Friday,2068
20170707_1537,2017-07-07 15:37:00,2017-07-07 15:37:59,2017-07-07,Friday,98,787,197.83333333333337,85477.83333333333,14318549.196950443,34636543.05824707,0.735705209656925,432.0699241786015,178.37067805852232,0.9036241180243746,15,116,0.3468869123252859,0.0427969671440606,1,Bot,Bot,1,Friday,2069
20170707_1538,2017-07-07 15:38:00,2017-07-07 15:38:59,2017-07-07,Friday,99,1039,131.11666666666667,30192.55,4720541.575553417,13893852.26723564,0.8190567853705486,230.2724037117071,104.8054402913402,1.1259119156984598,16,90,0.2136669874879692,0.0533875683233761,1,Bot,Bot,1,Friday,2070
20170707_1539,2017-07-07 15:39:00,2017-07-07 15:39:59,2017-07-07,Friday,100,1177,308.25,162709.45,11921495.221750213,31447995.540862262,0.7553101104502974,527.8489862124899,157.611729309649,0.8890818098253498,15,151,0.2931180968564146,0.0349283590159502,1,Bot,Bot,1,Friday,2071
20170707_1540,2017-07-07 15:40:00,2017-07-07 15:40:59,2017-07-07,Friday,101,156,32.31666666666667,5095.65,6550611.891025641,23257608.920561247,0.8012820512820513,157.67870036101084,114.34381074829903,1.5695364238410596,18,44,0.2948717948717949,0.038164002062919,1,Bot,Bot,1,Friday,2072
20170707_1541,2017-07-07 15:41:00,2017-07-07 15:41:59,2017-07-07,Friday,102,1029,234.81666666666663,98171.46666666666,12628263.551020408,32093712.1548335,0.7706511175898931,418.0770814110299,141.40150346852892,0.8437581784873069,13,133,0.2759961127308066,0.0396763432465043,1,Bot,Bot,1,Friday,2073
20170707_1542,2017-07-07 15:42:00,2017-07-07 15:42:59,2017-07-07,Friday,103,159,45.56666666666667,22783.15,11503354.735849056,31458945.111444328,0.6729559748427673,499.99597659107536,183.00602054379544,0.8927335640138409,9,49,0.440251572327044,0.0365764447695683,1,Bot,Bot,1,Friday,2074
20170707_1543,2017-07-07 15:43:00,2017-07-07 15:43:59,2017-07-07,Friday,104,203,48.13333333333333,12808.383333333331,11955447.57142857,31719134.819691263,0.7536945812807881,266.1021468144044,112.49655363551126,1.283794466403162,16,56,0.3940886699507389,0.0408587257617728,1,Bot,Bot,1,Friday,2075
20170707_1544,2017-07-07 15:44:00,2017-07-07 15:44:59,2017-07-07,Friday,105,647,200.75,123437.91666666669,12998551.61514683,32999437.43117116,0.7372488408037094,614.8837691988377,203.75473594514472,0.9021001105321332,12,96,0.3724884080370942,0.0401826484018264,1,Bot,Bot,1,Friday,2076
20170707_1545,2017-07-07 15:45:00,2017-07-07 15:45:59,2017-07-07,Friday,106,178,43.15,10024.933333333332,10349265.02247191,31277669.328292184,0.7584269662921348,232.3275395905755,143.23978607741662,1.2366148531951642,14,37,0.4775280898876404,0.0660486674391657,1,Bot,Bot,1,Friday,2077
20170707_1546,2017-07-07 15:46:00,2017-07-07 15:46:59,2017-07-07,Friday,107,524,154.35,74323.05,17011886.328244276,38057112.961418495,0.7213740458015268,481.5228377065111,186.28581378173857,0.9761041177725625,17,82,0.3759541984732824,0.0436237987258395,1,Bot,Bot,1,Friday,2078
20170707_1547,2017-07-07 15:47:00,2017-07-07 15:47:59,2017-07-07,Friday,108,151,47.833333333333336,13922.333333333334,9094247.397350991,27799587.116387468,0.6688741721854304,291.05923344947735,126.99438367013576,1.1799544419134396,14,48,0.3841059602649007,0.0278745644599303,1,Bot,Bot,1,Friday,2079
20170707_1548,2017-07-07 15:48:00,2017-07-07 15:48:59,2017-07-07,Friday,109,353,72.4,34476.61666666667,11244739.135977335,31694332.100840233,0.8073654390934845,476.19636279926334,208.066120315378,0.9057017543859648,8,67,0.2889518413597733,0.0460405156537753,1,Bot,Bot,1,Friday,2080
20170707_1549,2017-07-07 15:49:00,2017-07-07 15:49:59,2017-07-07,Friday,110,130,39.81666666666667,16550.016666666666,9189362.776923075,29888858.815179285,0.7923076923076923,415.6555043951444,191.96629467281636,1.1570397111913358,16,29,0.5076923076923077,0.04688154039347,1,Bot,Bot,1,Friday,2081
20170707_1550,2017-07-07 15:50:00,2017-07-07 15:50:59,2017-07-07,Friday,111,418,212.18333333333337,169401.86666666667,15011070.796650715,35509129.53397534,0.7392344497607656,798.3749901814468,151.4718923988968,0.9034235311705786,15,56,0.3301435406698564,0.0237216243814311,1,Bot,Bot,1,Friday,2082
20170707_1551,2017-07-07 15:51:00,2017-07-07 15:51:59,2017-07-07,Friday,112,935,346.6333333333333,182833.58333333337,24019017.670588236,43868562.1414508,0.6620320855614973,527.4552841619386,177.87920946933517,0.9213856812933026,13,127,0.3475935828877005,0.0305798634484085,1,Bot,Bot,1,Friday,2083
20170707_1552,2017-07-07 15:52:00,2017-07-07 15:52:59,2017-07-07,Friday,113,911,229.41666666666663,86853.91666666667,13416468.163556531,33507960.169377074,0.7398463227222832,378.58590628405375,148.8891922802605,0.959294050668944,13,118,0.261251372118551,0.0343625136215038,1,Bot,Bot,1,Friday,2084
20170707_1553,2017-07-07 15:53:00,2017-07-07 15:53:59,2017-07-07,Friday,114,604,123.51666666666668,43363.7,10025956.96357616,28452937.170269247,0.75,351.07569828633115,157.87590146646662,1.062326099053979,11,78,0.3195364238410596,0.0399406287950344,1,Bot,Bot,1,Friday,2085
20170707_1554,2017-07-07 15:54:00,2017-07-07 15:54:59,2017-07-07,Friday,115,666,117.01666666666668,28736.783333333333,8699899.920420421,23070763.18650862,0.7417417417417418,245.57855006409343,138.10391894297817,1.0695549661066903,12,81,0.2582582582582582,0.0411622276029055,1,Bot,Bot,1,Friday,2086
20170707_1555,2017-07-07 15:55:00,2017-07-07 15:55:59,2017-07-07,Friday,116,1019,248.76666666666668,109438.16666666669,11667428.956820412,30359323.357347045,0.7438665358194309,439.9229532359641,174.7142264447626,0.9653719552337064,17,120,0.3130520117762512,0.0408682835320916,1,Bot,Bot,1,Friday,2087
20170707_1556,2017-07-07 15:56:00,2017-07-07 15:56:59,2017-07-07,Friday,117,295,77.6,37249.05,12046460.454237288,32793805.923716635,0.7898305084745763,480.01353092783506,131.66709503611278,0.9109560935576528,14,59,0.2915254237288135,0.0347938144329896,1,Bot,Bot,1,Friday,2088
20170707_1557,2017-07-07 15:57:00,2017-07-07 15:57:59,2017-07-07,Friday,118,135,44.016666666666666,17457.766666666666,14448301.48148148,34166170.534564026,0.6814814814814815,396.61719045815977,111.9856398633127,0.8046448087431693,11,36,0.3555555555555555,0.0348352896630064,1,Bot,Bot,1,Friday,2089
20170707_1558,2017-07-07 15:58:00,2017-07-07 15:58:59,2017-07-07,Friday,119,512,181.1,127352.5,13056925.48046875,33108372.767125584,0.755859375,703.2164549972391,134.21774108188444,0.8157059314954052,19,77,0.265625,0.0231916068470458,1,Bot,Bot,1,Friday,2090
20170707_1559,2017-07-07 15:59:00,2017-07-07 15:59:59,2017-07-07,Friday,120,271,98.23333333333332,41890.75,14117357.243542437,32636635.521219447,0.6494464944649446,426.44129623345776,127.80592540067472,0.7477023421286688,9,57,0.3763837638376384,0.0305395317271801,1,Bot,Bot,1,Friday,2091
20170707_1600,2017-07-07 16:00:00,2017-07-07 16:00:59,2017-07-07,Friday,121,900,315.31666666666666,189539.78333333333,19717268.195555557,40775618.982932806,0.7266666666666667,601.1093081029653,179.03823068604743,0.8370715603456647,16,128,0.3155555555555555,0.0296527300597283,1,Bot,Bot,1,Friday,2092
20170707_1601,2017-07-07 16:01:00,2017-07-07 16:01:59,2017-07-07,Friday,122,653,279.3833333333333,224119.03333333333,13418941.055130169,27586207.240043364,0.667687595712098,802.1918511006384,210.79547988498197,0.7813197322282436,12,128,0.3491577335375191,0.026725526457078,1,Bot,Bot,1,Friday,2093
20170707_1602,2017-07-07 16:02:00,2017-07-07 16:02:59,2017-07-07,Friday,123,817,264.2,132675.56666666668,17617286.334149327,37863166.525108606,0.7074663402692778,502.17852636891246,214.25360622186332,0.9598219804673012,17,149,0.386780905752754,0.0395533686601059,1,Bot,Bot,1,Friday,2094
20170707_1603,2017-07-07 16:03:00,2017-07-07 16:03:59,2017-07-07,Friday,124,562,194.51666666666668,117749.08333333331,14344282.524911031,35739379.78110877,0.6921708185053381,605.3418730185931,185.9215296438032,0.8381102362204724,10,94,0.3861209964412811,0.0323879701825036,1,Bot,Bot,1,Friday,2095
20170707_1604,2017-07-07 16:04:00,2017-07-07 16:04:59,2017-07-07,Friday,125,218,43.3,8781.833333333334,7556871.233944954,23865314.20071544,0.7706422018348624,202.8137028483449,120.57045629522533,1.2718531468531469,15,54,0.3577981651376147,0.0423402617397998,1,Bot,Bot,1,Friday,2096
20170707_1605,2017-07-07 16:05:00,2017-07-07 16:05:59,2017-07-07,Friday,126,364,153.68333333333334,89582.13333333333,8950931.777472528,19944442.674728323,0.7472527472527473,582.9007699815638,248.956716991726,1.0663231010531034,18,100,0.521978021978022,0.0391497668365687,1,Bot,Bot,1,Friday,2097
20170707_1606,2017-07-07 16:06:00,2017-07-07 16:06:59,2017-07-07,Friday,127,1097,276.1166666666667,99528.76666666666,13465864.45396536,33255062.83524792,0.7474931631722881,360.45910545059456,178.40788907356531,0.9607100591715976,21,140,0.3418413855970829,0.0445463873966318,1,Bot,Bot,1,Friday,2098
20170707_1607,2017-07-07 16:07:00,2017-07-07 16:07:59,2017-07-07,Friday,128,1406,365.6333333333333,132939.95,19253433.23470839,39793323.010262474,0.6998577524893315,363.588157534871,195.3472460029315,0.970804886812792,15,200,0.3577524893314367,0.0469960798614276,1,Bot,Bot,1,Friday,2099
20170707_1608,2017-07-07 16:08:00,2017-07-07 16:08:59,2017-07-07,Friday,129,475,97.66666666666669,24388.233333333337,19217131.896842103,39773700.35103238,0.6947368421052632,249.70887372013652,115.26953221288916,1.115884476534296,12,82,0.3494736842105263,0.0467576791808873,1,Bot,Bot,1,Friday,2100
20170707_1609,2017-07-07 16:09:00,2017-07-07 16:09:59,2017-07-07,Friday,130,213,58.016666666666666,31072.05,15312712.154929578,32437061.22869349,0.5915492957746479,535.5711002585464,91.75867578608542,0.9376739009460212,12,74,0.5117370892018779,0.027578282102844,1,Bot,Bot,1,Friday,2101
20170707_1610,2017-07-07 16:10:00,2017-07-07 16:10:59,2017-07-07,Friday,131,978,179.1,48250.15,17698790.812883437,38737544.811976545,0.6707566462167689,269.40340591848127,140.92440650331832,1.1130554463232405,13,170,0.3486707566462168,0.0541596873255164,1,Bot,Bot,1,Friday,2102
20170707_1611,2017-07-07 16:11:00,2017-07-07 16:11:59,2017-07-07,Friday,132,158,22.716666666666665,3609.1666666666665,8331951.905063291,27045163.97198635,0.8670886075949367,158.87747615553926,107.50962085747538,1.161648177496038,14,25,0.2784810126582278,0.0579603815113719,1,Bot,Bot,1,Friday,2103
20170707_1612,2017-07-07 16:12:00,2017-07-07 16:12:59,2017-07-07,Friday,133,494,199.35,112381.96666666666,15661671.854251012,36334457.18134171,0.6417004048582996,563.7419948164869,217.6725918353308,0.7942102894855257,15,78,0.4129554655870445,0.0331912047487668,1,Bot,Bot,1,Friday,2104
20170707_1613,2017-07-07 16:13:00,2017-07-07 16:13:59,2017-07-07,Friday,134,1209,264.3333333333333,105476.8,12882728.663358146,32587105.540742666,0.739454094292804,399.02950819672134,128.06854414788026,0.9603262884686689,12,147,0.248966087675765,0.0344892812105926,1,Bot,Bot,1,Friday,2105
20170707_1614,2017-07-07 16:14:00,2017-07-07 16:14:59,2017-07-07,Friday,135,170,25.783333333333335,4331.416666666667,11383668.2,28929135.586809453,0.7411764705882353,167.9928894634777,143.13283163732655,1.3888888888888888,13,57,0.4058823529411764,0.063994828700711,0,BENIGN,BENIGN,0,Friday,2106
20170707_1615,2017-07-07 16:15:00,2017-07-07 16:15:59,2017-07-07,Friday,136,406,143.65,64474.433333333334,27984624.504926108,46497798.663280256,0.6428571428571429,448.8300266852303,228.60507557013477,0.9857175765952544,14,85,0.5123152709359606,0.0436245504118807,1,Bot,Bot,1,Friday,2107
20170707_1616,2017-07-07 16:16:00,2017-07-07 16:16:59,2017-07-07,Friday,137,185,46.95,9275.8,8028684.713513513,23965842.772886712,0.7243243243243244,197.56762513312032,184.96647603161344,1.4251290877796905,16,57,0.5621621621621622,0.0589279375221867,1,Bot,Bot,1,Friday,2108
20170707_1617,2017-07-07 16:17:00,2017-07-07 16:17:59,2017-07-07,Friday,138,2244,488.9166666666667,182256.5,17587366.26916221,37543612.85572672,0.6524064171122995,372.7762058973922,177.13511795695138,0.9938829606470468,17,261,0.3373440285204991,0.0525311061871484,1,Bot,Bot,1,Friday,2109
20170707_1618,2017-07-07 16:18:00,2017-07-07 16:18:59,2017-07-07,Friday,139,667,344.3,243475.68333333332,13627291.727136431,31331251.20841349,0.6656671664167916,707.1614386678284,208.7434550155182,0.8031770969712839,14,96,0.4032983508245877,0.0282699196437215,1,Bot,Bot,1,Friday,2110
20170707_1619,2017-07-07 16:19:00,2017-07-07 16:19:59,2017-07-07,Friday,140,607,184.58333333333337,97248.8,17144768.62438221,36047408.14310411,0.6836902800658978,526.8558013544018,150.78725252984708,0.9596602972399152,10,115,0.3591433278418451,0.0343115124153498,0,BENIGN,BENIGN,0,Friday,2111
20170707_1620,2017-07-07 16:20:00,2017-07-07 16:20:59,2017-07-07,Friday,141,1134,235.21666666666667,83135.06666666667,16735576.53527337,36527075.38906082,0.6710758377425045,353.44037412314884,140.38784839541088,1.007966993882487,13,180,0.3315696649029982,0.0485368100333026,1,Bot,Bot,1,Friday,2112
20170707_1621,2017-07-07 16:21:00,2017-07-07 16:21:59,2017-07-07,Friday,142,489,237.88333333333333,191009.86666666667,16899198.521472394,38788887.666502,0.7341513292433538,802.9560709031038,150.75070807763427,0.8290620194771912,13,82,0.3456032719836401,0.0202480207384572,1,Bot,Bot,1,Friday,2113
20170707_1622,2017-07-07 16:22:00,2017-07-07 16:22:59,2017-07-07,Friday,143,686,178.21666666666667,91008.68333333332,11880590.231778426,30251462.847798243,0.750728862973761,510.6631441129711,136.52553732811202,0.9048806555040968,16,106,0.2769679300291545,0.0314224258860937,1,Bot,Bot,1,Friday,2114
20170707_1623,2017-07-07 16:23:00,2017-07-07 16:23:59,2017-07-07,Friday,144,1209,189.63333333333333,52968.566666666666,12524754.35566584,31298507.43637514,0.7212572373862697,279.32097029354895,125.23372792808078,1.0268970431065194,12,146,0.2696443341604632,0.0549305677623483,1,Bot,Bot,1,Friday,2115
20170707_1624,2017-07-07 16:24:00,2017-07-07 16:24:59,2017-07-07,Friday,145,2337,563.75,278839.4666666667,12442703.41677364,30423938.530019652,0.7115960633290543,494.6154619364375,136.19473183076937,0.8974589106411622,11,279,0.2772785622593068,0.0376940133037694,0,BENIGN,BENIGN,0,Friday,2116
20170707_1625,2017-07-07 16:25:00,2017-07-07 16:25:59,2017-07-07,Friday,146,523,60.2,11023.783333333333,4566889.022944551,16649719.880460449,0.8183556405353728,183.11932447397564,85.8715923031116,1.1883706844336763,15,67,0.24282982791587,0.0539867109634551,1,Bot,Bot,1,Friday,2117
20170707_1626,2017-07-07 16:26:00,2017-07-07 16:26:59,2017-07-07,Friday,147,348,144.41666666666666,105608.16666666669,12637404.586206896,28793675.197278656,0.646551724137931,731.2740911713792,126.5173488733658,0.8921397379912663,13,80,0.4080459770114942,0.021004039238315,1,Bot,Bot,1,Friday,2118
20170707_1627,2017-07-07 16:27:00,2017-07-07 16:27:59,2017-07-07,Friday,148,246,84.93333333333334,60998.65,10521074.577235771,28593053.18911291,0.6991869918699187,718.1944662480377,116.26928528452198,0.8275367515238436,10,71,0.3292682926829268,0.020800627943485,1,Bot,Bot,1,Friday,2119
20170707_1628,2017-07-07 16:28:00,2017-07-07 16:28:59,2017-07-07,Friday,149,1088,326.6666666666667,158374.96666666667,17934332.69485294,36615293.36387306,0.6672794117647058,484.8213265306122,154.13439125720885,0.9154695592690316,18,139,0.3538602941176471,0.0391836734693877,1,Bot,Bot,1,Friday,2120
20170707_1629,2017-07-07 16:29:00,2017-07-07 16:29:59,2017-07-07,Friday,150,1476,337.1666666666667,127136.48333333334,15302539.619241191,34807676.18156001,0.7086720867208672,377.0731092436975,178.4808358059617,0.9900649222899862,9,178,0.328590785907859,0.0485912011863568,0,BENIGN,BENIGN,0,Friday,2121
20170707_1630,2017-07-07 16:30:00,2017-07-07 16:30:59,2017-07-07,Friday,151,1218,229.23333333333332,64128.35,14910083.947454844,33594405.301159434,0.7044334975369458,279.7514177693762,150.5080415085358,1.0377777777777777,13,157,0.3144499178981937,0.0532935873200523,1,Bot,Bot,1,Friday,2122
20170707_1631,2017-07-07 16:31:00,2017-07-07 16:31:59,2017-07-07,Friday,152,415,65.73333333333333,14530.816666666668,10562822.079518072,26778153.404830564,0.6771084337349398,221.05704868154157,116.0591809800396,1.096174282678002,14,57,0.2819277108433735,0.0443711967545638,1,Bot,Bot,1,Friday,2123
20170707_1632,2017-07-07 16:32:00,2017-07-07 16:32:59,2017-07-07,Friday,153,903,293.96666666666664,158478.56666666668,15034828.903654486,35918985.77700388,0.7308970099667774,539.1038666515478,187.6408963174031,0.8970746397074639,14,177,0.4097452934662237,0.0378160789205125,1,Bot,Bot,1,Friday,2124
20170707_1633,2017-07-07 16:33:00,2017-07-07 16:33:59,2017-07-07,Friday,154,101,14.516666666666667,2253.366666666667,10927500.00990099,29883134.697311457,0.7029702970297029,155.22617680826636,118.22642541289795,1.3007915567282322,11,27,0.4851485148514851,0.0734787600459242,1,Bot,Bot,1,Friday,2125
20170707_1634,2017-07-07 16:34:00,2017-07-07 16:34:59,2017-07-07,Friday,155,689,247.26666666666668,134800.16666666666,18770799.251088537,39177986.81643704,0.6806966618287373,545.1610946346724,199.27726748487393,0.9737927364640148,14,116,0.3947750362844702,0.0357239148018333,1,Bot,Bot,1,Friday,2126
20170707_1635,2017-07-07 16:35:00,2017-07-07 16:35:59,2017-07-07,Friday,156,430,89.21666666666667,27172.45,16774249.986046512,38865689.65698299,0.7162790697674418,304.56697179151877,166.96677475388896,1.0044926993635344,11,76,0.3883720930232558,0.0530543620399775,1,Bot,Bot,1,Friday,2127
20170707_1636,2017-07-07 16:36:00,2017-07-07 16:36:59,2017-07-07,Friday,157,538,152.58333333333334,64810.2,18488521.782527883,37075806.46545687,0.6933085501858736,424.75281267067174,177.1058504725683,1.0114235500878734,11,113,0.4275092936802974,0.0389950846531949,1,Bot,Bot,1,Friday,2128
20170707_1637,2017-07-07 16:37:00,2017-07-07 16:37:59,2017-07-07,Friday,158,524,169.33333333333334,88825.3,19261601.82442748,39442612.30947351,0.683206106870229,524.5588582677166,201.53257326784583,0.9244318181818182,12,83,0.3950381679389313,0.0358267716535433,1,Bot,Bot,1,Friday,2129
20170707_1638,2017-07-07 16:38:00,2017-07-07 16:38:59,2017-07-07,Friday,159,650,193.13333333333333,65145.8,23158768.65692308,42117055.109996766,0.5907692307692308,337.30997583707284,198.99107947312356,1.0806104129263914,13,112,0.48,0.05005177770107,1,Bot,Bot,1,Friday,2130
20170707_1639,2017-07-07 16:39:00,2017-07-07 16:39:59,2017-07-07,Friday,160,398,73.25,20035.516666666663,12374104.369346734,30839361.590658728,0.7085427135678392,273.52241183162687,131.07076926414692,1.0599812558575443,13,76,0.321608040201005,0.0468714448236632,1,Bot,Bot,1,Friday,2131
20170707_1640,2017-07-07 16:40:00,2017-07-07 16:40:59,2017-07-07,Friday,161,150,30.4,8533.316666666668,11505257.32,27250691.258989517,0.76,280.7012061403509,48.90832307295837,1.6258992805755397,15,44,0.4,0.0301535087719298,1,Bot,Bot,1,Friday,2132
20170707_1641,2017-07-07 16:41:00,2017-07-07 16:41:59,2017-07-07,Friday,162,251,133.66666666666666,128696.08333333331,15919989.517928287,36430641.481094375,0.6852589641434262,962.813591022444,136.4807774131435,0.50940910801656,13,63,0.3306772908366533,0.0193266832917705,1,Bot,Bot,1,Friday,2133
20170707_1642,2017-07-07 16:42:00,2017-07-07 16:42:59,2017-07-07,Friday,163,1044,452.78333333333336,301726.5333333333,20229675.024904218,41455827.11171927,0.6388888888888888,666.3817131078147,191.45946071167447,0.8586577273038243,11,130,0.396551724137931,0.0298155850848455,1,Bot,Bot,1,Friday,2134
20170707_1643,2017-07-07 16:43:00,2017-07-07 16:43:59,2017-07-07,Friday,164,400,123.18333333333334,47937.9,14103050.235,33141517.96210041,0.725,389.1589771343526,111.94528352388248,0.9155221559989636,15,79,0.33,0.0317954268705182,1,Bot,Bot,1,Friday,2135
20170707_1644,2017-07-07 16:44:00,2017-07-07 16:44:59,2017-07-07,Friday,165,1137,475.01666666666665,291836.55,24784075.349164467,41343360.17438454,0.623570800351803,614.371179958598,224.24038440564604,0.8534269735986474,11,171,0.4107299912049252,0.0305252447282551,1,Bot,Bot,1,Friday,2136
20170707_1645,2017-07-07 16:45:00,2017-07-07 16:45:59,2017-07-07,Friday,166,830,180.28333333333333,44634.46666666667,12120816.64819277,31773625.175851297,0.7481927710843373,247.5795507072201,121.47023392469148,1.0037043897017963,14,102,0.2819277108433735,0.037441064990293,1,Bot,Bot,1,Friday,2137
20170707_1646,2017-07-07 16:46:00,2017-07-07 16:46:59,2017-07-07,Friday,167,1511,482.26666666666665,227870.58333333337,16386944.094639312,35400290.01640024,0.6565188616810059,472.4991360243296,209.0529619155074,0.958245922717737,12,227,0.3845135671740569,0.0402612662427426,0,BENIGN,BENIGN,0,Friday,2138
20170707_1647,2017-07-07 16:47:00,2017-07-07 16:47:59,2017-07-07,Friday,168,168,50.18333333333333,10015.783333333333,14575893.327380951,33866857.04710384,0.5833333333333334,199.5838591829957,92.82034393109636,0.9986728599867286,13,56,0.6309523809523809,0.033543673198273,1,Bot,Bot,1,Friday,2139
20170707_1648,2017-07-07 16:48:00,2017-07-07 16:48:59,2017-07-07,Friday,169,564,177.18333333333334,76795.7,18539398.989361703,39332398.90598023,0.6719858156028369,433.4250776032358,164.51755415322162,0.9714444650472835,15,100,0.3989361702127659,0.0333929075345687,1,Bot,Bot,1,Friday,2140
20170707_1649,2017-07-07 16:49:00,2017-07-07 16:49:59,2017-07-07,Friday,170,121,39.483333333333334,7397.133333333333,9235718.876033058,28107241.838091988,0.6942148760330579,187.34824820599408,65.79600560870655,0.933115823817292,12,54,0.4214876033057851,0.0185732376530181,1,Bot,Bot,1,Friday,2141
20170707_1650,2017-07-07 16:50:00,2017-07-07 16:50:59,2017-07-07,Friday,171,873,229.81666666666663,81373.86666666667,14428184.3069874,33672948.03749962,0.7331042382588774,354.08165929363986,201.81010040895256,1.0548353449560424,15,121,0.4054982817869416,0.0501124084415113,1,Bot,Bot,1,Friday,2142
20170707_1651,2017-07-07 16:51:00,2017-07-07 16:51:59,2017-07-07,Friday,172,335,137.46666666666667,82768.11666666667,16198323.970149254,36851133.78221905,0.7194029850746269,602.0959020368574,155.56593956707033,0.7648694908001712,7,58,0.2895522388059701,0.0224296799224054,0,BENIGN,BENIGN,0,Friday,2143
20170707_1652,2017-07-07 16:52:00,2017-07-07 16:52:59,2017-07-07,Friday,173,567,139.28333333333333,60719.066666666666,13395603.44973545,33095031.880916204,0.7319223985890653,435.93921263611344,178.36558479074174,1.0086517664023071,17,86,0.3509700176366843,0.0452315424195285,1,Bot,Bot,1,Friday,2144
20170707_1653,2017-07-07 16:53:00,2017-07-07 16:53:59,2017-07-07,Friday,174,352,87.16666666666667,29600.066666666666,12000175.0625,29002124.741348505,0.6988636363636364,339.58011472275336,176.22037704197797,0.9359733530717986,9,79,0.4517045454545454,0.0460803059273422,1,Bot,Bot,1,Friday,2145
20170707_1654,2017-07-07 16:54:00,2017-07-07 16:54:59,2017-07-07,Friday,175,601,169.88333333333333,73017.88333333333,18353321.50748752,37469755.87431367,0.7038269550748752,429.8119297557147,174.1173928644314,0.9179680150517404,10,103,0.3227953410981697,0.0361032080839792,1,Bot,Bot,1,Friday,2146
20170707_1655,2017-07-07 16:55:00,2017-07-07 16:55:59,2017-07-07,Friday,176,847,182.98333333333332,61716.51666666667,9891127.012987014,29903575.150029793,0.8099173553719008,337.27944257218326,106.0924006919286,0.9956379498364232,17,83,0.2325855962219598,0.0315147099007195,1,Bot,Bot,1,Friday,2147
20170707_1656,2017-07-07 16:56:00,2017-07-07 16:56:59,2017-07-07,Friday,177,324,118.0,65053.816666666666,13826198.48148148,29394696.800917197,0.7376543209876543,551.3035310734464,202.27653127792817,1.0644314868804663,22,66,0.3487654320987654,0.0322033898305084,0,BENIGN,BENIGN,0,Friday,2148
20170707_1657,2017-07-07 16:57:00,2017-07-07 16:57:59,2017-07-07,Friday,178,350,109.01666666666668,40809.6,15411994.56,35574483.87453582,0.7057142857142857,374.34276104571165,150.8026860352522,0.956924917738558,13,70,0.3571428571428571,0.0321051826937777,1,Bot,Bot,1,Friday,2149
20170707_1658,2017-07-07 16:58:00,2017-07-07 16:58:59,2017-07-07,Friday,179,2115,738.7833333333333,424235.7833333333,14319249.44964539,34676582.99376443,0.7371158392434988,574.2357254043811,219.35179978435897,0.8483862897172879,13,223,0.3574468085106383,0.0333882283935299,1,Bot,Bot,1,Friday,2150
20170707_1659,2017-07-07 16:59:00,2017-07-07 16:59:59,2017-07-07,Friday,180,308,91.53333333333332,39481.73333333333,16156055.282467533,33156363.12472344,0.7207792207792207,431.3372177713037,170.06722764958914,1.09816653934301,15,56,0.3084415584415584,0.0349599417334304,1,Bot,Bot,1,Friday,2151
20170707_1700,2017-07-07 17:00:00,2017-07-07 17:00:59,2017-07-07,Friday,181,814,188.43333333333337,68188.41666666667,14777359.943488944,34171171.54474114,0.7063882063882064,361.8702458871395,121.91255061801604,1.0739178283198827,26,107,0.3402948402948403,0.0346718556518662,1,Bot,Bot,1,Friday,2152
20170707_1701,2017-07-07 17:01:00,2017-07-07 17:01:59,2017-07-07,Friday,182,739,304.03333333333336,186931.5,18019121.715832207,37008097.850325115,0.6671177266576455,614.8388334612433,179.07219096742625,0.7761659040015578,15,110,0.3626522327469553,0.0288893761648942,0,BENIGN,BENIGN,0,Friday,2153
20170707_1702,2017-07-07 17:02:00,2017-07-07 17:02:59,2017-07-07,Friday,183,160,28.466666666666665,3016.05,11654062.56875,26204368.619000092,0.68125,105.95023419203748,82.08338489133632,1.3346994535519126,14,43,0.5375,0.0480093676814988,1,Bot,Bot,1,Friday,2154
20170707_1703,2017-07-07 17:03:00,2017-07-07 17:03:59,2017-07-07,Friday,184,88,48.71666666666667,35194.55,17876442.15909091,33318060.050161622,0.5340909090909091,722.433458775231,124.60953743844566,0.8459595959595959,11,33,0.5909090909090909,0.0205268559698939,1,Bot,Bot,1,Friday,2155
20170707_1704,2017-07-07 17:04:00,2017-07-07 17:04:59,2017-07-07,Friday,185,131,22.85,3637.983333333333,3156188.4122137404,11943203.660077568,0.7938931297709924,159.2115244347192,83.08988456892187,2.008771929824561,17,32,0.3587786259541984,0.0386579139314369,1,Bot,Bot,1,Friday,2156
20170707_1705,2017-07-07 17:05:00,2017-07-07 17:05:59,2017-07-07,Friday,186,58,25.15,11274.6,11246719.120689657,30109591.45243177,0.7068965517241379,448.2942345924453,89.2886244908618,1.1267605633802815,12,25,0.603448275862069,0.0357852882703777,1,Bot,Bot,1,Friday,2157
20170707_1706,2017-07-07 17:06:00,2017-07-07 17:06:59,2017-07-07,Friday,187,51,9.116666666666667,1649.6666666666667,10504046.25490196,28502206.75947487,0.6862745098039216,180.9506398537477,174.41766934707402,1.2738589211618256,10,20,0.4313725490196078,0.0767824497257769,1,Bot,Bot,1,Friday,2158
20170707_1707,2017-07-07 17:07:00,2017-07-07 17:07:59,2017-07-07,Friday,188,87,11.633333333333333,849.0333333333333,5066472.655172414,20919710.043137077,0.8850574712643678,72.98280802292264,28.784840444859228,2.0129310344827585,14,30,0.3333333333333333,0.0501432664756446,1,Bot,Bot,1,Friday,2159
20170707_1708,2017-07-07 17:08:00,2017-07-07 17:08:59,2017-07-07,Friday,189,40,10.316666666666666,1791.9333333333334,14685747.675,27963921.815152302,0.575,173.69305331179322,177.61949097103857,1.3846153846153846,10,16,0.525,0.0646203554119547,1,Bot,Bot,1,Friday,2160
20170707_1709,2017-07-07 17:09:00,2017-07-07 17:09:59,2017-07-07,Friday,190,48,12.8,1294.6333333333334,9927050.9375,28186939.4266817,0.7291666666666666,101.14322916666669,73.44437948812966,1.7366548042704626,14,18,0.5416666666666666,0.0481770833333333,1,Bot,Bot,1,Friday,2161
20170707_1710,2017-07-07 17:10:00,2017-07-07 17:10:59,2017-07-07,Friday,191,387,96.16666666666669,37275.11666666667,14333366.54263566,34067884.99785046,0.751937984496124,387.6095320623917,149.53311721088605,1.0122036262203626,16,63,0.3049095607235142,0.0433275563258232,1,Bot,Bot,1,Friday,2162
20170707_1711,2017-07-07 17:11:00,2017-07-07 17:11:59,2017-07-07,Friday,192,69,14.85,1771.2,8077399.275362318,28197926.657356597,0.8405797101449275,119.27272727272728,106.34472977264898,1.7112462006079028,13,16,0.3188405797101449,0.0482603815937149,1,Bot,Bot,1,Friday,2163
20170707_1712,2017-07-07 17:12:00,2017-07-07 17:12:59,2017-07-07,Friday,193,63,9.766666666666667,1392.9166666666667,8838130.682539683,26925354.93187413,0.8095238095238095,142.6194539249147,77.53037459268974,1.0669014084507042,10,17,0.492063492063492,0.0767918088737201,1,Bot,Bot,1,Friday,2164
20170707_1713,2017-07-07 17:13:00,2017-07-07 17:13:59,2017-07-07,Friday,194,821,219.63333333333333,75274.68333333333,17549023.30085262,37968435.02028477,0.6760048721071864,342.7288662923054,188.56980798153617,0.9986351228389444,15,116,0.3337393422655298,0.0415844589467293,1,Bot,Bot,1,Friday,2165
20170707_1714,2017-07-07 17:14:00,2017-07-07 17:14:59,2017-07-07,Friday,195,1435,277.98333333333335,87170.81666666667,11378545.544250872,29174466.969107974,0.7010452961672474,313.58288866238985,173.23244488280469,1.0024009603841535,11,204,0.3540069686411149,0.0614545236524971,1,Bot,Bot,1,Friday,2166
20170707_1715,2017-07-07 17:15:00,2017-07-07 17:15:59,2017-07-07,Friday,196,511,159.38333333333333,74206.71666666666,17394657.04892368,35206140.92280575,0.6164383561643836,465.5864268534978,217.1981318248103,0.9546290619251993,15,111,0.4657534246575342,0.0448603994562375,1,Bot,Bot,1,Friday,2167
20170707_1716,2017-07-07 17:16:00,2017-07-07 17:16:59,2017-07-07,Friday,197,371,76.2,15127.016666666666,19429804.021563344,36326372.5895299,0.555256064690027,198.51727909011373,180.5462811267403,1.0701674966047985,12,111,0.5121293800539084,0.0518372703412073,1,Bot,Bot,1,Friday,2168
20170707_1717,2017-07-07 17:17:00,2017-07-07 17:17:59,2017-07-07,Friday,198,260,60.166666666666664,9848.2,13243372.376923077,32200944.023316264,0.6115384615384616,163.6819944598338,172.58586554236953,1.075287356321839,10,65,0.5307692307692308,0.0612188365650969,1,Bot,Bot,1,Friday,2169
20170707_1718,2017-07-07 17:18:00,2017-07-07 17:18:59,2017-07-07,Friday,199,268,65.13333333333334,15349.566666666668,23234570.83955224,40707091.97454891,0.5485074626865671,235.66376663254863,225.5570104898264,1.0617088607594938,9,72,0.4888059701492537,0.0440122824974411,0,BENIGN,BENIGN,0,Friday,2170
20170707_1719,2017-07-07 17:19:00,2017-07-07 17:19:59,2017-07-07,Friday,200,290,54.21666666666667,9960.85,10228939.475862067,27583614.24551276,0.6758620689655173,183.7230249000922,157.63855914742493,1.0792332268370608,14,61,0.4413793103448276,0.0679372886566246,1,Bot,Bot,1,Friday,2171
20170707_1720,2017-07-07 17:20:00,2017-07-07 17:20:59,2017-07-07,Friday,201,217,50.483333333333334,11929.966666666667,19848431.437788017,40797024.74873957,0.5806451612903226,236.31495543083523,214.30492629836408,1.0725034199726402,12,63,0.5345622119815668,0.0498514361175305,1,Bot,Bot,1,Friday,2172
20170707_1721,2017-07-07 17:21:00,2017-07-07 17:21:59,2017-07-07,Friday,202,150,34.21666666666667,5268.75,12947273.32,27623082.53348421,0.5666666666666667,153.9819775937652,160.6455734300594,1.051948051948052,11,41,0.4866666666666667,0.0555284948855333,1,Bot,Bot,1,Friday,2173
20170707_1722,2017-07-07 17:22:00,2017-07-07 17:22:59,2017-07-07,Friday,203,186,35.516666666666666,6833.983333333334,13774484.462365592,26606174.2368077,0.6129032258064516,192.41623650868135,207.35353592560068,1.2513199577613516,11,38,0.5268817204301075,0.0577193805725011,1,Bot,Bot,1,Friday,2174
20170707_1723,2017-07-07 17:23:00,2017-07-07 17:23:59,2017-07-07,Friday,204,41,17.3,2623.2166666666667,14157766.43902439,26611219.642688543,0.5121951219512195,151.631021194605,188.35831168627948,1.1075050709939147,11,12,0.5365853658536586,0.0597302504816955,0,BENIGN,BENIGN,0,Friday,2175
20170707_1724,2017-07-07 17:24:00,2017-07-07 17:24:59,2017-07-07,Friday,205,66,17.0,2109.15,6074856.681818182,21597931.73327927,0.7575757575757576,124.06764705882352,106.30833423493144,1.4661835748792271,14,20,0.5757575757575758,0.0735294117647058,1,Bot,Bot,1,Friday,2176
20170707_1725,2017-07-07 17:25:00,2017-07-07 17:25:59,2017-07-07,Friday,206,89,13.866666666666667,1542.15,2845232.179775281,16176619.248804703,0.9213483146067416,111.2127403846154,55.244785298679865,1.4215116279069768,12,20,0.2921348314606741,0.0540865384615384,1,Bot,Bot,1,Friday,2177
20170707_1726,2017-07-07 17:26:00,2017-07-07 17:26:59,2017-07-07,Friday,207,52,12.183333333333334,1362.6333333333334,5706584.730769231,23699140.750461295,0.8846153846153846,111.84404924760602,98.4787743668493,2.05,11,9,0.3076923076923077,0.0437756497948016,1,Bot,Bot,1,Friday,2178
20170707_1727,2017-07-07 17:27:00,2017-07-07 17:27:59,2017-07-07,Friday,208,352,97.0,39678.63333333333,14672536.764204543,35065650.53081492,0.7727272727272727,409.0580756013746,158.73781391625587,0.9268454154253558,11,50,0.3806818181818182,0.0434707903780068,1,Bot,Bot,1,Friday,2179
20170707_1728,2017-07-07 17:28:00,2017-07-07 17:28:59,2017-07-07,Friday,209,139,54.21666666666667,29500.55,12587583.741007194,35314927.64479058,0.8057553956834532,544.123270826929,88.8418364227809,0.8907611853573504,15,29,0.2158273381294964,0.0233630494927759,0,BENIGN,BENIGN,0,Friday,2180
20170707_1729,2017-07-07 17:29:00,2017-07-07 17:29:59,2017-07-07,Friday,210,190,99.28333333333332,82942.88333333333,17269021.584210526,36583994.64052501,0.7315789473684211,835.4159811985899,165.63459835414173,0.7865067466266866,10,33,0.3842105263157894,0.0213194561020647,1,Bot,Bot,1,Friday,2181
20170707_1730,2017-07-07 17:30:00,2017-07-07 17:30:59,2017-07-07,Friday,211,101,69.81666666666666,60745.55,9656428.356435644,29706864.14044409,0.7227722772277227,870.072332298878,116.84865746400692,0.8107173725151253,15,29,0.4554455445544554,0.0157555502506564,1,Bot,Bot,1,Friday,2182
20170707_1731,2017-07-07 17:31:00,2017-07-07 17:31:59,2017-07-07,Friday,212,78,38.1,22460.083333333332,12330345.346153846,29921420.73485764,0.6666666666666666,589.5034995625547,79.9361050008363,0.812202852614897,12,27,0.4358974358974359,0.0201224846894138,1,Bot,Bot,1,Friday,2183
20170707_1732,2017-07-07 17:32:00,2017-07-07 17:32:59,2017-07-07,Friday,213,117,61.766666666666666,49701.76666666667,3464306.0427350425,18001464.848371666,0.8290598290598291,804.6697247706422,82.81606453716667,0.931735278791037,13,17,0.3675213675213675,0.0196977873718294,1,Bot,Bot,1,Friday,2184
20170707_1733,2017-07-07 17:33:00,2017-07-07 17:33:59,2017-07-07,Friday,214,110,74.51666666666667,65730.98333333334,11018856.654545454,28473530.835479777,0.6818181818181818,882.0977409975397,153.2721386525134,0.8320360507988529,13,29,0.3454545454545454,0.0183404160143144,0,BENIGN,BENIGN,0,Friday,2185
20170707_1734,2017-07-07 17:34:00,2017-07-07 17:34:59,2017-07-07,Friday,215,69,11.083333333333334,861.15,5186414.869565218,23500159.168824,0.8840579710144928,77.69774436090225,29.60926998622445,2.2807881773399017,12,19,0.4202898550724637,0.0466165413533834,1,Bot,Bot,1,Friday,2186
20170707_1735,2017-07-07 17:35:00,2017-07-07 17:35:59,2017-07-07,Friday,216,47,36.46666666666667,32432.1,17111086.468085106,29862448.292982142,0.6808510638297872,889.3628884826326,168.8984947697456,0.7168627450980393,14,15,0.6595744680851063,0.0283363802559415,1,Bot,Bot,1,Friday,2187
20170707_1736,2017-07-07 17:36:00,2017-07-07 17:36:59,2017-07-07,Friday,217,40,10.583333333333334,1280.2166666666667,6439818.825,25061067.886721272,0.775,120.96535433070866,93.60565936347476,1.544,11,18,0.5,0.0598425196850393,1,Bot,Bot,1,Friday,2188
20170707_1737,2017-07-07 17:37:00,2017-07-07 17:37:59,2017-07-07,Friday,218,233,92.3,65952.25,10023015.120171674,30060347.39331844,0.7510729613733905,714.5422535211268,163.8565646514194,0.8731822793371661,12,39,0.3862660944206008,0.0292524377031419,1,Bot,Bot|PortScan,1,Friday,2189
20170707_1738,2017-07-07 17:38:00,2017-07-07 17:38:59,2017-07-07,Friday,219,28,13.766666666666667,1837.3833333333337,19841127.07142857,34650168.46467801,0.4642857142857143,133.46610169491527,213.2355221898136,1.6506410256410255,11,12,0.5357142857142857,0.0460048426150121,1,Bot,Bot,1,Friday,2190
20170707_1739,2017-07-07 17:39:00,2017-07-07 17:39:59,2017-07-07,Friday,220,39,10.216666666666669,1104.35,5781992.051282051,23635821.239365023,0.7692307692307693,108.09298531810768,69.62614147875276,1.1543859649122807,9,10,0.7948717948717948,0.0701468189233279,1,Bot,Bot,1,Friday,2191
20170707_1740,2017-07-07 17:40:00,2017-07-07 17:40:59,2017-07-07,Friday,221,198,69.03333333333333,33620.083333333336,13882042.343434343,35049541.94532151,0.7878787878787878,487.01231289232254,124.77406779631976,1.0560794044665012,16,29,0.308080808080808,0.0318686624818928,1,Bot,Bot,1,Friday,2192
20170707_1741,2017-07-07 17:41:00,2017-07-07 17:41:59,2017-07-07,Friday,222,100,19.816666666666663,2926.2833333333333,7820870.6,27580967.442532215,0.85,147.6677880571909,109.62166383801387,1.1024734982332156,16,17,0.37,0.0613961312026913,1,Bot,Bot,1,Friday,2193
20170707_1742,2017-07-07 17:42:00,2017-07-07 17:42:59,2017-07-07,Friday,223,49,9.25,1283.4166666666667,5900595.918367347,20432809.848243702,0.7959183673469388,138.74774774774775,72.46319261276915,1.0981132075471698,11,21,0.5306122448979592,0.0684684684684684,1,Bot,Bot,1,Friday,2194
20170707_1743,2017-07-07 17:43:00,2017-07-07 17:43:59,2017-07-07,Friday,224,56,13.883333333333333,1563.4666666666667,4627155.446428572,20890969.863219336,0.8035714285714286,112.61464585834334,70.00683016509788,1.6730769230769231,14,24,0.3928571428571428,0.0444177671068427,1,Bot,Bot,1,Friday,2195
20170707_1744,2017-07-07 17:44:00,2017-07-07 17:44:59,2017-07-07,Friday,225,42,8.583333333333334,1106.75,1787954.738095238,10162188.930012608,0.8571428571428571,128.94174757281553,71.95251647757684,1.15,7,11,0.6666666666666666,0.0834951456310679,1,Bot,Bot,1,Friday,2196
20170707_1745,2017-07-07 17:45:00,2017-07-07 17:45:59,2017-07-07,Friday,226,41,9.416666666666666,1226.4666666666667,22643372.0,43946238.61394637,0.6829268292682927,130.24424778761062,119.92269825394388,2.4096385542168677,12,21,0.4634146341463415,0.0548672566371681,1,Bot,Bot,1,Friday,2197
20170707_1746,2017-07-07 17:46:00,2017-07-07 17:46:59,2017-07-07,Friday,227,69,10.166666666666666,1017.0333333333332,2110865.7536231885,10520046.686939197,0.8985507246376812,100.03606557377049,41.94323152584328,1.1821428571428572,11,20,0.3478260869565217,0.0639344262295081,1,Bot,Bot,1,Friday,2198
20170707_1747,2017-07-07 17:47:00,2017-07-07 17:47:59,2017-07-07,Friday,228,35,13.283333333333331,1505.8666666666666,10332779.8,32218719.461360164,0.7142857142857143,113.3651191969887,91.33803975525358,1.7902097902097902,11,9,0.7714285714285715,0.0539523212045169,1,Bot,Bot,1,Friday,2199
20170707_1748,2017-07-07 17:48:00,2017-07-07 17:48:59,2017-07-07,Friday,229,25,6.966666666666667,783.4,3045022.08,12733115.595765898,0.72,112.44976076555024,82.5706495215653,0.8959276018099548,6,10,0.48,0.0574162679425837,1,Bot,Bot,1,Friday,2200
20170707_1749,2017-07-07 17:49:00,2017-07-07 17:49:59,2017-07-07,Friday,230,66,17.983333333333334,2026.0166666666669,5269794.484848484,23496460.222797327,0.8484848484848485,112.660797034291,58.44010801954972,1.5592417061611374,14,13,0.5,0.0509731232622798,1,Bot,Bot,1,Friday,2201
20170707_1750,2017-07-07 17:50:00,2017-07-07 17:50:59,2017-07-07,Friday,231,17,7.8,922.6166666666668,4542822.05882353,15613301.036303654,0.5294117647058824,118.28418803418803,108.30024671417476,1.151376146788991,7,11,0.4117647058823529,0.0448717948717948,0,BENIGN,BENIGN,0,Friday,2202
20170707_1751,2017-07-07 17:51:00,2017-07-07 17:51:59,2017-07-07,Friday,232,54,10.283333333333331,943.8166666666668,8667032.203703703,27977858.86363908,0.8518518518518519,91.7811993517018,34.66807958814829,2.074626865671642,10,16,0.5555555555555556,0.0761750405186385,1,Bot,Bot,1,Friday,2203
20170707_1752,2017-07-07 17:52:00,2017-07-07 17:52:59,2017-07-07,Friday,233,107,15.65,2065.8166666666666,1293878.738317757,8586722.461851798,0.9252336448598132,132.0010649627263,59.91178680698969,1.3383084577114428,13,15,0.2523364485981308,0.0670926517571885,1,Bot,Bot,1,Friday,2204
20170707_1753,2017-07-07 17:53:00,2017-07-07 17:53:59,2017-07-07,Friday,234,344,89.28333333333333,34076.38333333333,16073912.046511628,37976116.6894346,0.7267441860465116,381.66567108456223,170.25610231175654,0.9691289966923924,11,48,0.3459302325581395,0.0477879410117603,1,Bot,Bot,1,Friday,2205
20170707_1754,2017-07-07 17:54:00,2017-07-07 17:54:59,2017-07-07,Friday,235,55,12.9,1633.25,5408988.418181818,23106440.409426413,0.8909090909090909,126.60852713178296,91.5166923530014,1.787769784172662,11,22,0.6,0.0684754521963824,1,Bot,Bot,1,Friday,2206
20170707_1755,2017-07-07 17:55:00,2017-07-07 17:55:59,2017-07-07,Friday,236,349,213.48333333333332,181529.48333333337,5769703.5300859595,15377447.503104594,0.7564469914040115,850.321570770552,163.51123916342263,0.9644226345652508,17,43,0.2865329512893982,0.0188929658833632,0,BENIGN,BENIGN,0,Friday,2207
20170707_1756,2017-07-07 17:56:00,2017-07-07 17:56:59,2017-07-07,Friday,237,81,12.75,1397.2333333333331,4572606.209876543,18355086.00754472,0.7283950617283951,109.58692810457516,76.47982212033999,1.7357142857142858,12,25,0.5802469135802469,0.065359477124183,1,Bot,Bot,1,Friday,2208
20170707_1757,2017-07-07 17:57:00,2017-07-07 17:57:59,2017-07-07,Friday,238,97,18.816666666666663,3023.4,2150695.793814433,13251782.00406279,0.8969072164948454,160.6767050487157,108.09680674978044,1.1814671814671815,15,10,0.3402061855670103,0.0682019486271036,1,Bot,Bot,1,Friday,2209
20170707_1758,2017-07-07 17:58:00,2017-07-07 17:58:59,2017-07-07,Friday,239,46,15.033333333333331,1503.0333333333333,5002353.891304348,21782116.255404223,0.8043478260869565,99.980044345898,71.08734509628417,1.602305475504323,13,10,0.3478260869565217,0.0421286031042128,1,Bot,Bot,1,Friday,2210
20170707_1759,2017-07-07 17:59:00,2017-07-07 17:59:59,2017-07-07,Friday,240,55,11.183333333333334,1286.9666666666667,6733326.781818182,24709361.755470715,0.8181818181818182,115.07898658718332,67.17626635065513,1.1265822784810129,9,19,0.5636363636363636,0.0700447093889716,1,Bot,Bot,1,Friday,2211
20170707_1800,2017-07-07 18:00:00,2017-07-07 18:00:59,2017-07-07,Friday,241,108,27.116666666666667,4292.45,5747642.546296297,19524961.553925537,0.7962962962962963,158.29563614013523,147.9960336042215,1.496932515337423,20,23,0.2685185185185185,0.059618930547019,0,BENIGN,BENIGN,0,Friday,2212
20170707_1801,2017-07-07 18:01:00,2017-07-07 18:01:59,2017-07-07,Friday,242,74,9.616666666666667,995.1,3438981.581081081,15294001.395871982,0.8648648648648649,103.47660311958406,48.02981941803928,1.3786008230452675,10,17,0.4189189189189189,0.07105719237435,0,BENIGN,BENIGN,0,Friday,2213
20170707_1802,2017-07-07 18:02:00,2017-07-07 18:02:59,2017-07-07,Friday,243,52,11.15,1739.8166666666666,9331326.365384616,27723636.3004936,0.7692307692307693,156.0373692077728,109.65058549692206,2.0454545454545454,12,18,0.5192307692307693,0.0523168908819133,0,BENIGN,BENIGN,0,Friday,2214
20170707_1803,2017-07-07 18:03:00,2017-07-07 18:03:59,2017-07-07,Friday,244,33,4.483333333333333,445.78333333333336,5377751.393939394,20746159.54295509,0.7878787878787878,99.43122676579924,57.81866561036592,0.9852941176470588,7,17,0.3939393939393939,0.0594795539033457,0,BENIGN,BENIGN,0,Friday,2215
20170707_1804,2017-07-07 18:04:00,2017-07-07 18:04:59,2017-07-07,Friday,245,1036,220.63333333333333,91409.86666666668,12884530.017374516,33296388.80967201,0.775096525096525,414.3066928539054,114.70306765324376,1.0345781466113415,16,128,0.2615830115830115,0.0399607191418643,0,BENIGN,BENIGN,0,Friday,2216
20170707_1805,2017-07-07 18:05:00,2017-07-07 18:05:59,2017-07-07,Friday,246,32,3.5,428.3666666666667,4586253.53125,15380928.152913764,0.78125,122.3904761904762,91.92054452636526,1.153061224489796,6,7,0.21875,0.0571428571428571,1,PortScan,PortScan,1,Friday,2217
20170707_1806,2017-07-07 18:06:00,2017-07-07 18:06:59,2017-07-07,Friday,247,80,43.93333333333333,31023.333333333332,22114478.7875,42920727.05134588,0.7,706.1456752655539,123.70917128604152,0.987189148455162,12,22,0.625,0.0216236722306525,1,PortScan,PortScan,1,Friday,2218
20170707_1807,2017-07-07 18:07:00,2017-07-07 18:07:59,2017-07-07,Friday,248,239,135.7,109354.1,11200502.70711297,28204164.934164304,0.6610878661087866,805.8518791451731,184.7586398163481,0.8003537475127128,14,31,0.405857740585774,0.0217391304347826,0,BENIGN,BENIGN,0,Friday,2219
20170707_1808,2017-07-07 18:08:00,2017-07-07 18:08:59,2017-07-07,Friday,249,927,320.3833333333333,154577.88333333333,16623763.868392663,35982111.537988804,0.7281553398058253,482.4779170784998,191.932622274258,0.9149317661121624,13,116,0.3635382955771305,0.0346980179992717,0,BENIGN,BENIGN,0,Friday,2220
20170707_1809,2017-07-07 18:09:00,2017-07-07 18:09:59,2017-07-07,Friday,250,176,32.5,7666.683333333333,10544082.431818182,31188361.82652955,0.7727272727272727,235.8979487179487,114.97054641352848,1.079957356076759,16,40,0.3693181818181818,0.0569230769230769,0,BENIGN,BENIGN,0,Friday,2221
20170707_1810,2017-07-07 18:10:00,2017-07-07 18:10:59,2017-07-07,Friday,251,121,23.533333333333335,4071.9,15001528.545454543,30016263.91772234,0.6694214876033058,173.02691218130312,93.6621462008257,1.297560975609756,15,33,0.4380165289256198,0.0354107648725212,0,BENIGN,BENIGN,0,Friday,2222
20170707_1811,2017-07-07 18:11:00,2017-07-07 18:11:59,2017-07-07,Friday,252,747,234.68333333333337,145040.5,12993367.215528782,31361878.63711047,0.6987951807228916,618.026418578226,148.41493883415765,0.8773496867084388,12,127,0.3480589022757697,0.0305376038633619,0,BENIGN,BENIGN,0,Friday,2223
20170707_1812,2017-07-07 18:12:00,2017-07-07 18:12:59,2017-07-07,Friday,253,95,17.183333333333334,3141.9333333333334,11092959.084210526,29625208.204054337,0.631578947368421,182.84772065955383,105.03386825978608,1.1680672268907564,12,37,0.4526315789473684,0.05819592628516,0,BENIGN,BENIGN,0,Friday,2224
20170707_1813,2017-07-07 18:13:00,2017-07-07 18:13:59,2017-07-07,Friday,254,327,65.16666666666667,20299.966666666667,14459542.128440369,35752027.728871375,0.7308868501529052,311.5084398976982,124.52069256071232,1.138326954620011,12,54,0.327217125382263,0.048849104859335,0,BENIGN,BENIGN,0,Friday,2225
20170707_1814,2017-07-07 18:14:00,2017-07-07 18:14:59,2017-07-07,Friday,255,301,74.16666666666667,27868.05,15675516.485049834,37075382.83992606,0.6843853820598007,375.74898876404495,160.6440873329022,1.0158514492753623,10,61,0.4451827242524916,0.0501123595505618,0,BENIGN,BENIGN,0,Friday,2226
20170707_1815,2017-07-07 18:15:00,2017-07-07 18:15:59,2017-07-07,Friday,256,354,115.26666666666668,64785.55,16262687.31920904,37770010.03489455,0.7457627118644068,562.0493059572007,160.4480314214283,0.9700939903161492,12,60,0.3333333333333333,0.0319548872180451,0,BENIGN,BENIGN,0,Friday,2227
20170707_1816,2017-07-07 18:16:00,2017-07-07 18:16:59,2017-07-07,Friday,257,117,17.483333333333334,2336.3,6864544.025641026,23214315.19920908,0.7948717948717948,133.63012392755004,77.54483249057358,1.2483940042826551,15,30,0.4102564102564102,0.0581506196377502,0,BENIGN,BENIGN,0,Friday,2228
20170707_1817,2017-07-07 18:17:00,2017-07-07 18:17:59,2017-07-07,Friday,258,821,224.11666666666667,122074.73333333334,16674334.495736906,36988572.07513294,0.7101096224116931,544.692793931732,169.7525538786577,0.926923628026938,12,132,0.3130328867235079,0.036439354502863,0,BENIGN,BENIGN,0,Friday,2229
20170707_1818,2017-07-07 18:18:00,2017-07-07 18:18:59,2017-07-07,Friday,259,646,191.35,85551.15,19176941.6625387,40153798.05480432,0.6873065015479877,447.0925006532532,186.2376956742095,0.9120732722731058,10,98,0.3668730650154799,0.0418953052869959,0,BENIGN,BENIGN,0,Friday,2230
20170707_1819,2017-07-07 18:19:00,2017-07-07 18:19:59,2017-07-07,Friday,260,101,21.433333333333337,1969.2166666666667,9312025.712871289,26436636.852332015,0.7029702970297029,91.87636080870918,70.73318663228893,1.513671875,15,28,0.6336633663366337,0.0715396578538102,0,BENIGN,BENIGN,0,Friday,2231
20170707_1820,2017-07-07 18:20:00,2017-07-07 18:20:59,2017-07-07,Friday,261,74,11.583333333333334,683.5333333333333,5267353.986486486,16579650.213983675,0.5405405405405406,59.01007194244605,53.1186132066429,1.2379421221864952,8,45,0.7297297297297297,0.0532374100719424,0,BENIGN,BENIGN,0,Friday,2232
20170707_1821,2017-07-07 18:21:00,2017-07-07 18:21:59,2017-07-07,Friday,262,185,46.416666666666664,10592.033333333333,17370697.335135136,39403765.41537106,0.6594594594594595,228.19461400359063,118.78064822466152,1.1647241647241646,12,55,0.572972972972973,0.0463195691202872,0,BENIGN,BENIGN,0,Friday,2233
20170707_1822,2017-07-07 18:22:00,2017-07-07 18:22:59,2017-07-07,Friday,263,607,146.05,55911.566666666666,14976691.47940692,35161057.71305265,0.7347611202635914,382.8248316786489,191.88685666852524,1.001827318410233,12,89,0.3311367380560132,0.0477005591692342,0,BENIGN,BENIGN,0,Friday,2234
20170707_1823,2017-07-07 18:23:00,2017-07-07 18:23:59,2017-07-07,Friday,264,361,86.83333333333333,29119.25,14883370.681440445,34114607.75864795,0.6592797783933518,335.3464491362764,200.21390133887667,1.0827338129496402,12,57,0.4515235457063712,0.0581573896353167,0,BENIGN,BENIGN,0,Friday,2235
20170707_1824,2017-07-07 18:24:00,2017-07-07 18:24:59,2017-07-07,Friday,265,230,143.15,126010.11666666668,13819885.17826087,28200090.50225263,0.5217391304347826,880.2662708115031,280.09196544572876,0.7866056572379367,8,49,0.5565217391304348,0.0272441494935382,0,BENIGN,BENIGN,0,Friday,2236
20170707_1825,2017-07-07 18:25:00,2017-07-07 18:25:59,2017-07-07,Friday,266,673,270.6666666666667,170487.85,18953685.68499257,40248046.02277228,0.75037147102526,629.8812192118227,163.92701967943347,0.8397145446307205,14,101,0.3075780089153046,0.0240763546798029,0,BENIGN,BENIGN,0,Friday,2237
20170707_1826,2017-07-07 18:26:00,2017-07-07 18:26:59,2017-07-07,Friday,267,202,42.68333333333333,14495.85,6162813.272277228,19050682.61678023,0.693069306930693,339.61382272549787,215.63969183650784,1.1314475873544094,16,30,0.4702970297029702,0.069113627489262,0,BENIGN,BENIGN,0,Friday,2238
20170707_1827,2017-07-07 18:27:00,2017-07-07 18:27:59,2017-07-07,Friday,268,160,121.26666666666668,78584.31666666667,19057044.36875,41159853.04849156,0.7375,648.0289994502474,173.03603517253526,0.7705596107055961,11,40,0.35,0.0162177020340846,0,BENIGN,BENIGN,0,Friday,2239
20170707_1828,2017-07-07 18:28:00,2017-07-07 18:28:59,2017-07-07,Friday,269,668,198.43333333333337,91716.91666666669,18757797.017964073,40586426.74453434,0.7305389221556886,462.20519066017135,157.2994228523179,0.9002553463134376,11,89,0.3607784431137724,0.0369561565597177,0,BENIGN,BENIGN,0,Friday,2240
20170707_1829,2017-07-07 18:29:00,2017-07-07 18:29:59,2017-07-07,Friday,270,354,141.13333333333333,98476.23333333334,13295027.48022599,28901879.7136721,0.7203389830508474,697.753188474256,203.86770991510255,0.9941134918766188,15,74,0.4322033898305085,0.0361360415682569,0,BENIGN,BENIGN,0,Friday,2241
20170707_1830,2017-07-07 18:30:00,2017-07-07 18:30:59,2017-07-07,Friday,271,71,21.016666666666666,3639.8333333333335,12171614.873239435,29417645.357027434,0.647887323943662,173.18794607454402,121.62253517140164,1.1909722222222223,16,32,0.647887323943662,0.0531324345757335,0,BENIGN,BENIGN,0,Friday,2242
20170707_1831,2017-07-07 18:31:00,2017-07-07 18:31:59,2017-07-07,Friday,272,879,223.98333333333332,86962.53333333334,17447797.75767918,38475598.68531847,0.6803185437997725,388.2544832204777,149.2789034111244,0.9985130111524164,14,105,0.3811149032992036,0.0450926408214896,0,BENIGN,BENIGN,0,Friday,2243
20170707_1832,2017-07-07 18:32:00,2017-07-07 18:32:59,2017-07-07,Friday,273,146,28.516666666666666,5201.4,14191008.267123288,35850850.234916404,0.7054794520547946,182.39859731151373,106.62413148865538,1.1753494282083865,10,35,0.3219178082191781,0.0444184687317358,0,BENIGN,BENIGN,0,Friday,2244
20170707_1833,2017-07-07 18:33:00,2017-07-07 18:33:59,2017-07-07,Friday,274,58,13.266666666666667,1938.9,16246845.827586208,34507801.97679502,0.6896551724137931,146.14824120603015,107.7239101107852,1.154054054054054,14,19,0.8620689655172413,0.0816582914572864,0,BENIGN,BENIGN,0,Friday,2245
20170707_1834,2017-07-07 18:34:00,2017-07-07 18:34:59,2017-07-07,Friday,275,2844,1174.6333333333334,757582.0166666667,18813969.847046413,36769821.58637087,0.630801687763713,644.9519140724765,160.50631057296417,0.8766375545851528,17,364,0.3709563994374121,0.0296688328272652,0,BENIGN,BENIGN,0,Friday,2246
20170707_1835,2017-07-07 18:35:00,2017-07-07 18:35:59,2017-07-07,Friday,276,1833,409.53333333333336,121502.45,15979797.741407529,33236647.446007736,0.5897435897435898,296.685129415595,182.49846162948967,1.0301553205551883,12,229,0.420076377523186,0.0643415269412339,0,BENIGN,BENIGN,0,Friday,2247
20170707_1836,2017-07-07 18:36:00,2017-07-07 18:36:59,2017-07-07,Friday,277,2732,1005.1333333333332,638590.7166666667,14942624.23169839,34382532.2094467,0.6965592972181552,635.3293592889833,280.18599085719825,0.8006449108768996,13,328,0.5234260614934114,0.0440571731776878,0,BENIGN,BENIGN,0,Friday,2248
20170707_1837,2017-07-07 18:37:00,2017-07-07 18:37:59,2017-07-07,Friday,278,361,107.01666666666668,44580.433333333334,22037787.04432133,41321558.33142065,0.6204986149584487,416.57467684161344,148.82567784969666,1.0006230529595015,11,77,0.4542936288088642,0.0353527487930228,0,BENIGN,BENIGN,0,Friday,2249
20170707_1838,2017-07-07 18:38:00,2017-07-07 18:38:59,2017-07-07,Friday,279,913,213.41666666666663,85629.56666666667,16453753.497261774,34057878.506451085,0.6133625410733844,401.2318625536899,150.9629352150838,1.003755280863715,12,182,0.456736035049288,0.0470128855915657,0,BENIGN,BENIGN,0,Friday,2250
20170707_1839,2017-07-07 18:39:00,2017-07-07 18:39:59,2017-07-07,Friday,280,712,221.81666666666663,106804.23333333334,16671435.45505618,36121550.580178946,0.6460674157303371,481.497783454805,186.91187287580203,0.9063305643082212,13,130,0.422752808988764,0.0400480877601623,0,BENIGN,BENIGN,0,Friday,2251
20170707_1840,2017-07-07 18:40:00,2017-07-07 18:40:59,2017-07-07,Friday,281,821,202.83333333333337,80011.26666666666,12974852.641900122,32860768.313453205,0.7649208282582217,394.4680361544782,184.04593226309464,1.0044466403162056,17,106,0.3215590742996346,0.0406737880032867,0,BENIGN,BENIGN,0,Friday,2252
20170707_1841,2017-07-07 18:41:00,2017-07-07 18:41:59,2017-07-07,Friday,282,192,28.966666666666665,4424.183333333333,11422010.291666666,29918315.52271317,0.78125,152.7336018411968,110.09675446145388,1.0702380952380952,17,44,0.390625,0.0558112773302646,0,BENIGN,BENIGN,0,Friday,2253
