global_position,window_id,dataset_day,attack_category,is_attack,split,model,segment_id,is_exception,allocation_reason,notes
1,20170703_1355,Monday,BENIGN,0,train,autoencoder,Monday_GAP_001,False,Pure benign baseline training (Level 3 Purity),Strict Level 3 Benign Purity (Zero attack contamination in Train)
2,20170703_1356,Monday,BENIGN,0,train,autoencoder,Monday_GAP_001,False,Pure benign baseline training (Level 3 Purity),Strict Level 3 Benign Purity (Zero attack contamination in Train)
3,20170703_1357,Monday,BENIGN,0,train,autoencoder,Monday_GAP_001,False,Pure benign baseline training (Level 3 Purity),Strict Level 3 Benign Purity (Zero attack contamination in Train)
4,20170703_1358,Monday,BENIGN,0,train,autoencoder,Monday_GAP_001,False,Pure benign baseline training (Level 3 Purity),Strict Level 3 Benign Purity (Zero attack contamination in Train)
5,20170703_1359,Monday,BENIGN,0,train,autoencoder,Monday_GAP_001,False,Pure benign baseline training (Level 3 Purity),Strict Level 3 Benign Purity (Zero attack contamination in Train)
6,20170703_1400,Monday,BENIGN,0,train,autoencoder,Monday_GAP_001,False,Pure benign baseline training (Level 3 Purity),Strict Level 3 Benign Purity (Zero attack contamination in Train)
7,20170703_1401,Monday,BENIGN,0,train,autoencoder,Monday_GAP_001,False,Pure benign baseline training (Level 3 Purity),Strict Level 3 Benign Purity (Zero attack contamination in Train)
8,20170703_1402,Monday,BENIGN,0,train,autoencoder,Monday_GAP_001,False,Pure benign baseline training (Level 3 Purity),Strict Level 3 Benign Purity (Zero attack contamination in Train)
9,20170703_1403,Monday,BENIGN,0,train,autoencoder,Monday_GAP_001,False,Pure benign baseline training (Level 3 Purity),Strict Level 3 Benign Purity (Zero attack contamination in Train)
10,20170703_1404,Monday,BENIGN,0,train,autoencoder,Monday_GAP_001,False,Pure benign baseline training (Level 3 Purity),Strict Level 3 Benign Purity (Zero attack contamination in Train)
11,20170703_1405,Monday,BENIGN,0,train,autoencoder,Monday_GAP_001,False,Pure benign baseline training (Level 3 Purity),Strict Level 3 Benign Purity (Zero attack contamination in Train)
12,20170703_1406,Monday,BENIGN,0,train,autoencoder,Monday_GAP_001,False,Pure benign baseline training (Level 3 Purity),Strict Level 3 Benign Purity (Zero attack contamination in Train)
13,20170703_1407,Monday,BENIGN,0,train,autoencoder,Monday_GAP_001,False,Pure benign baseline training (Level 3 Purity),Strict Level 3 Benign Purity (Zero attack contamination in Train)
14,20170703_1408,Monday,BENIGN,0,train,autoencoder,Monday_GAP_001,False,Pure benign baseline training (Level 3 Purity),Strict Level 3 Benign Purity (Zero attack contamination in Train)
15,20170703_1409,Monday,BENIGN,0,train,autoencoder,Monday_GAP_001,False,Pure benign baseline training (Level 3 Purity),Strict Level 3 Benign Purity (Zero attack contamination in Train)
16,20170703_1410,Monday,BENIGN,0,train,autoencoder,Monday_GAP_001,False,Pure benign baseline training (Level 3 Purity),Strict Level 3 Benign Purity (Zero attack contamination in Train)
17,20170703_1411,Monday,BENIGN,0,train,autoencoder,Monday_GAP_001,False,Pure benign baseline training (Level 3 Purity),Strict Level 3 Benign Purity (Zero attack contamination in Train)
18,20170703_1412,Monday,BENIGN,0,train,autoencoder,Monday_GAP_001,False,Pure benign baseline training (Level 3 Purity),Strict Level 3 Benign Purity (Zero attack contamination in Train)
19,20170703_1413,Monday,BENIGN,0,train,autoencoder,Monday_GAP_001,False,Pure benign baseline training (Level 3 Purity),Strict Level 3 Benign Purity (Zero attack contamination in Train)
20,20170703_1414,Monday,BENIGN,0,train,autoencoder,Monday_GAP_001,False,Pure benign baseline training (Level 3 Purity),Strict Level 3 Benign Purity (Zero attack contamination in Train)
21,20170703_1415,Monday,BENIGN,0,train,autoencoder,Monday_GAP_001,False,Pure benign baseline training (Level 3 Purity),Strict Level 3 Benign Purity (Zero attack contamination in Train)
22,20170703_1416,Monday,BENIGN,0,train,autoencoder,Monday_GAP_001,False,Pure benign baseline training (Level 3 Purity),Strict Level 3 Benign Purity (Zero attack contamination in Train)
23,20170703_1417,Monday,BENIGN,0,train,autoencoder,Monday_GAP_001,False,Pure benign baseline training (Level 3 Purity),Strict Level 3 Benign Purity (Zero attack contamination in Train)
24,20170703_1418,Monday,BENIGN,0,train,autoencoder,Monday_GAP_001,False,Pure benign baseline training (Level 3 Purity),Strict Level 3 Benign Purity (Zero attack contamination in Train)
25,20170703_1419,Monday,BENIGN,0,train,autoencoder,Monday_GAP_001,False,Pure benign baseline training (Level 3 Purity),Strict Level 3 Benign Purity (Zero attack contamination in Train)
26,20170703_1420,Monday,BENIGN,0,train,autoencoder,Monday_GAP_001,False,Pure benign baseline training (Level 3 Purity),Strict Level 3 Benign Purity (Zero attack contamination in Train)
27,20170703_1421,Monday,BENIGN,0,train,autoencoder,Monday_GAP_001,False,Pure benign baseline training (Level 3 Purity),Strict Level 3 Benign Purity (Zero attack contamination in Train)
28,20170703_1422,Monday,BENIGN,0,train,autoencoder,Monday_GAP_001,False,Pure benign baseline training (Level 3 Purity),Strict Level 3 Benign Purity (Zero attack contamination in Train)
29,20170703_1423,Monday,BENIGN,0,train,autoencoder,Monday_GAP_001,False,Pure benign baseline training (Level 3 Purity),Strict Level 3 Benign Purity (Zero attack contamination in Train)
30,20170703_1424,Monday,BENIGN,0,train,autoencoder,Monday_GAP_001,False,Pure benign baseline training (Level 3 Purity),Strict Level 3 Benign Purity (Zero attack contamination in Train)
31,20170703_1425,Monday,BENIGN,0,train,autoencoder,Monday_GAP_001,False,Pure benign baseline training (Level 3 Purity),Strict Level 3 Benign Purity (Zero attack contamination in Train)
32,20170703_1426,Monday,BENIGN,0,train,autoencoder,Monday_GAP_001,False,Pure benign baseline training (Level 3 Purity),Strict Level 3 Benign Purity (Zero attack contamination in Train)
33,20170703_1427,Monday,BENIGN,0,train,autoencoder,Monday_GAP_001,False,Pure benign baseline training (Level 3 Purity),Strict Level 3 Benign Purity (Zero attack contamination in Train)
34,20170703_1428,Monday,BENIGN,0,train,autoencoder,Monday_GAP_001,False,Pure benign baseline training (Level 3 Purity),Strict Level 3 Benign Purity (Zero attack contamination in Train)
35,20170703_1429,Monday,BENIGN,0,train,autoencoder,Monday_GAP_001,False,Pure benign baseline training (Level 3 Purity),Strict Level 3 Benign Purity (Zero attack contamination in Train)
36,20170703_1430,Monday,BENIGN,0,train,autoencoder,Monday_GAP_001,False,Pure benign baseline training (Level 3 Purity),Strict Level 3 Benign Purity (Zero attack contamination in Train)
37,20170703_1431,Monday,BENIGN,0,train,autoencoder,Monday_GAP_001,False,Pure benign baseline training (Level 3 Purity),Strict Level 3 Benign Purity (Zero attack contamination in Train)
38,20170703_1432,Monday,BENIGN,0,train,autoencoder,Monday_GAP_001,False,Pure benign baseline training (Level 3 Purity),Strict Level 3 Benign Purity (Zero attack contamination in Train)
39,20170703_1433,Monday,BENIGN,0,train,autoencoder,Monday_GAP_001,False,Pure benign baseline training (Level 3 Purity),Strict Level 3 Benign Purity (Zero attack contamination in Train)
40,20170703_1434,Monday,BENIGN,0,train,autoencoder,Monday_GAP_001,False,Pure benign baseline training (Level 3 Purity),Strict Level 3 Benign Purity (Zero attack contamination in Train)
41,20170703_1435,Monday,BENIGN,0,train,autoencoder,Monday_GAP_001,False,Pure benign baseline training (Level 3 Purity),Strict Level 3 Benign Purity (Zero attack contamination in Train)
42,20170703_1436,Monday,BENIGN,0,train,autoencoder,Monday_GAP_001,False,Pure benign baseline training (Level 3 Purity),Strict Level 3 Benign Purity (Zero attack contamination in Train)
43,20170703_1437,Monday,BENIGN,0,train,autoencoder,Monday_GAP_001,False,Pure benign baseline training (Level 3 Purity),Strict Level 3 Benign Purity (Zero attack contamination in Train)
44,20170703_1438,Monday,BENIGN,0,train,autoencoder,Monday_GAP_001,False,Pure benign baseline training (Level 3 Purity),Strict Level 3 Benign Purity (Zero attack contamination in Train)
45,20170703_1439,Monday,BENIGN,0,train,autoencoder,Monday_GAP_001,False,Pure benign baseline training (Level 3 Purity),Strict Level 3 Benign Purity (Zero attack contamination in Train)
46,20170703_1440,Monday,BENIGN,0,train,autoencoder,Monday_GAP_001,False,Pure benign baseline training (Level 3 Purity),Strict Level 3 Benign Purity (Zero attack contamination in Train)
47,20170703_1441,Monday,BENIGN,0,train,autoencoder,Monday_GAP_001,False,Pure benign baseline training (Level 3 Purity),Strict Level 3 Benign Purity (Zero attack contamination in Train)
48,20170703_1442,Monday,BENIGN,0,train,autoencoder,Monday_GAP_001,False,Pure benign baseline training (Level 3 Purity),Strict Level 3 Benign Purity (Zero attack contamination in Train)
49,20170703_1443,Monday,BENIGN,0,train,autoencoder,Monday_GAP_001,False,Pure benign baseline training (Level 3 Purity),Strict Level 3 Benign Purity (Zero attack contamination in Train)
50,20170703_1444,Monday,BENIGN,0,train,autoencoder,Monday_GAP_001,False,Pure benign baseline training (Level 3 Purity),Strict Level 3 Benign Purity (Zero attack contamination in Train)
51,20170703_1445,Monday,BENIGN,0,train,autoencoder,Monday_GAP_001,False,Pure benign baseline training (Level 3 Purity),Strict Level 3 Benign Purity (Zero attack contamination in Train)
52,20170703_1446,Monday,BENIGN,0,train,autoencoder,Monday_GAP_001,False,Pure benign baseline training (Level 3 Purity),Strict Level 3 Benign Purity (Zero attack contamination in Train)
53,20170703_1447,Monday,BENIGN,0,train,autoencoder,Monday_GAP_001,False,Pure benign baseline training (Level 3 Purity),Strict Level 3 Benign Purity (Zero attack contamination in Train)
54,20170703_1448,Monday,BENIGN,0,train,autoencoder,Monday_GAP_001,False,Pure benign baseline training (Level 3 Purity),Strict Level 3 Benign Purity (Zero attack contamination in Train)
55,20170703_1449,Monday,BENIGN,0,train,autoencoder,Monday_GAP_001,False,Pure benign baseline training (Level 3 Purity),Strict Level 3 Benign Purity (Zero attack contamination in Train)
56,20170703_1450,Monday,BENIGN,0,train,autoencoder,Monday_GAP_001,False,Pure benign baseline training (Level 3 Purity),Strict Level 3 Benign Purity (Zero attack contamination in Train)
57,20170703_1451,Monday,BENIGN,0,train,autoencoder,Monday_GAP_001,False,Pure benign baseline training (Level 3 Purity),Strict Level 3 Benign Purity (Zero attack contamination in Train)
58,20170703_1452,Monday,BENIGN,0,train,autoencoder,Monday_GAP_001,False,Pure benign baseline training (Level 3 Purity),Strict Level 3 Benign Purity (Zero attack contamination in Train)
59,20170703_1453,Monday,BENIGN,0,train,autoencoder,Monday_GAP_001,False,Pure benign baseline training (Level 3 Purity),Strict Level 3 Benign Purity (Zero attack contamination in Train)
60,20170703_1454,Monday,BENIGN,0,train,autoencoder,Monday_GAP_001,False,Pure benign baseline training (Level 3 Purity),Strict Level 3 Benign Purity (Zero attack contamination in Train)
61,20170703_1455,Monday,BENIGN,0,train,autoencoder,Monday_GAP_001,False,Pure benign baseline training (Level 3 Purity),Strict Level 3 Benign Purity (Zero attack contamination in Train)
62,20170703_1456,Monday,BENIGN,0,train,autoencoder,Monday_GAP_001,False,Pure benign baseline training (Level 3 Purity),Strict Level 3 Benign Purity (Zero attack contamination in Train)
63,20170703_1457,Monday,BENIGN,0,train,autoencoder,Monday_GAP_001,False,Pure benign baseline training (Level 3 Purity),Strict Level 3 Benign Purity (Zero attack contamination in Train)
64,20170703_1458,Monday,BENIGN,0,train,autoencoder,Monday_GAP_001,False,Pure benign baseline training (Level 3 Purity),Strict Level 3 Benign Purity (Zero attack contamination in Train)
65,20170703_1459,Monday,BENIGN,0,train,autoencoder,Monday_GAP_001,False,Pure benign baseline training (Level 3 Purity),Strict Level 3 Benign Purity (Zero attack contamination in Train)
66,20170703_1500,Monday,BENIGN,0,train,autoencoder,Monday_GAP_001,False,Pure benign baseline training (Level 3 Purity),Strict Level 3 Benign Purity (Zero attack contamination in Train)
67,20170703_1501,Monday,BENIGN,0,train,autoencoder,Monday_GAP_001,False,Pure benign baseline training (Level 3 Purity),Strict Level 3 Benign Purity (Zero attack contamination in Train)
68,20170703_1502,Monday,BENIGN,0,train,autoencoder,Monday_GAP_001,False,Pure benign baseline training (Level 3 Purity),Strict Level 3 Benign Purity (Zero attack contamination in Train)
69,20170703_1503,Monday,BENIGN,0,train,autoencoder,Monday_GAP_001,False,Pure benign baseline training (Level 3 Purity),Strict Level 3 Benign Purity (Zero attack contamination in Train)
70,20170703_1504,Monday,BENIGN,0,train,autoencoder,Monday_GAP_001,False,Pure benign baseline training (Level 3 Purity),Strict Level 3 Benign Purity (Zero attack contamination in Train)
71,20170703_1505,Monday,BENIGN,0,train,autoencoder,Monday_GAP_001,False,Pure benign baseline training (Level 3 Purity),Strict Level 3 Benign Purity (Zero attack contamination in Train)
72,20170703_1506,Monday,BENIGN,0,train,autoencoder,Monday_GAP_001,False,Pure benign baseline training (Level 3 Purity),Strict Level 3 Benign Purity (Zero attack contamination in Train)
73,20170703_1507,Monday,BENIGN,0,train,autoencoder,Monday_GAP_001,False,Pure benign baseline training (Level 3 Purity),Strict Level 3 Benign Purity (Zero attack contamination in Train)
74,20170703_1508,Monday,BENIGN,0,train,autoencoder,Monday_GAP_001,False,Pure benign baseline training (Level 3 Purity),Strict Level 3 Benign Purity (Zero attack contamination in Train)
75,20170703_1509,Monday,BENIGN,0,train,autoencoder,Monday_GAP_001,False,Pure benign baseline training (Level 3 Purity),Strict Level 3 Benign Purity (Zero attack contamination in Train)
76,20170703_1510,Monday,BENIGN,0,train,autoencoder,Monday_GAP_001,False,Pure benign baseline training (Level 3 Purity),Strict Level 3 Benign Purity (Zero attack contamination in Train)
77,20170703_1511,Monday,BENIGN,0,train,autoencoder,Monday_GAP_001,False,Pure benign baseline training (Level 3 Purity),Strict Level 3 Benign Purity (Zero attack contamination in Train)
78,20170703_1512,Monday,BENIGN,0,train,autoencoder,Monday_GAP_001,False,Pure benign baseline training (Level 3 Purity),Strict Level 3 Benign Purity (Zero attack contamination in Train)
79,20170703_1513,Monday,BENIGN,0,train,autoencoder,Monday_GAP_001,False,Pure benign baseline training (Level 3 Purity),Strict Level 3 Benign Purity (Zero attack contamination in Train)
80,20170703_1514,Monday,BENIGN,0,train,autoencoder,Monday_GAP_001,False,Pure benign baseline training (Level 3 Purity),Strict Level 3 Benign Purity (Zero attack contamination in Train)
81,20170703_1515,Monday,BENIGN,0,train,autoencoder,Monday_GAP_001,False,Pure benign baseline training (Level 3 Purity),Strict Level 3 Benign Purity (Zero attack contamination in Train)
82,20170703_1516,Monday,BENIGN,0,train,autoencoder,Monday_GAP_001,False,Pure benign baseline training (Level 3 Purity),Strict Level 3 Benign Purity (Zero attack contamination in Train)
83,20170703_1517,Monday,BENIGN,0,train,autoencoder,Monday_GAP_001,False,Pure benign baseline training (Level 3 Purity),Strict Level 3 Benign Purity (Zero attack contamination in Train)
84,20170703_1518,Monday,BENIGN,0,train,autoencoder,Monday_GAP_001,False,Pure benign baseline training (Level 3 Purity),Strict Level 3 Benign Purity (Zero attack contamination in Train)
85,20170703_1519,Monday,BENIGN,0,train,autoencoder,Monday_GAP_001,False,Pure benign baseline training (Level 3 Purity),Strict Level 3 Benign Purity (Zero attack contamination in Train)
86,20170703_1520,Monday,BENIGN,0,train,autoencoder,Monday_GAP_001,False,Pure benign baseline training (Level 3 Purity),Strict Level 3 Benign Purity (Zero attack contamination in Train)
87,20170703_1521,Monday,BENIGN,0,train,autoencoder,Monday_GAP_001,False,Pure benign baseline training (Level 3 Purity),Strict Level 3 Benign Purity (Zero attack contamination in Train)
88,20170703_1522,Monday,BENIGN,0,train,autoencoder,Monday_GAP_001,False,Pure benign baseline training (Level 3 Purity),Strict Level 3 Benign Purity (Zero attack contamination in Train)
89,20170703_1523,Monday,BENIGN,0,train,autoencoder,Monday_GAP_001,False,Pure benign baseline training (Level 3 Purity),Strict Level 3 Benign Purity (Zero attack contamination in Train)
90,20170703_1524,Monday,BENIGN,0,train,autoencoder,Monday_GAP_001,False,Pure benign baseline training (Level 3 Purity),Strict Level 3 Benign Purity (Zero attack contamination in Train)
91,20170703_1525,Monday,BENIGN,0,train,autoencoder,Monday_GAP_001,False,Pure benign baseline training (Level 3 Purity),Strict Level 3 Benign Purity (Zero attack contamination in Train)
92,20170703_1526,Monday,BENIGN,0,train,autoencoder,Monday_GAP_001,False,Pure benign baseline training (Level 3 Purity),Strict Level 3 Benign Purity (Zero attack contamination in Train)
93,20170703_1527,Monday,BENIGN,0,train,autoencoder,Monday_GAP_001,False,Pure benign baseline training (Level 3 Purity),Strict Level 3 Benign Purity (Zero attack contamination in Train)
94,20170703_1528,Monday,BENIGN,0,train,autoencoder,Monday_GAP_001,False,Pure benign baseline training (Level 3 Purity),Strict Level 3 Benign Purity (Zero attack contamination in Train)
95,20170703_1529,Monday,BENIGN,0,train,autoencoder,Monday_GAP_001,False,Pure benign baseline training (Level 3 Purity),Strict Level 3 Benign Purity (Zero attack contamination in Train)
96,20170703_1530,Monday,BENIGN,0,train,autoencoder,Monday_GAP_001,False,Pure benign baseline training (Level 3 Purity),Strict Level 3 Benign Purity (Zero attack contamination in Train)
97,20170703_1531,Monday,BENIGN,0,train,autoencoder,Monday_GAP_001,False,Pure benign baseline training (Level 3 Purity),Strict Level 3 Benign Purity (Zero attack contamination in Train)
98,20170703_1532,Monday,BENIGN,0,train,autoencoder,Monday_GAP_001,False,Pure benign baseline training (Level 3 Purity),Strict Level 3 Benign Purity (Zero attack contamination in Train)
99,20170703_1533,Monday,BENIGN,0,train,autoencoder,Monday_GAP_001,False,Pure benign baseline training (Level 3 Purity),Strict Level 3 Benign Purity (Zero attack contamination in Train)
100,20170703_1534,Monday,BENIGN,0,train,autoencoder,Monday_GAP_001,False,Pure benign baseline training (Level 3 Purity),Strict Level 3 Benign Purity (Zero attack contamination in Train)
101,20170703_1535,Monday,BENIGN,0,train,autoencoder,Monday_GAP_001,False,Pure benign baseline training (Level 3 Purity),Strict Level 3 Benign Purity (Zero attack contamination in Train)
102,20170703_1536,Monday,BENIGN,0,train,autoencoder,Monday_GAP_001,False,Pure benign baseline training (Level 3 Purity),Strict Level 3 Benign Purity (Zero attack contamination in Train)
103,20170703_1537,Monday,BENIGN,0,train,autoencoder,Monday_GAP_001,False,Pure benign baseline training (Level 3 Purity),Strict Level 3 Benign Purity (Zero attack contamination in Train)
104,20170703_1538,Monday,BENIGN,0,train,autoencoder,Monday_GAP_001,False,Pure benign baseline training (Level 3 Purity),Strict Level 3 Benign Purity (Zero attack contamination in Train)
105,20170703_1539,Monday,BENIGN,0,train,autoencoder,Monday_GAP_001,False,Pure benign baseline training (Level 3 Purity),Strict Level 3 Benign Purity (Zero attack contamination in Train)
106,20170703_1540,Monday,BENIGN,0,train,autoencoder,Monday_GAP_001,False,Pure benign baseline training (Level 3 Purity),Strict Level 3 Benign Purity (Zero attack contamination in Train)
107,20170703_1541,Monday,BENIGN,0,train,autoencoder,Monday_GAP_001,False,Pure benign baseline training (Level 3 Purity),Strict Level 3 Benign Purity (Zero attack contamination in Train)
108,20170703_1542,Monday,BENIGN,0,train,autoencoder,Monday_GAP_001,False,Pure benign baseline training (Level 3 Purity),Strict Level 3 Benign Purity (Zero attack contamination in Train)
109,20170703_1543,Monday,BENIGN,0,train,autoencoder,Monday_GAP_001,False,Pure benign baseline training (Level 3 Purity),Strict Level 3 Benign Purity (Zero attack contamination in Train)
110,20170703_1544,Monday,BENIGN,0,train,autoencoder,Monday_GAP_001,False,Pure benign baseline training (Level 3 Purity),Strict Level 3 Benign Purity (Zero attack contamination in Train)
111,20170703_1545,Monday,BENIGN,0,train,autoencoder,Monday_GAP_001,False,Pure benign baseline training (Level 3 Purity),Strict Level 3 Benign Purity (Zero attack contamination in Train)
112,20170703_1546,Monday,BENIGN,0,train,autoencoder,Monday_GAP_001,False,Pure benign baseline training (Level 3 Purity),Strict Level 3 Benign Purity (Zero attack contamination in Train)
113,20170703_1547,Monday,BENIGN,0,train,autoencoder,Monday_GAP_001,False,Pure benign baseline training (Level 3 Purity),Strict Level 3 Benign Purity (Zero attack contamination in Train)
114,20170703_1548,Monday,BENIGN,0,train,autoencoder,Monday_GAP_001,False,Pure benign baseline training (Level 3 Purity),Strict Level 3 Benign Purity (Zero attack contamination in Train)
115,20170703_1549,Monday,BENIGN,0,train,autoencoder,Monday_GAP_001,False,Pure benign baseline training (Level 3 Purity),Strict Level 3 Benign Purity (Zero attack contamination in Train)
116,20170703_1550,Monday,BENIGN,0,train,autoencoder,Monday_GAP_001,False,Pure benign baseline training (Level 3 Purity),Strict Level 3 Benign Purity (Zero attack contamination in Train)
117,20170703_1551,Monday,BENIGN,0,train,autoencoder,Monday_GAP_001,False,Pure benign baseline training (Level 3 Purity),Strict Level 3 Benign Purity (Zero attack contamination in Train)
118,20170703_1552,Monday,BENIGN,0,train,autoencoder,Monday_GAP_001,False,Pure benign baseline training (Level 3 Purity),Strict Level 3 Benign Purity (Zero attack contamination in Train)
119,20170703_1553,Monday,BENIGN,0,train,autoencoder,Monday_GAP_001,False,Pure benign baseline training (Level 3 Purity),Strict Level 3 Benign Purity (Zero attack contamination in Train)
120,20170703_1554,Monday,BENIGN,0,train,autoencoder,Monday_GAP_001,False,Pure benign baseline training (Level 3 Purity),Strict Level 3 Benign Purity (Zero attack contamination in Train)
121,20170703_1555,Monday,BENIGN,0,train,autoencoder,Monday_GAP_001,False,Pure benign baseline training (Level 3 Purity),Strict Level 3 Benign Purity (Zero attack contamination in Train)
122,20170703_1556,Monday,BENIGN,0,train,autoencoder,Monday_GAP_001,False,Pure benign baseline training (Level 3 Purity),Strict Level 3 Benign Purity (Zero attack contamination in Train)
123,20170703_1557,Monday,BENIGN,0,train,autoencoder,Monday_GAP_001,False,Pure benign baseline training (Level 3 Purity),Strict Level 3 Benign Purity (Zero attack contamination in Train)
124,20170703_1558,Monday,BENIGN,0,train,autoencoder,Monday_GAP_001,False,Pure benign baseline training (Level 3 Purity),Strict Level 3 Benign Purity (Zero attack contamination in Train)
125,20170703_1559,Monday,BENIGN,0,train,autoencoder,Monday_GAP_001,False,Pure benign baseline training (Level 3 Purity),Strict Level 3 Benign Purity (Zero attack contamination in Train)
126,20170703_1600,Monday,BENIGN,0,train,autoencoder,Monday_GAP_001,False,Pure benign baseline training (Level 3 Purity),Strict Level 3 Benign Purity (Zero attack contamination in Train)
127,20170703_1601,Monday,BENIGN,0,train,autoencoder,Monday_GAP_001,False,Pure benign baseline training (Level 3 Purity),Strict Level 3 Benign Purity (Zero attack contamination in Train)
128,20170703_1602,Monday,BENIGN,0,train,autoencoder,Monday_GAP_001,False,Pure benign baseline training (Level 3 Purity),Strict Level 3 Benign Purity (Zero attack contamination in Train)
129,20170703_1603,Monday,BENIGN,0,train,autoencoder,Monday_GAP_001,False,Pure benign baseline training (Level 3 Purity),Strict Level 3 Benign Purity (Zero attack contamination in Train)
130,20170703_1604,Monday,BENIGN,0,train,autoencoder,Monday_GAP_001,False,Pure benign baseline training (Level 3 Purity),Strict Level 3 Benign Purity (Zero attack contamination in Train)
131,20170703_1605,Monday,BENIGN,0,train,autoencoder,Monday_GAP_001,False,Pure benign baseline training (Level 3 Purity),Strict Level 3 Benign Purity (Zero attack contamination in Train)
132,20170703_1606,Monday,BENIGN,0,train,autoencoder,Monday_GAP_001,False,Pure benign baseline training (Level 3 Purity),Strict Level 3 Benign Purity (Zero attack contamination in Train)
133,20170703_1607,Monday,BENIGN,0,train,autoencoder,Monday_GAP_001,False,Pure benign baseline training (Level 3 Purity),Strict Level 3 Benign Purity (Zero attack contamination in Train)
134,20170703_1608,Monday,BENIGN,0,train,autoencoder,Monday_GAP_001,False,Pure benign baseline training (Level 3 Purity),Strict Level 3 Benign Purity (Zero attack contamination in Train)
135,20170703_1609,Monday,BENIGN,0,train,autoencoder,Monday_GAP_001,False,Pure benign baseline training (Level 3 Purity),Strict Level 3 Benign Purity (Zero attack contamination in Train)
136,20170703_1610,Monday,BENIGN,0,train,autoencoder,Monday_GAP_001,False,Pure benign baseline training (Level 3 Purity),Strict Level 3 Benign Purity (Zero attack contamination in Train)
137,20170703_1611,Monday,BENIGN,0,train,autoencoder,Monday_GAP_001,False,Pure benign baseline training (Level 3 Purity),Strict Level 3 Benign Purity (Zero attack contamination in Train)
138,20170703_1612,Monday,BENIGN,0,train,autoencoder,Monday_GAP_001,False,Pure benign baseline training (Level 3 Purity),Strict Level 3 Benign Purity (Zero attack contamination in Train)
139,20170703_1613,Monday,BENIGN,0,train,autoencoder,Monday_GAP_001,False,Pure benign baseline training (Level 3 Purity),Strict Level 3 Benign Purity (Zero attack contamination in Train)
140,20170703_1614,Monday,BENIGN,0,train,autoencoder,Monday_GAP_001,False,Pure benign baseline training (Level 3 Purity),Strict Level 3 Benign Purity (Zero attack contamination in Train)
141,20170703_1615,Monday,BENIGN,0,train,autoencoder,Monday_GAP_001,False,Pure benign baseline training (Level 3 Purity),Strict Level 3 Benign Purity (Zero attack contamination in Train)
142,20170703_1616,Monday,BENIGN,0,train,autoencoder,Monday_GAP_001,False,Pure benign baseline training (Level 3 Purity),Strict Level 3 Benign Purity (Zero attack contamination in Train)
143,20170703_1617,Monday,BENIGN,0,train,autoencoder,Monday_GAP_001,False,Pure benign baseline training (Level 3 Purity),Strict Level 3 Benign Purity (Zero attack contamination in Train)
144,20170703_1618,Monday,BENIGN,0,train,autoencoder,Monday_GAP_001,False,Pure benign baseline training (Level 3 Purity),Strict Level 3 Benign Purity (Zero attack contamination in Train)
145,20170703_1619,Monday,BENIGN,0,train,autoencoder,Monday_GAP_001,False,Pure benign baseline training (Level 3 Purity),Strict Level 3 Benign Purity (Zero attack contamination in Train)
146,20170703_1620,Monday,BENIGN,0,train,autoencoder,Monday_GAP_001,False,Pure benign baseline training (Level 3 Purity),Strict Level 3 Benign Purity (Zero attack contamination in Train)
147,20170703_1621,Monday,BENIGN,0,train,autoencoder,Monday_GAP_001,False,Pure benign baseline training (Level 3 Purity),Strict Level 3 Benign Purity (Zero attack contamination in Train)
148,20170703_1622,Monday,BENIGN,0,train,autoencoder,Monday_GAP_001,False,Pure benign baseline training (Level 3 Purity),Strict Level 3 Benign Purity (Zero attack contamination in Train)
149,20170703_1623,Monday,BENIGN,0,train,autoencoder,Monday_GAP_001,False,Pure benign baseline training (Level 3 Purity),Strict Level 3 Benign Purity (Zero attack contamination in Train)
150,20170703_1624,Monday,BENIGN,0,train,autoencoder,Monday_GAP_001,False,Pure benign baseline training (Level 3 Purity),Strict Level 3 Benign Purity (Zero attack contamination in Train)
151,20170703_1625,Monday,BENIGN,0,train,autoencoder,Monday_GAP_001,False,Pure benign baseline training (Level 3 Purity),Strict Level 3 Benign Purity (Zero attack contamination in Train)
152,20170703_1626,Monday,BENIGN,0,train,autoencoder,Monday_GAP_001,False,Pure benign baseline training (Level 3 Purity),Strict Level 3 Benign Purity (Zero attack contamination in Train)
153,20170703_1627,Monday,BENIGN,0,train,autoencoder,Monday_GAP_001,False,Pure benign baseline training (Level 3 Purity),Strict Level 3 Benign Purity (Zero attack contamination in Train)
154,20170703_1628,Monday,BENIGN,0,train,autoencoder,Monday_GAP_001,False,Pure benign baseline training (Level 3 Purity),Strict Level 3 Benign Purity (Zero attack contamination in Train)
155,20170703_1629,Monday,BENIGN,0,train,autoencoder,Monday_GAP_001,False,Pure benign baseline training (Level 3 Purity),Strict Level 3 Benign Purity (Zero attack contamination in Train)
156,20170703_1630,Monday,BENIGN,0,train,autoencoder,Monday_GAP_001,False,Pure benign baseline training (Level 3 Purity),Strict Level 3 Benign Purity (Zero attack contamination in Train)
157,20170703_1631,Monday,BENIGN,0,train,autoencoder,Monday_GAP_001,False,Pure benign baseline training (Level 3 Purity),Strict Level 3 Benign Purity (Zero attack contamination in Train)
158,20170703_1632,Monday,BENIGN,0,train,autoencoder,Monday_GAP_001,False,Pure benign baseline training (Level 3 Purity),Strict Level 3 Benign Purity (Zero attack contamination in Train)
159,20170703_1633,Monday,BENIGN,0,train,autoencoder,Monday_GAP_001,False,Pure benign baseline training (Level 3 Purity),Strict Level 3 Benign Purity (Zero attack contamination in Train)
160,20170703_1634,Monday,BENIGN,0,train,autoencoder,Monday_GAP_001,False,Pure benign baseline training (Level 3 Purity),Strict Level 3 Benign Purity (Zero attack contamination in Train)
161,20170703_1635,Monday,BENIGN,0,train,autoencoder,Monday_GAP_001,False,Pure benign baseline training (Level 3 Purity),Strict Level 3 Benign Purity (Zero attack contamination in Train)
162,20170703_1636,Monday,BENIGN,0,train,autoencoder,Monday_GAP_001,False,Pure benign baseline training (Level 3 Purity),Strict Level 3 Benign Purity (Zero attack contamination in Train)
163,20170703_1637,Monday,BENIGN,0,train,autoencoder,Monday_GAP_001,False,Pure benign baseline training (Level 3 Purity),Strict Level 3 Benign Purity (Zero attack contamination in Train)
164,20170703_1638,Monday,BENIGN,0,train,autoencoder,Monday_GAP_001,False,Pure benign baseline training (Level 3 Purity),Strict Level 3 Benign Purity (Zero attack contamination in Train)
165,20170703_1639,Monday,BENIGN,0,train,autoencoder,Monday_GAP_001,False,Pure benign baseline training (Level 3 Purity),Strict Level 3 Benign Purity (Zero attack contamination in Train)
166,20170703_1640,Monday,BENIGN,0,train,autoencoder,Monday_GAP_001,False,Pure benign baseline training (Level 3 Purity),Strict Level 3 Benign Purity (Zero attack contamination in Train)
167,20170703_1641,Monday,BENIGN,0,train,autoencoder,Monday_GAP_001,False,Pure benign baseline training (Level 3 Purity),Strict Level 3 Benign Purity (Zero attack contamination in Train)
168,20170703_1642,Monday,BENIGN,0,train,autoencoder,Monday_GAP_001,False,Pure benign baseline training (Level 3 Purity),Strict Level 3 Benign Purity (Zero attack contamination in Train)
169,20170703_1643,Monday,BENIGN,0,train,autoencoder,Monday_GAP_001,False,Pure benign baseline training (Level 3 Purity),Strict Level 3 Benign Purity (Zero attack contamination in Train)
170,20170703_1644,Monday,BENIGN,0,train,autoencoder,Monday_GAP_001,False,Pure benign baseline training (Level 3 Purity),Strict Level 3 Benign Purity (Zero attack contamination in Train)
171,20170703_1645,Monday,BENIGN,0,train,autoencoder,Monday_GAP_001,False,Pure benign baseline training (Level 3 Purity),Strict Level 3 Benign Purity (Zero attack contamination in Train)
172,20170703_1646,Monday,BENIGN,0,train,autoencoder,Monday_GAP_001,False,Pure benign baseline training (Level 3 Purity),Strict Level 3 Benign Purity (Zero attack contamination in Train)
173,20170703_1647,Monday,BENIGN,0,train,autoencoder,Monday_GAP_001,False,Pure benign baseline training (Level 3 Purity),Strict Level 3 Benign Purity (Zero attack contamination in Train)
174,20170703_1648,Monday,BENIGN,0,train,autoencoder,Monday_GAP_001,False,Pure benign baseline training (Level 3 Purity),Strict Level 3 Benign Purity (Zero attack contamination in Train)
175,20170703_1649,Monday,BENIGN,0,train,autoencoder,Monday_GAP_001,False,Pure benign baseline training (Level 3 Purity),Strict Level 3 Benign Purity (Zero attack contamination in Train)
176,20170703_1650,Monday,BENIGN,0,train,autoencoder,Monday_GAP_001,False,Pure benign baseline training (Level 3 Purity),Strict Level 3 Benign Purity (Zero attack contamination in Train)
177,20170703_1651,Monday,BENIGN,0,train,autoencoder,Monday_GAP_001,False,Pure benign baseline training (Level 3 Purity),Strict Level 3 Benign Purity (Zero attack contamination in Train)
178,20170703_1652,Monday,BENIGN,0,train,autoencoder,Monday_GAP_001,False,Pure benign baseline training (Level 3 Purity),Strict Level 3 Benign Purity (Zero attack contamination in Train)
179,20170703_1653,Monday,BENIGN,0,train,autoencoder,Monday_GAP_001,False,Pure benign baseline training (Level 3 Purity),Strict Level 3 Benign Purity (Zero attack contamination in Train)
180,20170703_1654,Monday,BENIGN,0,train,autoencoder,Monday_GAP_001,False,Pure benign baseline training (Level 3 Purity),Strict Level 3 Benign Purity (Zero attack contamination in Train)
181,20170703_1655,Monday,BENIGN,0,train,autoencoder,Monday_GAP_001,False,Pure benign baseline training (Level 3 Purity),Strict Level 3 Benign Purity (Zero attack contamination in Train)
182,20170703_1656,Monday,BENIGN,0,train,autoencoder,Monday_GAP_001,False,Pure benign baseline training (Level 3 Purity),Strict Level 3 Benign Purity (Zero attack contamination in Train)
183,20170703_1657,Monday,BENIGN,0,train,autoencoder,Monday_GAP_001,False,Pure benign baseline training (Level 3 Purity),Strict Level 3 Benign Purity (Zero attack contamination in Train)
184,20170703_1658,Monday,BENIGN,0,train,autoencoder,Monday_GAP_001,False,Pure benign baseline training (Level 3 Purity),Strict Level 3 Benign Purity (Zero attack contamination in Train)
185,20170703_1659,Monday,BENIGN,0,train,autoencoder,Monday_GAP_001,False,Pure benign baseline training (Level 3 Purity),Strict Level 3 Benign Purity (Zero attack contamination in Train)
186,20170703_1700,Monday,BENIGN,0,train,autoencoder,Monday_GAP_001,False,Pure benign baseline training (Level 3 Purity),Strict Level 3 Benign Purity (Zero attack contamination in Train)
187,20170703_1701,Monday,BENIGN,0,train,autoencoder,Monday_GAP_001,False,Pure benign baseline training (Level 3 Purity),Strict Level 3 Benign Purity (Zero attack contamination in Train)
188,20170703_1702,Monday,BENIGN,0,train,autoencoder,Monday_GAP_001,False,Pure benign baseline training (Level 3 Purity),Strict Level 3 Benign Purity (Zero attack contamination in Train)
189,20170703_1703,Monday,BENIGN,0,train,autoencoder,Monday_GAP_001,False,Pure benign baseline training (Level 3 Purity),Strict Level 3 Benign Purity (Zero attack contamination in Train)
190,20170703_1704,Monday,BENIGN,0,train,autoencoder,Monday_GAP_001,False,Pure benign baseline training (Level 3 Purity),Strict Level 3 Benign Purity (Zero attack contamination in Train)
191,20170703_1705,Monday,BENIGN,0,train,autoencoder,Monday_GAP_001,False,Pure benign baseline training (Level 3 Purity),Strict Level 3 Benign Purity (Zero attack contamination in Train)
192,20170703_1706,Monday,BENIGN,0,train,autoencoder,Monday_GAP_001,False,Pure benign baseline training (Level 3 Purity),Strict Level 3 Benign Purity (Zero attack contamination in Train)
193,20170703_1707,Monday,BENIGN,0,train,autoencoder,Monday_GAP_001,False,Pure benign baseline training (Level 3 Purity),Strict Level 3 Benign Purity (Zero attack contamination in Train)
194,20170703_1708,Monday,BENIGN,0,train,autoencoder,Monday_GAP_001,False,Pure benign baseline training (Level 3 Purity),Strict Level 3 Benign Purity (Zero attack contamination in Train)
195,20170703_1709,Monday,BENIGN,0,train,autoencoder,Monday_GAP_001,False,Pure benign baseline training (Level 3 Purity),Strict Level 3 Benign Purity (Zero attack contamination in Train)
196,20170703_1710,Monday,BENIGN,0,train,autoencoder,Monday_GAP_001,False,Pure benign baseline training (Level 3 Purity),Strict Level 3 Benign Purity (Zero attack contamination in Train)
197,20170703_1711,Monday,BENIGN,0,train,autoencoder,Monday_GAP_001,False,Pure benign baseline training (Level 3 Purity),Strict Level 3 Benign Purity (Zero attack contamination in Train)
198,20170703_1712,Monday,BENIGN,0,train,autoencoder,Monday_GAP_001,False,Pure benign baseline training (Level 3 Purity),Strict Level 3 Benign Purity (Zero attack contamination in Train)
199,20170703_1713,Monday,BENIGN,0,train,autoencoder,Monday_GAP_001,False,Pure benign baseline training (Level 3 Purity),Strict Level 3 Benign Purity (Zero attack contamination in Train)
200,20170703_1714,Monday,BENIGN,0,train,autoencoder,Monday_GAP_001,False,Pure benign baseline training (Level 3 Purity),Strict Level 3 Benign Purity (Zero attack contamination in Train)
201,20170703_1715,Monday,BENIGN,0,train,autoencoder,Monday_GAP_001,False,Pure benign baseline training (Level 3 Purity),Strict Level 3 Benign Purity (Zero attack contamination in Train)
202,20170703_1716,Monday,BENIGN,0,train,autoencoder,Monday_GAP_001,False,Pure benign baseline training (Level 3 Purity),Strict Level 3 Benign Purity (Zero attack contamination in Train)
203,20170703_1717,Monday,BENIGN,0,train,autoencoder,Monday_GAP_001,False,Pure benign baseline training (Level 3 Purity),Strict Level 3 Benign Purity (Zero attack contamination in Train)
204,20170703_1718,Monday,BENIGN,0,train,autoencoder,Monday_GAP_001,False,Pure benign baseline training (Level 3 Purity),Strict Level 3 Benign Purity (Zero attack contamination in Train)
205,20170703_1719,Monday,BENIGN,0,train,autoencoder,Monday_GAP_001,False,Pure benign baseline training (Level 3 Purity),Strict Level 3 Benign Purity (Zero attack contamination in Train)
206,20170703_1720,Monday,BENIGN,0,train,autoencoder,Monday_GAP_001,False,Pure benign baseline training (Level 3 Purity),Strict Level 3 Benign Purity (Zero attack contamination in Train)
207,20170703_1721,Monday,BENIGN,0,train,autoencoder,Monday_GAP_001,False,Pure benign baseline training (Level 3 Purity),Strict Level 3 Benign Purity (Zero attack contamination in Train)
208,20170703_1722,Monday,BENIGN,0,train,autoencoder,Monday_GAP_001,False,Pure benign baseline training (Level 3 Purity),Strict Level 3 Benign Purity (Zero attack contamination in Train)
209,20170703_1723,Monday,BENIGN,0,train,autoencoder,Monday_GAP_001,False,Pure benign baseline training (Level 3 Purity),Strict Level 3 Benign Purity (Zero attack contamination in Train)
210,20170703_1724,Monday,BENIGN,0,train,autoencoder,Monday_GAP_001,False,Pure benign baseline training (Level 3 Purity),Strict Level 3 Benign Purity (Zero attack contamination in Train)
211,20170703_1725,Monday,BENIGN,0,train,autoencoder,Monday_GAP_001,False,Pure benign baseline training (Level 3 Purity),Strict Level 3 Benign Purity (Zero attack contamination in Train)
212,20170703_1726,Monday,BENIGN,0,train,autoencoder,Monday_GAP_001,False,Pure benign baseline training (Level 3 Purity),Strict Level 3 Benign Purity (Zero attack contamination in Train)
213,20170703_1727,Monday,BENIGN,0,train,autoencoder,Monday_GAP_001,False,Pure benign baseline training (Level 3 Purity),Strict Level 3 Benign Purity (Zero attack contamination in Train)
214,20170703_1728,Monday,BENIGN,0,train,autoencoder,Monday_GAP_001,False,Pure benign baseline training (Level 3 Purity),Strict Level 3 Benign Purity (Zero attack contamination in Train)
215,20170703_1729,Monday,BENIGN,0,train,autoencoder,Monday_GAP_001,False,Pure benign baseline training (Level 3 Purity),Strict Level 3 Benign Purity (Zero attack contamination in Train)
216,20170703_1730,Monday,BENIGN,0,train,autoencoder,Monday_GAP_001,False,Pure benign baseline training (Level 3 Purity),Strict Level 3 Benign Purity (Zero attack contamination in Train)
217,20170703_1731,Monday,BENIGN,0,train,autoencoder,Monday_GAP_001,False,Pure benign baseline training (Level 3 Purity),Strict Level 3 Benign Purity (Zero attack contamination in Train)
218,20170703_1732,Monday,BENIGN,0,train,autoencoder,Monday_GAP_001,False,Pure benign baseline training (Level 3 Purity),Strict Level 3 Benign Purity (Zero attack contamination in Train)
219,20170703_1733,Monday,BENIGN,0,train,autoencoder,Monday_GAP_001,False,Pure benign baseline training (Level 3 Purity),Strict Level 3 Benign Purity (Zero attack contamination in Train)
220,20170703_1734,Monday,BENIGN,0,train,autoencoder,Monday_GAP_001,False,Pure benign baseline training (Level 3 Purity),Strict Level 3 Benign Purity (Zero attack contamination in Train)
221,20170703_1735,Monday,BENIGN,0,train,autoencoder,Monday_GAP_001,False,Pure benign baseline training (Level 3 Purity),Strict Level 3 Benign Purity (Zero attack contamination in Train)
222,20170703_1736,Monday,BENIGN,0,train,autoencoder,Monday_GAP_001,False,Pure benign baseline training (Level 3 Purity),Strict Level 3 Benign Purity (Zero attack contamination in Train)
223,20170703_1737,Monday,BENIGN,0,train,autoencoder,Monday_GAP_001,False,Pure benign baseline training (Level 3 Purity),Strict Level 3 Benign Purity (Zero attack contamination in Train)
224,20170703_1738,Monday,BENIGN,0,train,autoencoder,Monday_GAP_001,False,Pure benign baseline training (Level 3 Purity),Strict Level 3 Benign Purity (Zero attack contamination in Train)
225,20170703_1739,Monday,BENIGN,0,train,autoencoder,Monday_GAP_001,False,Pure benign baseline training (Level 3 Purity),Strict Level 3 Benign Purity (Zero attack contamination in Train)
226,20170703_1740,Monday,BENIGN,0,train,autoencoder,Monday_GAP_001,False,Pure benign baseline training (Level 3 Purity),Strict Level 3 Benign Purity (Zero attack contamination in Train)
227,20170703_1741,Monday,BENIGN,0,train,autoencoder,Monday_GAP_001,False,Pure benign baseline training (Level 3 Purity),Strict Level 3 Benign Purity (Zero attack contamination in Train)
228,20170703_1742,Monday,BENIGN,0,train,autoencoder,Monday_GAP_001,False,Pure benign baseline training (Level 3 Purity),Strict Level 3 Benign Purity (Zero attack contamination in Train)
229,20170703_1743,Monday,BENIGN,0,train,autoencoder,Monday_GAP_001,False,Pure benign baseline training (Level 3 Purity),Strict Level 3 Benign Purity (Zero attack contamination in Train)
230,20170703_1744,Monday,BENIGN,0,train,autoencoder,Monday_GAP_001,False,Pure benign baseline training (Level 3 Purity),Strict Level 3 Benign Purity (Zero attack contamination in Train)
231,20170703_1745,Monday,BENIGN,0,train,autoencoder,Monday_GAP_001,False,Pure benign baseline training (Level 3 Purity),Strict Level 3 Benign Purity (Zero attack contamination in Train)
232,20170703_1746,Monday,BENIGN,0,train,autoencoder,Monday_GAP_001,False,Pure benign baseline training (Level 3 Purity),Strict Level 3 Benign Purity (Zero attack contamination in Train)
233,20170703_1747,Monday,BENIGN,0,train,autoencoder,Monday_GAP_001,False,Pure benign baseline training (Level 3 Purity),Strict Level 3 Benign Purity (Zero attack contamination in Train)
234,20170703_1748,Monday,BENIGN,0,train,autoencoder,Monday_GAP_001,False,Pure benign baseline training (Level 3 Purity),Strict Level 3 Benign Purity (Zero attack contamination in Train)
235,20170703_1749,Monday,BENIGN,0,train,autoencoder,Monday_GAP_001,False,Pure benign baseline training (Level 3 Purity),Strict Level 3 Benign Purity (Zero attack contamination in Train)
236,20170703_1750,Monday,BENIGN,0,train,autoencoder,Monday_GAP_001,False,Pure benign baseline training (Level 3 Purity),Strict Level 3 Benign Purity (Zero attack contamination in Train)
237,20170703_1751,Monday,BENIGN,0,train,autoencoder,Monday_GAP_001,False,Pure benign baseline training (Level 3 Purity),Strict Level 3 Benign Purity (Zero attack contamination in Train)
238,20170703_1752,Monday,BENIGN,0,train,autoencoder,Monday_GAP_001,False,Pure benign baseline training (Level 3 Purity),Strict Level 3 Benign Purity (Zero attack contamination in Train)
239,20170703_1753,Monday,BENIGN,0,train,autoencoder,Monday_GAP_001,False,Pure benign baseline training (Level 3 Purity),Strict Level 3 Benign Purity (Zero attack contamination in Train)
240,20170703_1754,Monday,BENIGN,0,train,autoencoder,Monday_GAP_001,False,Pure benign baseline training (Level 3 Purity),Strict Level 3 Benign Purity (Zero attack contamination in Train)
241,20170703_1755,Monday,BENIGN,0,train,autoencoder,Monday_GAP_001,False,Pure benign baseline training (Level 3 Purity),Strict Level 3 Benign Purity (Zero attack contamination in Train)
242,20170703_1756,Monday,BENIGN,0,train,autoencoder,Monday_GAP_001,False,Pure benign baseline training (Level 3 Purity),Strict Level 3 Benign Purity (Zero attack contamination in Train)
243,20170703_1757,Monday,BENIGN,0,train,autoencoder,Monday_GAP_001,False,Pure benign baseline training (Level 3 Purity),Strict Level 3 Benign Purity (Zero attack contamination in Train)
244,20170703_1758,Monday,BENIGN,0,train,autoencoder,Monday_GAP_001,False,Pure benign baseline training (Level 3 Purity),Strict Level 3 Benign Purity (Zero attack contamination in Train)
245,20170703_1759,Monday,BENIGN,0,train,autoencoder,Monday_GAP_001,False,Pure benign baseline training (Level 3 Purity),Strict Level 3 Benign Purity (Zero attack contamination in Train)
246,20170703_1800,Monday,BENIGN,0,train,autoencoder,Monday_GAP_001,False,Pure benign baseline training (Level 3 Purity),Strict Level 3 Benign Purity (Zero attack contamination in Train)
247,20170703_1801,Monday,BENIGN,0,train,autoencoder,Monday_GAP_001,False,Pure benign baseline training (Level 3 Purity),Strict Level 3 Benign Purity (Zero attack contamination in Train)
248,20170703_1802,Monday,BENIGN,0,train,autoencoder,Monday_GAP_001,False,Pure benign baseline training (Level 3 Purity),Strict Level 3 Benign Purity (Zero attack contamination in Train)
249,20170703_1803,Monday,BENIGN,0,train,autoencoder,Monday_GAP_001,False,Pure benign baseline training (Level 3 Purity),Strict Level 3 Benign Purity (Zero attack contamination in Train)
250,20170703_1804,Monday,BENIGN,0,train,autoencoder,Monday_GAP_001,False,Pure benign baseline training (Level 3 Purity),Strict Level 3 Benign Purity (Zero attack contamination in Train)
251,20170703_1805,Monday,BENIGN,0,train,autoencoder,Monday_GAP_001,False,Pure benign baseline training (Level 3 Purity),Strict Level 3 Benign Purity (Zero attack contamination in Train)
252,20170703_1806,Monday,BENIGN,0,train,autoencoder,Monday_GAP_001,False,Pure benign baseline training (Level 3 Purity),Strict Level 3 Benign Purity (Zero attack contamination in Train)
253,20170703_1807,Monday,BENIGN,0,train,autoencoder,Monday_GAP_001,False,Pure benign baseline training (Level 3 Purity),Strict Level 3 Benign Purity (Zero attack contamination in Train)
254,20170703_1808,Monday,BENIGN,0,train,autoencoder,Monday_GAP_001,False,Pure benign baseline training (Level 3 Purity),Strict Level 3 Benign Purity (Zero attack contamination in Train)
255,20170703_1809,Monday,BENIGN,0,train,autoencoder,Monday_GAP_001,False,Pure benign baseline training (Level 3 Purity),Strict Level 3 Benign Purity (Zero attack contamination in Train)
256,20170703_1810,Monday,BENIGN,0,train,autoencoder,Monday_GAP_001,False,Pure benign baseline training (Level 3 Purity),Strict Level 3 Benign Purity (Zero attack contamination in Train)
257,20170703_1811,Monday,BENIGN,0,train,autoencoder,Monday_GAP_001,False,Pure benign baseline training (Level 3 Purity),Strict Level 3 Benign Purity (Zero attack contamination in Train)
258,20170703_1812,Monday,BENIGN,0,train,autoencoder,Monday_GAP_001,False,Pure benign baseline training (Level 3 Purity),Strict Level 3 Benign Purity (Zero attack contamination in Train)
259,20170703_1813,Monday,BENIGN,0,train,autoencoder,Monday_GAP_001,False,Pure benign baseline training (Level 3 Purity),Strict Level 3 Benign Purity (Zero attack contamination in Train)
260,20170703_1814,Monday,BENIGN,0,train,autoencoder,Monday_GAP_001,False,Pure benign baseline training (Level 3 Purity),Strict Level 3 Benign Purity (Zero attack contamination in Train)
261,20170703_1815,Monday,BENIGN,0,train,autoencoder,Monday_GAP_001,False,Pure benign baseline training (Level 3 Purity),Strict Level 3 Benign Purity (Zero attack contamination in Train)
262,20170703_1816,Monday,BENIGN,0,train,autoencoder,Monday_GAP_001,False,Pure benign baseline training (Level 3 Purity),Strict Level 3 Benign Purity (Zero attack contamination in Train)
263,20170703_1817,Monday,BENIGN,0,train,autoencoder,Monday_GAP_001,False,Pure benign baseline training (Level 3 Purity),Strict Level 3 Benign Purity (Zero attack contamination in Train)
264,20170703_1818,Monday,BENIGN,0,train,autoencoder,Monday_GAP_001,False,Pure benign baseline training (Level 3 Purity),Strict Level 3 Benign Purity (Zero attack contamination in Train)
265,20170703_1819,Monday,BENIGN,0,train,autoencoder,Monday_GAP_001,False,Pure benign baseline training (Level 3 Purity),Strict Level 3 Benign Purity (Zero attack contamination in Train)
266,20170703_1820,Monday,BENIGN,0,train,autoencoder,Monday_GAP_001,False,Pure benign baseline training (Level 3 Purity),Strict Level 3 Benign Purity (Zero attack contamination in Train)
267,20170703_1821,Monday,BENIGN,0,train,autoencoder,Monday_GAP_001,False,Pure benign baseline training (Level 3 Purity),Strict Level 3 Benign Purity (Zero attack contamination in Train)
268,20170703_1822,Monday,BENIGN,0,train,autoencoder,Monday_GAP_001,False,Pure benign baseline training (Level 3 Purity),Strict Level 3 Benign Purity (Zero attack contamination in Train)
269,20170703_1823,Monday,BENIGN,0,train,autoencoder,Monday_GAP_001,False,Pure benign baseline training (Level 3 Purity),Strict Level 3 Benign Purity (Zero attack contamination in Train)
270,20170703_1824,Monday,BENIGN,0,train,autoencoder,Monday_GAP_001,False,Pure benign baseline training (Level 3 Purity),Strict Level 3 Benign Purity (Zero attack contamination in Train)
271,20170703_1825,Monday,BENIGN,0,train,autoencoder,Monday_GAP_001,False,Pure benign baseline training (Level 3 Purity),Strict Level 3 Benign Purity (Zero attack contamination in Train)
272,20170703_1826,Monday,BENIGN,0,train,autoencoder,Monday_GAP_001,False,Pure benign baseline training (Level 3 Purity),Strict Level 3 Benign Purity (Zero attack contamination in Train)
273,20170703_1827,Monday,BENIGN,0,train,autoencoder,Monday_GAP_001,False,Pure benign baseline training (Level 3 Purity),Strict Level 3 Benign Purity (Zero attack contamination in Train)
274,20170703_1828,Monday,BENIGN,0,train,autoencoder,Monday_GAP_001,False,Pure benign baseline training (Level 3 Purity),Strict Level 3 Benign Purity (Zero attack contamination in Train)
275,20170703_1829,Monday,BENIGN,0,train,autoencoder,Monday_GAP_001,False,Pure benign baseline training (Level 3 Purity),Strict Level 3 Benign Purity (Zero attack contamination in Train)
276,20170703_1830,Monday,BENIGN,0,train,autoencoder,Monday_GAP_001,False,Pure benign baseline training (Level 3 Purity),Strict Level 3 Benign Purity (Zero attack contamination in Train)
277,20170703_1831,Monday,BENIGN,0,train,autoencoder,Monday_GAP_001,False,Pure benign baseline training (Level 3 Purity),Strict Level 3 Benign Purity (Zero attack contamination in Train)
278,20170703_1832,Monday,BENIGN,0,train,autoencoder,Monday_GAP_001,False,Pure benign baseline training (Level 3 Purity),Strict Level 3 Benign Purity (Zero attack contamination in Train)
279,20170703_1833,Monday,BENIGN,0,train,autoencoder,Monday_GAP_001,False,Pure benign baseline training (Level 3 Purity),Strict Level 3 Benign Purity (Zero attack contamination in Train)
280,20170703_1834,Monday,BENIGN,0,train,autoencoder,Monday_GAP_001,False,Pure benign baseline training (Level 3 Purity),Strict Level 3 Benign Purity (Zero attack contamination in Train)
281,20170703_1835,Monday,BENIGN,0,train,autoencoder,Monday_GAP_001,False,Pure benign baseline training (Level 3 Purity),Strict Level 3 Benign Purity (Zero attack contamination in Train)
282,20170703_1836,Monday,BENIGN,0,train,autoencoder,Monday_GAP_001,False,Pure benign baseline training (Level 3 Purity),Strict Level 3 Benign Purity (Zero attack contamination in Train)
283,20170703_1837,Monday,BENIGN,0,train,autoencoder,Monday_GAP_001,False,Pure benign baseline training (Level 3 Purity),Strict Level 3 Benign Purity (Zero attack contamination in Train)
284,20170703_1838,Monday,BENIGN,0,train,autoencoder,Monday_GAP_001,False,Pure benign baseline training (Level 3 Purity),Strict Level 3 Benign Purity (Zero attack contamination in Train)
285,20170703_1839,Monday,BENIGN,0,train,autoencoder,Monday_GAP_001,False,Pure benign baseline training (Level 3 Purity),Strict Level 3 Benign Purity (Zero attack contamination in Train)
286,20170703_1840,Monday,BENIGN,0,train,autoencoder,Monday_GAP_001,False,Pure benign baseline training (Level 3 Purity),Strict Level 3 Benign Purity (Zero attack contamination in Train)
287,20170703_1841,Monday,BENIGN,0,train,autoencoder,Monday_GAP_001,False,Pure benign baseline training (Level 3 Purity),Strict Level 3 Benign Purity (Zero attack contamination in Train)
288,20170703_1842,Monday,BENIGN,0,train,autoencoder,Monday_GAP_001,False,Pure benign baseline training (Level 3 Purity),Strict Level 3 Benign Purity (Zero attack contamination in Train)
289,20170703_1843,Monday,BENIGN,0,train,autoencoder,Monday_GAP_001,False,Pure benign baseline training (Level 3 Purity),Strict Level 3 Benign Purity (Zero attack contamination in Train)
290,20170703_1844,Monday,BENIGN,0,train,autoencoder,Monday_GAP_001,False,Pure benign baseline training (Level 3 Purity),Strict Level 3 Benign Purity (Zero attack contamination in Train)
291,20170703_1845,Monday,BENIGN,0,train,autoencoder,Monday_GAP_001,False,Pure benign baseline training (Level 3 Purity),Strict Level 3 Benign Purity (Zero attack contamination in Train)
292,20170703_1846,Monday,BENIGN,0,train,autoencoder,Monday_GAP_001,False,Pure benign baseline training (Level 3 Purity),Strict Level 3 Benign Purity (Zero attack contamination in Train)
293,20170703_1847,Monday,BENIGN,0,train,autoencoder,Monday_GAP_001,False,Pure benign baseline training (Level 3 Purity),Strict Level 3 Benign Purity (Zero attack contamination in Train)
294,20170703_1848,Monday,BENIGN,0,train,autoencoder,Monday_GAP_001,False,Pure benign baseline training (Level 3 Purity),Strict Level 3 Benign Purity (Zero attack contamination in Train)
295,20170703_1849,Monday,BENIGN,0,train,autoencoder,Monday_GAP_001,False,Pure benign baseline training (Level 3 Purity),Strict Level 3 Benign Purity (Zero attack contamination in Train)
296,20170703_1850,Monday,BENIGN,0,train,autoencoder,Monday_GAP_001,False,Pure benign baseline training (Level 3 Purity),Strict Level 3 Benign Purity (Zero attack contamination in Train)
297,20170703_1851,Monday,BENIGN,0,train,autoencoder,Monday_GAP_001,False,Pure benign baseline training (Level 3 Purity),Strict Level 3 Benign Purity (Zero attack contamination in Train)
298,20170703_1852,Monday,BENIGN,0,train,autoencoder,Monday_GAP_001,False,Pure benign baseline training (Level 3 Purity),Strict Level 3 Benign Purity (Zero attack contamination in Train)
299,20170703_1853,Monday,BENIGN,0,train,autoencoder,Monday_GAP_001,False,Pure benign baseline training (Level 3 Purity),Strict Level 3 Benign Purity (Zero attack contamination in Train)
300,20170703_1854,Monday,BENIGN,0,train,autoencoder,Monday_GAP_001,False,Pure benign baseline training (Level 3 Purity),Strict Level 3 Benign Purity (Zero attack contamination in Train)
301,20170703_1855,Monday,BENIGN,0,train,autoencoder,Monday_GAP_001,False,Pure benign baseline training (Level 3 Purity),Strict Level 3 Benign Purity (Zero attack contamination in Train)
302,20170703_1856,Monday,BENIGN,0,train,autoencoder,Monday_GAP_001,False,Pure benign baseline training (Level 3 Purity),Strict Level 3 Benign Purity (Zero attack contamination in Train)
303,20170703_1857,Monday,BENIGN,0,train,autoencoder,Monday_GAP_001,False,Pure benign baseline training (Level 3 Purity),Strict Level 3 Benign Purity (Zero attack contamination in Train)
304,20170703_1858,Monday,BENIGN,0,train,autoencoder,Monday_GAP_001,False,Pure benign baseline training (Level 3 Purity),Strict Level 3 Benign Purity (Zero attack contamination in Train)
305,20170703_1859,Monday,BENIGN,0,train,autoencoder,Monday_GAP_001,False,Pure benign baseline training (Level 3 Purity),Strict Level 3 Benign Purity (Zero attack contamination in Train)
306,20170703_1900,Monday,BENIGN,0,train,autoencoder,Monday_GAP_001,False,Pure benign baseline training (Level 3 Purity),Strict Level 3 Benign Purity (Zero attack contamination in Train)
307,20170703_1901,Monday,BENIGN,0,train,autoencoder,Monday_GAP_001,False,Pure benign baseline training (Level 3 Purity),Strict Level 3 Benign Purity (Zero attack contamination in Train)
308,20170703_1902,Monday,BENIGN,0,train,autoencoder,Monday_GAP_001,False,Pure benign baseline training (Level 3 Purity),Strict Level 3 Benign Purity (Zero attack contamination in Train)
309,20170703_1903,Monday,BENIGN,0,train,autoencoder,Monday_GAP_001,False,Pure benign baseline training (Level 3 Purity),Strict Level 3 Benign Purity (Zero attack contamination in Train)
310,20170703_1904,Monday,BENIGN,0,train,autoencoder,Monday_GAP_001,False,Pure benign baseline training (Level 3 Purity),Strict Level 3 Benign Purity (Zero attack contamination in Train)
311,20170703_1905,Monday,BENIGN,0,train,autoencoder,Monday_GAP_001,False,Pure benign baseline training (Level 3 Purity),Strict Level 3 Benign Purity (Zero attack contamination in Train)
312,20170703_1906,Monday,BENIGN,0,train,autoencoder,Monday_GAP_001,False,Pure benign baseline training (Level 3 Purity),Strict Level 3 Benign Purity (Zero attack contamination in Train)
313,20170703_1907,Monday,BENIGN,0,train,autoencoder,Monday_GAP_001,False,Pure benign baseline training (Level 3 Purity),Strict Level 3 Benign Purity (Zero attack contamination in Train)
314,20170703_1908,Monday,BENIGN,0,train,autoencoder,Monday_GAP_001,False,Pure benign baseline training (Level 3 Purity),Strict Level 3 Benign Purity (Zero attack contamination in Train)
315,20170703_1909,Monday,BENIGN,0,train,autoencoder,Monday_GAP_001,False,Pure benign baseline training (Level 3 Purity),Strict Level 3 Benign Purity (Zero attack contamination in Train)
316,20170703_1910,Monday,BENIGN,0,train,autoencoder,Monday_GAP_001,False,Pure benign baseline training (Level 3 Purity),Strict Level 3 Benign Purity (Zero attack contamination in Train)
317,20170703_1911,Monday,BENIGN,0,train,autoencoder,Monday_GAP_001,False,Pure benign baseline training (Level 3 Purity),Strict Level 3 Benign Purity (Zero attack contamination in Train)
318,20170703_1912,Monday,BENIGN,0,train,autoencoder,Monday_GAP_001,False,Pure benign baseline training (Level 3 Purity),Strict Level 3 Benign Purity (Zero attack contamination in Train)
319,20170703_1913,Monday,BENIGN,0,train,autoencoder,Monday_GAP_001,False,Pure benign baseline training (Level 3 Purity),Strict Level 3 Benign Purity (Zero attack contamination in Train)
320,20170703_1914,Monday,BENIGN,0,train,autoencoder,Monday_GAP_001,False,Pure benign baseline training (Level 3 Purity),Strict Level 3 Benign Purity (Zero attack contamination in Train)
321,20170703_1915,Monday,BENIGN,0,train,autoencoder,Monday_GAP_001,False,Pure benign baseline training (Level 3 Purity),Strict Level 3 Benign Purity (Zero attack contamination in Train)
322,20170703_1916,Monday,BENIGN,0,train,autoencoder,Monday_GAP_001,False,Pure benign baseline training (Level 3 Purity),Strict Level 3 Benign Purity (Zero attack contamination in Train)
323,20170703_1917,Monday,BENIGN,0,train,autoencoder,Monday_GAP_001,False,Pure benign baseline training (Level 3 Purity),Strict Level 3 Benign Purity (Zero attack contamination in Train)
324,20170703_1918,Monday,BENIGN,0,train,autoencoder,Monday_GAP_001,False,Pure benign baseline training (Level 3 Purity),Strict Level 3 Benign Purity (Zero attack contamination in Train)
325,20170703_1919,Monday,BENIGN,0,train,autoencoder,Monday_GAP_001,False,Pure benign baseline training (Level 3 Purity),Strict Level 3 Benign Purity (Zero attack contamination in Train)
326,20170703_1920,Monday,BENIGN,0,train,autoencoder,Monday_GAP_001,False,Pure benign baseline training (Level 3 Purity),Strict Level 3 Benign Purity (Zero attack contamination in Train)
327,20170703_1921,Monday,BENIGN,0,train,autoencoder,Monday_GAP_001,False,Pure benign baseline training (Level 3 Purity),Strict Level 3 Benign Purity (Zero attack contamination in Train)
328,20170703_1922,Monday,BENIGN,0,train,autoencoder,Monday_GAP_001,False,Pure benign baseline training (Level 3 Purity),Strict Level 3 Benign Purity (Zero attack contamination in Train)
329,20170703_1923,Monday,BENIGN,0,train,autoencoder,Monday_GAP_001,False,Pure benign baseline training (Level 3 Purity),Strict Level 3 Benign Purity (Zero attack contamination in Train)
330,20170703_1924,Monday,BENIGN,0,train,autoencoder,Monday_GAP_001,False,Pure benign baseline training (Level 3 Purity),Strict Level 3 Benign Purity (Zero attack contamination in Train)
331,20170703_1925,Monday,BENIGN,0,train,autoencoder,Monday_GAP_001,False,Pure benign baseline training (Level 3 Purity),Strict Level 3 Benign Purity (Zero attack contamination in Train)
332,20170703_1926,Monday,BENIGN,0,train,autoencoder,Monday_GAP_001,False,Pure benign baseline training (Level 3 Purity),Strict Level 3 Benign Purity (Zero attack contamination in Train)
333,20170703_1927,Monday,BENIGN,0,train,autoencoder,Monday_GAP_001,False,Pure benign baseline training (Level 3 Purity),Strict Level 3 Benign Purity (Zero attack contamination in Train)
334,20170703_1928,Monday,BENIGN,0,train,autoencoder,Monday_GAP_001,False,Pure benign baseline training (Level 3 Purity),Strict Level 3 Benign Purity (Zero attack contamination in Train)
335,20170703_1929,Monday,BENIGN,0,train,autoencoder,Monday_GAP_001,False,Pure benign baseline training (Level 3 Purity),Strict Level 3 Benign Purity (Zero attack contamination in Train)
336,20170703_1930,Monday,BENIGN,0,train,autoencoder,Monday_GAP_001,False,Pure benign baseline training (Level 3 Purity),Strict Level 3 Benign Purity (Zero attack contamination in Train)
337,20170703_1931,Monday,BENIGN,0,train,autoencoder,Monday_GAP_001,False,Pure benign baseline training (Level 3 Purity),Strict Level 3 Benign Purity (Zero attack contamination in Train)
338,20170703_1932,Monday,BENIGN,0,train,autoencoder,Monday_GAP_001,False,Pure benign baseline training (Level 3 Purity),Strict Level 3 Benign Purity (Zero attack contamination in Train)
339,20170703_1933,Monday,BENIGN,0,train,autoencoder,Monday_GAP_001,False,Pure benign baseline training (Level 3 Purity),Strict Level 3 Benign Purity (Zero attack contamination in Train)
340,20170703_1934,Monday,BENIGN,0,train,autoencoder,Monday_GAP_001,False,Pure benign baseline training (Level 3 Purity),Strict Level 3 Benign Purity (Zero attack contamination in Train)
341,20170703_1935,Monday,BENIGN,0,train,autoencoder,Monday_GAP_001,False,Pure benign baseline training (Level 3 Purity),Strict Level 3 Benign Purity (Zero attack contamination in Train)
342,20170703_1936,Monday,BENIGN,0,train,autoencoder,Monday_GAP_001,False,Pure benign baseline training (Level 3 Purity),Strict Level 3 Benign Purity (Zero attack contamination in Train)
343,20170703_1937,Monday,BENIGN,0,train,autoencoder,Monday_GAP_001,False,Pure benign baseline training (Level 3 Purity),Strict Level 3 Benign Purity (Zero attack contamination in Train)
344,20170703_1938,Monday,BENIGN,0,train,autoencoder,Monday_GAP_001,False,Pure benign baseline training (Level 3 Purity),Strict Level 3 Benign Purity (Zero attack contamination in Train)
345,20170703_1939,Monday,BENIGN,0,train,autoencoder,Monday_GAP_001,False,Pure benign baseline training (Level 3 Purity),Strict Level 3 Benign Purity (Zero attack contamination in Train)
346,20170703_1940,Monday,BENIGN,0,train,autoencoder,Monday_GAP_001,False,Pure benign baseline training (Level 3 Purity),Strict Level 3 Benign Purity (Zero attack contamination in Train)
347,20170703_1941,Monday,BENIGN,0,train,autoencoder,Monday_GAP_001,False,Pure benign baseline training (Level 3 Purity),Strict Level 3 Benign Purity (Zero attack contamination in Train)
348,20170703_1942,Monday,BENIGN,0,train,autoencoder,Monday_GAP_001,False,Pure benign baseline training (Level 3 Purity),Strict Level 3 Benign Purity (Zero attack contamination in Train)
349,20170703_1943,Monday,BENIGN,0,train,autoencoder,Monday_GAP_001,False,Pure benign baseline training (Level 3 Purity),Strict Level 3 Benign Purity (Zero attack contamination in Train)
350,20170703_1944,Monday,BENIGN,0,train,autoencoder,Monday_GAP_001,False,Pure benign baseline training (Level 3 Purity),Strict Level 3 Benign Purity (Zero attack contamination in Train)
351,20170703_1945,Monday,BENIGN,0,train,autoencoder,Monday_GAP_001,False,Pure benign baseline training (Level 3 Purity),Strict Level 3 Benign Purity (Zero attack contamination in Train)
352,20170703_1946,Monday,BENIGN,0,train,autoencoder,Monday_GAP_001,False,Pure benign baseline training (Level 3 Purity),Strict Level 3 Benign Purity (Zero attack contamination in Train)
353,20170703_1947,Monday,BENIGN,0,train,autoencoder,Monday_GAP_001,False,Pure benign baseline training (Level 3 Purity),Strict Level 3 Benign Purity (Zero attack contamination in Train)
354,20170703_1948,Monday,BENIGN,0,train,autoencoder,Monday_GAP_001,False,Pure benign baseline training (Level 3 Purity),Strict Level 3 Benign Purity (Zero attack contamination in Train)
355,20170703_1949,Monday,BENIGN,0,train,autoencoder,Monday_GAP_001,False,Pure benign baseline training (Level 3 Purity),Strict Level 3 Benign Purity (Zero attack contamination in Train)
356,20170703_1950,Monday,BENIGN,0,train,autoencoder,Monday_GAP_001,False,Pure benign baseline training (Level 3 Purity),Strict Level 3 Benign Purity (Zero attack contamination in Train)
357,20170703_1951,Monday,BENIGN,0,train,autoencoder,Monday_GAP_001,False,Pure benign baseline training (Level 3 Purity),Strict Level 3 Benign Purity (Zero attack contamination in Train)
358,20170703_1952,Monday,BENIGN,0,train,autoencoder,Monday_GAP_001,False,Pure benign baseline training (Level 3 Purity),Strict Level 3 Benign Purity (Zero attack contamination in Train)
359,20170703_1953,Monday,BENIGN,0,train,autoencoder,Monday_GAP_001,False,Pure benign baseline training (Level 3 Purity),Strict Level 3 Benign Purity (Zero attack contamination in Train)
360,20170703_1954,Monday,BENIGN,0,train,autoencoder,Monday_GAP_001,False,Pure benign baseline training (Level 3 Purity),Strict Level 3 Benign Purity (Zero attack contamination in Train)
361,20170703_1955,Monday,BENIGN,0,train,autoencoder,Monday_GAP_001,False,Pure benign baseline training (Level 3 Purity),Strict Level 3 Benign Purity (Zero attack contamination in Train)
362,20170703_1956,Monday,BENIGN,0,train,autoencoder,Monday_GAP_001,False,Pure benign baseline training (Level 3 Purity),Strict Level 3 Benign Purity (Zero attack contamination in Train)
363,20170703_1957,Monday,BENIGN,0,train,autoencoder,Monday_GAP_001,False,Pure benign baseline training (Level 3 Purity),Strict Level 3 Benign Purity (Zero attack contamination in Train)
364,20170703_1958,Monday,BENIGN,0,train,autoencoder,Monday_GAP_001,False,Pure benign baseline training (Level 3 Purity),Strict Level 3 Benign Purity (Zero attack contamination in Train)
365,20170703_1959,Monday,BENIGN,0,train,autoencoder,Monday_GAP_001,False,Pure benign baseline training (Level 3 Purity),Strict Level 3 Benign Purity (Zero attack contamination in Train)
366,20170703_2000,Monday,BENIGN,0,train,autoencoder,Monday_GAP_001,False,Pure benign baseline training (Level 3 Purity),Strict Level 3 Benign Purity (Zero attack contamination in Train)
367,20170703_2001,Monday,BENIGN,0,train,autoencoder,Monday_GAP_001,False,Pure benign baseline training (Level 3 Purity),Strict Level 3 Benign Purity (Zero attack contamination in Train)
368,20170703_2002,Monday,BENIGN,0,train,autoencoder,Monday_GAP_001,False,Pure benign baseline training (Level 3 Purity),Strict Level 3 Benign Purity (Zero attack contamination in Train)
369,20170703_2003,Monday,BENIGN,0,train,autoencoder,Monday_GAP_001,False,Pure benign baseline training (Level 3 Purity),Strict Level 3 Benign Purity (Zero attack contamination in Train)
370,20170703_2004,Monday,BENIGN,0,train,autoencoder,Monday_GAP_001,False,Pure benign baseline training (Level 3 Purity),Strict Level 3 Benign Purity (Zero attack contamination in Train)
371,20170703_2005,Monday,BENIGN,0,train,autoencoder,Monday_GAP_001,False,Pure benign baseline training (Level 3 Purity),Strict Level 3 Benign Purity (Zero attack contamination in Train)
372,20170703_2006,Monday,BENIGN,0,train,autoencoder,Monday_GAP_001,False,Pure benign baseline training (Level 3 Purity),Strict Level 3 Benign Purity (Zero attack contamination in Train)
373,20170703_2007,Monday,BENIGN,0,train,autoencoder,Monday_GAP_001,False,Pure benign baseline training (Level 3 Purity),Strict Level 3 Benign Purity (Zero attack contamination in Train)
374,20170703_2008,Monday,BENIGN,0,train,autoencoder,Monday_GAP_001,False,Pure benign baseline training (Level 3 Purity),Strict Level 3 Benign Purity (Zero attack contamination in Train)
375,20170703_2009,Monday,BENIGN,0,train,autoencoder,Monday_GAP_001,False,Pure benign baseline training (Level 3 Purity),Strict Level 3 Benign Purity (Zero attack contamination in Train)
376,20170703_2010,Monday,BENIGN,0,train,autoencoder,Monday_GAP_001,False,Pure benign baseline training (Level 3 Purity),Strict Level 3 Benign Purity (Zero attack contamination in Train)
377,20170703_2011,Monday,BENIGN,0,train,autoencoder,Monday_GAP_001,False,Pure benign baseline training (Level 3 Purity),Strict Level 3 Benign Purity (Zero attack contamination in Train)
378,20170703_2012,Monday,BENIGN,0,train,autoencoder,Monday_GAP_001,False,Pure benign baseline training (Level 3 Purity),Strict Level 3 Benign Purity (Zero attack contamination in Train)
379,20170703_2013,Monday,BENIGN,0,train,autoencoder,Monday_GAP_001,False,Pure benign baseline training (Level 3 Purity),Strict Level 3 Benign Purity (Zero attack contamination in Train)
380,20170703_2014,Monday,BENIGN,0,train,autoencoder,Monday_GAP_001,False,Pure benign baseline training (Level 3 Purity),Strict Level 3 Benign Purity (Zero attack contamination in Train)
381,20170703_2015,Monday,BENIGN,0,train,autoencoder,Monday_GAP_001,False,Pure benign baseline training (Level 3 Purity),Strict Level 3 Benign Purity (Zero attack contamination in Train)
382,20170703_2016,Monday,BENIGN,0,train,autoencoder,Monday_GAP_001,False,Pure benign baseline training (Level 3 Purity),Strict Level 3 Benign Purity (Zero attack contamination in Train)
383,20170703_2017,Monday,BENIGN,0,train,autoencoder,Monday_GAP_001,False,Pure benign baseline training (Level 3 Purity),Strict Level 3 Benign Purity (Zero attack contamination in Train)
384,20170703_2018,Monday,BENIGN,0,train,autoencoder,Monday_GAP_001,False,Pure benign baseline training (Level 3 Purity),Strict Level 3 Benign Purity (Zero attack contamination in Train)
385,20170703_2019,Monday,BENIGN,0,train,autoencoder,Monday_GAP_001,False,Pure benign baseline training (Level 3 Purity),Strict Level 3 Benign Purity (Zero attack contamination in Train)
386,20170703_2020,Monday,BENIGN,0,train,autoencoder,Monday_GAP_001,False,Pure benign baseline training (Level 3 Purity),Strict Level 3 Benign Purity (Zero attack contamination in Train)
387,20170703_2021,Monday,BENIGN,0,train,autoencoder,Monday_GAP_001,False,Pure benign baseline training (Level 3 Purity),Strict Level 3 Benign Purity (Zero attack contamination in Train)
388,20170703_2022,Monday,BENIGN,0,train,autoencoder,Monday_GAP_001,False,Pure benign baseline training (Level 3 Purity),Strict Level 3 Benign Purity (Zero attack contamination in Train)
389,20170703_2023,Monday,BENIGN,0,train,autoencoder,Monday_GAP_001,False,Pure benign baseline training (Level 3 Purity),Strict Level 3 Benign Purity (Zero attack contamination in Train)
390,20170703_2024,Monday,BENIGN,0,train,autoencoder,Monday_GAP_001,False,Pure benign baseline training (Level 3 Purity),Strict Level 3 Benign Purity (Zero attack contamination in Train)
391,20170703_2025,Monday,BENIGN,0,train,autoencoder,Monday_GAP_001,False,Pure benign baseline training (Level 3 Purity),Strict Level 3 Benign Purity (Zero attack contamination in Train)
392,20170703_2026,Monday,BENIGN,0,train,autoencoder,Monday_GAP_001,False,Pure benign baseline training (Level 3 Purity),Strict Level 3 Benign Purity (Zero attack contamination in Train)
393,20170703_2027,Monday,BENIGN,0,train,autoencoder,Monday_GAP_001,False,Pure benign baseline training (Level 3 Purity),Strict Level 3 Benign Purity (Zero attack contamination in Train)
394,20170703_2028,Monday,BENIGN,0,train,autoencoder,Monday_GAP_001,False,Pure benign baseline training (Level 3 Purity),Strict Level 3 Benign Purity (Zero attack contamination in Train)
395,20170703_2029,Monday,BENIGN,0,train,autoencoder,Monday_GAP_001,False,Pure benign baseline training (Level 3 Purity),Strict Level 3 Benign Purity (Zero attack contamination in Train)
396,20170703_2030,Monday,BENIGN,0,train,autoencoder,Monday_GAP_001,False,Pure benign baseline training (Level 3 Purity),Strict Level 3 Benign Purity (Zero attack contamination in Train)
397,20170703_2031,Monday,BENIGN,0,train,autoencoder,Monday_GAP_001,False,Pure benign baseline training (Level 3 Purity),Strict Level 3 Benign Purity (Zero attack contamination in Train)
398,20170703_2032,Monday,BENIGN,0,train,autoencoder,Monday_GAP_001,False,Pure benign baseline training (Level 3 Purity),Strict Level 3 Benign Purity (Zero attack contamination in Train)
399,20170703_2033,Monday,BENIGN,0,train,autoencoder,Monday_GAP_001,False,Pure benign baseline training (Level 3 Purity),Strict Level 3 Benign Purity (Zero attack contamination in Train)
400,20170703_2034,Monday,BENIGN,0,train,autoencoder,Monday_GAP_001,False,Pure benign baseline training (Level 3 Purity),Strict Level 3 Benign Purity (Zero attack contamination in Train)
401,20170703_2035,Monday,BENIGN,0,train,autoencoder,Monday_GAP_001,False,Pure benign baseline training (Level 3 Purity),Strict Level 3 Benign Purity (Zero attack contamination in Train)
402,20170703_2036,Monday,BENIGN,0,train,autoencoder,Monday_GAP_001,False,Pure benign baseline training (Level 3 Purity),Strict Level 3 Benign Purity (Zero attack contamination in Train)
403,20170703_2037,Monday,BENIGN,0,train,autoencoder,Monday_GAP_001,False,Pure benign baseline training (Level 3 Purity),Strict Level 3 Benign Purity (Zero attack contamination in Train)
404,20170703_2038,Monday,BENIGN,0,train,autoencoder,Monday_GAP_001,False,Pure benign baseline training (Level 3 Purity),Strict Level 3 Benign Purity (Zero attack contamination in Train)
405,20170703_2039,Monday,BENIGN,0,train,autoencoder,Monday_GAP_001,False,Pure benign baseline training (Level 3 Purity),Strict Level 3 Benign Purity (Zero attack contamination in Train)
406,20170703_2040,Monday,BENIGN,0,train,autoencoder,Monday_GAP_001,False,Pure benign baseline training (Level 3 Purity),Strict Level 3 Benign Purity (Zero attack contamination in Train)
407,20170703_2041,Monday,BENIGN,0,train,autoencoder,Monday_GAP_001,False,Pure benign baseline training (Level 3 Purity),Strict Level 3 Benign Purity (Zero attack contamination in Train)
408,20170703_2042,Monday,BENIGN,0,train,autoencoder,Monday_GAP_001,False,Pure benign baseline training (Level 3 Purity),Strict Level 3 Benign Purity (Zero attack contamination in Train)
409,20170703_2043,Monday,BENIGN,0,train,autoencoder,Monday_GAP_001,False,Pure benign baseline training (Level 3 Purity),Strict Level 3 Benign Purity (Zero attack contamination in Train)
410,20170703_2044,Monday,BENIGN,0,train,autoencoder,Monday_GAP_001,False,Pure benign baseline training (Level 3 Purity),Strict Level 3 Benign Purity (Zero attack contamination in Train)
411,20170703_2045,Monday,BENIGN,0,train,autoencoder,Monday_GAP_001,False,Pure benign baseline training (Level 3 Purity),Strict Level 3 Benign Purity (Zero attack contamination in Train)
412,20170703_2046,Monday,BENIGN,0,train,autoencoder,Monday_GAP_001,False,Pure benign baseline training (Level 3 Purity),Strict Level 3 Benign Purity (Zero attack contamination in Train)
413,20170703_2047,Monday,BENIGN,0,train,autoencoder,Monday_GAP_001,False,Pure benign baseline training (Level 3 Purity),Strict Level 3 Benign Purity (Zero attack contamination in Train)
414,20170703_2048,Monday,BENIGN,0,train,autoencoder,Monday_GAP_001,False,Pure benign baseline training (Level 3 Purity),Strict Level 3 Benign Purity (Zero attack contamination in Train)
415,20170703_2049,Monday,BENIGN,0,train,autoencoder,Monday_GAP_001,False,Pure benign baseline training (Level 3 Purity),Strict Level 3 Benign Purity (Zero attack contamination in Train)
416,20170703_2050,Monday,BENIGN,0,train,autoencoder,Monday_GAP_001,False,Pure benign baseline training (Level 3 Purity),Strict Level 3 Benign Purity (Zero attack contamination in Train)
417,20170703_2051,Monday,BENIGN,0,train,autoencoder,Monday_GAP_001,False,Pure benign baseline training (Level 3 Purity),Strict Level 3 Benign Purity (Zero attack contamination in Train)
418,20170703_2052,Monday,BENIGN,0,train,autoencoder,Monday_GAP_001,False,Pure benign baseline training (Level 3 Purity),Strict Level 3 Benign Purity (Zero attack contamination in Train)
419,20170703_2053,Monday,BENIGN,0,train,autoencoder,Monday_GAP_001,False,Pure benign baseline training (Level 3 Purity),Strict Level 3 Benign Purity (Zero attack contamination in Train)
420,20170703_2054,Monday,BENIGN,0,train,autoencoder,Monday_GAP_001,False,Pure benign baseline training (Level 3 Purity),Strict Level 3 Benign Purity (Zero attack contamination in Train)
421,20170703_2055,Monday,BENIGN,0,train,autoencoder,Monday_GAP_001,False,Pure benign baseline training (Level 3 Purity),Strict Level 3 Benign Purity (Zero attack contamination in Train)
422,20170703_2056,Monday,BENIGN,0,train,autoencoder,Monday_GAP_001,False,Pure benign baseline training (Level 3 Purity),Strict Level 3 Benign Purity (Zero attack contamination in Train)
423,20170703_2057,Monday,BENIGN,0,train,autoencoder,Monday_GAP_001,False,Pure benign baseline training (Level 3 Purity),Strict Level 3 Benign Purity (Zero attack contamination in Train)
424,20170703_2058,Monday,BENIGN,0,train,autoencoder,Monday_GAP_001,False,Pure benign baseline training (Level 3 Purity),Strict Level 3 Benign Purity (Zero attack contamination in Train)
425,20170703_2059,Monday,BENIGN,0,train,autoencoder,Monday_GAP_001,False,Pure benign baseline training (Level 3 Purity),Strict Level 3 Benign Purity (Zero attack contamination in Train)
426,20170703_2100,Monday,BENIGN,0,train,autoencoder,Monday_GAP_001,False,Pure benign baseline training (Level 3 Purity),Strict Level 3 Benign Purity (Zero attack contamination in Train)
427,20170703_2101,Monday,BENIGN,0,train,autoencoder,Monday_GAP_001,False,Pure benign baseline training (Level 3 Purity),Strict Level 3 Benign Purity (Zero attack contamination in Train)
428,20170703_2102,Monday,BENIGN,0,train,autoencoder,Monday_GAP_001,False,Pure benign baseline training (Level 3 Purity),Strict Level 3 Benign Purity (Zero attack contamination in Train)
429,20170703_2103,Monday,BENIGN,0,train,autoencoder,Monday_GAP_001,False,Pure benign baseline training (Level 3 Purity),Strict Level 3 Benign Purity (Zero attack contamination in Train)
430,20170703_2104,Monday,BENIGN,0,train,autoencoder,Monday_GAP_001,False,Pure benign baseline training (Level 3 Purity),Strict Level 3 Benign Purity (Zero attack contamination in Train)
431,20170703_2105,Monday,BENIGN,0,train,autoencoder,Monday_GAP_001,False,Pure benign baseline training (Level 3 Purity),Strict Level 3 Benign Purity (Zero attack contamination in Train)
432,20170703_2106,Monday,BENIGN,0,train,autoencoder,Monday_GAP_001,False,Pure benign baseline training (Level 3 Purity),Strict Level 3 Benign Purity (Zero attack contamination in Train)
433,20170703_2107,Monday,BENIGN,0,train,autoencoder,Monday_GAP_001,False,Pure benign baseline training (Level 3 Purity),Strict Level 3 Benign Purity (Zero attack contamination in Train)
434,20170703_2108,Monday,BENIGN,0,train,autoencoder,Monday_GAP_001,False,Pure benign baseline training (Level 3 Purity),Strict Level 3 Benign Purity (Zero attack contamination in Train)
435,20170703_2109,Monday,BENIGN,0,train,autoencoder,Monday_GAP_001,False,Pure benign baseline training (Level 3 Purity),Strict Level 3 Benign Purity (Zero attack contamination in Train)
436,20170703_2110,Monday,BENIGN,0,train,autoencoder,Monday_GAP_001,False,Pure benign baseline training (Level 3 Purity),Strict Level 3 Benign Purity (Zero attack contamination in Train)
437,20170703_2111,Monday,BENIGN,0,train,autoencoder,Monday_GAP_001,False,Pure benign baseline training (Level 3 Purity),Strict Level 3 Benign Purity (Zero attack contamination in Train)
438,20170703_2112,Monday,BENIGN,0,train,autoencoder,Monday_GAP_001,False,Pure benign baseline training (Level 3 Purity),Strict Level 3 Benign Purity (Zero attack contamination in Train)
439,20170703_2113,Monday,BENIGN,0,train,autoencoder,Monday_GAP_001,False,Pure benign baseline training (Level 3 Purity),Strict Level 3 Benign Purity (Zero attack contamination in Train)
440,20170703_2114,Monday,BENIGN,0,train,autoencoder,Monday_GAP_001,False,Pure benign baseline training (Level 3 Purity),Strict Level 3 Benign Purity (Zero attack contamination in Train)
441,20170703_2115,Monday,BENIGN,0,train,autoencoder,Monday_GAP_001,False,Pure benign baseline training (Level 3 Purity),Strict Level 3 Benign Purity (Zero attack contamination in Train)
442,20170703_2116,Monday,BENIGN,0,train,autoencoder,Monday_GAP_001,False,Pure benign baseline training (Level 3 Purity),Strict Level 3 Benign Purity (Zero attack contamination in Train)
443,20170703_2117,Monday,BENIGN,0,train,autoencoder,Monday_GAP_001,False,Pure benign baseline training (Level 3 Purity),Strict Level 3 Benign Purity (Zero attack contamination in Train)
444,20170703_2118,Monday,BENIGN,0,train,autoencoder,Monday_GAP_001,False,Pure benign baseline training (Level 3 Purity),Strict Level 3 Benign Purity (Zero attack contamination in Train)
445,20170703_2119,Monday,BENIGN,0,train,autoencoder,Monday_GAP_001,False,Pure benign baseline training (Level 3 Purity),Strict Level 3 Benign Purity (Zero attack contamination in Train)
446,20170703_2120,Monday,BENIGN,0,train,autoencoder,Monday_GAP_001,False,Pure benign baseline training (Level 3 Purity),Strict Level 3 Benign Purity (Zero attack contamination in Train)
447,20170703_2121,Monday,BENIGN,0,train,autoencoder,Monday_GAP_001,False,Pure benign baseline training (Level 3 Purity),Strict Level 3 Benign Purity (Zero attack contamination in Train)
448,20170703_2122,Monday,BENIGN,0,train,autoencoder,Monday_GAP_001,False,Pure benign baseline training (Level 3 Purity),Strict Level 3 Benign Purity (Zero attack contamination in Train)
449,20170703_2123,Monday,BENIGN,0,train,autoencoder,Monday_GAP_001,False,Pure benign baseline training (Level 3 Purity),Strict Level 3 Benign Purity (Zero attack contamination in Train)
450,20170703_2124,Monday,BENIGN,0,train,autoencoder,Monday_GAP_001,False,Pure benign baseline training (Level 3 Purity),Strict Level 3 Benign Purity (Zero attack contamination in Train)
451,20170703_2125,Monday,BENIGN,0,train,autoencoder,Monday_GAP_001,False,Pure benign baseline training (Level 3 Purity),Strict Level 3 Benign Purity (Zero attack contamination in Train)
452,20170703_2126,Monday,BENIGN,0,train,autoencoder,Monday_GAP_001,False,Pure benign baseline training (Level 3 Purity),Strict Level 3 Benign Purity (Zero attack contamination in Train)
453,20170703_2127,Monday,BENIGN,0,train,autoencoder,Monday_GAP_001,False,Pure benign baseline training (Level 3 Purity),Strict Level 3 Benign Purity (Zero attack contamination in Train)
454,20170703_2128,Monday,BENIGN,0,train,autoencoder,Monday_GAP_001,False,Pure benign baseline training (Level 3 Purity),Strict Level 3 Benign Purity (Zero attack contamination in Train)
455,20170703_2129,Monday,BENIGN,0,train,autoencoder,Monday_GAP_001,False,Pure benign baseline training (Level 3 Purity),Strict Level 3 Benign Purity (Zero attack contamination in Train)
456,20170703_2130,Monday,BENIGN,0,train,autoencoder,Monday_GAP_001,False,Pure benign baseline training (Level 3 Purity),Strict Level 3 Benign Purity (Zero attack contamination in Train)
457,20170703_2131,Monday,BENIGN,0,train,autoencoder,Monday_GAP_001,False,Pure benign baseline training (Level 3 Purity),Strict Level 3 Benign Purity (Zero attack contamination in Train)
458,20170703_2132,Monday,BENIGN,0,train,autoencoder,Monday_GAP_001,False,Pure benign baseline training (Level 3 Purity),Strict Level 3 Benign Purity (Zero attack contamination in Train)
459,20170703_2133,Monday,BENIGN,0,train,autoencoder,Monday_GAP_001,False,Pure benign baseline training (Level 3 Purity),Strict Level 3 Benign Purity (Zero attack contamination in Train)
460,20170703_2134,Monday,BENIGN,0,train,autoencoder,Monday_GAP_001,False,Pure benign baseline training (Level 3 Purity),Strict Level 3 Benign Purity (Zero attack contamination in Train)
461,20170703_2135,Monday,BENIGN,0,train,autoencoder,Monday_GAP_001,False,Pure benign baseline training (Level 3 Purity),Strict Level 3 Benign Purity (Zero attack contamination in Train)
462,20170703_2136,Monday,BENIGN,0,train,autoencoder,Monday_GAP_001,False,Pure benign baseline training (Level 3 Purity),Strict Level 3 Benign Purity (Zero attack contamination in Train)
463,20170703_2137,Monday,BENIGN,0,train,autoencoder,Monday_GAP_001,False,Pure benign baseline training (Level 3 Purity),Strict Level 3 Benign Purity (Zero attack contamination in Train)
464,20170703_2138,Monday,BENIGN,0,train,autoencoder,Monday_GAP_001,False,Pure benign baseline training (Level 3 Purity),Strict Level 3 Benign Purity (Zero attack contamination in Train)
465,20170703_2139,Monday,BENIGN,0,train,autoencoder,Monday_GAP_001,False,Pure benign baseline training (Level 3 Purity),Strict Level 3 Benign Purity (Zero attack contamination in Train)
466,20170703_2140,Monday,BENIGN,0,train,autoencoder,Monday_GAP_001,False,Pure benign baseline training (Level 3 Purity),Strict Level 3 Benign Purity (Zero attack contamination in Train)
467,20170703_2141,Monday,BENIGN,0,train,autoencoder,Monday_GAP_001,False,Pure benign baseline training (Level 3 Purity),Strict Level 3 Benign Purity (Zero attack contamination in Train)
468,20170703_2142,Monday,BENIGN,0,train,autoencoder,Monday_GAP_001,False,Pure benign baseline training (Level 3 Purity),Strict Level 3 Benign Purity (Zero attack contamination in Train)
469,20170703_2143,Monday,BENIGN,0,train,autoencoder,Monday_GAP_001,False,Pure benign baseline training (Level 3 Purity),Strict Level 3 Benign Purity (Zero attack contamination in Train)
470,20170703_2144,Monday,BENIGN,0,train,autoencoder,Monday_GAP_001,False,Pure benign baseline training (Level 3 Purity),Strict Level 3 Benign Purity (Zero attack contamination in Train)
471,20170703_2145,Monday,BENIGN,0,train,autoencoder,Monday_GAP_001,False,Pure benign baseline training (Level 3 Purity),Strict Level 3 Benign Purity (Zero attack contamination in Train)
472,20170703_2146,Monday,BENIGN,0,train,autoencoder,Monday_GAP_001,False,Pure benign baseline training (Level 3 Purity),Strict Level 3 Benign Purity (Zero attack contamination in Train)
473,20170703_2147,Monday,BENIGN,0,train,autoencoder,Monday_GAP_001,False,Pure benign baseline training (Level 3 Purity),Strict Level 3 Benign Purity (Zero attack contamination in Train)
474,20170703_2148,Monday,BENIGN,0,train,autoencoder,Monday_GAP_001,False,Pure benign baseline training (Level 3 Purity),Strict Level 3 Benign Purity (Zero attack contamination in Train)
475,20170703_2149,Monday,BENIGN,0,train,autoencoder,Monday_GAP_001,False,Pure benign baseline training (Level 3 Purity),Strict Level 3 Benign Purity (Zero attack contamination in Train)
476,20170703_2150,Monday,BENIGN,0,train,autoencoder,Monday_GAP_001,False,Pure benign baseline training (Level 3 Purity),Strict Level 3 Benign Purity (Zero attack contamination in Train)
477,20170703_2151,Monday,BENIGN,0,train,autoencoder,Monday_GAP_001,False,Pure benign baseline training (Level 3 Purity),Strict Level 3 Benign Purity (Zero attack contamination in Train)
478,20170703_2152,Monday,BENIGN,0,train,autoencoder,Monday_GAP_001,False,Pure benign baseline training (Level 3 Purity),Strict Level 3 Benign Purity (Zero attack contamination in Train)
479,20170703_2153,Monday,BENIGN,0,train,autoencoder,Monday_GAP_001,False,Pure benign baseline training (Level 3 Purity),Strict Level 3 Benign Purity (Zero attack contamination in Train)
480,20170703_2154,Monday,BENIGN,0,train,autoencoder,Monday_GAP_001,False,Pure benign baseline training (Level 3 Purity),Strict Level 3 Benign Purity (Zero attack contamination in Train)
481,20170703_2155,Monday,BENIGN,0,train,autoencoder,Monday_GAP_001,False,Pure benign baseline training (Level 3 Purity),Strict Level 3 Benign Purity (Zero attack contamination in Train)
482,20170703_2156,Monday,BENIGN,0,train,autoencoder,Monday_GAP_001,False,Pure benign baseline training (Level 3 Purity),Strict Level 3 Benign Purity (Zero attack contamination in Train)
483,20170703_2157,Monday,BENIGN,0,train,autoencoder,Monday_GAP_001,False,Pure benign baseline training (Level 3 Purity),Strict Level 3 Benign Purity (Zero attack contamination in Train)
484,20170703_2158,Monday,BENIGN,0,train,autoencoder,Monday_GAP_001,False,Pure benign baseline training (Level 3 Purity),Strict Level 3 Benign Purity (Zero attack contamination in Train)
485,20170703_2159,Monday,BENIGN,0,train,autoencoder,Monday_GAP_001,False,Pure benign baseline training (Level 3 Purity),Strict Level 3 Benign Purity (Zero attack contamination in Train)
486,20170703_2200,Monday,BENIGN,0,train,autoencoder,Monday_GAP_001,False,Pure benign baseline training (Level 3 Purity),Strict Level 3 Benign Purity (Zero attack contamination in Train)
487,20170703_2201,Monday,BENIGN,0,train,autoencoder,Monday_GAP_001,False,Pure benign baseline training (Level 3 Purity),Strict Level 3 Benign Purity (Zero attack contamination in Train)
488,20170704_1353,Tuesday,BENIGN,0,train,autoencoder,Tuesday_GAP_001,False,Pure benign baseline training (Level 3 Purity),Strict Level 3 Benign Purity (Zero attack contamination in Train)
489,20170704_1354,Tuesday,BENIGN,0,train,autoencoder,Tuesday_GAP_001,False,Pure benign baseline training (Level 3 Purity),Strict Level 3 Benign Purity (Zero attack contamination in Train)
490,20170704_1355,Tuesday,BENIGN,0,train,autoencoder,Tuesday_GAP_001,False,Pure benign baseline training (Level 3 Purity),Strict Level 3 Benign Purity (Zero attack contamination in Train)
491,20170704_1356,Tuesday,BENIGN,0,train,autoencoder,Tuesday_GAP_001,False,Pure benign baseline training (Level 3 Purity),Strict Level 3 Benign Purity (Zero attack contamination in Train)
492,20170704_1357,Tuesday,BENIGN,0,train,autoencoder,Tuesday_GAP_001,False,Pure benign baseline training (Level 3 Purity),Strict Level 3 Benign Purity (Zero attack contamination in Train)
493,20170704_1358,Tuesday,BENIGN,0,train,autoencoder,Tuesday_GAP_001,False,Pure benign baseline training (Level 3 Purity),Strict Level 3 Benign Purity (Zero attack contamination in Train)
494,20170704_1359,Tuesday,BENIGN,0,train,autoencoder,Tuesday_GAP_001,False,Pure benign baseline training (Level 3 Purity),Strict Level 3 Benign Purity (Zero attack contamination in Train)
495,20170704_1400,Tuesday,BENIGN,0,train,autoencoder,Tuesday_GAP_001,False,Pure benign baseline training (Level 3 Purity),Strict Level 3 Benign Purity (Zero attack contamination in Train)
496,20170704_1401,Tuesday,BENIGN,0,train,autoencoder,Tuesday_GAP_001,False,Pure benign baseline training (Level 3 Purity),Strict Level 3 Benign Purity (Zero attack contamination in Train)
497,20170704_1402,Tuesday,BENIGN,0,train,autoencoder,Tuesday_GAP_001,False,Pure benign baseline training (Level 3 Purity),Strict Level 3 Benign Purity (Zero attack contamination in Train)
498,20170704_1403,Tuesday,BENIGN,0,train,autoencoder,Tuesday_GAP_001,False,Pure benign baseline training (Level 3 Purity),Strict Level 3 Benign Purity (Zero attack contamination in Train)
499,20170704_1404,Tuesday,BENIGN,0,train,autoencoder,Tuesday_GAP_001,False,Pure benign baseline training (Level 3 Purity),Strict Level 3 Benign Purity (Zero attack contamination in Train)
500,20170704_1405,Tuesday,BENIGN,0,train,autoencoder,Tuesday_GAP_001,False,Pure benign baseline training (Level 3 Purity),Strict Level 3 Benign Purity (Zero attack contamination in Train)
501,20170704_1406,Tuesday,BENIGN,0,train,autoencoder,Tuesday_GAP_001,False,Pure benign baseline training (Level 3 Purity),Strict Level 3 Benign Purity (Zero attack contamination in Train)
502,20170704_1407,Tuesday,BENIGN,0,train,autoencoder,Tuesday_GAP_001,False,Pure benign baseline training (Level 3 Purity),Strict Level 3 Benign Purity (Zero attack contamination in Train)
503,20170704_1408,Tuesday,BENIGN,0,train,autoencoder,Tuesday_GAP_001,False,Pure benign baseline training (Level 3 Purity),Strict Level 3 Benign Purity (Zero attack contamination in Train)
504,20170704_1409,Tuesday,BENIGN,0,train,autoencoder,Tuesday_GAP_001,False,Pure benign baseline training (Level 3 Purity),Strict Level 3 Benign Purity (Zero attack contamination in Train)
505,20170704_1410,Tuesday,BENIGN,0,validation,autoencoder,Tuesday_GAP_001,False,Unseen benign evaluation partition (validation),Strict Level 3 Benign Purity (Zero attack contamination in Train)
506,20170704_1411,Tuesday,BENIGN,0,validation,autoencoder,Tuesday_GAP_001,False,Unseen benign evaluation partition (validation),Strict Level 3 Benign Purity (Zero attack contamination in Train)
507,20170704_1412,Tuesday,BENIGN,0,validation,autoencoder,Tuesday_GAP_001,False,Unseen benign evaluation partition (validation),Strict Level 3 Benign Purity (Zero attack contamination in Train)
508,20170704_1413,Tuesday,BENIGN,0,validation,autoencoder,Tuesday_GAP_001,False,Unseen benign evaluation partition (validation),Strict Level 3 Benign Purity (Zero attack contamination in Train)
509,20170704_1414,Tuesday,BENIGN,0,test,autoencoder,Tuesday_GAP_001,False,Unseen benign evaluation partition (test),Strict Level 3 Benign Purity (Zero attack contamination in Train)
510,20170704_1415,Tuesday,BENIGN,0,test,autoencoder,Tuesday_GAP_001,False,Unseen benign evaluation partition (test),Strict Level 3 Benign Purity (Zero attack contamination in Train)
511,20170704_1416,Tuesday,BENIGN,0,test,autoencoder,Tuesday_GAP_001,False,Unseen benign evaluation partition (test),Strict Level 3 Benign Purity (Zero attack contamination in Train)
512,20170704_1417,Tuesday,Brute Force,1,validation,autoencoder,Tuesday_SEG_001,False,Anomaly evaluation partition (validation) for threshold calibration,Strict Level 3 Benign Purity (Zero attack contamination in Train)
513,20170704_1418,Tuesday,BENIGN,0,train,autoencoder,Tuesday_GAP_002,False,Pure benign baseline training (Level 3 Purity),Strict Level 3 Benign Purity (Zero attack contamination in Train)
514,20170704_1419,Tuesday,Brute Force,1,validation,autoencoder,Tuesday_SEG_002,False,Anomaly evaluation partition (validation) for threshold calibration,Strict Level 3 Benign Purity (Zero attack contamination in Train)
515,20170704_1420,Tuesday,Brute Force,1,validation,autoencoder,Tuesday_SEG_002,False,Anomaly evaluation partition (validation) for threshold calibration,Strict Level 3 Benign Purity (Zero attack contamination in Train)
516,20170704_1421,Tuesday,Brute Force,1,validation,autoencoder,Tuesday_SEG_002,False,Anomaly evaluation partition (validation) for threshold calibration,Strict Level 3 Benign Purity (Zero attack contamination in Train)
517,20170704_1422,Tuesday,Brute Force,1,validation,autoencoder,Tuesday_SEG_002,False,Anomaly evaluation partition (validation) for threshold calibration,Strict Level 3 Benign Purity (Zero attack contamination in Train)
518,20170704_1423,Tuesday,Brute Force,1,validation,autoencoder,Tuesday_SEG_002,False,Anomaly evaluation partition (validation) for threshold calibration,Strict Level 3 Benign Purity (Zero attack contamination in Train)
519,20170704_1424,Tuesday,Brute Force,1,validation,autoencoder,Tuesday_SEG_002,False,Anomaly evaluation partition (validation) for threshold calibration,Strict Level 3 Benign Purity (Zero attack contamination in Train)
520,20170704_1425,Tuesday,Brute Force,1,validation,autoencoder,Tuesday_SEG_002,False,Anomaly evaluation partition (validation) for threshold calibration,Strict Level 3 Benign Purity (Zero attack contamination in Train)
521,20170704_1426,Tuesday,Brute Force,1,validation,autoencoder,Tuesday_SEG_002,False,Anomaly evaluation partition (validation) for threshold calibration,Strict Level 3 Benign Purity (Zero attack contamination in Train)
522,20170704_1427,Tuesday,Brute Force,1,validation,autoencoder,Tuesday_SEG_002,False,Anomaly evaluation partition (validation) for threshold calibration,Strict Level 3 Benign Purity (Zero attack contamination in Train)
523,20170704_1428,Tuesday,Brute Force,1,validation,autoencoder,Tuesday_SEG_002,False,Anomaly evaluation partition (validation) for threshold calibration,Strict Level 3 Benign Purity (Zero attack contamination in Train)
524,20170704_1429,Tuesday,Brute Force,1,validation,autoencoder,Tuesday_SEG_002,False,Anomaly evaluation partition (validation) for threshold calibration,Strict Level 3 Benign Purity (Zero attack contamination in Train)
525,20170704_1430,Tuesday,Brute Force,1,validation,autoencoder,Tuesday_SEG_002,False,Anomaly evaluation partition (validation) for threshold calibration,Strict Level 3 Benign Purity (Zero attack contamination in Train)
526,20170704_1431,Tuesday,Brute Force,1,validation,autoencoder,Tuesday_SEG_002,False,Anomaly evaluation partition (validation) for threshold calibration,Strict Level 3 Benign Purity (Zero attack contamination in Train)
527,20170704_1432,Tuesday,Brute Force,1,validation,autoencoder,Tuesday_SEG_002,False,Anomaly evaluation partition (validation) for threshold calibration,Strict Level 3 Benign Purity (Zero attack contamination in Train)
528,20170704_1433,Tuesday,Brute Force,1,validation,autoencoder,Tuesday_SEG_002,False,Anomaly evaluation partition (validation) for threshold calibration,Strict Level 3 Benign Purity (Zero attack contamination in Train)
529,20170704_1434,Tuesday,Brute Force,1,validation,autoencoder,Tuesday_SEG_002,False,Anomaly evaluation partition (validation) for threshold calibration,Strict Level 3 Benign Purity (Zero attack contamination in Train)
530,20170704_1435,Tuesday,Brute Force,1,validation,autoencoder,Tuesday_SEG_002,False,Anomaly evaluation partition (validation) for threshold calibration,Strict Level 3 Benign Purity (Zero attack contamination in Train)
531,20170704_1436,Tuesday,Brute Force,1,validation,autoencoder,Tuesday_SEG_002,False,Anomaly evaluation partition (validation) for threshold calibration,Strict Level 3 Benign Purity (Zero attack contamination in Train)
532,20170704_1437,Tuesday,Brute Force,1,validation,autoencoder,Tuesday_SEG_002,False,Anomaly evaluation partition (validation) for threshold calibration,Strict Level 3 Benign Purity (Zero attack contamination in Train)
533,20170704_1438,Tuesday,Brute Force,1,validation,autoencoder,Tuesday_SEG_002,False,Anomaly evaluation partition (validation) for threshold calibration,Strict Level 3 Benign Purity (Zero attack contamination in Train)
534,20170704_1439,Tuesday,Brute Force,1,validation,autoencoder,Tuesday_SEG_002,False,Anomaly evaluation partition (validation) for threshold calibration,Strict Level 3 Benign Purity (Zero attack contamination in Train)
535,20170704_1440,Tuesday,Brute Force,1,validation,autoencoder,Tuesday_SEG_002,False,Anomaly evaluation partition (validation) for threshold calibration,Strict Level 3 Benign Purity (Zero attack contamination in Train)
536,20170704_1441,Tuesday,Brute Force,1,validation,autoencoder,Tuesday_SEG_002,False,Anomaly evaluation partition (validation) for threshold calibration,Strict Level 3 Benign Purity (Zero attack contamination in Train)
537,20170704_1442,Tuesday,Brute Force,1,validation,autoencoder,Tuesday_SEG_002,False,Anomaly evaluation partition (validation) for threshold calibration,Strict Level 3 Benign Purity (Zero attack contamination in Train)
538,20170704_1443,Tuesday,Brute Force,1,validation,autoencoder,Tuesday_SEG_002,False,Anomaly evaluation partition (validation) for threshold calibration,Strict Level 3 Benign Purity (Zero attack contamination in Train)
539,20170704_1444,Tuesday,Brute Force,1,validation,autoencoder,Tuesday_SEG_002,False,Anomaly evaluation partition (validation) for threshold calibration,Strict Level 3 Benign Purity (Zero attack contamination in Train)
540,20170704_1445,Tuesday,Brute Force,1,validation,autoencoder,Tuesday_SEG_002,False,Anomaly evaluation partition (validation) for threshold calibration,Strict Level 3 Benign Purity (Zero attack contamination in Train)
541,20170704_1446,Tuesday,Brute Force,1,validation,autoencoder,Tuesday_SEG_002,False,Anomaly evaluation partition (validation) for threshold calibration,Strict Level 3 Benign Purity (Zero attack contamination in Train)
542,20170704_1447,Tuesday,Brute Force,1,validation,autoencoder,Tuesday_SEG_002,False,Anomaly evaluation partition (validation) for threshold calibration,Strict Level 3 Benign Purity (Zero attack contamination in Train)
543,20170704_1448,Tuesday,Brute Force,1,validation,autoencoder,Tuesday_SEG_002,False,Anomaly evaluation partition (validation) for threshold calibration,Strict Level 3 Benign Purity (Zero attack contamination in Train)
544,20170704_1449,Tuesday,Brute Force,1,validation,autoencoder,Tuesday_SEG_002,False,Anomaly evaluation partition (validation) for threshold calibration,Strict Level 3 Benign Purity (Zero attack contamination in Train)
545,20170704_1450,Tuesday,Brute Force,1,validation,autoencoder,Tuesday_SEG_002,False,Anomaly evaluation partition (validation) for threshold calibration,Strict Level 3 Benign Purity (Zero attack contamination in Train)
546,20170704_1451,Tuesday,Brute Force,1,validation,autoencoder,Tuesday_SEG_002,False,Anomaly evaluation partition (validation) for threshold calibration,Strict Level 3 Benign Purity (Zero attack contamination in Train)
547,20170704_1452,Tuesday,Brute Force,1,validation,autoencoder,Tuesday_SEG_002,False,Anomaly evaluation partition (validation) for threshold calibration,Strict Level 3 Benign Purity (Zero attack contamination in Train)
548,20170704_1453,Tuesday,Brute Force,1,validation,autoencoder,Tuesday_SEG_002,False,Anomaly evaluation partition (validation) for threshold calibration,Strict Level 3 Benign Purity (Zero attack contamination in Train)
549,20170704_1454,Tuesday,Brute Force,1,validation,autoencoder,Tuesday_SEG_002,False,Anomaly evaluation partition (validation) for threshold calibration,Strict Level 3 Benign Purity (Zero attack contamination in Train)
550,20170704_1455,Tuesday,Brute Force,1,validation,autoencoder,Tuesday_SEG_002,False,Anomaly evaluation partition (validation) for threshold calibration,Strict Level 3 Benign Purity (Zero attack contamination in Train)
551,20170704_1456,Tuesday,Brute Force,1,validation,autoencoder,Tuesday_SEG_002,False,Anomaly evaluation partition (validation) for threshold calibration,Strict Level 3 Benign Purity (Zero attack contamination in Train)
552,20170704_1457,Tuesday,Brute Force,1,validation,autoencoder,Tuesday_SEG_002,False,Anomaly evaluation partition (validation) for threshold calibration,Strict Level 3 Benign Purity (Zero attack contamination in Train)
553,20170704_1458,Tuesday,Brute Force,1,validation,autoencoder,Tuesday_SEG_002,False,Anomaly evaluation partition (validation) for threshold calibration,Strict Level 3 Benign Purity (Zero attack contamination in Train)
554,20170704_1459,Tuesday,Brute Force,1,validation,autoencoder,Tuesday_SEG_002,False,Anomaly evaluation partition (validation) for threshold calibration,Strict Level 3 Benign Purity (Zero attack contamination in Train)
555,20170704_1500,Tuesday,Brute Force,1,validation,autoencoder,Tuesday_SEG_002,False,Anomaly evaluation partition (validation) for threshold calibration,Strict Level 3 Benign Purity (Zero attack contamination in Train)
556,20170704_1501,Tuesday,Brute Force,1,validation,autoencoder,Tuesday_SEG_002,False,Anomaly evaluation partition (validation) for threshold calibration,Strict Level 3 Benign Purity (Zero attack contamination in Train)
557,20170704_1502,Tuesday,Brute Force,1,validation,autoencoder,Tuesday_SEG_002,False,Anomaly evaluation partition (validation) for threshold calibration,Strict Level 3 Benign Purity (Zero attack contamination in Train)
558,20170704_1503,Tuesday,Brute Force,1,validation,autoencoder,Tuesday_SEG_002,False,Anomaly evaluation partition (validation) for threshold calibration,Strict Level 3 Benign Purity (Zero attack contamination in Train)
559,20170704_1504,Tuesday,Brute Force,1,validation,autoencoder,Tuesday_SEG_002,False,Anomaly evaluation partition (validation) for threshold calibration,Strict Level 3 Benign Purity (Zero attack contamination in Train)
560,20170704_1505,Tuesday,Brute Force,1,validation,autoencoder,Tuesday_SEG_002,False,Anomaly evaluation partition (validation) for threshold calibration,Strict Level 3 Benign Purity (Zero attack contamination in Train)
561,20170704_1506,Tuesday,Brute Force,1,validation,autoencoder,Tuesday_SEG_002,False,Anomaly evaluation partition (validation) for threshold calibration,Strict Level 3 Benign Purity (Zero attack contamination in Train)
562,20170704_1507,Tuesday,Brute Force,1,validation,autoencoder,Tuesday_SEG_002,False,Anomaly evaluation partition (validation) for threshold calibration,Strict Level 3 Benign Purity (Zero attack contamination in Train)
563,20170704_1508,Tuesday,Brute Force,1,validation,autoencoder,Tuesday_SEG_002,False,Anomaly evaluation partition (validation) for threshold calibration,Strict Level 3 Benign Purity (Zero attack contamination in Train)
564,20170704_1509,Tuesday,Brute Force,1,validation,autoencoder,Tuesday_SEG_002,False,Anomaly evaluation partition (validation) for threshold calibration,Strict Level 3 Benign Purity (Zero attack contamination in Train)
565,20170704_1510,Tuesday,Brute Force,1,validation,autoencoder,Tuesday_SEG_002,False,Anomaly evaluation partition (validation) for threshold calibration,Strict Level 3 Benign Purity (Zero attack contamination in Train)
566,20170704_1511,Tuesday,Brute Force,1,validation,autoencoder,Tuesday_SEG_002,False,Anomaly evaluation partition (validation) for threshold calibration,Strict Level 3 Benign Purity (Zero attack contamination in Train)
567,20170704_1512,Tuesday,Brute Force,1,validation,autoencoder,Tuesday_SEG_002,False,Anomaly evaluation partition (validation) for threshold calibration,Strict Level 3 Benign Purity (Zero attack contamination in Train)
568,20170704_1513,Tuesday,Brute Force,1,validation,autoencoder,Tuesday_SEG_002,False,Anomaly evaluation partition (validation) for threshold calibration,Strict Level 3 Benign Purity (Zero attack contamination in Train)
569,20170704_1514,Tuesday,Brute Force,1,validation,autoencoder,Tuesday_SEG_002,False,Anomaly evaluation partition (validation) for threshold calibration,Strict Level 3 Benign Purity (Zero attack contamination in Train)
570,20170704_1515,Tuesday,Brute Force,1,validation,autoencoder,Tuesday_SEG_002,False,Anomaly evaluation partition (validation) for threshold calibration,Strict Level 3 Benign Purity (Zero attack contamination in Train)
571,20170704_1516,Tuesday,Brute Force,1,validation,autoencoder,Tuesday_SEG_002,False,Anomaly evaluation partition (validation) for threshold calibration,Strict Level 3 Benign Purity (Zero attack contamination in Train)
572,20170704_1517,Tuesday,Brute Force,1,validation,autoencoder,Tuesday_SEG_002,False,Anomaly evaluation partition (validation) for threshold calibration,Strict Level 3 Benign Purity (Zero attack contamination in Train)
573,20170704_1518,Tuesday,Brute Force,1,validation,autoencoder,Tuesday_SEG_002,False,Anomaly evaluation partition (validation) for threshold calibration,Strict Level 3 Benign Purity (Zero attack contamination in Train)
574,20170704_1519,Tuesday,Brute Force,1,validation,autoencoder,Tuesday_SEG_002,False,Anomaly evaluation partition (validation) for threshold calibration,Strict Level 3 Benign Purity (Zero attack contamination in Train)
575,20170704_1520,Tuesday,Brute Force,1,validation,autoencoder,Tuesday_SEG_002,False,Anomaly evaluation partition (validation) for threshold calibration,Strict Level 3 Benign Purity (Zero attack contamination in Train)
576,20170704_1521,Tuesday,BENIGN,0,train,autoencoder,Tuesday_GAP_003,False,Pure benign baseline training (Level 3 Purity),Strict Level 3 Benign Purity (Zero attack contamination in Train)
577,20170704_1522,Tuesday,BENIGN,0,train,autoencoder,Tuesday_GAP_003,False,Pure benign baseline training (Level 3 Purity),Strict Level 3 Benign Purity (Zero attack contamination in Train)
578,20170704_1523,Tuesday,BENIGN,0,train,autoencoder,Tuesday_GAP_003,False,Pure benign baseline training (Level 3 Purity),Strict Level 3 Benign Purity (Zero attack contamination in Train)
579,20170704_1524,Tuesday,BENIGN,0,train,autoencoder,Tuesday_GAP_003,False,Pure benign baseline training (Level 3 Purity),Strict Level 3 Benign Purity (Zero attack contamination in Train)
580,20170704_1525,Tuesday,BENIGN,0,train,autoencoder,Tuesday_GAP_003,False,Pure benign baseline training (Level 3 Purity),Strict Level 3 Benign Purity (Zero attack contamination in Train)
581,20170704_1526,Tuesday,BENIGN,0,train,autoencoder,Tuesday_GAP_003,False,Pure benign baseline training (Level 3 Purity),Strict Level 3 Benign Purity (Zero attack contamination in Train)
582,20170704_1527,Tuesday,BENIGN,0,train,autoencoder,Tuesday_GAP_003,False,Pure benign baseline training (Level 3 Purity),Strict Level 3 Benign Purity (Zero attack contamination in Train)
583,20170704_1528,Tuesday,BENIGN,0,train,autoencoder,Tuesday_GAP_003,False,Pure benign baseline training (Level 3 Purity),Strict Level 3 Benign Purity (Zero attack contamination in Train)
584,20170704_1529,Tuesday,BENIGN,0,train,autoencoder,Tuesday_GAP_003,False,Pure benign baseline training (Level 3 Purity),Strict Level 3 Benign Purity (Zero attack contamination in Train)
585,20170704_1530,Tuesday,BENIGN,0,train,autoencoder,Tuesday_GAP_003,False,Pure benign baseline training (Level 3 Purity),Strict Level 3 Benign Purity (Zero attack contamination in Train)
586,20170704_1531,Tuesday,BENIGN,0,train,autoencoder,Tuesday_GAP_003,False,Pure benign baseline training (Level 3 Purity),Strict Level 3 Benign Purity (Zero attack contamination in Train)
587,20170704_1532,Tuesday,BENIGN,0,train,autoencoder,Tuesday_GAP_003,False,Pure benign baseline training (Level 3 Purity),Strict Level 3 Benign Purity (Zero attack contamination in Train)
588,20170704_1533,Tuesday,BENIGN,0,train,autoencoder,Tuesday_GAP_003,False,Pure benign baseline training (Level 3 Purity),Strict Level 3 Benign Purity (Zero attack contamination in Train)
589,20170704_1534,Tuesday,BENIGN,0,train,autoencoder,Tuesday_GAP_003,False,Pure benign baseline training (Level 3 Purity),Strict Level 3 Benign Purity (Zero attack contamination in Train)
590,20170704_1535,Tuesday,BENIGN,0,train,autoencoder,Tuesday_GAP_003,False,Pure benign baseline training (Level 3 Purity),Strict Level 3 Benign Purity (Zero attack contamination in Train)
591,20170704_1536,Tuesday,BENIGN,0,train,autoencoder,Tuesday_GAP_003,False,Pure benign baseline training (Level 3 Purity),Strict Level 3 Benign Purity (Zero attack contamination in Train)
592,20170704_1537,Tuesday,BENIGN,0,train,autoencoder,Tuesday_GAP_003,False,Pure benign baseline training (Level 3 Purity),Strict Level 3 Benign Purity (Zero attack contamination in Train)
593,20170704_1538,Tuesday,BENIGN,0,train,autoencoder,Tuesday_GAP_003,False,Pure benign baseline training (Level 3 Purity),Strict Level 3 Benign Purity (Zero attack contamination in Train)
594,20170704_1539,Tuesday,BENIGN,0,train,autoencoder,Tuesday_GAP_003,False,Pure benign baseline training (Level 3 Purity),Strict Level 3 Benign Purity (Zero attack contamination in Train)
595,20170704_1540,Tuesday,BENIGN,0,train,autoencoder,Tuesday_GAP_003,False,Pure benign baseline training (Level 3 Purity),Strict Level 3 Benign Purity (Zero attack contamination in Train)
596,20170704_1541,Tuesday,BENIGN,0,train,autoencoder,Tuesday_GAP_003,False,Pure benign baseline training (Level 3 Purity),Strict Level 3 Benign Purity (Zero attack contamination in Train)
597,20170704_1542,Tuesday,BENIGN,0,train,autoencoder,Tuesday_GAP_003,False,Pure benign baseline training (Level 3 Purity),Strict Level 3 Benign Purity (Zero attack contamination in Train)
598,20170704_1543,Tuesday,BENIGN,0,train,autoencoder,Tuesday_GAP_003,False,Pure benign baseline training (Level 3 Purity),Strict Level 3 Benign Purity (Zero attack contamination in Train)
599,20170704_1544,Tuesday,BENIGN,0,train,autoencoder,Tuesday_GAP_003,False,Pure benign baseline training (Level 3 Purity),Strict Level 3 Benign Purity (Zero attack contamination in Train)
600,20170704_1545,Tuesday,BENIGN,0,train,autoencoder,Tuesday_GAP_003,False,Pure benign baseline training (Level 3 Purity),Strict Level 3 Benign Purity (Zero attack contamination in Train)
601,20170704_1546,Tuesday,BENIGN,0,train,autoencoder,Tuesday_GAP_003,False,Pure benign baseline training (Level 3 Purity),Strict Level 3 Benign Purity (Zero attack contamination in Train)
602,20170704_1547,Tuesday,BENIGN,0,train,autoencoder,Tuesday_GAP_003,False,Pure benign baseline training (Level 3 Purity),Strict Level 3 Benign Purity (Zero attack contamination in Train)
603,20170704_1548,Tuesday,BENIGN,0,train,autoencoder,Tuesday_GAP_003,False,Pure benign baseline training (Level 3 Purity),Strict Level 3 Benign Purity (Zero attack contamination in Train)
604,20170704_1549,Tuesday,BENIGN,0,train,autoencoder,Tuesday_GAP_003,False,Pure benign baseline training (Level 3 Purity),Strict Level 3 Benign Purity (Zero attack contamination in Train)
605,20170704_1550,Tuesday,BENIGN,0,train,autoencoder,Tuesday_GAP_003,False,Pure benign baseline training (Level 3 Purity),Strict Level 3 Benign Purity (Zero attack contamination in Train)
606,20170704_1551,Tuesday,BENIGN,0,train,autoencoder,Tuesday_GAP_003,False,Pure benign baseline training (Level 3 Purity),Strict Level 3 Benign Purity (Zero attack contamination in Train)
607,20170704_1552,Tuesday,BENIGN,0,train,autoencoder,Tuesday_GAP_003,False,Pure benign baseline training (Level 3 Purity),Strict Level 3 Benign Purity (Zero attack contamination in Train)
608,20170704_1553,Tuesday,BENIGN,0,train,autoencoder,Tuesday_GAP_003,False,Pure benign baseline training (Level 3 Purity),Strict Level 3 Benign Purity (Zero attack contamination in Train)
609,20170704_1554,Tuesday,BENIGN,0,train,autoencoder,Tuesday_GAP_003,False,Pure benign baseline training (Level 3 Purity),Strict Level 3 Benign Purity (Zero attack contamination in Train)
610,20170704_1555,Tuesday,BENIGN,0,train,autoencoder,Tuesday_GAP_003,False,Pure benign baseline training (Level 3 Purity),Strict Level 3 Benign Purity (Zero attack contamination in Train)
611,20170704_1556,Tuesday,BENIGN,0,train,autoencoder,Tuesday_GAP_003,False,Pure benign baseline training (Level 3 Purity),Strict Level 3 Benign Purity (Zero attack contamination in Train)
612,20170704_1557,Tuesday,BENIGN,0,train,autoencoder,Tuesday_GAP_003,False,Pure benign baseline training (Level 3 Purity),Strict Level 3 Benign Purity (Zero attack contamination in Train)
613,20170704_1558,Tuesday,BENIGN,0,train,autoencoder,Tuesday_GAP_003,False,Pure benign baseline training (Level 3 Purity),Strict Level 3 Benign Purity (Zero attack contamination in Train)
614,20170704_1559,Tuesday,BENIGN,0,train,autoencoder,Tuesday_GAP_003,False,Pure benign baseline training (Level 3 Purity),Strict Level 3 Benign Purity (Zero attack contamination in Train)
615,20170704_1600,Tuesday,BENIGN,0,train,autoencoder,Tuesday_GAP_003,False,Pure benign baseline training (Level 3 Purity),Strict Level 3 Benign Purity (Zero attack contamination in Train)
616,20170704_1601,Tuesday,BENIGN,0,train,autoencoder,Tuesday_GAP_003,False,Pure benign baseline training (Level 3 Purity),Strict Level 3 Benign Purity (Zero attack contamination in Train)
617,20170704_1602,Tuesday,BENIGN,0,train,autoencoder,Tuesday_GAP_003,False,Pure benign baseline training (Level 3 Purity),Strict Level 3 Benign Purity (Zero attack contamination in Train)
618,20170704_1603,Tuesday,BENIGN,0,train,autoencoder,Tuesday_GAP_003,False,Pure benign baseline training (Level 3 Purity),Strict Level 3 Benign Purity (Zero attack contamination in Train)
619,20170704_1604,Tuesday,BENIGN,0,train,autoencoder,Tuesday_GAP_003,False,Pure benign baseline training (Level 3 Purity),Strict Level 3 Benign Purity (Zero attack contamination in Train)
620,20170704_1605,Tuesday,BENIGN,0,train,autoencoder,Tuesday_GAP_003,False,Pure benign baseline training (Level 3 Purity),Strict Level 3 Benign Purity (Zero attack contamination in Train)
621,20170704_1606,Tuesday,BENIGN,0,train,autoencoder,Tuesday_GAP_003,False,Pure benign baseline training (Level 3 Purity),Strict Level 3 Benign Purity (Zero attack contamination in Train)
622,20170704_1607,Tuesday,BENIGN,0,train,autoencoder,Tuesday_GAP_003,False,Pure benign baseline training (Level 3 Purity),Strict Level 3 Benign Purity (Zero attack contamination in Train)
623,20170704_1608,Tuesday,BENIGN,0,train,autoencoder,Tuesday_GAP_003,False,Pure benign baseline training (Level 3 Purity),Strict Level 3 Benign Purity (Zero attack contamination in Train)
624,20170704_1609,Tuesday,BENIGN,0,train,autoencoder,Tuesday_GAP_003,False,Pure benign baseline training (Level 3 Purity),Strict Level 3 Benign Purity (Zero attack contamination in Train)
625,20170704_1610,Tuesday,BENIGN,0,train,autoencoder,Tuesday_GAP_003,False,Pure benign baseline training (Level 3 Purity),Strict Level 3 Benign Purity (Zero attack contamination in Train)
626,20170704_1611,Tuesday,BENIGN,0,train,autoencoder,Tuesday_GAP_003,False,Pure benign baseline training (Level 3 Purity),Strict Level 3 Benign Purity (Zero attack contamination in Train)
627,20170704_1612,Tuesday,BENIGN,0,train,autoencoder,Tuesday_GAP_003,False,Pure benign baseline training (Level 3 Purity),Strict Level 3 Benign Purity (Zero attack contamination in Train)
628,20170704_1613,Tuesday,BENIGN,0,train,autoencoder,Tuesday_GAP_003,False,Pure benign baseline training (Level 3 Purity),Strict Level 3 Benign Purity (Zero attack contamination in Train)
629,20170704_1614,Tuesday,BENIGN,0,train,autoencoder,Tuesday_GAP_003,False,Pure benign baseline training (Level 3 Purity),Strict Level 3 Benign Purity (Zero attack contamination in Train)
630,20170704_1615,Tuesday,BENIGN,0,train,autoencoder,Tuesday_GAP_003,False,Pure benign baseline training (Level 3 Purity),Strict Level 3 Benign Purity (Zero attack contamination in Train)
631,20170704_1616,Tuesday,BENIGN,0,train,autoencoder,Tuesday_GAP_003,False,Pure benign baseline training (Level 3 Purity),Strict Level 3 Benign Purity (Zero attack contamination in Train)
632,20170704_1617,Tuesday,BENIGN,0,train,autoencoder,Tuesday_GAP_003,False,Pure benign baseline training (Level 3 Purity),Strict Level 3 Benign Purity (Zero attack contamination in Train)
633,20170704_1618,Tuesday,BENIGN,0,train,autoencoder,Tuesday_GAP_003,False,Pure benign baseline training (Level 3 Purity),Strict Level 3 Benign Purity (Zero attack contamination in Train)
634,20170704_1619,Tuesday,BENIGN,0,train,autoencoder,Tuesday_GAP_003,False,Pure benign baseline training (Level 3 Purity),Strict Level 3 Benign Purity (Zero attack contamination in Train)
635,20170704_1620,Tuesday,BENIGN,0,train,autoencoder,Tuesday_GAP_003,False,Pure benign baseline training (Level 3 Purity),Strict Level 3 Benign Purity (Zero attack contamination in Train)
636,20170704_1621,Tuesday,BENIGN,0,train,autoencoder,Tuesday_GAP_003,False,Pure benign baseline training (Level 3 Purity),Strict Level 3 Benign Purity (Zero attack contamination in Train)
637,20170704_1622,Tuesday,BENIGN,0,train,autoencoder,Tuesday_GAP_003,False,Pure benign baseline training (Level 3 Purity),Strict Level 3 Benign Purity (Zero attack contamination in Train)
638,20170704_1623,Tuesday,BENIGN,0,train,autoencoder,Tuesday_GAP_003,False,Pure benign baseline training (Level 3 Purity),Strict Level 3 Benign Purity (Zero attack contamination in Train)
639,20170704_1624,Tuesday,BENIGN,0,train,autoencoder,Tuesday_GAP_003,False,Pure benign baseline training (Level 3 Purity),Strict Level 3 Benign Purity (Zero attack contamination in Train)
640,20170704_1625,Tuesday,BENIGN,0,train,autoencoder,Tuesday_GAP_003,False,Pure benign baseline training (Level 3 Purity),Strict Level 3 Benign Purity (Zero attack contamination in Train)
641,20170704_1626,Tuesday,BENIGN,0,train,autoencoder,Tuesday_GAP_003,False,Pure benign baseline training (Level 3 Purity),Strict Level 3 Benign Purity (Zero attack contamination in Train)
642,20170704_1627,Tuesday,BENIGN,0,train,autoencoder,Tuesday_GAP_003,False,Pure benign baseline training (Level 3 Purity),Strict Level 3 Benign Purity (Zero attack contamination in Train)
643,20170704_1628,Tuesday,BENIGN,0,train,autoencoder,Tuesday_GAP_003,False,Pure benign baseline training (Level 3 Purity),Strict Level 3 Benign Purity (Zero attack contamination in Train)
644,20170704_1629,Tuesday,BENIGN,0,train,autoencoder,Tuesday_GAP_003,False,Pure benign baseline training (Level 3 Purity),Strict Level 3 Benign Purity (Zero attack contamination in Train)
645,20170704_1630,Tuesday,BENIGN,0,train,autoencoder,Tuesday_GAP_003,False,Pure benign baseline training (Level 3 Purity),Strict Level 3 Benign Purity (Zero attack contamination in Train)
646,20170704_1631,Tuesday,BENIGN,0,train,autoencoder,Tuesday_GAP_003,False,Pure benign baseline training (Level 3 Purity),Strict Level 3 Benign Purity (Zero attack contamination in Train)
647,20170704_1632,Tuesday,BENIGN,0,train,autoencoder,Tuesday_GAP_003,False,Pure benign baseline training (Level 3 Purity),Strict Level 3 Benign Purity (Zero attack contamination in Train)
648,20170704_1633,Tuesday,BENIGN,0,train,autoencoder,Tuesday_GAP_003,False,Pure benign baseline training (Level 3 Purity),Strict Level 3 Benign Purity (Zero attack contamination in Train)
649,20170704_1634,Tuesday,BENIGN,0,train,autoencoder,Tuesday_GAP_003,False,Pure benign baseline training (Level 3 Purity),Strict Level 3 Benign Purity (Zero attack contamination in Train)
650,20170704_1635,Tuesday,BENIGN,0,train,autoencoder,Tuesday_GAP_003,False,Pure benign baseline training (Level 3 Purity),Strict Level 3 Benign Purity (Zero attack contamination in Train)
651,20170704_1636,Tuesday,BENIGN,0,train,autoencoder,Tuesday_GAP_003,False,Pure benign baseline training (Level 3 Purity),Strict Level 3 Benign Purity (Zero attack contamination in Train)
652,20170704_1637,Tuesday,BENIGN,0,train,autoencoder,Tuesday_GAP_003,False,Pure benign baseline training (Level 3 Purity),Strict Level 3 Benign Purity (Zero attack contamination in Train)
653,20170704_1638,Tuesday,BENIGN,0,train,autoencoder,Tuesday_GAP_003,False,Pure benign baseline training (Level 3 Purity),Strict Level 3 Benign Purity (Zero attack contamination in Train)
654,20170704_1639,Tuesday,BENIGN,0,train,autoencoder,Tuesday_GAP_003,False,Pure benign baseline training (Level 3 Purity),Strict Level 3 Benign Purity (Zero attack contamination in Train)
655,20170704_1640,Tuesday,BENIGN,0,train,autoencoder,Tuesday_GAP_003,False,Pure benign baseline training (Level 3 Purity),Strict Level 3 Benign Purity (Zero attack contamination in Train)
656,20170704_1641,Tuesday,BENIGN,0,train,autoencoder,Tuesday_GAP_003,False,Pure benign baseline training (Level 3 Purity),Strict Level 3 Benign Purity (Zero attack contamination in Train)
657,20170704_1642,Tuesday,BENIGN,0,train,autoencoder,Tuesday_GAP_003,False,Pure benign baseline training (Level 3 Purity),Strict Level 3 Benign Purity (Zero attack contamination in Train)
658,20170704_1643,Tuesday,BENIGN,0,train,autoencoder,Tuesday_GAP_003,False,Pure benign baseline training (Level 3 Purity),Strict Level 3 Benign Purity (Zero attack contamination in Train)
659,20170704_1644,Tuesday,BENIGN,0,train,autoencoder,Tuesday_GAP_003,False,Pure benign baseline training (Level 3 Purity),Strict Level 3 Benign Purity (Zero attack contamination in Train)
660,20170704_1645,Tuesday,BENIGN,0,train,autoencoder,Tuesday_GAP_003,False,Pure benign baseline training (Level 3 Purity),Strict Level 3 Benign Purity (Zero attack contamination in Train)
661,20170704_1646,Tuesday,BENIGN,0,train,autoencoder,Tuesday_GAP_003,False,Pure benign baseline training (Level 3 Purity),Strict Level 3 Benign Purity (Zero attack contamination in Train)
662,20170704_1647,Tuesday,BENIGN,0,train,autoencoder,Tuesday_GAP_003,False,Pure benign baseline training (Level 3 Purity),Strict Level 3 Benign Purity (Zero attack contamination in Train)
663,20170704_1648,Tuesday,BENIGN,0,train,autoencoder,Tuesday_GAP_003,False,Pure benign baseline training (Level 3 Purity),Strict Level 3 Benign Purity (Zero attack contamination in Train)
664,20170704_1649,Tuesday,BENIGN,0,train,autoencoder,Tuesday_GAP_003,False,Pure benign baseline training (Level 3 Purity),Strict Level 3 Benign Purity (Zero attack contamination in Train)
665,20170704_1650,Tuesday,BENIGN,0,train,autoencoder,Tuesday_GAP_003,False,Pure benign baseline training (Level 3 Purity),Strict Level 3 Benign Purity (Zero attack contamination in Train)
666,20170704_1651,Tuesday,BENIGN,0,train,autoencoder,Tuesday_GAP_003,False,Pure benign baseline training (Level 3 Purity),Strict Level 3 Benign Purity (Zero attack contamination in Train)
667,20170704_1652,Tuesday,BENIGN,0,train,autoencoder,Tuesday_GAP_003,False,Pure benign baseline training (Level 3 Purity),Strict Level 3 Benign Purity (Zero attack contamination in Train)
668,20170704_1653,Tuesday,BENIGN,0,train,autoencoder,Tuesday_GAP_003,False,Pure benign baseline training (Level 3 Purity),Strict Level 3 Benign Purity (Zero attack contamination in Train)
669,20170704_1654,Tuesday,BENIGN,0,train,autoencoder,Tuesday_GAP_003,False,Pure benign baseline training (Level 3 Purity),Strict Level 3 Benign Purity (Zero attack contamination in Train)
670,20170704_1655,Tuesday,BENIGN,0,train,autoencoder,Tuesday_GAP_003,False,Pure benign baseline training (Level 3 Purity),Strict Level 3 Benign Purity (Zero attack contamination in Train)
671,20170704_1656,Tuesday,BENIGN,0,train,autoencoder,Tuesday_GAP_003,False,Pure benign baseline training (Level 3 Purity),Strict Level 3 Benign Purity (Zero attack contamination in Train)
672,20170704_1657,Tuesday,BENIGN,0,train,autoencoder,Tuesday_GAP_003,False,Pure benign baseline training (Level 3 Purity),Strict Level 3 Benign Purity (Zero attack contamination in Train)
673,20170704_1658,Tuesday,BENIGN,0,train,autoencoder,Tuesday_GAP_003,False,Pure benign baseline training (Level 3 Purity),Strict Level 3 Benign Purity (Zero attack contamination in Train)
674,20170704_1659,Tuesday,BENIGN,0,train,autoencoder,Tuesday_GAP_003,False,Pure benign baseline training (Level 3 Purity),Strict Level 3 Benign Purity (Zero attack contamination in Train)
675,20170704_1700,Tuesday,BENIGN,0,train,autoencoder,Tuesday_GAP_003,False,Pure benign baseline training (Level 3 Purity),Strict Level 3 Benign Purity (Zero attack contamination in Train)
676,20170704_1701,Tuesday,BENIGN,0,train,autoencoder,Tuesday_GAP_003,False,Pure benign baseline training (Level 3 Purity),Strict Level 3 Benign Purity (Zero attack contamination in Train)
677,20170704_1702,Tuesday,BENIGN,0,train,autoencoder,Tuesday_GAP_003,False,Pure benign baseline training (Level 3 Purity),Strict Level 3 Benign Purity (Zero attack contamination in Train)
678,20170704_1703,Tuesday,BENIGN,0,train,autoencoder,Tuesday_GAP_003,False,Pure benign baseline training (Level 3 Purity),Strict Level 3 Benign Purity (Zero attack contamination in Train)
679,20170704_1704,Tuesday,BENIGN,0,train,autoencoder,Tuesday_GAP_003,False,Pure benign baseline training (Level 3 Purity),Strict Level 3 Benign Purity (Zero attack contamination in Train)
680,20170704_1705,Tuesday,BENIGN,0,train,autoencoder,Tuesday_GAP_003,False,Pure benign baseline training (Level 3 Purity),Strict Level 3 Benign Purity (Zero attack contamination in Train)
681,20170704_1706,Tuesday,BENIGN,0,train,autoencoder,Tuesday_GAP_003,False,Pure benign baseline training (Level 3 Purity),Strict Level 3 Benign Purity (Zero attack contamination in Train)
682,20170704_1707,Tuesday,BENIGN,0,train,autoencoder,Tuesday_GAP_003,False,Pure benign baseline training (Level 3 Purity),Strict Level 3 Benign Purity (Zero attack contamination in Train)
683,20170704_1708,Tuesday,BENIGN,0,train,autoencoder,Tuesday_GAP_003,False,Pure benign baseline training (Level 3 Purity),Strict Level 3 Benign Purity (Zero attack contamination in Train)
684,20170704_1709,Tuesday,BENIGN,0,train,autoencoder,Tuesday_GAP_003,False,Pure benign baseline training (Level 3 Purity),Strict Level 3 Benign Purity (Zero attack contamination in Train)
685,20170704_1710,Tuesday,BENIGN,0,train,autoencoder,Tuesday_GAP_003,False,Pure benign baseline training (Level 3 Purity),Strict Level 3 Benign Purity (Zero attack contamination in Train)
686,20170704_1711,Tuesday,BENIGN,0,train,autoencoder,Tuesday_GAP_003,False,Pure benign baseline training (Level 3 Purity),Strict Level 3 Benign Purity (Zero attack contamination in Train)
687,20170704_1712,Tuesday,BENIGN,0,train,autoencoder,Tuesday_GAP_003,False,Pure benign baseline training (Level 3 Purity),Strict Level 3 Benign Purity (Zero attack contamination in Train)
688,20170704_1713,Tuesday,BENIGN,0,train,autoencoder,Tuesday_GAP_003,False,Pure benign baseline training (Level 3 Purity),Strict Level 3 Benign Purity (Zero attack contamination in Train)
689,20170704_1714,Tuesday,BENIGN,0,train,autoencoder,Tuesday_GAP_003,False,Pure benign baseline training (Level 3 Purity),Strict Level 3 Benign Purity (Zero attack contamination in Train)
690,20170704_1715,Tuesday,BENIGN,0,train,autoencoder,Tuesday_GAP_003,False,Pure benign baseline training (Level 3 Purity),Strict Level 3 Benign Purity (Zero attack contamination in Train)
691,20170704_1716,Tuesday,BENIGN,0,train,autoencoder,Tuesday_GAP_003,False,Pure benign baseline training (Level 3 Purity),Strict Level 3 Benign Purity (Zero attack contamination in Train)
692,20170704_1717,Tuesday,BENIGN,0,train,autoencoder,Tuesday_GAP_003,False,Pure benign baseline training (Level 3 Purity),Strict Level 3 Benign Purity (Zero attack contamination in Train)
693,20170704_1718,Tuesday,BENIGN,0,train,autoencoder,Tuesday_GAP_003,False,Pure benign baseline training (Level 3 Purity),Strict Level 3 Benign Purity (Zero attack contamination in Train)
694,20170704_1719,Tuesday,BENIGN,0,train,autoencoder,Tuesday_GAP_003,False,Pure benign baseline training (Level 3 Purity),Strict Level 3 Benign Purity (Zero attack contamination in Train)
695,20170704_1720,Tuesday,BENIGN,0,train,autoencoder,Tuesday_GAP_003,False,Pure benign baseline training (Level 3 Purity),Strict Level 3 Benign Purity (Zero attack contamination in Train)
696,20170704_1721,Tuesday,BENIGN,0,train,autoencoder,Tuesday_GAP_003,False,Pure benign baseline training (Level 3 Purity),Strict Level 3 Benign Purity (Zero attack contamination in Train)
697,20170704_1722,Tuesday,BENIGN,0,train,autoencoder,Tuesday_GAP_003,False,Pure benign baseline training (Level 3 Purity),Strict Level 3 Benign Purity (Zero attack contamination in Train)
698,20170704_1723,Tuesday,BENIGN,0,train,autoencoder,Tuesday_GAP_003,False,Pure benign baseline training (Level 3 Purity),Strict Level 3 Benign Purity (Zero attack contamination in Train)
699,20170704_1724,Tuesday,BENIGN,0,train,autoencoder,Tuesday_GAP_003,False,Pure benign baseline training (Level 3 Purity),Strict Level 3 Benign Purity (Zero attack contamination in Train)
700,20170704_1725,Tuesday,BENIGN,0,train,autoencoder,Tuesday_GAP_003,False,Pure benign baseline training (Level 3 Purity),Strict Level 3 Benign Purity (Zero attack contamination in Train)
701,20170704_1726,Tuesday,BENIGN,0,train,autoencoder,Tuesday_GAP_003,False,Pure benign baseline training (Level 3 Purity),Strict Level 3 Benign Purity (Zero attack contamination in Train)
702,20170704_1727,Tuesday,BENIGN,0,train,autoencoder,Tuesday_GAP_003,False,Pure benign baseline training (Level 3 Purity),Strict Level 3 Benign Purity (Zero attack contamination in Train)
703,20170704_1728,Tuesday,BENIGN,0,train,autoencoder,Tuesday_GAP_003,False,Pure benign baseline training (Level 3 Purity),Strict Level 3 Benign Purity (Zero attack contamination in Train)
704,20170704_1729,Tuesday,BENIGN,0,train,autoencoder,Tuesday_GAP_003,False,Pure benign baseline training (Level 3 Purity),Strict Level 3 Benign Purity (Zero attack contamination in Train)
705,20170704_1730,Tuesday,BENIGN,0,train,autoencoder,Tuesday_GAP_003,False,Pure benign baseline training (Level 3 Purity),Strict Level 3 Benign Purity (Zero attack contamination in Train)
706,20170704_1731,Tuesday,BENIGN,0,train,autoencoder,Tuesday_GAP_003,False,Pure benign baseline training (Level 3 Purity),Strict Level 3 Benign Purity (Zero attack contamination in Train)
707,20170704_1732,Tuesday,BENIGN,0,train,autoencoder,Tuesday_GAP_003,False,Pure benign baseline training (Level 3 Purity),Strict Level 3 Benign Purity (Zero attack contamination in Train)
708,20170704_1733,Tuesday,BENIGN,0,train,autoencoder,Tuesday_GAP_003,False,Pure benign baseline training (Level 3 Purity),Strict Level 3 Benign Purity (Zero attack contamination in Train)
709,20170704_1734,Tuesday,BENIGN,0,train,autoencoder,Tuesday_GAP_003,False,Pure benign baseline training (Level 3 Purity),Strict Level 3 Benign Purity (Zero attack contamination in Train)
710,20170704_1735,Tuesday,BENIGN,0,train,autoencoder,Tuesday_GAP_003,False,Pure benign baseline training (Level 3 Purity),Strict Level 3 Benign Purity (Zero attack contamination in Train)
711,20170704_1736,Tuesday,BENIGN,0,train,autoencoder,Tuesday_GAP_003,False,Pure benign baseline training (Level 3 Purity),Strict Level 3 Benign Purity (Zero attack contamination in Train)
712,20170704_1737,Tuesday,BENIGN,0,train,autoencoder,Tuesday_GAP_003,False,Pure benign baseline training (Level 3 Purity),Strict Level 3 Benign Purity (Zero attack contamination in Train)
713,20170704_1738,Tuesday,BENIGN,0,train,autoencoder,Tuesday_GAP_003,False,Pure benign baseline training (Level 3 Purity),Strict Level 3 Benign Purity (Zero attack contamination in Train)
714,20170704_1739,Tuesday,BENIGN,0,train,autoencoder,Tuesday_GAP_003,False,Pure benign baseline training (Level 3 Purity),Strict Level 3 Benign Purity (Zero attack contamination in Train)
715,20170704_1740,Tuesday,BENIGN,0,train,autoencoder,Tuesday_GAP_003,False,Pure benign baseline training (Level 3 Purity),Strict Level 3 Benign Purity (Zero attack contamination in Train)
716,20170704_1741,Tuesday,BENIGN,0,train,autoencoder,Tuesday_GAP_003,False,Pure benign baseline training (Level 3 Purity),Strict Level 3 Benign Purity (Zero attack contamination in Train)
717,20170704_1742,Tuesday,BENIGN,0,train,autoencoder,Tuesday_GAP_003,False,Pure benign baseline training (Level 3 Purity),Strict Level 3 Benign Purity (Zero attack contamination in Train)
718,20170704_1743,Tuesday,BENIGN,0,train,autoencoder,Tuesday_GAP_003,False,Pure benign baseline training (Level 3 Purity),Strict Level 3 Benign Purity (Zero attack contamination in Train)
719,20170704_1744,Tuesday,BENIGN,0,train,autoencoder,Tuesday_GAP_003,False,Pure benign baseline training (Level 3 Purity),Strict Level 3 Benign Purity (Zero attack contamination in Train)
720,20170704_1745,Tuesday,BENIGN,0,train,autoencoder,Tuesday_GAP_003,False,Pure benign baseline training (Level 3 Purity),Strict Level 3 Benign Purity (Zero attack contamination in Train)
721,20170704_1746,Tuesday,BENIGN,0,train,autoencoder,Tuesday_GAP_003,False,Pure benign baseline training (Level 3 Purity),Strict Level 3 Benign Purity (Zero attack contamination in Train)
722,20170704_1747,Tuesday,BENIGN,0,train,autoencoder,Tuesday_GAP_003,False,Pure benign baseline training (Level 3 Purity),Strict Level 3 Benign Purity (Zero attack contamination in Train)
723,20170704_1748,Tuesday,BENIGN,0,train,autoencoder,Tuesday_GAP_003,False,Pure benign baseline training (Level 3 Purity),Strict Level 3 Benign Purity (Zero attack contamination in Train)
724,20170704_1749,Tuesday,BENIGN,0,train,autoencoder,Tuesday_GAP_003,False,Pure benign baseline training (Level 3 Purity),Strict Level 3 Benign Purity (Zero attack contamination in Train)
725,20170704_1750,Tuesday,BENIGN,0,train,autoencoder,Tuesday_GAP_003,False,Pure benign baseline training (Level 3 Purity),Strict Level 3 Benign Purity (Zero attack contamination in Train)
726,20170704_1751,Tuesday,BENIGN,0,train,autoencoder,Tuesday_GAP_003,False,Pure benign baseline training (Level 3 Purity),Strict Level 3 Benign Purity (Zero attack contamination in Train)
727,20170704_1752,Tuesday,BENIGN,0,train,autoencoder,Tuesday_GAP_003,False,Pure benign baseline training (Level 3 Purity),Strict Level 3 Benign Purity (Zero attack contamination in Train)
728,20170704_1753,Tuesday,BENIGN,0,train,autoencoder,Tuesday_GAP_003,False,Pure benign baseline training (Level 3 Purity),Strict Level 3 Benign Purity (Zero attack contamination in Train)
729,20170704_1754,Tuesday,BENIGN,0,train,autoencoder,Tuesday_GAP_003,False,Pure benign baseline training (Level 3 Purity),Strict Level 3 Benign Purity (Zero attack contamination in Train)
730,20170704_1755,Tuesday,BENIGN,0,train,autoencoder,Tuesday_GAP_003,False,Pure benign baseline training (Level 3 Purity),Strict Level 3 Benign Purity (Zero attack contamination in Train)
731,20170704_1756,Tuesday,BENIGN,0,train,autoencoder,Tuesday_GAP_003,False,Pure benign baseline training (Level 3 Purity),Strict Level 3 Benign Purity (Zero attack contamination in Train)
732,20170704_1757,Tuesday,BENIGN,0,train,autoencoder,Tuesday_GAP_003,False,Pure benign baseline training (Level 3 Purity),Strict Level 3 Benign Purity (Zero attack contamination in Train)
733,20170704_1758,Tuesday,BENIGN,0,train,autoencoder,Tuesday_GAP_003,False,Pure benign baseline training (Level 3 Purity),Strict Level 3 Benign Purity (Zero attack contamination in Train)
734,20170704_1759,Tuesday,BENIGN,0,train,autoencoder,Tuesday_GAP_003,False,Pure benign baseline training (Level 3 Purity),Strict Level 3 Benign Purity (Zero attack contamination in Train)
735,20170704_1800,Tuesday,BENIGN,0,train,autoencoder,Tuesday_GAP_003,False,Pure benign baseline training (Level 3 Purity),Strict Level 3 Benign Purity (Zero attack contamination in Train)
736,20170704_1801,Tuesday,BENIGN,0,validation,autoencoder,Tuesday_GAP_003,False,Unseen benign evaluation partition (validation),Strict Level 3 Benign Purity (Zero attack contamination in Train)
737,20170704_1802,Tuesday,BENIGN,0,validation,autoencoder,Tuesday_GAP_003,False,Unseen benign evaluation partition (validation),Strict Level 3 Benign Purity (Zero attack contamination in Train)
738,20170704_1803,Tuesday,BENIGN,0,validation,autoencoder,Tuesday_GAP_003,False,Unseen benign evaluation partition (validation),Strict Level 3 Benign Purity (Zero attack contamination in Train)
739,20170704_1804,Tuesday,BENIGN,0,validation,autoencoder,Tuesday_GAP_003,False,Unseen benign evaluation partition (validation),Strict Level 3 Benign Purity (Zero attack contamination in Train)
740,20170704_1805,Tuesday,BENIGN,0,validation,autoencoder,Tuesday_GAP_003,False,Unseen benign evaluation partition (validation),Strict Level 3 Benign Purity (Zero attack contamination in Train)
741,20170704_1806,Tuesday,BENIGN,0,validation,autoencoder,Tuesday_GAP_003,False,Unseen benign evaluation partition (validation),Strict Level 3 Benign Purity (Zero attack contamination in Train)
742,20170704_1807,Tuesday,BENIGN,0,validation,autoencoder,Tuesday_GAP_003,False,Unseen benign evaluation partition (validation),Strict Level 3 Benign Purity (Zero attack contamination in Train)
743,20170704_1808,Tuesday,BENIGN,0,validation,autoencoder,Tuesday_GAP_003,False,Unseen benign evaluation partition (validation),Strict Level 3 Benign Purity (Zero attack contamination in Train)
744,20170704_1809,Tuesday,BENIGN,0,validation,autoencoder,Tuesday_GAP_003,False,Unseen benign evaluation partition (validation),Strict Level 3 Benign Purity (Zero attack contamination in Train)
745,20170704_1810,Tuesday,BENIGN,0,validation,autoencoder,Tuesday_GAP_003,False,Unseen benign evaluation partition (validation),Strict Level 3 Benign Purity (Zero attack contamination in Train)
746,20170704_1811,Tuesday,BENIGN,0,validation,autoencoder,Tuesday_GAP_003,False,Unseen benign evaluation partition (validation),Strict Level 3 Benign Purity (Zero attack contamination in Train)
747,20170704_1812,Tuesday,BENIGN,0,validation,autoencoder,Tuesday_GAP_003,False,Unseen benign evaluation partition (validation),Strict Level 3 Benign Purity (Zero attack contamination in Train)
748,20170704_1813,Tuesday,BENIGN,0,validation,autoencoder,Tuesday_GAP_003,False,Unseen benign evaluation partition (validation),Strict Level 3 Benign Purity (Zero attack contamination in Train)
749,20170704_1814,Tuesday,BENIGN,0,validation,autoencoder,Tuesday_GAP_003,False,Unseen benign evaluation partition (validation),Strict Level 3 Benign Purity (Zero attack contamination in Train)
750,20170704_1815,Tuesday,BENIGN,0,validation,autoencoder,Tuesday_GAP_003,False,Unseen benign evaluation partition (validation),Strict Level 3 Benign Purity (Zero attack contamination in Train)
751,20170704_1816,Tuesday,BENIGN,0,validation,autoencoder,Tuesday_GAP_003,False,Unseen benign evaluation partition (validation),Strict Level 3 Benign Purity (Zero attack contamination in Train)
752,20170704_1817,Tuesday,BENIGN,0,validation,autoencoder,Tuesday_GAP_003,False,Unseen benign evaluation partition (validation),Strict Level 3 Benign Purity (Zero attack contamination in Train)
753,20170704_1818,Tuesday,BENIGN,0,validation,autoencoder,Tuesday_GAP_003,False,Unseen benign evaluation partition (validation),Strict Level 3 Benign Purity (Zero attack contamination in Train)
754,20170704_1819,Tuesday,BENIGN,0,validation,autoencoder,Tuesday_GAP_003,False,Unseen benign evaluation partition (validation),Strict Level 3 Benign Purity (Zero attack contamination in Train)
755,20170704_1820,Tuesday,BENIGN,0,validation,autoencoder,Tuesday_GAP_003,False,Unseen benign evaluation partition (validation),Strict Level 3 Benign Purity (Zero attack contamination in Train)
756,20170704_1821,Tuesday,BENIGN,0,validation,autoencoder,Tuesday_GAP_003,False,Unseen benign evaluation partition (validation),Strict Level 3 Benign Purity (Zero attack contamination in Train)
757,20170704_1822,Tuesday,BENIGN,0,validation,autoencoder,Tuesday_GAP_003,False,Unseen benign evaluation partition (validation),Strict Level 3 Benign Purity (Zero attack contamination in Train)
758,20170704_1823,Tuesday,BENIGN,0,validation,autoencoder,Tuesday_GAP_003,False,Unseen benign evaluation partition (validation),Strict Level 3 Benign Purity (Zero attack contamination in Train)
759,20170704_1824,Tuesday,BENIGN,0,validation,autoencoder,Tuesday_GAP_003,False,Unseen benign evaluation partition (validation),Strict Level 3 Benign Purity (Zero attack contamination in Train)
760,20170704_1825,Tuesday,BENIGN,0,validation,autoencoder,Tuesday_GAP_003,False,Unseen benign evaluation partition (validation),Strict Level 3 Benign Purity (Zero attack contamination in Train)
761,20170704_1826,Tuesday,BENIGN,0,validation,autoencoder,Tuesday_GAP_003,False,Unseen benign evaluation partition (validation),Strict Level 3 Benign Purity (Zero attack contamination in Train)
762,20170704_1827,Tuesday,BENIGN,0,validation,autoencoder,Tuesday_GAP_003,False,Unseen benign evaluation partition (validation),Strict Level 3 Benign Purity (Zero attack contamination in Train)
763,20170704_1828,Tuesday,BENIGN,0,validation,autoencoder,Tuesday_GAP_003,False,Unseen benign evaluation partition (validation),Strict Level 3 Benign Purity (Zero attack contamination in Train)
764,20170704_1829,Tuesday,BENIGN,0,validation,autoencoder,Tuesday_GAP_003,False,Unseen benign evaluation partition (validation),Strict Level 3 Benign Purity (Zero attack contamination in Train)
765,20170704_1830,Tuesday,BENIGN,0,validation,autoencoder,Tuesday_GAP_003,False,Unseen benign evaluation partition (validation),Strict Level 3 Benign Purity (Zero attack contamination in Train)
766,20170704_1831,Tuesday,BENIGN,0,validation,autoencoder,Tuesday_GAP_003,False,Unseen benign evaluation partition (validation),Strict Level 3 Benign Purity (Zero attack contamination in Train)
767,20170704_1832,Tuesday,BENIGN,0,validation,autoencoder,Tuesday_GAP_003,False,Unseen benign evaluation partition (validation),Strict Level 3 Benign Purity (Zero attack contamination in Train)
768,20170704_1833,Tuesday,BENIGN,0,validation,autoencoder,Tuesday_GAP_003,False,Unseen benign evaluation partition (validation),Strict Level 3 Benign Purity (Zero attack contamination in Train)
769,20170704_1834,Tuesday,BENIGN,0,validation,autoencoder,Tuesday_GAP_003,False,Unseen benign evaluation partition (validation),Strict Level 3 Benign Purity (Zero attack contamination in Train)
770,20170704_1835,Tuesday,BENIGN,0,test,autoencoder,Tuesday_GAP_003,False,Unseen benign evaluation partition (test),Strict Level 3 Benign Purity (Zero attack contamination in Train)
771,20170704_1836,Tuesday,BENIGN,0,test,autoencoder,Tuesday_GAP_003,False,Unseen benign evaluation partition (test),Strict Level 3 Benign Purity (Zero attack contamination in Train)
772,20170704_1837,Tuesday,BENIGN,0,test,autoencoder,Tuesday_GAP_003,False,Unseen benign evaluation partition (test),Strict Level 3 Benign Purity (Zero attack contamination in Train)
773,20170704_1838,Tuesday,BENIGN,0,test,autoencoder,Tuesday_GAP_003,False,Unseen benign evaluation partition (test),Strict Level 3 Benign Purity (Zero attack contamination in Train)
774,20170704_1839,Tuesday,BENIGN,0,test,autoencoder,Tuesday_GAP_003,False,Unseen benign evaluation partition (test),Strict Level 3 Benign Purity (Zero attack contamination in Train)
775,20170704_1840,Tuesday,BENIGN,0,test,autoencoder,Tuesday_GAP_003,False,Unseen benign evaluation partition (test),Strict Level 3 Benign Purity (Zero attack contamination in Train)
776,20170704_1841,Tuesday,BENIGN,0,test,autoencoder,Tuesday_GAP_003,False,Unseen benign evaluation partition (test),Strict Level 3 Benign Purity (Zero attack contamination in Train)
777,20170704_1842,Tuesday,BENIGN,0,test,autoencoder,Tuesday_GAP_003,False,Unseen benign evaluation partition (test),Strict Level 3 Benign Purity (Zero attack contamination in Train)
778,20170704_1843,Tuesday,BENIGN,0,test,autoencoder,Tuesday_GAP_003,False,Unseen benign evaluation partition (test),Strict Level 3 Benign Purity (Zero attack contamination in Train)
779,20170704_1844,Tuesday,BENIGN,0,test,autoencoder,Tuesday_GAP_003,False,Unseen benign evaluation partition (test),Strict Level 3 Benign Purity (Zero attack contamination in Train)
780,20170704_1845,Tuesday,BENIGN,0,test,autoencoder,Tuesday_GAP_003,False,Unseen benign evaluation partition (test),Strict Level 3 Benign Purity (Zero attack contamination in Train)
781,20170704_1846,Tuesday,BENIGN,0,test,autoencoder,Tuesday_GAP_003,False,Unseen benign evaluation partition (test),Strict Level 3 Benign Purity (Zero attack contamination in Train)
782,20170704_1847,Tuesday,BENIGN,0,test,autoencoder,Tuesday_GAP_003,False,Unseen benign evaluation partition (test),Strict Level 3 Benign Purity (Zero attack contamination in Train)
783,20170704_1848,Tuesday,BENIGN,0,test,autoencoder,Tuesday_GAP_003,False,Unseen benign evaluation partition (test),Strict Level 3 Benign Purity (Zero attack contamination in Train)
784,20170704_1849,Tuesday,BENIGN,0,test,autoencoder,Tuesday_GAP_003,False,Unseen benign evaluation partition (test),Strict Level 3 Benign Purity (Zero attack contamination in Train)
785,20170704_1850,Tuesday,BENIGN,0,test,autoencoder,Tuesday_GAP_003,False,Unseen benign evaluation partition (test),Strict Level 3 Benign Purity (Zero attack contamination in Train)
786,20170704_1851,Tuesday,BENIGN,0,test,autoencoder,Tuesday_GAP_003,False,Unseen benign evaluation partition (test),Strict Level 3 Benign Purity (Zero attack contamination in Train)
787,20170704_1852,Tuesday,BENIGN,0,test,autoencoder,Tuesday_GAP_003,False,Unseen benign evaluation partition (test),Strict Level 3 Benign Purity (Zero attack contamination in Train)
788,20170704_1853,Tuesday,BENIGN,0,test,autoencoder,Tuesday_GAP_003,False,Unseen benign evaluation partition (test),Strict Level 3 Benign Purity (Zero attack contamination in Train)
789,20170704_1854,Tuesday,BENIGN,0,test,autoencoder,Tuesday_GAP_003,False,Unseen benign evaluation partition (test),Strict Level 3 Benign Purity (Zero attack contamination in Train)
790,20170704_1855,Tuesday,BENIGN,0,test,autoencoder,Tuesday_GAP_003,False,Unseen benign evaluation partition (test),Strict Level 3 Benign Purity (Zero attack contamination in Train)
791,20170704_1856,Tuesday,BENIGN,0,test,autoencoder,Tuesday_GAP_003,False,Unseen benign evaluation partition (test),Strict Level 3 Benign Purity (Zero attack contamination in Train)
792,20170704_1857,Tuesday,BENIGN,0,test,autoencoder,Tuesday_GAP_003,False,Unseen benign evaluation partition (test),Strict Level 3 Benign Purity (Zero attack contamination in Train)
793,20170704_1858,Tuesday,BENIGN,0,test,autoencoder,Tuesday_GAP_003,False,Unseen benign evaluation partition (test),Strict Level 3 Benign Purity (Zero attack contamination in Train)
794,20170704_1859,Tuesday,BENIGN,0,test,autoencoder,Tuesday_GAP_003,False,Unseen benign evaluation partition (test),Strict Level 3 Benign Purity (Zero attack contamination in Train)
795,20170704_1900,Tuesday,BENIGN,0,test,autoencoder,Tuesday_GAP_003,False,Unseen benign evaluation partition (test),Strict Level 3 Benign Purity (Zero attack contamination in Train)
796,20170704_1901,Tuesday,BENIGN,0,test,autoencoder,Tuesday_GAP_003,False,Unseen benign evaluation partition (test),Strict Level 3 Benign Purity (Zero attack contamination in Train)
797,20170704_1902,Tuesday,BENIGN,0,test,autoencoder,Tuesday_GAP_003,False,Unseen benign evaluation partition (test),Strict Level 3 Benign Purity (Zero attack contamination in Train)
798,20170704_1903,Tuesday,BENIGN,0,test,autoencoder,Tuesday_GAP_003,False,Unseen benign evaluation partition (test),Strict Level 3 Benign Purity (Zero attack contamination in Train)
799,20170704_1904,Tuesday,BENIGN,0,test,autoencoder,Tuesday_GAP_003,False,Unseen benign evaluation partition (test),Strict Level 3 Benign Purity (Zero attack contamination in Train)
800,20170704_1905,Tuesday,BENIGN,0,test,autoencoder,Tuesday_GAP_003,False,Unseen benign evaluation partition (test),Strict Level 3 Benign Purity (Zero attack contamination in Train)
801,20170704_1906,Tuesday,BENIGN,0,test,autoencoder,Tuesday_GAP_003,False,Unseen benign evaluation partition (test),Strict Level 3 Benign Purity (Zero attack contamination in Train)
802,20170704_1907,Tuesday,BENIGN,0,test,autoencoder,Tuesday_GAP_003,False,Unseen benign evaluation partition (test),Strict Level 3 Benign Purity (Zero attack contamination in Train)
803,20170704_1908,Tuesday,BENIGN,0,test,autoencoder,Tuesday_GAP_003,False,Unseen benign evaluation partition (test),Strict Level 3 Benign Purity (Zero attack contamination in Train)
804,20170704_1909,Tuesday,Brute Force,1,validation,autoencoder,Tuesday_SEG_003,False,Anomaly evaluation partition (validation) for threshold calibration,Strict Level 3 Benign Purity (Zero attack contamination in Train)
805,20170704_1910,Tuesday,Brute Force,1,validation,autoencoder,Tuesday_SEG_003,False,Anomaly evaluation partition (validation) for threshold calibration,Strict Level 3 Benign Purity (Zero attack contamination in Train)
806,20170704_1911,Tuesday,Brute Force,1,validation,autoencoder,Tuesday_SEG_003,False,Anomaly evaluation partition (validation) for threshold calibration,Strict Level 3 Benign Purity (Zero attack contamination in Train)
807,20170704_1912,Tuesday,Brute Force,1,validation,autoencoder,Tuesday_SEG_003,False,Anomaly evaluation partition (validation) for threshold calibration,Strict Level 3 Benign Purity (Zero attack contamination in Train)
808,20170704_1913,Tuesday,Brute Force,1,validation,autoencoder,Tuesday_SEG_003,False,Anomaly evaluation partition (validation) for threshold calibration,Strict Level 3 Benign Purity (Zero attack contamination in Train)
809,20170704_1914,Tuesday,Brute Force,1,validation,autoencoder,Tuesday_SEG_003,False,Anomaly evaluation partition (validation) for threshold calibration,Strict Level 3 Benign Purity (Zero attack contamination in Train)
810,20170704_1915,Tuesday,Brute Force,1,validation,autoencoder,Tuesday_SEG_003,False,Anomaly evaluation partition (validation) for threshold calibration,Strict Level 3 Benign Purity (Zero attack contamination in Train)
811,20170704_1916,Tuesday,Brute Force,1,validation,autoencoder,Tuesday_SEG_003,False,Anomaly evaluation partition (validation) for threshold calibration,Strict Level 3 Benign Purity (Zero attack contamination in Train)
812,20170704_1917,Tuesday,Brute Force,1,validation,autoencoder,Tuesday_SEG_003,False,Anomaly evaluation partition (validation) for threshold calibration,Strict Level 3 Benign Purity (Zero attack contamination in Train)
813,20170704_1918,Tuesday,Brute Force,1,validation,autoencoder,Tuesday_SEG_003,False,Anomaly evaluation partition (validation) for threshold calibration,Strict Level 3 Benign Purity (Zero attack contamination in Train)
814,20170704_1919,Tuesday,Brute Force,1,validation,autoencoder,Tuesday_SEG_003,False,Anomaly evaluation partition (validation) for threshold calibration,Strict Level 3 Benign Purity (Zero attack contamination in Train)
815,20170704_1920,Tuesday,Brute Force,1,validation,autoencoder,Tuesday_SEG_003,False,Anomaly evaluation partition (validation) for threshold calibration,Strict Level 3 Benign Purity (Zero attack contamination in Train)
816,20170704_1921,Tuesday,Brute Force,1,validation,autoencoder,Tuesday_SEG_003,False,Anomaly evaluation partition (validation) for threshold calibration,Strict Level 3 Benign Purity (Zero attack contamination in Train)
817,20170704_1922,Tuesday,Brute Force,1,validation,autoencoder,Tuesday_SEG_003,False,Anomaly evaluation partition (validation) for threshold calibration,Strict Level 3 Benign Purity (Zero attack contamination in Train)
818,20170704_1923,Tuesday,Brute Force,1,validation,autoencoder,Tuesday_SEG_003,False,Anomaly evaluation partition (validation) for threshold calibration,Strict Level 3 Benign Purity (Zero attack contamination in Train)
819,20170704_1924,Tuesday,Brute Force,1,validation,autoencoder,Tuesday_SEG_003,False,Anomaly evaluation partition (validation) for threshold calibration,Strict Level 3 Benign Purity (Zero attack contamination in Train)
820,20170704_1925,Tuesday,Brute Force,1,validation,autoencoder,Tuesday_SEG_003,False,Anomaly evaluation partition (validation) for threshold calibration,Strict Level 3 Benign Purity (Zero attack contamination in Train)
821,20170704_1926,Tuesday,Brute Force,1,validation,autoencoder,Tuesday_SEG_003,False,Anomaly evaluation partition (validation) for threshold calibration,Strict Level 3 Benign Purity (Zero attack contamination in Train)
822,20170704_1927,Tuesday,Brute Force,1,validation,autoencoder,Tuesday_SEG_003,False,Anomaly evaluation partition (validation) for threshold calibration,Strict Level 3 Benign Purity (Zero attack contamination in Train)
823,20170704_1928,Tuesday,Brute Force,1,validation,autoencoder,Tuesday_SEG_003,False,Anomaly evaluation partition (validation) for threshold calibration,Strict Level 3 Benign Purity (Zero attack contamination in Train)
824,20170704_1929,Tuesday,Brute Force,1,validation,autoencoder,Tuesday_SEG_003,False,Anomaly evaluation partition (validation) for threshold calibration,Strict Level 3 Benign Purity (Zero attack contamination in Train)
825,20170704_1930,Tuesday,Brute Force,1,validation,autoencoder,Tuesday_SEG_003,False,Anomaly evaluation partition (validation) for threshold calibration,Strict Level 3 Benign Purity (Zero attack contamination in Train)
826,20170704_1931,Tuesday,Brute Force,1,validation,autoencoder,Tuesday_SEG_003,False,Anomaly evaluation partition (validation) for threshold calibration,Strict Level 3 Benign Purity (Zero attack contamination in Train)
827,20170704_1932,Tuesday,Brute Force,1,validation,autoencoder,Tuesday_SEG_003,False,Anomaly evaluation partition (validation) for threshold calibration,Strict Level 3 Benign Purity (Zero attack contamination in Train)
828,20170704_1933,Tuesday,Brute Force,1,validation,autoencoder,Tuesday_SEG_003,False,Anomaly evaluation partition (validation) for threshold calibration,Strict Level 3 Benign Purity (Zero attack contamination in Train)
829,20170704_1934,Tuesday,Brute Force,1,validation,autoencoder,Tuesday_SEG_003,False,Anomaly evaluation partition (validation) for threshold calibration,Strict Level 3 Benign Purity (Zero attack contamination in Train)
830,20170704_1935,Tuesday,Brute Force,1,validation,autoencoder,Tuesday_SEG_003,False,Anomaly evaluation partition (validation) for threshold calibration,Strict Level 3 Benign Purity (Zero attack contamination in Train)
831,20170704_1936,Tuesday,Brute Force,1,validation,autoencoder,Tuesday_SEG_003,False,Anomaly evaluation partition (validation) for threshold calibration,Strict Level 3 Benign Purity (Zero attack contamination in Train)
832,20170704_1937,Tuesday,Brute Force,1,validation,autoencoder,Tuesday_SEG_003,False,Anomaly evaluation partition (validation) for threshold calibration,Strict Level 3 Benign Purity (Zero attack contamination in Train)
833,20170704_1938,Tuesday,Brute Force,1,validation,autoencoder,Tuesday_SEG_003,False,Anomaly evaluation partition (validation) for threshold calibration,Strict Level 3 Benign Purity (Zero attack contamination in Train)
834,20170704_1939,Tuesday,Brute Force,1,validation,autoencoder,Tuesday_SEG_003,False,Anomaly evaluation partition (validation) for threshold calibration,Strict Level 3 Benign Purity (Zero attack contamination in Train)
835,20170704_1940,Tuesday,Brute Force,1,validation,autoencoder,Tuesday_SEG_003,False,Anomaly evaluation partition (validation) for threshold calibration,Strict Level 3 Benign Purity (Zero attack contamination in Train)
836,20170704_1941,Tuesday,Brute Force,1,validation,autoencoder,Tuesday_SEG_003,False,Anomaly evaluation partition (validation) for threshold calibration,Strict Level 3 Benign Purity (Zero attack contamination in Train)
837,20170704_1942,Tuesday,Brute Force,1,validation,autoencoder,Tuesday_SEG_003,False,Anomaly evaluation partition (validation) for threshold calibration,Strict Level 3 Benign Purity (Zero attack contamination in Train)
838,20170704_1943,Tuesday,Brute Force,1,validation,autoencoder,Tuesday_SEG_003,False,Anomaly evaluation partition (validation) for threshold calibration,Strict Level 3 Benign Purity (Zero attack contamination in Train)
839,20170704_1944,Tuesday,Brute Force,1,validation,autoencoder,Tuesday_SEG_003,False,Anomaly evaluation partition (validation) for threshold calibration,Strict Level 3 Benign Purity (Zero attack contamination in Train)
840,20170704_1945,Tuesday,Brute Force,1,validation,autoencoder,Tuesday_SEG_003,False,Anomaly evaluation partition (validation) for threshold calibration,Strict Level 3 Benign Purity (Zero attack contamination in Train)
841,20170704_1946,Tuesday,Brute Force,1,validation,autoencoder,Tuesday_SEG_003,False,Anomaly evaluation partition (validation) for threshold calibration,Strict Level 3 Benign Purity (Zero attack contamination in Train)
842,20170704_1947,Tuesday,Brute Force,1,validation,autoencoder,Tuesday_SEG_003,False,Anomaly evaluation partition (validation) for threshold calibration,Strict Level 3 Benign Purity (Zero attack contamination in Train)
843,20170704_1948,Tuesday,Brute Force,1,validation,autoencoder,Tuesday_SEG_003,False,Anomaly evaluation partition (validation) for threshold calibration,Strict Level 3 Benign Purity (Zero attack contamination in Train)
844,20170704_1949,Tuesday,Brute Force,1,validation,autoencoder,Tuesday_SEG_003,False,Anomaly evaluation partition (validation) for threshold calibration,Strict Level 3 Benign Purity (Zero attack contamination in Train)
845,20170704_1950,Tuesday,Brute Force,1,validation,autoencoder,Tuesday_SEG_003,False,Anomaly evaluation partition (validation) for threshold calibration,Strict Level 3 Benign Purity (Zero attack contamination in Train)
846,20170704_1951,Tuesday,Brute Force,1,validation,autoencoder,Tuesday_SEG_003,False,Anomaly evaluation partition (validation) for threshold calibration,Strict Level 3 Benign Purity (Zero attack contamination in Train)
847,20170704_1952,Tuesday,Brute Force,1,validation,autoencoder,Tuesday_SEG_003,False,Anomaly evaluation partition (validation) for threshold calibration,Strict Level 3 Benign Purity (Zero attack contamination in Train)
848,20170704_1953,Tuesday,Brute Force,1,validation,autoencoder,Tuesday_SEG_003,False,Anomaly evaluation partition (validation) for threshold calibration,Strict Level 3 Benign Purity (Zero attack contamination in Train)
849,20170704_1954,Tuesday,Brute Force,1,validation,autoencoder,Tuesday_SEG_003,False,Anomaly evaluation partition (validation) for threshold calibration,Strict Level 3 Benign Purity (Zero attack contamination in Train)
850,20170704_1955,Tuesday,Brute Force,1,validation,autoencoder,Tuesday_SEG_003,False,Anomaly evaluation partition (validation) for threshold calibration,Strict Level 3 Benign Purity (Zero attack contamination in Train)
851,20170704_1956,Tuesday,Brute Force,1,validation,autoencoder,Tuesday_SEG_003,False,Anomaly evaluation partition (validation) for threshold calibration,Strict Level 3 Benign Purity (Zero attack contamination in Train)
852,20170704_1957,Tuesday,Brute Force,1,validation,autoencoder,Tuesday_SEG_003,False,Anomaly evaluation partition (validation) for threshold calibration,Strict Level 3 Benign Purity (Zero attack contamination in Train)
853,20170704_1958,Tuesday,Brute Force,1,validation,autoencoder,Tuesday_SEG_003,False,Anomaly evaluation partition (validation) for threshold calibration,Strict Level 3 Benign Purity (Zero attack contamination in Train)
854,20170704_1959,Tuesday,Brute Force,1,validation,autoencoder,Tuesday_SEG_003,False,Anomaly evaluation partition (validation) for threshold calibration,Strict Level 3 Benign Purity (Zero attack contamination in Train)
855,20170704_2000,Tuesday,Brute Force,1,validation,autoencoder,Tuesday_SEG_003,False,Anomaly evaluation partition (validation) for threshold calibration,Strict Level 3 Benign Purity (Zero attack contamination in Train)
856,20170704_2001,Tuesday,Brute Force,1,validation,autoencoder,Tuesday_SEG_003,False,Anomaly evaluation partition (validation) for threshold calibration,Strict Level 3 Benign Purity (Zero attack contamination in Train)
857,20170704_2002,Tuesday,Brute Force,1,validation,autoencoder,Tuesday_SEG_003,False,Anomaly evaluation partition (validation) for threshold calibration,Strict Level 3 Benign Purity (Zero attack contamination in Train)
858,20170704_2003,Tuesday,Brute Force,1,validation,autoencoder,Tuesday_SEG_003,False,Anomaly evaluation partition (validation) for threshold calibration,Strict Level 3 Benign Purity (Zero attack contamination in Train)
859,20170704_2004,Tuesday,Brute Force,1,validation,autoencoder,Tuesday_SEG_003,False,Anomaly evaluation partition (validation) for threshold calibration,Strict Level 3 Benign Purity (Zero attack contamination in Train)
860,20170704_2005,Tuesday,Brute Force,1,validation,autoencoder,Tuesday_SEG_003,False,Anomaly evaluation partition (validation) for threshold calibration,Strict Level 3 Benign Purity (Zero attack contamination in Train)
861,20170704_2006,Tuesday,Brute Force,1,validation,autoencoder,Tuesday_SEG_003,False,Anomaly evaluation partition (validation) for threshold calibration,Strict Level 3 Benign Purity (Zero attack contamination in Train)
862,20170704_2007,Tuesday,Brute Force,1,validation,autoencoder,Tuesday_SEG_003,False,Anomaly evaluation partition (validation) for threshold calibration,Strict Level 3 Benign Purity (Zero attack contamination in Train)
863,20170704_2008,Tuesday,Brute Force,1,validation,autoencoder,Tuesday_SEG_003,False,Anomaly evaluation partition (validation) for threshold calibration,Strict Level 3 Benign Purity (Zero attack contamination in Train)
864,20170704_2009,Tuesday,Brute Force,1,validation,autoencoder,Tuesday_SEG_003,False,Anomaly evaluation partition (validation) for threshold calibration,Strict Level 3 Benign Purity (Zero attack contamination in Train)
865,20170704_2010,Tuesday,Brute Force,1,validation,autoencoder,Tuesday_SEG_003,False,Anomaly evaluation partition (validation) for threshold calibration,Strict Level 3 Benign Purity (Zero attack contamination in Train)
866,20170704_2011,Tuesday,Brute Force,1,validation,autoencoder,Tuesday_SEG_003,False,Anomaly evaluation partition (validation) for threshold calibration,Strict Level 3 Benign Purity (Zero attack contamination in Train)
867,20170704_2012,Tuesday,BENIGN,0,train,autoencoder,Tuesday_GAP_004,False,Pure benign baseline training (Level 3 Purity),Strict Level 3 Benign Purity (Zero attack contamination in Train)
868,20170704_2013,Tuesday,BENIGN,0,train,autoencoder,Tuesday_GAP_004,False,Pure benign baseline training (Level 3 Purity),Strict Level 3 Benign Purity (Zero attack contamination in Train)
869,20170704_2014,Tuesday,BENIGN,0,train,autoencoder,Tuesday_GAP_004,False,Pure benign baseline training (Level 3 Purity),Strict Level 3 Benign Purity (Zero attack contamination in Train)
870,20170704_2015,Tuesday,BENIGN,0,train,autoencoder,Tuesday_GAP_004,False,Pure benign baseline training (Level 3 Purity),Strict Level 3 Benign Purity (Zero attack contamination in Train)
871,20170704_2016,Tuesday,BENIGN,0,train,autoencoder,Tuesday_GAP_004,False,Pure benign baseline training (Level 3 Purity),Strict Level 3 Benign Purity (Zero attack contamination in Train)
872,20170704_2017,Tuesday,BENIGN,0,train,autoencoder,Tuesday_GAP_004,False,Pure benign baseline training (Level 3 Purity),Strict Level 3 Benign Purity (Zero attack contamination in Train)
873,20170704_2018,Tuesday,BENIGN,0,train,autoencoder,Tuesday_GAP_004,False,Pure benign baseline training (Level 3 Purity),Strict Level 3 Benign Purity (Zero attack contamination in Train)
874,20170704_2019,Tuesday,BENIGN,0,train,autoencoder,Tuesday_GAP_004,False,Pure benign baseline training (Level 3 Purity),Strict Level 3 Benign Purity (Zero attack contamination in Train)
875,20170704_2020,Tuesday,BENIGN,0,train,autoencoder,Tuesday_GAP_004,False,Pure benign baseline training (Level 3 Purity),Strict Level 3 Benign Purity (Zero attack contamination in Train)
876,20170704_2021,Tuesday,BENIGN,0,train,autoencoder,Tuesday_GAP_004,False,Pure benign baseline training (Level 3 Purity),Strict Level 3 Benign Purity (Zero attack contamination in Train)
877,20170704_2022,Tuesday,BENIGN,0,train,autoencoder,Tuesday_GAP_004,False,Pure benign baseline training (Level 3 Purity),Strict Level 3 Benign Purity (Zero attack contamination in Train)
878,20170704_2023,Tuesday,BENIGN,0,train,autoencoder,Tuesday_GAP_004,False,Pure benign baseline training (Level 3 Purity),Strict Level 3 Benign Purity (Zero attack contamination in Train)
879,20170704_2024,Tuesday,BENIGN,0,train,autoencoder,Tuesday_GAP_004,False,Pure benign baseline training (Level 3 Purity),Strict Level 3 Benign Purity (Zero attack contamination in Train)
880,20170704_2025,Tuesday,BENIGN,0,train,autoencoder,Tuesday_GAP_004,False,Pure benign baseline training (Level 3 Purity),Strict Level 3 Benign Purity (Zero attack contamination in Train)
881,20170704_2026,Tuesday,BENIGN,0,train,autoencoder,Tuesday_GAP_004,False,Pure benign baseline training (Level 3 Purity),Strict Level 3 Benign Purity (Zero attack contamination in Train)
882,20170704_2027,Tuesday,BENIGN,0,train,autoencoder,Tuesday_GAP_004,False,Pure benign baseline training (Level 3 Purity),Strict Level 3 Benign Purity (Zero attack contamination in Train)
883,20170704_2028,Tuesday,BENIGN,0,train,autoencoder,Tuesday_GAP_004,False,Pure benign baseline training (Level 3 Purity),Strict Level 3 Benign Purity (Zero attack contamination in Train)
884,20170704_2029,Tuesday,BENIGN,0,train,autoencoder,Tuesday_GAP_004,False,Pure benign baseline training (Level 3 Purity),Strict Level 3 Benign Purity (Zero attack contamination in Train)
885,20170704_2030,Tuesday,BENIGN,0,train,autoencoder,Tuesday_GAP_004,False,Pure benign baseline training (Level 3 Purity),Strict Level 3 Benign Purity (Zero attack contamination in Train)
886,20170704_2031,Tuesday,BENIGN,0,train,autoencoder,Tuesday_GAP_004,False,Pure benign baseline training (Level 3 Purity),Strict Level 3 Benign Purity (Zero attack contamination in Train)
887,20170704_2032,Tuesday,BENIGN,0,train,autoencoder,Tuesday_GAP_004,False,Pure benign baseline training (Level 3 Purity),Strict Level 3 Benign Purity (Zero attack contamination in Train)
888,20170704_2033,Tuesday,BENIGN,0,train,autoencoder,Tuesday_GAP_004,False,Pure benign baseline training (Level 3 Purity),Strict Level 3 Benign Purity (Zero attack contamination in Train)
889,20170704_2034,Tuesday,BENIGN,0,train,autoencoder,Tuesday_GAP_004,False,Pure benign baseline training (Level 3 Purity),Strict Level 3 Benign Purity (Zero attack contamination in Train)
890,20170704_2035,Tuesday,BENIGN,0,train,autoencoder,Tuesday_GAP_004,False,Pure benign baseline training (Level 3 Purity),Strict Level 3 Benign Purity (Zero attack contamination in Train)
891,20170704_2036,Tuesday,BENIGN,0,train,autoencoder,Tuesday_GAP_004,False,Pure benign baseline training (Level 3 Purity),Strict Level 3 Benign Purity (Zero attack contamination in Train)
892,20170704_2037,Tuesday,BENIGN,0,train,autoencoder,Tuesday_GAP_004,False,Pure benign baseline training (Level 3 Purity),Strict Level 3 Benign Purity (Zero attack contamination in Train)
893,20170704_2038,Tuesday,BENIGN,0,train,autoencoder,Tuesday_GAP_004,False,Pure benign baseline training (Level 3 Purity),Strict Level 3 Benign Purity (Zero attack contamination in Train)
894,20170704_2039,Tuesday,BENIGN,0,train,autoencoder,Tuesday_GAP_004,False,Pure benign baseline training (Level 3 Purity),Strict Level 3 Benign Purity (Zero attack contamination in Train)
895,20170704_2040,Tuesday,BENIGN,0,train,autoencoder,Tuesday_GAP_004,False,Pure benign baseline training (Level 3 Purity),Strict Level 3 Benign Purity (Zero attack contamination in Train)
896,20170704_2041,Tuesday,BENIGN,0,train,autoencoder,Tuesday_GAP_004,False,Pure benign baseline training (Level 3 Purity),Strict Level 3 Benign Purity (Zero attack contamination in Train)
897,20170704_2042,Tuesday,BENIGN,0,train,autoencoder,Tuesday_GAP_004,False,Pure benign baseline training (Level 3 Purity),Strict Level 3 Benign Purity (Zero attack contamination in Train)
898,20170704_2043,Tuesday,BENIGN,0,train,autoencoder,Tuesday_GAP_004,False,Pure benign baseline training (Level 3 Purity),Strict Level 3 Benign Purity (Zero attack contamination in Train)
899,20170704_2044,Tuesday,BENIGN,0,train,autoencoder,Tuesday_GAP_004,False,Pure benign baseline training (Level 3 Purity),Strict Level 3 Benign Purity (Zero attack contamination in Train)
900,20170704_2045,Tuesday,BENIGN,0,train,autoencoder,Tuesday_GAP_004,False,Pure benign baseline training (Level 3 Purity),Strict Level 3 Benign Purity (Zero attack contamination in Train)
901,20170704_2046,Tuesday,BENIGN,0,train,autoencoder,Tuesday_GAP_004,False,Pure benign baseline training (Level 3 Purity),Strict Level 3 Benign Purity (Zero attack contamination in Train)
902,20170704_2047,Tuesday,BENIGN,0,train,autoencoder,Tuesday_GAP_004,False,Pure benign baseline training (Level 3 Purity),Strict Level 3 Benign Purity (Zero attack contamination in Train)
903,20170704_2048,Tuesday,BENIGN,0,validation,autoencoder,Tuesday_GAP_004,False,Unseen benign evaluation partition (validation),Strict Level 3 Benign Purity (Zero attack contamination in Train)
904,20170704_2049,Tuesday,BENIGN,0,validation,autoencoder,Tuesday_GAP_004,False,Unseen benign evaluation partition (validation),Strict Level 3 Benign Purity (Zero attack contamination in Train)
905,20170704_2050,Tuesday,BENIGN,0,validation,autoencoder,Tuesday_GAP_004,False,Unseen benign evaluation partition (validation),Strict Level 3 Benign Purity (Zero attack contamination in Train)
906,20170704_2051,Tuesday,BENIGN,0,validation,autoencoder,Tuesday_GAP_004,False,Unseen benign evaluation partition (validation),Strict Level 3 Benign Purity (Zero attack contamination in Train)
907,20170704_2052,Tuesday,BENIGN,0,validation,autoencoder,Tuesday_GAP_004,False,Unseen benign evaluation partition (validation),Strict Level 3 Benign Purity (Zero attack contamination in Train)
908,20170704_2053,Tuesday,BENIGN,0,validation,autoencoder,Tuesday_GAP_004,False,Unseen benign evaluation partition (validation),Strict Level 3 Benign Purity (Zero attack contamination in Train)
909,20170704_2054,Tuesday,BENIGN,0,validation,autoencoder,Tuesday_GAP_004,False,Unseen benign evaluation partition (validation),Strict Level 3 Benign Purity (Zero attack contamination in Train)
910,20170704_2055,Tuesday,BENIGN,0,validation,autoencoder,Tuesday_GAP_004,False,Unseen benign evaluation partition (validation),Strict Level 3 Benign Purity (Zero attack contamination in Train)
911,20170704_2056,Tuesday,BENIGN,0,test,autoencoder,Tuesday_GAP_004,False,Unseen benign evaluation partition (test),Strict Level 3 Benign Purity (Zero attack contamination in Train)
912,20170704_2057,Tuesday,BENIGN,0,test,autoencoder,Tuesday_GAP_004,False,Unseen benign evaluation partition (test),Strict Level 3 Benign Purity (Zero attack contamination in Train)
913,20170704_2058,Tuesday,BENIGN,0,test,autoencoder,Tuesday_GAP_004,False,Unseen benign evaluation partition (test),Strict Level 3 Benign Purity (Zero attack contamination in Train)
914,20170704_2059,Tuesday,BENIGN,0,test,autoencoder,Tuesday_GAP_004,False,Unseen benign evaluation partition (test),Strict Level 3 Benign Purity (Zero attack contamination in Train)
915,20170704_2100,Tuesday,BENIGN,0,test,autoencoder,Tuesday_GAP_004,False,Unseen benign evaluation partition (test),Strict Level 3 Benign Purity (Zero attack contamination in Train)
916,20170704_2101,Tuesday,BENIGN,0,test,autoencoder,Tuesday_GAP_004,False,Unseen benign evaluation partition (test),Strict Level 3 Benign Purity (Zero attack contamination in Train)
917,20170704_2102,Tuesday,BENIGN,0,test,autoencoder,Tuesday_GAP_004,False,Unseen benign evaluation partition (test),Strict Level 3 Benign Purity (Zero attack contamination in Train)
918,20170704_2103,Tuesday,BENIGN,0,test,autoencoder,Tuesday_GAP_004,False,Unseen benign evaluation partition (test),Strict Level 3 Benign Purity (Zero attack contamination in Train)
919,20170704_2104,Tuesday,Brute Force,1,test,autoencoder,Tuesday_SEG_004,False,Anomaly evaluation partition (test) for threshold calibration,Strict Level 3 Benign Purity (Zero attack contamination in Train)
920,20170704_2105,Tuesday,BENIGN,0,train,autoencoder,Tuesday_GAP_005,False,Pure benign baseline training (Level 3 Purity),Strict Level 3 Benign Purity (Zero attack contamination in Train)
921,20170704_2106,Tuesday,BENIGN,0,train,autoencoder,Tuesday_GAP_005,False,Pure benign baseline training (Level 3 Purity),Strict Level 3 Benign Purity (Zero attack contamination in Train)
922,20170704_2107,Tuesday,BENIGN,0,train,autoencoder,Tuesday_GAP_005,False,Pure benign baseline training (Level 3 Purity),Strict Level 3 Benign Purity (Zero attack contamination in Train)
923,20170704_2108,Tuesday,BENIGN,0,train,autoencoder,Tuesday_GAP_005,False,Pure benign baseline training (Level 3 Purity),Strict Level 3 Benign Purity (Zero attack contamination in Train)
924,20170704_2109,Tuesday,BENIGN,0,train,autoencoder,Tuesday_GAP_005,False,Pure benign baseline training (Level 3 Purity),Strict Level 3 Benign Purity (Zero attack contamination in Train)
925,20170704_2110,Tuesday,BENIGN,0,train,autoencoder,Tuesday_GAP_005,False,Pure benign baseline training (Level 3 Purity),Strict Level 3 Benign Purity (Zero attack contamination in Train)
926,20170704_2111,Tuesday,BENIGN,0,train,autoencoder,Tuesday_GAP_005,False,Pure benign baseline training (Level 3 Purity),Strict Level 3 Benign Purity (Zero attack contamination in Train)
927,20170704_2112,Tuesday,BENIGN,0,train,autoencoder,Tuesday_GAP_005,False,Pure benign baseline training (Level 3 Purity),Strict Level 3 Benign Purity (Zero attack contamination in Train)
928,20170704_2113,Tuesday,BENIGN,0,train,autoencoder,Tuesday_GAP_005,False,Pure benign baseline training (Level 3 Purity),Strict Level 3 Benign Purity (Zero attack contamination in Train)
929,20170704_2114,Tuesday,BENIGN,0,train,autoencoder,Tuesday_GAP_005,False,Pure benign baseline training (Level 3 Purity),Strict Level 3 Benign Purity (Zero attack contamination in Train)
930,20170704_2115,Tuesday,BENIGN,0,train,autoencoder,Tuesday_GAP_005,False,Pure benign baseline training (Level 3 Purity),Strict Level 3 Benign Purity (Zero attack contamination in Train)
931,20170704_2116,Tuesday,BENIGN,0,train,autoencoder,Tuesday_GAP_005,False,Pure benign baseline training (Level 3 Purity),Strict Level 3 Benign Purity (Zero attack contamination in Train)
932,20170704_2117,Tuesday,BENIGN,0,train,autoencoder,Tuesday_GAP_005,False,Pure benign baseline training (Level 3 Purity),Strict Level 3 Benign Purity (Zero attack contamination in Train)
933,20170704_2118,Tuesday,BENIGN,0,train,autoencoder,Tuesday_GAP_005,False,Pure benign baseline training (Level 3 Purity),Strict Level 3 Benign Purity (Zero attack contamination in Train)
934,20170704_2119,Tuesday,BENIGN,0,train,autoencoder,Tuesday_GAP_005,False,Pure benign baseline training (Level 3 Purity),Strict Level 3 Benign Purity (Zero attack contamination in Train)
935,20170704_2120,Tuesday,BENIGN,0,train,autoencoder,Tuesday_GAP_005,False,Pure benign baseline training (Level 3 Purity),Strict Level 3 Benign Purity (Zero attack contamination in Train)
936,20170704_2121,Tuesday,BENIGN,0,train,autoencoder,Tuesday_GAP_005,False,Pure benign baseline training (Level 3 Purity),Strict Level 3 Benign Purity (Zero attack contamination in Train)
937,20170704_2122,Tuesday,BENIGN,0,train,autoencoder,Tuesday_GAP_005,False,Pure benign baseline training (Level 3 Purity),Strict Level 3 Benign Purity (Zero attack contamination in Train)
938,20170704_2123,Tuesday,BENIGN,0,train,autoencoder,Tuesday_GAP_005,False,Pure benign baseline training (Level 3 Purity),Strict Level 3 Benign Purity (Zero attack contamination in Train)
939,20170704_2124,Tuesday,BENIGN,0,train,autoencoder,Tuesday_GAP_005,False,Pure benign baseline training (Level 3 Purity),Strict Level 3 Benign Purity (Zero attack contamination in Train)
940,20170704_2125,Tuesday,BENIGN,0,train,autoencoder,Tuesday_GAP_005,False,Pure benign baseline training (Level 3 Purity),Strict Level 3 Benign Purity (Zero attack contamination in Train)
941,20170704_2126,Tuesday,BENIGN,0,train,autoencoder,Tuesday_GAP_005,False,Pure benign baseline training (Level 3 Purity),Strict Level 3 Benign Purity (Zero attack contamination in Train)
942,20170704_2127,Tuesday,BENIGN,0,train,autoencoder,Tuesday_GAP_005,False,Pure benign baseline training (Level 3 Purity),Strict Level 3 Benign Purity (Zero attack contamination in Train)
943,20170704_2128,Tuesday,BENIGN,0,train,autoencoder,Tuesday_GAP_005,False,Pure benign baseline training (Level 3 Purity),Strict Level 3 Benign Purity (Zero attack contamination in Train)
944,20170704_2129,Tuesday,BENIGN,0,train,autoencoder,Tuesday_GAP_005,False,Pure benign baseline training (Level 3 Purity),Strict Level 3 Benign Purity (Zero attack contamination in Train)
945,20170704_2130,Tuesday,BENIGN,0,train,autoencoder,Tuesday_GAP_005,False,Pure benign baseline training (Level 3 Purity),Strict Level 3 Benign Purity (Zero attack contamination in Train)
946,20170704_2131,Tuesday,BENIGN,0,train,autoencoder,Tuesday_GAP_005,False,Pure benign baseline training (Level 3 Purity),Strict Level 3 Benign Purity (Zero attack contamination in Train)
947,20170704_2132,Tuesday,BENIGN,0,train,autoencoder,Tuesday_GAP_005,False,Pure benign baseline training (Level 3 Purity),Strict Level 3 Benign Purity (Zero attack contamination in Train)
948,20170704_2133,Tuesday,BENIGN,0,train,autoencoder,Tuesday_GAP_005,False,Pure benign baseline training (Level 3 Purity),Strict Level 3 Benign Purity (Zero attack contamination in Train)
949,20170704_2134,Tuesday,BENIGN,0,train,autoencoder,Tuesday_GAP_005,False,Pure benign baseline training (Level 3 Purity),Strict Level 3 Benign Purity (Zero attack contamination in Train)
950,20170704_2135,Tuesday,BENIGN,0,train,autoencoder,Tuesday_GAP_005,False,Pure benign baseline training (Level 3 Purity),Strict Level 3 Benign Purity (Zero attack contamination in Train)
951,20170704_2136,Tuesday,BENIGN,0,train,autoencoder,Tuesday_GAP_005,False,Pure benign baseline training (Level 3 Purity),Strict Level 3 Benign Purity (Zero attack contamination in Train)
952,20170704_2137,Tuesday,BENIGN,0,train,autoencoder,Tuesday_GAP_005,False,Pure benign baseline training (Level 3 Purity),Strict Level 3 Benign Purity (Zero attack contamination in Train)
953,20170704_2138,Tuesday,BENIGN,0,train,autoencoder,Tuesday_GAP_005,False,Pure benign baseline training (Level 3 Purity),Strict Level 3 Benign Purity (Zero attack contamination in Train)
954,20170704_2139,Tuesday,BENIGN,0,train,autoencoder,Tuesday_GAP_005,False,Pure benign baseline training (Level 3 Purity),Strict Level 3 Benign Purity (Zero attack contamination in Train)
955,20170704_2140,Tuesday,BENIGN,0,train,autoencoder,Tuesday_GAP_005,False,Pure benign baseline training (Level 3 Purity),Strict Level 3 Benign Purity (Zero attack contamination in Train)
956,20170704_2141,Tuesday,BENIGN,0,train,autoencoder,Tuesday_GAP_005,False,Pure benign baseline training (Level 3 Purity),Strict Level 3 Benign Purity (Zero attack contamination in Train)
957,20170704_2142,Tuesday,BENIGN,0,train,autoencoder,Tuesday_GAP_005,False,Pure benign baseline training (Level 3 Purity),Strict Level 3 Benign Purity (Zero attack contamination in Train)
958,20170704_2143,Tuesday,BENIGN,0,train,autoencoder,Tuesday_GAP_005,False,Pure benign baseline training (Level 3 Purity),Strict Level 3 Benign Purity (Zero attack contamination in Train)
959,20170704_2144,Tuesday,BENIGN,0,validation,autoencoder,Tuesday_GAP_005,False,Unseen benign evaluation partition (validation),Strict Level 3 Benign Purity (Zero attack contamination in Train)
960,20170704_2145,Tuesday,BENIGN,0,validation,autoencoder,Tuesday_GAP_005,False,Unseen benign evaluation partition (validation),Strict Level 3 Benign Purity (Zero attack contamination in Train)
961,20170704_2146,Tuesday,BENIGN,0,validation,autoencoder,Tuesday_GAP_005,False,Unseen benign evaluation partition (validation),Strict Level 3 Benign Purity (Zero attack contamination in Train)
962,20170704_2147,Tuesday,BENIGN,0,validation,autoencoder,Tuesday_GAP_005,False,Unseen benign evaluation partition (validation),Strict Level 3 Benign Purity (Zero attack contamination in Train)
963,20170704_2148,Tuesday,BENIGN,0,validation,autoencoder,Tuesday_GAP_005,False,Unseen benign evaluation partition (validation),Strict Level 3 Benign Purity (Zero attack contamination in Train)
964,20170704_2149,Tuesday,BENIGN,0,validation,autoencoder,Tuesday_GAP_005,False,Unseen benign evaluation partition (validation),Strict Level 3 Benign Purity (Zero attack contamination in Train)
965,20170704_2150,Tuesday,BENIGN,0,validation,autoencoder,Tuesday_GAP_005,False,Unseen benign evaluation partition (validation),Strict Level 3 Benign Purity (Zero attack contamination in Train)
966,20170704_2151,Tuesday,BENIGN,0,validation,autoencoder,Tuesday_GAP_005,False,Unseen benign evaluation partition (validation),Strict Level 3 Benign Purity (Zero attack contamination in Train)
967,20170704_2152,Tuesday,BENIGN,0,test,autoencoder,Tuesday_GAP_005,False,Unseen benign evaluation partition (test),Strict Level 3 Benign Purity (Zero attack contamination in Train)
968,20170704_2153,Tuesday,BENIGN,0,test,autoencoder,Tuesday_GAP_005,False,Unseen benign evaluation partition (test),Strict Level 3 Benign Purity (Zero attack contamination in Train)
969,20170704_2154,Tuesday,BENIGN,0,test,autoencoder,Tuesday_GAP_005,False,Unseen benign evaluation partition (test),Strict Level 3 Benign Purity (Zero attack contamination in Train)
970,20170704_2155,Tuesday,BENIGN,0,test,autoencoder,Tuesday_GAP_005,False,Unseen benign evaluation partition (test),Strict Level 3 Benign Purity (Zero attack contamination in Train)
971,20170704_2156,Tuesday,BENIGN,0,test,autoencoder,Tuesday_GAP_005,False,Unseen benign evaluation partition (test),Strict Level 3 Benign Purity (Zero attack contamination in Train)
972,20170704_2157,Tuesday,BENIGN,0,test,autoencoder,Tuesday_GAP_005,False,Unseen benign evaluation partition (test),Strict Level 3 Benign Purity (Zero attack contamination in Train)
973,20170704_2158,Tuesday,BENIGN,0,test,autoencoder,Tuesday_GAP_005,False,Unseen benign evaluation partition (test),Strict Level 3 Benign Purity (Zero attack contamination in Train)
974,20170704_2159,Tuesday,BENIGN,0,test,autoencoder,Tuesday_GAP_005,False,Unseen benign evaluation partition (test),Strict Level 3 Benign Purity (Zero attack contamination in Train)
975,20170704_2200,Tuesday,BENIGN,0,test,autoencoder,Tuesday_GAP_005,False,Unseen benign evaluation partition (test),Strict Level 3 Benign Purity (Zero attack contamination in Train)
976,20170705_1342,Wednesday,BENIGN,0,train,autoencoder,Wednesday_GAP_001,False,Pure benign baseline training (Level 3 Purity),Strict Level 3 Benign Purity (Zero attack contamination in Train)
977,20170705_1343,Wednesday,BENIGN,0,train,autoencoder,Wednesday_GAP_001,False,Pure benign baseline training (Level 3 Purity),Strict Level 3 Benign Purity (Zero attack contamination in Train)
978,20170705_1344,Wednesday,BENIGN,0,train,autoencoder,Wednesday_GAP_001,False,Pure benign baseline training (Level 3 Purity),Strict Level 3 Benign Purity (Zero attack contamination in Train)
979,20170705_1345,Wednesday,BENIGN,0,train,autoencoder,Wednesday_GAP_001,False,Pure benign baseline training (Level 3 Purity),Strict Level 3 Benign Purity (Zero attack contamination in Train)
980,20170705_1346,Wednesday,BENIGN,0,train,autoencoder,Wednesday_GAP_001,False,Pure benign baseline training (Level 3 Purity),Strict Level 3 Benign Purity (Zero attack contamination in Train)
981,20170705_1347,Wednesday,BENIGN,0,train,autoencoder,Wednesday_GAP_001,False,Pure benign baseline training (Level 3 Purity),Strict Level 3 Benign Purity (Zero attack contamination in Train)
982,20170705_1348,Wednesday,BENIGN,0,train,autoencoder,Wednesday_GAP_001,False,Pure benign baseline training (Level 3 Purity),Strict Level 3 Benign Purity (Zero attack contamination in Train)
983,20170705_1349,Wednesday,BENIGN,0,train,autoencoder,Wednesday_GAP_001,False,Pure benign baseline training (Level 3 Purity),Strict Level 3 Benign Purity (Zero attack contamination in Train)
984,20170705_1350,Wednesday,BENIGN,0,train,autoencoder,Wednesday_GAP_001,False,Pure benign baseline training (Level 3 Purity),Strict Level 3 Benign Purity (Zero attack contamination in Train)
985,20170705_1351,Wednesday,BENIGN,0,train,autoencoder,Wednesday_GAP_001,False,Pure benign baseline training (Level 3 Purity),Strict Level 3 Benign Purity (Zero attack contamination in Train)
986,20170705_1352,Wednesday,BENIGN,0,train,autoencoder,Wednesday_GAP_001,False,Pure benign baseline training (Level 3 Purity),Strict Level 3 Benign Purity (Zero attack contamination in Train)
987,20170705_1353,Wednesday,BENIGN,0,train,autoencoder,Wednesday_GAP_001,False,Pure benign baseline training (Level 3 Purity),Strict Level 3 Benign Purity (Zero attack contamination in Train)
988,20170705_1354,Wednesday,BENIGN,0,train,autoencoder,Wednesday_GAP_001,False,Pure benign baseline training (Level 3 Purity),Strict Level 3 Benign Purity (Zero attack contamination in Train)
989,20170705_1355,Wednesday,BENIGN,0,validation,autoencoder,Wednesday_GAP_001,False,Unseen benign evaluation partition (validation),Strict Level 3 Benign Purity (Zero attack contamination in Train)
990,20170705_1356,Wednesday,BENIGN,0,validation,autoencoder,Wednesday_GAP_001,False,Unseen benign evaluation partition (validation),Strict Level 3 Benign Purity (Zero attack contamination in Train)
991,20170705_1357,Wednesday,BENIGN,0,validation,autoencoder,Wednesday_GAP_001,False,Unseen benign evaluation partition (validation),Strict Level 3 Benign Purity (Zero attack contamination in Train)
992,20170705_1358,Wednesday,BENIGN,0,test,autoencoder,Wednesday_GAP_001,False,Unseen benign evaluation partition (test),Strict Level 3 Benign Purity (Zero attack contamination in Train)
993,20170705_1359,Wednesday,BENIGN,0,test,autoencoder,Wednesday_GAP_001,False,Unseen benign evaluation partition (test),Strict Level 3 Benign Purity (Zero attack contamination in Train)
994,20170705_1400,Wednesday,BENIGN,0,test,autoencoder,Wednesday_GAP_001,False,Unseen benign evaluation partition (test),Strict Level 3 Benign Purity (Zero attack contamination in Train)
995,20170705_1401,Wednesday,DoS,1,validation,autoencoder,Wednesday_SEG_001,False,Anomaly evaluation partition (validation) for threshold calibration,Strict Level 3 Benign Purity (Zero attack contamination in Train)
996,20170705_1402,Wednesday,BENIGN,0,train,autoencoder,Wednesday_GAP_002,False,Pure benign baseline training (Level 3 Purity),Strict Level 3 Benign Purity (Zero attack contamination in Train)
997,20170705_1403,Wednesday,BENIGN,0,train,autoencoder,Wednesday_GAP_002,False,Pure benign baseline training (Level 3 Purity),Strict Level 3 Benign Purity (Zero attack contamination in Train)
998,20170705_1404,Wednesday,BENIGN,0,train,autoencoder,Wednesday_GAP_002,False,Pure benign baseline training (Level 3 Purity),Strict Level 3 Benign Purity (Zero attack contamination in Train)
999,20170705_1405,Wednesday,BENIGN,0,train,autoencoder,Wednesday_GAP_002,False,Pure benign baseline training (Level 3 Purity),Strict Level 3 Benign Purity (Zero attack contamination in Train)
1000,20170705_1406,Wednesday,BENIGN,0,train,autoencoder,Wednesday_GAP_002,False,Pure benign baseline training (Level 3 Purity),Strict Level 3 Benign Purity (Zero attack contamination in Train)
1001,20170705_1407,Wednesday,BENIGN,0,train,autoencoder,Wednesday_GAP_002,False,Pure benign baseline training (Level 3 Purity),Strict Level 3 Benign Purity (Zero attack contamination in Train)
1002,20170705_1408,Wednesday,BENIGN,0,train,autoencoder,Wednesday_GAP_002,False,Pure benign baseline training (Level 3 Purity),Strict Level 3 Benign Purity (Zero attack contamination in Train)
1003,20170705_1409,Wednesday,BENIGN,0,train,autoencoder,Wednesday_GAP_002,False,Pure benign baseline training (Level 3 Purity),Strict Level 3 Benign Purity (Zero attack contamination in Train)
1004,20170705_1410,Wednesday,BENIGN,0,train,autoencoder,Wednesday_GAP_002,False,Pure benign baseline training (Level 3 Purity),Strict Level 3 Benign Purity (Zero attack contamination in Train)
1005,20170705_1411,Wednesday,BENIGN,0,train,autoencoder,Wednesday_GAP_002,False,Pure benign baseline training (Level 3 Purity),Strict Level 3 Benign Purity (Zero attack contamination in Train)
1006,20170705_1412,Wednesday,BENIGN,0,train,autoencoder,Wednesday_GAP_002,False,Pure benign baseline training (Level 3 Purity),Strict Level 3 Benign Purity (Zero attack contamination in Train)
1007,20170705_1413,Wednesday,BENIGN,0,train,autoencoder,Wednesday_GAP_002,False,Pure benign baseline training (Level 3 Purity),Strict Level 3 Benign Purity (Zero attack contamination in Train)
1008,20170705_1414,Wednesday,BENIGN,0,train,autoencoder,Wednesday_GAP_002,False,Pure benign baseline training (Level 3 Purity),Strict Level 3 Benign Purity (Zero attack contamination in Train)
1009,20170705_1415,Wednesday,BENIGN,0,train,autoencoder,Wednesday_GAP_002,False,Pure benign baseline training (Level 3 Purity),Strict Level 3 Benign Purity (Zero attack contamination in Train)
1010,20170705_1416,Wednesday,BENIGN,0,train,autoencoder,Wednesday_GAP_002,False,Pure benign baseline training (Level 3 Purity),Strict Level 3 Benign Purity (Zero attack contamination in Train)
1011,20170705_1417,Wednesday,BENIGN,0,train,autoencoder,Wednesday_GAP_002,False,Pure benign baseline training (Level 3 Purity),Strict Level 3 Benign Purity (Zero attack contamination in Train)
1012,20170705_1418,Wednesday,BENIGN,0,train,autoencoder,Wednesday_GAP_002,False,Pure benign baseline training (Level 3 Purity),Strict Level 3 Benign Purity (Zero attack contamination in Train)
1013,20170705_1419,Wednesday,BENIGN,0,train,autoencoder,Wednesday_GAP_002,False,Pure benign baseline training (Level 3 Purity),Strict Level 3 Benign Purity (Zero attack contamination in Train)
1014,20170705_1420,Wednesday,BENIGN,0,train,autoencoder,Wednesday_GAP_002,False,Pure benign baseline training (Level 3 Purity),Strict Level 3 Benign Purity (Zero attack contamination in Train)
1015,20170705_1421,Wednesday,BENIGN,0,train,autoencoder,Wednesday_GAP_002,False,Pure benign baseline training (Level 3 Purity),Strict Level 3 Benign Purity (Zero attack contamination in Train)
1016,20170705_1422,Wednesday,BENIGN,0,train,autoencoder,Wednesday_GAP_002,False,Pure benign baseline training (Level 3 Purity),Strict Level 3 Benign Purity (Zero attack contamination in Train)
1017,20170705_1423,Wednesday,BENIGN,0,train,autoencoder,Wednesday_GAP_002,False,Pure benign baseline training (Level 3 Purity),Strict Level 3 Benign Purity (Zero attack contamination in Train)
1018,20170705_1424,Wednesday,BENIGN,0,train,autoencoder,Wednesday_GAP_002,False,Pure benign baseline training (Level 3 Purity),Strict Level 3 Benign Purity (Zero attack contamination in Train)
1019,20170705_1425,Wednesday,BENIGN,0,train,autoencoder,Wednesday_GAP_002,False,Pure benign baseline training (Level 3 Purity),Strict Level 3 Benign Purity (Zero attack contamination in Train)
1020,20170705_1426,Wednesday,BENIGN,0,train,autoencoder,Wednesday_GAP_002,False,Pure benign baseline training (Level 3 Purity),Strict Level 3 Benign Purity (Zero attack contamination in Train)
1021,20170705_1427,Wednesday,BENIGN,0,train,autoencoder,Wednesday_GAP_002,False,Pure benign baseline training (Level 3 Purity),Strict Level 3 Benign Purity (Zero attack contamination in Train)
1022,20170705_1428,Wednesday,BENIGN,0,train,autoencoder,Wednesday_GAP_002,False,Pure benign baseline training (Level 3 Purity),Strict Level 3 Benign Purity (Zero attack contamination in Train)
1023,20170705_1429,Wednesday,BENIGN,0,train,autoencoder,Wednesday_GAP_002,False,Pure benign baseline training (Level 3 Purity),Strict Level 3 Benign Purity (Zero attack contamination in Train)
1024,20170705_1430,Wednesday,BENIGN,0,train,autoencoder,Wednesday_GAP_002,False,Pure benign baseline training (Level 3 Purity),Strict Level 3 Benign Purity (Zero attack contamination in Train)
1025,20170705_1431,Wednesday,BENIGN,0,train,autoencoder,Wednesday_GAP_002,False,Pure benign baseline training (Level 3 Purity),Strict Level 3 Benign Purity (Zero attack contamination in Train)
1026,20170705_1432,Wednesday,BENIGN,0,train,autoencoder,Wednesday_GAP_002,False,Pure benign baseline training (Level 3 Purity),Strict Level 3 Benign Purity (Zero attack contamination in Train)
1027,20170705_1433,Wednesday,BENIGN,0,train,autoencoder,Wednesday_GAP_002,False,Pure benign baseline training (Level 3 Purity),Strict Level 3 Benign Purity (Zero attack contamination in Train)
1028,20170705_1434,Wednesday,BENIGN,0,validation,autoencoder,Wednesday_GAP_002,False,Unseen benign evaluation partition (validation),Strict Level 3 Benign Purity (Zero attack contamination in Train)
1029,20170705_1435,Wednesday,BENIGN,0,validation,autoencoder,Wednesday_GAP_002,False,Unseen benign evaluation partition (validation),Strict Level 3 Benign Purity (Zero attack contamination in Train)
1030,20170705_1436,Wednesday,BENIGN,0,validation,autoencoder,Wednesday_GAP_002,False,Unseen benign evaluation partition (validation),Strict Level 3 Benign Purity (Zero attack contamination in Train)
1031,20170705_1437,Wednesday,BENIGN,0,validation,autoencoder,Wednesday_GAP_002,False,Unseen benign evaluation partition (validation),Strict Level 3 Benign Purity (Zero attack contamination in Train)
1032,20170705_1438,Wednesday,BENIGN,0,validation,autoencoder,Wednesday_GAP_002,False,Unseen benign evaluation partition (validation),Strict Level 3 Benign Purity (Zero attack contamination in Train)
1033,20170705_1439,Wednesday,BENIGN,0,validation,autoencoder,Wednesday_GAP_002,False,Unseen benign evaluation partition (validation),Strict Level 3 Benign Purity (Zero attack contamination in Train)
1034,20170705_1440,Wednesday,BENIGN,0,validation,autoencoder,Wednesday_GAP_002,False,Unseen benign evaluation partition (validation),Strict Level 3 Benign Purity (Zero attack contamination in Train)
1035,20170705_1441,Wednesday,BENIGN,0,test,autoencoder,Wednesday_GAP_002,False,Unseen benign evaluation partition (test),Strict Level 3 Benign Purity (Zero attack contamination in Train)
1036,20170705_1442,Wednesday,BENIGN,0,test,autoencoder,Wednesday_GAP_002,False,Unseen benign evaluation partition (test),Strict Level 3 Benign Purity (Zero attack contamination in Train)
1037,20170705_1443,Wednesday,BENIGN,0,test,autoencoder,Wednesday_GAP_002,False,Unseen benign evaluation partition (test),Strict Level 3 Benign Purity (Zero attack contamination in Train)
1038,20170705_1444,Wednesday,BENIGN,0,test,autoencoder,Wednesday_GAP_002,False,Unseen benign evaluation partition (test),Strict Level 3 Benign Purity (Zero attack contamination in Train)
1039,20170705_1445,Wednesday,BENIGN,0,test,autoencoder,Wednesday_GAP_002,False,Unseen benign evaluation partition (test),Strict Level 3 Benign Purity (Zero attack contamination in Train)
1040,20170705_1446,Wednesday,BENIGN,0,test,autoencoder,Wednesday_GAP_002,False,Unseen benign evaluation partition (test),Strict Level 3 Benign Purity (Zero attack contamination in Train)
1041,20170705_1447,Wednesday,BENIGN,0,test,autoencoder,Wednesday_GAP_002,False,Unseen benign evaluation partition (test),Strict Level 3 Benign Purity (Zero attack contamination in Train)
1042,20170705_1448,Wednesday,DoS,1,validation,autoencoder,Wednesday_SEG_002,False,Anomaly evaluation partition (validation) for threshold calibration,Strict Level 3 Benign Purity (Zero attack contamination in Train)
1043,20170705_1449,Wednesday,DoS,1,validation,autoencoder,Wednesday_SEG_002,False,Anomaly evaluation partition (validation) for threshold calibration,Strict Level 3 Benign Purity (Zero attack contamination in Train)
1044,20170705_1450,Wednesday,DoS,1,validation,autoencoder,Wednesday_SEG_002,False,Anomaly evaluation partition (validation) for threshold calibration,Strict Level 3 Benign Purity (Zero attack contamination in Train)
1045,20170705_1451,Wednesday,DoS,1,validation,autoencoder,Wednesday_SEG_002,False,Anomaly evaluation partition (validation) for threshold calibration,Strict Level 3 Benign Purity (Zero attack contamination in Train)
1046,20170705_1452,Wednesday,DoS,1,validation,autoencoder,Wednesday_SEG_002,False,Anomaly evaluation partition (validation) for threshold calibration,Strict Level 3 Benign Purity (Zero attack contamination in Train)
1047,20170705_1453,Wednesday,DoS,1,validation,autoencoder,Wednesday_SEG_002,False,Anomaly evaluation partition (validation) for threshold calibration,Strict Level 3 Benign Purity (Zero attack contamination in Train)
1048,20170705_1454,Wednesday,DoS,1,validation,autoencoder,Wednesday_SEG_002,False,Anomaly evaluation partition (validation) for threshold calibration,Strict Level 3 Benign Purity (Zero attack contamination in Train)
1049,20170705_1455,Wednesday,DoS,1,validation,autoencoder,Wednesday_SEG_002,False,Anomaly evaluation partition (validation) for threshold calibration,Strict Level 3 Benign Purity (Zero attack contamination in Train)
1050,20170705_1456,Wednesday,DoS,1,validation,autoencoder,Wednesday_SEG_002,False,Anomaly evaluation partition (validation) for threshold calibration,Strict Level 3 Benign Purity (Zero attack contamination in Train)
1051,20170705_1457,Wednesday,DoS,1,validation,autoencoder,Wednesday_SEG_002,False,Anomaly evaluation partition (validation) for threshold calibration,Strict Level 3 Benign Purity (Zero attack contamination in Train)
1052,20170705_1458,Wednesday,DoS,1,validation,autoencoder,Wednesday_SEG_002,False,Anomaly evaluation partition (validation) for threshold calibration,Strict Level 3 Benign Purity (Zero attack contamination in Train)
1053,20170705_1459,Wednesday,DoS,1,validation,autoencoder,Wednesday_SEG_002,False,Anomaly evaluation partition (validation) for threshold calibration,Strict Level 3 Benign Purity (Zero attack contamination in Train)
1054,20170705_1500,Wednesday,DoS,1,validation,autoencoder,Wednesday_SEG_002,False,Anomaly evaluation partition (validation) for threshold calibration,Strict Level 3 Benign Purity (Zero attack contamination in Train)
1055,20170705_1501,Wednesday,DoS,1,validation,autoencoder,Wednesday_SEG_002,False,Anomaly evaluation partition (validation) for threshold calibration,Strict Level 3 Benign Purity (Zero attack contamination in Train)
1056,20170705_1502,Wednesday,DoS,1,validation,autoencoder,Wednesday_SEG_002,False,Anomaly evaluation partition (validation) for threshold calibration,Strict Level 3 Benign Purity (Zero attack contamination in Train)
1057,20170705_1503,Wednesday,DoS,1,validation,autoencoder,Wednesday_SEG_002,False,Anomaly evaluation partition (validation) for threshold calibration,Strict Level 3 Benign Purity (Zero attack contamination in Train)
1058,20170705_1504,Wednesday,DoS,1,validation,autoencoder,Wednesday_SEG_002,False,Anomaly evaluation partition (validation) for threshold calibration,Strict Level 3 Benign Purity (Zero attack contamination in Train)
1059,20170705_1505,Wednesday,DoS,1,validation,autoencoder,Wednesday_SEG_002,False,Anomaly evaluation partition (validation) for threshold calibration,Strict Level 3 Benign Purity (Zero attack contamination in Train)
1060,20170705_1506,Wednesday,DoS,1,validation,autoencoder,Wednesday_SEG_002,False,Anomaly evaluation partition (validation) for threshold calibration,Strict Level 3 Benign Purity (Zero attack contamination in Train)
1061,20170705_1507,Wednesday,DoS,1,validation,autoencoder,Wednesday_SEG_002,False,Anomaly evaluation partition (validation) for threshold calibration,Strict Level 3 Benign Purity (Zero attack contamination in Train)
1062,20170705_1508,Wednesday,DoS,1,validation,autoencoder,Wednesday_SEG_002,False,Anomaly evaluation partition (validation) for threshold calibration,Strict Level 3 Benign Purity (Zero attack contamination in Train)
1063,20170705_1509,Wednesday,DoS,1,validation,autoencoder,Wednesday_SEG_002,False,Anomaly evaluation partition (validation) for threshold calibration,Strict Level 3 Benign Purity (Zero attack contamination in Train)
1064,20170705_1510,Wednesday,DoS,1,validation,autoencoder,Wednesday_SEG_002,False,Anomaly evaluation partition (validation) for threshold calibration,Strict Level 3 Benign Purity (Zero attack contamination in Train)
1065,20170705_1511,Wednesday,BENIGN,0,train,autoencoder,Wednesday_GAP_003,False,Pure benign baseline training (Level 3 Purity),Strict Level 3 Benign Purity (Zero attack contamination in Train)
1066,20170705_1512,Wednesday,BENIGN,0,train,autoencoder,Wednesday_GAP_003,False,Pure benign baseline training (Level 3 Purity),Strict Level 3 Benign Purity (Zero attack contamination in Train)
1067,20170705_1513,Wednesday,BENIGN,0,train,autoencoder,Wednesday_GAP_003,False,Pure benign baseline training (Level 3 Purity),Strict Level 3 Benign Purity (Zero attack contamination in Train)
1068,20170705_1514,Wednesday,BENIGN,0,validation,autoencoder,Wednesday_GAP_003,False,Unseen benign evaluation partition (validation),Strict Level 3 Benign Purity (Zero attack contamination in Train)
1069,20170705_1515,Wednesday,DoS,1,validation,autoencoder,Wednesday_SEG_003,False,Anomaly evaluation partition (validation) for threshold calibration,Strict Level 3 Benign Purity (Zero attack contamination in Train)
1070,20170705_1516,Wednesday,DoS,1,validation,autoencoder,Wednesday_SEG_003,False,Anomaly evaluation partition (validation) for threshold calibration,Strict Level 3 Benign Purity (Zero attack contamination in Train)
1071,20170705_1517,Wednesday,DoS,1,validation,autoencoder,Wednesday_SEG_003,False,Anomaly evaluation partition (validation) for threshold calibration,Strict Level 3 Benign Purity (Zero attack contamination in Train)
1072,20170705_1518,Wednesday,DoS,1,validation,autoencoder,Wednesday_SEG_003,False,Anomaly evaluation partition (validation) for threshold calibration,Strict Level 3 Benign Purity (Zero attack contamination in Train)
1073,20170705_1519,Wednesday,DoS,1,validation,autoencoder,Wednesday_SEG_003,False,Anomaly evaluation partition (validation) for threshold calibration,Strict Level 3 Benign Purity (Zero attack contamination in Train)
1074,20170705_1520,Wednesday,BENIGN,0,train,autoencoder,Wednesday_GAP_004,False,Pure benign baseline training (Level 3 Purity),Strict Level 3 Benign Purity (Zero attack contamination in Train)
1075,20170705_1521,Wednesday,BENIGN,0,test,autoencoder,Wednesday_GAP_004,False,Unseen benign evaluation partition (test),Strict Level 3 Benign Purity (Zero attack contamination in Train)
1076,20170705_1522,Wednesday,DoS,1,validation,autoencoder,Wednesday_SEG_004,False,Anomaly evaluation partition (validation) for threshold calibration,Strict Level 3 Benign Purity (Zero attack contamination in Train)
1077,20170705_1523,Wednesday,DoS,1,validation,autoencoder,Wednesday_SEG_004,False,Anomaly evaluation partition (validation) for threshold calibration,Strict Level 3 Benign Purity (Zero attack contamination in Train)
1078,20170705_1524,Wednesday,DoS,1,validation,autoencoder,Wednesday_SEG_004,False,Anomaly evaluation partition (validation) for threshold calibration,Strict Level 3 Benign Purity (Zero attack contamination in Train)
1079,20170705_1525,Wednesday,DoS,1,validation,autoencoder,Wednesday_SEG_004,False,Anomaly evaluation partition (validation) for threshold calibration,Strict Level 3 Benign Purity (Zero attack contamination in Train)
1080,20170705_1526,Wednesday,DoS,1,validation,autoencoder,Wednesday_SEG_004,False,Anomaly evaluation partition (validation) for threshold calibration,Strict Level 3 Benign Purity (Zero attack contamination in Train)
1081,20170705_1527,Wednesday,DoS,1,validation,autoencoder,Wednesday_SEG_004,False,Anomaly evaluation partition (validation) for threshold calibration,Strict Level 3 Benign Purity (Zero attack contamination in Train)
1082,20170705_1528,Wednesday,DoS,1,validation,autoencoder,Wednesday_SEG_004,False,Anomaly evaluation partition (validation) for threshold calibration,Strict Level 3 Benign Purity (Zero attack contamination in Train)
1083,20170705_1529,Wednesday,DoS,1,validation,autoencoder,Wednesday_SEG_004,False,Anomaly evaluation partition (validation) for threshold calibration,Strict Level 3 Benign Purity (Zero attack contamination in Train)
1084,20170705_1530,Wednesday,BENIGN,0,train,autoencoder,Wednesday_GAP_005,False,Pure benign baseline training (Level 3 Purity),Strict Level 3 Benign Purity (Zero attack contamination in Train)
1085,20170705_1531,Wednesday,BENIGN,0,test,autoencoder,Wednesday_GAP_005,False,Unseen benign evaluation partition (test),Strict Level 3 Benign Purity (Zero attack contamination in Train)
1086,20170705_1532,Wednesday,DoS,1,validation,autoencoder,Wednesday_SEG_005,False,Anomaly evaluation partition (validation) for threshold calibration,Strict Level 3 Benign Purity (Zero attack contamination in Train)
1087,20170705_1533,Wednesday,DoS,1,validation,autoencoder,Wednesday_SEG_005,False,Anomaly evaluation partition (validation) for threshold calibration,Strict Level 3 Benign Purity (Zero attack contamination in Train)
1088,20170705_1534,Wednesday,DoS,1,validation,autoencoder,Wednesday_SEG_005,False,Anomaly evaluation partition (validation) for threshold calibration,Strict Level 3 Benign Purity (Zero attack contamination in Train)
1089,20170705_1535,Wednesday,DoS,1,validation,autoencoder,Wednesday_SEG_005,False,Anomaly evaluation partition (validation) for threshold calibration,Strict Level 3 Benign Purity (Zero attack contamination in Train)
1090,20170705_1536,Wednesday,BENIGN,0,train,autoencoder,Wednesday_GAP_006,False,Pure benign baseline training (Level 3 Purity),Strict Level 3 Benign Purity (Zero attack contamination in Train)
1091,20170705_1537,Wednesday,DoS,1,test,autoencoder,Wednesday_SEG_006,False,Anomaly evaluation partition (test) for threshold calibration,Strict Level 3 Benign Purity (Zero attack contamination in Train)
1092,20170705_1538,Wednesday,BENIGN,0,train,autoencoder,Wednesday_GAP_007,False,Pure benign baseline training (Level 3 Purity),Strict Level 3 Benign Purity (Zero attack contamination in Train)
1093,20170705_1539,Wednesday,BENIGN,0,train,autoencoder,Wednesday_GAP_007,False,Pure benign baseline training (Level 3 Purity),Strict Level 3 Benign Purity (Zero attack contamination in Train)
1094,20170705_1540,Wednesday,BENIGN,0,train,autoencoder,Wednesday_GAP_007,False,Pure benign baseline training (Level 3 Purity),Strict Level 3 Benign Purity (Zero attack contamination in Train)
1095,20170705_1541,Wednesday,BENIGN,0,train,autoencoder,Wednesday_GAP_007,False,Pure benign baseline training (Level 3 Purity),Strict Level 3 Benign Purity (Zero attack contamination in Train)
1096,20170705_1542,Wednesday,BENIGN,0,validation,autoencoder,Wednesday_GAP_007,False,Unseen benign evaluation partition (validation),Strict Level 3 Benign Purity (Zero attack contamination in Train)
1097,20170705_1543,Wednesday,DoS,1,test,autoencoder,Wednesday_SEG_007,False,Anomaly evaluation partition (test) for threshold calibration,Strict Level 3 Benign Purity (Zero attack contamination in Train)
1098,20170705_1544,Wednesday,DoS,1,test,autoencoder,Wednesday_SEG_007,False,Anomaly evaluation partition (test) for threshold calibration,Strict Level 3 Benign Purity (Zero attack contamination in Train)
1099,20170705_1545,Wednesday,DoS,1,test,autoencoder,Wednesday_SEG_007,False,Anomaly evaluation partition (test) for threshold calibration,Strict Level 3 Benign Purity (Zero attack contamination in Train)
1100,20170705_1546,Wednesday,DoS,1,test,autoencoder,Wednesday_SEG_007,False,Anomaly evaluation partition (test) for threshold calibration,Strict Level 3 Benign Purity (Zero attack contamination in Train)
1101,20170705_1547,Wednesday,DoS,1,test,autoencoder,Wednesday_SEG_007,False,Anomaly evaluation partition (test) for threshold calibration,Strict Level 3 Benign Purity (Zero attack contamination in Train)
1102,20170705_1548,Wednesday,DoS,1,test,autoencoder,Wednesday_SEG_007,False,Anomaly evaluation partition (test) for threshold calibration,Strict Level 3 Benign Purity (Zero attack contamination in Train)
1103,20170705_1549,Wednesday,DoS,1,test,autoencoder,Wednesday_SEG_007,False,Anomaly evaluation partition (test) for threshold calibration,Strict Level 3 Benign Purity (Zero attack contamination in Train)
1104,20170705_1550,Wednesday,DoS,1,test,autoencoder,Wednesday_SEG_007,False,Anomaly evaluation partition (test) for threshold calibration,Strict Level 3 Benign Purity (Zero attack contamination in Train)
1105,20170705_1551,Wednesday,DoS,1,test,autoencoder,Wednesday_SEG_007,False,Anomaly evaluation partition (test) for threshold calibration,Strict Level 3 Benign Purity (Zero attack contamination in Train)
1106,20170705_1552,Wednesday,DoS,1,test,autoencoder,Wednesday_SEG_007,False,Anomaly evaluation partition (test) for threshold calibration,Strict Level 3 Benign Purity (Zero attack contamination in Train)
1107,20170705_1553,Wednesday,DoS,1,test,autoencoder,Wednesday_SEG_007,False,Anomaly evaluation partition (test) for threshold calibration,Strict Level 3 Benign Purity (Zero attack contamination in Train)
1108,20170705_1554,Wednesday,DoS,1,test,autoencoder,Wednesday_SEG_007,False,Anomaly evaluation partition (test) for threshold calibration,Strict Level 3 Benign Purity (Zero attack contamination in Train)
1109,20170705_1555,Wednesday,DoS,1,test,autoencoder,Wednesday_SEG_007,False,Anomaly evaluation partition (test) for threshold calibration,Strict Level 3 Benign Purity (Zero attack contamination in Train)
1110,20170705_1556,Wednesday,DoS,1,test,autoencoder,Wednesday_SEG_007,False,Anomaly evaluation partition (test) for threshold calibration,Strict Level 3 Benign Purity (Zero attack contamination in Train)
1111,20170705_1557,Wednesday,DoS,1,test,autoencoder,Wednesday_SEG_007,False,Anomaly evaluation partition (test) for threshold calibration,Strict Level 3 Benign Purity (Zero attack contamination in Train)
1112,20170705_1558,Wednesday,DoS,1,test,autoencoder,Wednesday_SEG_007,False,Anomaly evaluation partition (test) for threshold calibration,Strict Level 3 Benign Purity (Zero attack contamination in Train)
1113,20170705_1559,Wednesday,DoS,1,test,autoencoder,Wednesday_SEG_007,False,Anomaly evaluation partition (test) for threshold calibration,Strict Level 3 Benign Purity (Zero attack contamination in Train)
1114,20170705_1600,Wednesday,DoS,1,test,autoencoder,Wednesday_SEG_007,False,Anomaly evaluation partition (test) for threshold calibration,Strict Level 3 Benign Purity (Zero attack contamination in Train)
1115,20170705_1601,Wednesday,DoS,1,test,autoencoder,Wednesday_SEG_007,False,Anomaly evaluation partition (test) for threshold calibration,Strict Level 3 Benign Purity (Zero attack contamination in Train)
1116,20170705_1602,Wednesday,BENIGN,0,train,autoencoder,Wednesday_GAP_008,False,Pure benign baseline training (Level 3 Purity),Strict Level 3 Benign Purity (Zero attack contamination in Train)
1117,20170705_1603,Wednesday,BENIGN,0,train,autoencoder,Wednesday_GAP_008,False,Pure benign baseline training (Level 3 Purity),Strict Level 3 Benign Purity (Zero attack contamination in Train)
1118,20170705_1604,Wednesday,BENIGN,0,train,autoencoder,Wednesday_GAP_008,False,Pure benign baseline training (Level 3 Purity),Strict Level 3 Benign Purity (Zero attack contamination in Train)
1119,20170705_1605,Wednesday,BENIGN,0,validation,autoencoder,Wednesday_GAP_008,False,Unseen benign evaluation partition (validation),Strict Level 3 Benign Purity (Zero attack contamination in Train)
1120,20170705_1606,Wednesday,DoS,1,test,autoencoder,Wednesday_SEG_008,False,Anomaly evaluation partition (test) for threshold calibration,Strict Level 3 Benign Purity (Zero attack contamination in Train)
1121,20170705_1607,Wednesday,DoS,1,test,autoencoder,Wednesday_SEG_008,False,Anomaly evaluation partition (test) for threshold calibration,Strict Level 3 Benign Purity (Zero attack contamination in Train)
1122,20170705_1608,Wednesday,BENIGN,0,train,autoencoder,Wednesday_GAP_009,False,Pure benign baseline training (Level 3 Purity),Strict Level 3 Benign Purity (Zero attack contamination in Train)
1123,20170705_1609,Wednesday,BENIGN,0,test,autoencoder,Wednesday_GAP_009,False,Unseen benign evaluation partition (test),Strict Level 3 Benign Purity (Zero attack contamination in Train)
1124,20170705_1610,Wednesday,DoS,1,test,autoencoder,Wednesday_SEG_009,False,Anomaly evaluation partition (test) for threshold calibration,Strict Level 3 Benign Purity (Zero attack contamination in Train)
1125,20170705_1611,Wednesday,DoS,1,test,autoencoder,Wednesday_SEG_009,False,Anomaly evaluation partition (test) for threshold calibration,Strict Level 3 Benign Purity (Zero attack contamination in Train)
1126,20170705_1612,Wednesday,DoS,1,test,autoencoder,Wednesday_SEG_009,False,Anomaly evaluation partition (test) for threshold calibration,Strict Level 3 Benign Purity (Zero attack contamination in Train)
1127,20170705_1613,Wednesday,DoS,1,test,autoencoder,Wednesday_SEG_009,False,Anomaly evaluation partition (test) for threshold calibration,Strict Level 3 Benign Purity (Zero attack contamination in Train)
1128,20170705_1614,Wednesday,DoS,1,test,autoencoder,Wednesday_SEG_009,False,Anomaly evaluation partition (test) for threshold calibration,Strict Level 3 Benign Purity (Zero attack contamination in Train)
1129,20170705_1615,Wednesday,BENIGN,0,train,autoencoder,Wednesday_GAP_010,False,Pure benign baseline training (Level 3 Purity),Strict Level 3 Benign Purity (Zero attack contamination in Train)
1130,20170705_1616,Wednesday,BENIGN,0,test,autoencoder,Wednesday_GAP_010,False,Unseen benign evaluation partition (test),Strict Level 3 Benign Purity (Zero attack contamination in Train)
1131,20170705_1617,Wednesday,DoS,1,test,autoencoder,Wednesday_SEG_010,False,Anomaly evaluation partition (test) for threshold calibration,Strict Level 3 Benign Purity (Zero attack contamination in Train)
1132,20170705_1618,Wednesday,DoS,1,test,autoencoder,Wednesday_SEG_010,False,Anomaly evaluation partition (test) for threshold calibration,Strict Level 3 Benign Purity (Zero attack contamination in Train)
1133,20170705_1619,Wednesday,DoS,1,test,autoencoder,Wednesday_SEG_010,False,Anomaly evaluation partition (test) for threshold calibration,Strict Level 3 Benign Purity (Zero attack contamination in Train)
1134,20170705_1620,Wednesday,BENIGN,0,train,autoencoder,Wednesday_GAP_011,False,Pure benign baseline training (Level 3 Purity),Strict Level 3 Benign Purity (Zero attack contamination in Train)
1135,20170705_1621,Wednesday,BENIGN,0,train,autoencoder,Wednesday_GAP_011,False,Pure benign baseline training (Level 3 Purity),Strict Level 3 Benign Purity (Zero attack contamination in Train)
1136,20170705_1622,Wednesday,BENIGN,0,train,autoencoder,Wednesday_GAP_011,False,Pure benign baseline training (Level 3 Purity),Strict Level 3 Benign Purity (Zero attack contamination in Train)
1137,20170705_1623,Wednesday,BENIGN,0,train,autoencoder,Wednesday_GAP_011,False,Pure benign baseline training (Level 3 Purity),Strict Level 3 Benign Purity (Zero attack contamination in Train)
1138,20170705_1624,Wednesday,BENIGN,0,train,autoencoder,Wednesday_GAP_011,False,Pure benign baseline training (Level 3 Purity),Strict Level 3 Benign Purity (Zero attack contamination in Train)
1139,20170705_1625,Wednesday,BENIGN,0,train,autoencoder,Wednesday_GAP_011,False,Pure benign baseline training (Level 3 Purity),Strict Level 3 Benign Purity (Zero attack contamination in Train)
1140,20170705_1626,Wednesday,BENIGN,0,train,autoencoder,Wednesday_GAP_011,False,Pure benign baseline training (Level 3 Purity),Strict Level 3 Benign Purity (Zero attack contamination in Train)
1141,20170705_1627,Wednesday,BENIGN,0,train,autoencoder,Wednesday_GAP_011,False,Pure benign baseline training (Level 3 Purity),Strict Level 3 Benign Purity (Zero attack contamination in Train)
1142,20170705_1628,Wednesday,BENIGN,0,train,autoencoder,Wednesday_GAP_011,False,Pure benign baseline training (Level 3 Purity),Strict Level 3 Benign Purity (Zero attack contamination in Train)
1143,20170705_1629,Wednesday,BENIGN,0,train,autoencoder,Wednesday_GAP_011,False,Pure benign baseline training (Level 3 Purity),Strict Level 3 Benign Purity (Zero attack contamination in Train)
1144,20170705_1630,Wednesday,BENIGN,0,train,autoencoder,Wednesday_GAP_011,False,Pure benign baseline training (Level 3 Purity),Strict Level 3 Benign Purity (Zero attack contamination in Train)
1145,20170705_1631,Wednesday,BENIGN,0,train,autoencoder,Wednesday_GAP_011,False,Pure benign baseline training (Level 3 Purity),Strict Level 3 Benign Purity (Zero attack contamination in Train)
1146,20170705_1632,Wednesday,BENIGN,0,train,autoencoder,Wednesday_GAP_011,False,Pure benign baseline training (Level 3 Purity),Strict Level 3 Benign Purity (Zero attack contamination in Train)
1147,20170705_1633,Wednesday,BENIGN,0,train,autoencoder,Wednesday_GAP_011,False,Pure benign baseline training (Level 3 Purity),Strict Level 3 Benign Purity (Zero attack contamination in Train)
1148,20170705_1634,Wednesday,BENIGN,0,train,autoencoder,Wednesday_GAP_011,False,Pure benign baseline training (Level 3 Purity),Strict Level 3 Benign Purity (Zero attack contamination in Train)
1149,20170705_1635,Wednesday,BENIGN,0,train,autoencoder,Wednesday_GAP_011,False,Pure benign baseline training (Level 3 Purity),Strict Level 3 Benign Purity (Zero attack contamination in Train)
1150,20170705_1636,Wednesday,BENIGN,0,train,autoencoder,Wednesday_GAP_011,False,Pure benign baseline training (Level 3 Purity),Strict Level 3 Benign Purity (Zero attack contamination in Train)
1151,20170705_1637,Wednesday,BENIGN,0,train,autoencoder,Wednesday_GAP_011,False,Pure benign baseline training (Level 3 Purity),Strict Level 3 Benign Purity (Zero attack contamination in Train)
1152,20170705_1638,Wednesday,BENIGN,0,train,autoencoder,Wednesday_GAP_011,False,Pure benign baseline training (Level 3 Purity),Strict Level 3 Benign Purity (Zero attack contamination in Train)
1153,20170705_1639,Wednesday,BENIGN,0,train,autoencoder,Wednesday_GAP_011,False,Pure benign baseline training (Level 3 Purity),Strict Level 3 Benign Purity (Zero attack contamination in Train)
1154,20170705_1640,Wednesday,BENIGN,0,train,autoencoder,Wednesday_GAP_011,False,Pure benign baseline training (Level 3 Purity),Strict Level 3 Benign Purity (Zero attack contamination in Train)
1155,20170705_1641,Wednesday,BENIGN,0,train,autoencoder,Wednesday_GAP_011,False,Pure benign baseline training (Level 3 Purity),Strict Level 3 Benign Purity (Zero attack contamination in Train)
1156,20170705_1642,Wednesday,BENIGN,0,train,autoencoder,Wednesday_GAP_011,False,Pure benign baseline training (Level 3 Purity),Strict Level 3 Benign Purity (Zero attack contamination in Train)
1157,20170705_1643,Wednesday,BENIGN,0,train,autoencoder,Wednesday_GAP_011,False,Pure benign baseline training (Level 3 Purity),Strict Level 3 Benign Purity (Zero attack contamination in Train)
1158,20170705_1644,Wednesday,BENIGN,0,train,autoencoder,Wednesday_GAP_011,False,Pure benign baseline training (Level 3 Purity),Strict Level 3 Benign Purity (Zero attack contamination in Train)
1159,20170705_1645,Wednesday,BENIGN,0,train,autoencoder,Wednesday_GAP_011,False,Pure benign baseline training (Level 3 Purity),Strict Level 3 Benign Purity (Zero attack contamination in Train)
1160,20170705_1646,Wednesday,BENIGN,0,train,autoencoder,Wednesday_GAP_011,False,Pure benign baseline training (Level 3 Purity),Strict Level 3 Benign Purity (Zero attack contamination in Train)
1161,20170705_1647,Wednesday,BENIGN,0,train,autoencoder,Wednesday_GAP_011,False,Pure benign baseline training (Level 3 Purity),Strict Level 3 Benign Purity (Zero attack contamination in Train)
1162,20170705_1648,Wednesday,BENIGN,0,train,autoencoder,Wednesday_GAP_011,False,Pure benign baseline training (Level 3 Purity),Strict Level 3 Benign Purity (Zero attack contamination in Train)
1163,20170705_1649,Wednesday,BENIGN,0,train,autoencoder,Wednesday_GAP_011,False,Pure benign baseline training (Level 3 Purity),Strict Level 3 Benign Purity (Zero attack contamination in Train)
1164,20170705_1650,Wednesday,BENIGN,0,train,autoencoder,Wednesday_GAP_011,False,Pure benign baseline training (Level 3 Purity),Strict Level 3 Benign Purity (Zero attack contamination in Train)
1165,20170705_1651,Wednesday,BENIGN,0,train,autoencoder,Wednesday_GAP_011,False,Pure benign baseline training (Level 3 Purity),Strict Level 3 Benign Purity (Zero attack contamination in Train)
1166,20170705_1652,Wednesday,BENIGN,0,train,autoencoder,Wednesday_GAP_011,False,Pure benign baseline training (Level 3 Purity),Strict Level 3 Benign Purity (Zero attack contamination in Train)
1167,20170705_1653,Wednesday,BENIGN,0,train,autoencoder,Wednesday_GAP_011,False,Pure benign baseline training (Level 3 Purity),Strict Level 3 Benign Purity (Zero attack contamination in Train)
1168,20170705_1654,Wednesday,BENIGN,0,train,autoencoder,Wednesday_GAP_011,False,Pure benign baseline training (Level 3 Purity),Strict Level 3 Benign Purity (Zero attack contamination in Train)
1169,20170705_1655,Wednesday,BENIGN,0,train,autoencoder,Wednesday_GAP_011,False,Pure benign baseline training (Level 3 Purity),Strict Level 3 Benign Purity (Zero attack contamination in Train)
1170,20170705_1656,Wednesday,BENIGN,0,train,autoencoder,Wednesday_GAP_011,False,Pure benign baseline training (Level 3 Purity),Strict Level 3 Benign Purity (Zero attack contamination in Train)
1171,20170705_1657,Wednesday,BENIGN,0,train,autoencoder,Wednesday_GAP_011,False,Pure benign baseline training (Level 3 Purity),Strict Level 3 Benign Purity (Zero attack contamination in Train)
1172,20170705_1658,Wednesday,BENIGN,0,train,autoencoder,Wednesday_GAP_011,False,Pure benign baseline training (Level 3 Purity),Strict Level 3 Benign Purity (Zero attack contamination in Train)
1173,20170705_1659,Wednesday,BENIGN,0,train,autoencoder,Wednesday_GAP_011,False,Pure benign baseline training (Level 3 Purity),Strict Level 3 Benign Purity (Zero attack contamination in Train)
1174,20170705_1700,Wednesday,BENIGN,0,train,autoencoder,Wednesday_GAP_011,False,Pure benign baseline training (Level 3 Purity),Strict Level 3 Benign Purity (Zero attack contamination in Train)
1175,20170705_1701,Wednesday,BENIGN,0,train,autoencoder,Wednesday_GAP_011,False,Pure benign baseline training (Level 3 Purity),Strict Level 3 Benign Purity (Zero attack contamination in Train)
1176,20170705_1702,Wednesday,BENIGN,0,train,autoencoder,Wednesday_GAP_011,False,Pure benign baseline training (Level 3 Purity),Strict Level 3 Benign Purity (Zero attack contamination in Train)
1177,20170705_1703,Wednesday,BENIGN,0,train,autoencoder,Wednesday_GAP_011,False,Pure benign baseline training (Level 3 Purity),Strict Level 3 Benign Purity (Zero attack contamination in Train)
1178,20170705_1704,Wednesday,BENIGN,0,train,autoencoder,Wednesday_GAP_011,False,Pure benign baseline training (Level 3 Purity),Strict Level 3 Benign Purity (Zero attack contamination in Train)
1179,20170705_1705,Wednesday,BENIGN,0,train,autoencoder,Wednesday_GAP_011,False,Pure benign baseline training (Level 3 Purity),Strict Level 3 Benign Purity (Zero attack contamination in Train)
1180,20170705_1706,Wednesday,BENIGN,0,train,autoencoder,Wednesday_GAP_011,False,Pure benign baseline training (Level 3 Purity),Strict Level 3 Benign Purity (Zero attack contamination in Train)
1181,20170705_1707,Wednesday,BENIGN,0,train,autoencoder,Wednesday_GAP_011,False,Pure benign baseline training (Level 3 Purity),Strict Level 3 Benign Purity (Zero attack contamination in Train)
1182,20170705_1708,Wednesday,BENIGN,0,train,autoencoder,Wednesday_GAP_011,False,Pure benign baseline training (Level 3 Purity),Strict Level 3 Benign Purity (Zero attack contamination in Train)
1183,20170705_1709,Wednesday,BENIGN,0,train,autoencoder,Wednesday_GAP_011,False,Pure benign baseline training (Level 3 Purity),Strict Level 3 Benign Purity (Zero attack contamination in Train)
1184,20170705_1710,Wednesday,BENIGN,0,train,autoencoder,Wednesday_GAP_011,False,Pure benign baseline training (Level 3 Purity),Strict Level 3 Benign Purity (Zero attack contamination in Train)
1185,20170705_1711,Wednesday,BENIGN,0,train,autoencoder,Wednesday_GAP_011,False,Pure benign baseline training (Level 3 Purity),Strict Level 3 Benign Purity (Zero attack contamination in Train)
1186,20170705_1712,Wednesday,BENIGN,0,train,autoencoder,Wednesday_GAP_011,False,Pure benign baseline training (Level 3 Purity),Strict Level 3 Benign Purity (Zero attack contamination in Train)
1187,20170705_1713,Wednesday,BENIGN,0,train,autoencoder,Wednesday_GAP_011,False,Pure benign baseline training (Level 3 Purity),Strict Level 3 Benign Purity (Zero attack contamination in Train)
1188,20170705_1714,Wednesday,BENIGN,0,train,autoencoder,Wednesday_GAP_011,False,Pure benign baseline training (Level 3 Purity),Strict Level 3 Benign Purity (Zero attack contamination in Train)
1189,20170705_1715,Wednesday,BENIGN,0,train,autoencoder,Wednesday_GAP_011,False,Pure benign baseline training (Level 3 Purity),Strict Level 3 Benign Purity (Zero attack contamination in Train)
1190,20170705_1716,Wednesday,BENIGN,0,train,autoencoder,Wednesday_GAP_011,False,Pure benign baseline training (Level 3 Purity),Strict Level 3 Benign Purity (Zero attack contamination in Train)
1191,20170705_1717,Wednesday,BENIGN,0,train,autoencoder,Wednesday_GAP_011,False,Pure benign baseline training (Level 3 Purity),Strict Level 3 Benign Purity (Zero attack contamination in Train)
1192,20170705_1718,Wednesday,BENIGN,0,train,autoencoder,Wednesday_GAP_011,False,Pure benign baseline training (Level 3 Purity),Strict Level 3 Benign Purity (Zero attack contamination in Train)
1193,20170705_1719,Wednesday,BENIGN,0,train,autoencoder,Wednesday_GAP_011,False,Pure benign baseline training (Level 3 Purity),Strict Level 3 Benign Purity (Zero attack contamination in Train)
1194,20170705_1720,Wednesday,BENIGN,0,train,autoencoder,Wednesday_GAP_011,False,Pure benign baseline training (Level 3 Purity),Strict Level 3 Benign Purity (Zero attack contamination in Train)
1195,20170705_1721,Wednesday,BENIGN,0,train,autoencoder,Wednesday_GAP_011,False,Pure benign baseline training (Level 3 Purity),Strict Level 3 Benign Purity (Zero attack contamination in Train)
1196,20170705_1722,Wednesday,BENIGN,0,train,autoencoder,Wednesday_GAP_011,False,Pure benign baseline training (Level 3 Purity),Strict Level 3 Benign Purity (Zero attack contamination in Train)
1197,20170705_1723,Wednesday,BENIGN,0,train,autoencoder,Wednesday_GAP_011,False,Pure benign baseline training (Level 3 Purity),Strict Level 3 Benign Purity (Zero attack contamination in Train)
1198,20170705_1724,Wednesday,BENIGN,0,train,autoencoder,Wednesday_GAP_011,False,Pure benign baseline training (Level 3 Purity),Strict Level 3 Benign Purity (Zero attack contamination in Train)
1199,20170705_1725,Wednesday,BENIGN,0,train,autoencoder,Wednesday_GAP_011,False,Pure benign baseline training (Level 3 Purity),Strict Level 3 Benign Purity (Zero attack contamination in Train)
1200,20170705_1726,Wednesday,BENIGN,0,train,autoencoder,Wednesday_GAP_011,False,Pure benign baseline training (Level 3 Purity),Strict Level 3 Benign Purity (Zero attack contamination in Train)
1201,20170705_1727,Wednesday,BENIGN,0,train,autoencoder,Wednesday_GAP_011,False,Pure benign baseline training (Level 3 Purity),Strict Level 3 Benign Purity (Zero attack contamination in Train)
1202,20170705_1728,Wednesday,BENIGN,0,train,autoencoder,Wednesday_GAP_011,False,Pure benign baseline training (Level 3 Purity),Strict Level 3 Benign Purity (Zero attack contamination in Train)
1203,20170705_1729,Wednesday,BENIGN,0,train,autoencoder,Wednesday_GAP_011,False,Pure benign baseline training (Level 3 Purity),Strict Level 3 Benign Purity (Zero attack contamination in Train)
1204,20170705_1730,Wednesday,BENIGN,0,train,autoencoder,Wednesday_GAP_011,False,Pure benign baseline training (Level 3 Purity),Strict Level 3 Benign Purity (Zero attack contamination in Train)
1205,20170705_1731,Wednesday,BENIGN,0,train,autoencoder,Wednesday_GAP_011,False,Pure benign baseline training (Level 3 Purity),Strict Level 3 Benign Purity (Zero attack contamination in Train)
1206,20170705_1732,Wednesday,BENIGN,0,train,autoencoder,Wednesday_GAP_011,False,Pure benign baseline training (Level 3 Purity),Strict Level 3 Benign Purity (Zero attack contamination in Train)
1207,20170705_1733,Wednesday,BENIGN,0,train,autoencoder,Wednesday_GAP_011,False,Pure benign baseline training (Level 3 Purity),Strict Level 3 Benign Purity (Zero attack contamination in Train)
1208,20170705_1734,Wednesday,BENIGN,0,train,autoencoder,Wednesday_GAP_011,False,Pure benign baseline training (Level 3 Purity),Strict Level 3 Benign Purity (Zero attack contamination in Train)
1209,20170705_1735,Wednesday,BENIGN,0,train,autoencoder,Wednesday_GAP_011,False,Pure benign baseline training (Level 3 Purity),Strict Level 3 Benign Purity (Zero attack contamination in Train)
1210,20170705_1736,Wednesday,BENIGN,0,train,autoencoder,Wednesday_GAP_011,False,Pure benign baseline training (Level 3 Purity),Strict Level 3 Benign Purity (Zero attack contamination in Train)
1211,20170705_1737,Wednesday,BENIGN,0,train,autoencoder,Wednesday_GAP_011,False,Pure benign baseline training (Level 3 Purity),Strict Level 3 Benign Purity (Zero attack contamination in Train)
1212,20170705_1738,Wednesday,BENIGN,0,train,autoencoder,Wednesday_GAP_011,False,Pure benign baseline training (Level 3 Purity),Strict Level 3 Benign Purity (Zero attack contamination in Train)
1213,20170705_1739,Wednesday,BENIGN,0,train,autoencoder,Wednesday_GAP_011,False,Pure benign baseline training (Level 3 Purity),Strict Level 3 Benign Purity (Zero attack contamination in Train)
1214,20170705_1740,Wednesday,BENIGN,0,train,autoencoder,Wednesday_GAP_011,False,Pure benign baseline training (Level 3 Purity),Strict Level 3 Benign Purity (Zero attack contamination in Train)
1215,20170705_1741,Wednesday,BENIGN,0,train,autoencoder,Wednesday_GAP_011,False,Pure benign baseline training (Level 3 Purity),Strict Level 3 Benign Purity (Zero attack contamination in Train)
1216,20170705_1742,Wednesday,BENIGN,0,train,autoencoder,Wednesday_GAP_011,False,Pure benign baseline training (Level 3 Purity),Strict Level 3 Benign Purity (Zero attack contamination in Train)
1217,20170705_1743,Wednesday,BENIGN,0,train,autoencoder,Wednesday_GAP_011,False,Pure benign baseline training (Level 3 Purity),Strict Level 3 Benign Purity (Zero attack contamination in Train)
1218,20170705_1744,Wednesday,BENIGN,0,train,autoencoder,Wednesday_GAP_011,False,Pure benign baseline training (Level 3 Purity),Strict Level 3 Benign Purity (Zero attack contamination in Train)
1219,20170705_1745,Wednesday,BENIGN,0,train,autoencoder,Wednesday_GAP_011,False,Pure benign baseline training (Level 3 Purity),Strict Level 3 Benign Purity (Zero attack contamination in Train)
1220,20170705_1746,Wednesday,BENIGN,0,train,autoencoder,Wednesday_GAP_011,False,Pure benign baseline training (Level 3 Purity),Strict Level 3 Benign Purity (Zero attack contamination in Train)
1221,20170705_1747,Wednesday,BENIGN,0,train,autoencoder,Wednesday_GAP_011,False,Pure benign baseline training (Level 3 Purity),Strict Level 3 Benign Purity (Zero attack contamination in Train)
1222,20170705_1748,Wednesday,BENIGN,0,train,autoencoder,Wednesday_GAP_011,False,Pure benign baseline training (Level 3 Purity),Strict Level 3 Benign Purity (Zero attack contamination in Train)
1223,20170705_1749,Wednesday,BENIGN,0,train,autoencoder,Wednesday_GAP_011,False,Pure benign baseline training (Level 3 Purity),Strict Level 3 Benign Purity (Zero attack contamination in Train)
1224,20170705_1750,Wednesday,BENIGN,0,train,autoencoder,Wednesday_GAP_011,False,Pure benign baseline training (Level 3 Purity),Strict Level 3 Benign Purity (Zero attack contamination in Train)
1225,20170705_1751,Wednesday,BENIGN,0,train,autoencoder,Wednesday_GAP_011,False,Pure benign baseline training (Level 3 Purity),Strict Level 3 Benign Purity (Zero attack contamination in Train)
1226,20170705_1752,Wednesday,BENIGN,0,train,autoencoder,Wednesday_GAP_011,False,Pure benign baseline training (Level 3 Purity),Strict Level 3 Benign Purity (Zero attack contamination in Train)
1227,20170705_1753,Wednesday,BENIGN,0,train,autoencoder,Wednesday_GAP_011,False,Pure benign baseline training (Level 3 Purity),Strict Level 3 Benign Purity (Zero attack contamination in Train)
1228,20170705_1754,Wednesday,BENIGN,0,train,autoencoder,Wednesday_GAP_011,False,Pure benign baseline training (Level 3 Purity),Strict Level 3 Benign Purity (Zero attack contamination in Train)
1229,20170705_1755,Wednesday,BENIGN,0,train,autoencoder,Wednesday_GAP_011,False,Pure benign baseline training (Level 3 Purity),Strict Level 3 Benign Purity (Zero attack contamination in Train)
1230,20170705_1756,Wednesday,BENIGN,0,train,autoencoder,Wednesday_GAP_011,False,Pure benign baseline training (Level 3 Purity),Strict Level 3 Benign Purity (Zero attack contamination in Train)
1231,20170705_1757,Wednesday,BENIGN,0,train,autoencoder,Wednesday_GAP_011,False,Pure benign baseline training (Level 3 Purity),Strict Level 3 Benign Purity (Zero attack contamination in Train)
1232,20170705_1758,Wednesday,BENIGN,0,train,autoencoder,Wednesday_GAP_011,False,Pure benign baseline training (Level 3 Purity),Strict Level 3 Benign Purity (Zero attack contamination in Train)
1233,20170705_1759,Wednesday,BENIGN,0,train,autoencoder,Wednesday_GAP_011,False,Pure benign baseline training (Level 3 Purity),Strict Level 3 Benign Purity (Zero attack contamination in Train)
1234,20170705_1800,Wednesday,BENIGN,0,train,autoencoder,Wednesday_GAP_011,False,Pure benign baseline training (Level 3 Purity),Strict Level 3 Benign Purity (Zero attack contamination in Train)
1235,20170705_1801,Wednesday,BENIGN,0,train,autoencoder,Wednesday_GAP_011,False,Pure benign baseline training (Level 3 Purity),Strict Level 3 Benign Purity (Zero attack contamination in Train)
1236,20170705_1802,Wednesday,BENIGN,0,train,autoencoder,Wednesday_GAP_011,False,Pure benign baseline training (Level 3 Purity),Strict Level 3 Benign Purity (Zero attack contamination in Train)
1237,20170705_1803,Wednesday,BENIGN,0,train,autoencoder,Wednesday_GAP_011,False,Pure benign baseline training (Level 3 Purity),Strict Level 3 Benign Purity (Zero attack contamination in Train)
1238,20170705_1804,Wednesday,BENIGN,0,train,autoencoder,Wednesday_GAP_011,False,Pure benign baseline training (Level 3 Purity),Strict Level 3 Benign Purity (Zero attack contamination in Train)
1239,20170705_1805,Wednesday,BENIGN,0,train,autoencoder,Wednesday_GAP_011,False,Pure benign baseline training (Level 3 Purity),Strict Level 3 Benign Purity (Zero attack contamination in Train)
1240,20170705_1806,Wednesday,BENIGN,0,train,autoencoder,Wednesday_GAP_011,False,Pure benign baseline training (Level 3 Purity),Strict Level 3 Benign Purity (Zero attack contamination in Train)
1241,20170705_1807,Wednesday,BENIGN,0,train,autoencoder,Wednesday_GAP_011,False,Pure benign baseline training (Level 3 Purity),Strict Level 3 Benign Purity (Zero attack contamination in Train)
1242,20170705_1808,Wednesday,BENIGN,0,train,autoencoder,Wednesday_GAP_011,False,Pure benign baseline training (Level 3 Purity),Strict Level 3 Benign Purity (Zero attack contamination in Train)
1243,20170705_1809,Wednesday,BENIGN,0,train,autoencoder,Wednesday_GAP_011,False,Pure benign baseline training (Level 3 Purity),Strict Level 3 Benign Purity (Zero attack contamination in Train)
1244,20170705_1810,Wednesday,BENIGN,0,train,autoencoder,Wednesday_GAP_011,False,Pure benign baseline training (Level 3 Purity),Strict Level 3 Benign Purity (Zero attack contamination in Train)
1245,20170705_1811,Wednesday,BENIGN,0,train,autoencoder,Wednesday_GAP_011,False,Pure benign baseline training (Level 3 Purity),Strict Level 3 Benign Purity (Zero attack contamination in Train)
1246,20170705_1812,Wednesday,BENIGN,0,train,autoencoder,Wednesday_GAP_011,False,Pure benign baseline training (Level 3 Purity),Strict Level 3 Benign Purity (Zero attack contamination in Train)
1247,20170705_1813,Wednesday,BENIGN,0,train,autoencoder,Wednesday_GAP_011,False,Pure benign baseline training (Level 3 Purity),Strict Level 3 Benign Purity (Zero attack contamination in Train)
1248,20170705_1814,Wednesday,BENIGN,0,train,autoencoder,Wednesday_GAP_011,False,Pure benign baseline training (Level 3 Purity),Strict Level 3 Benign Purity (Zero attack contamination in Train)
1249,20170705_1815,Wednesday,BENIGN,0,train,autoencoder,Wednesday_GAP_011,False,Pure benign baseline training (Level 3 Purity),Strict Level 3 Benign Purity (Zero attack contamination in Train)
1250,20170705_1816,Wednesday,BENIGN,0,train,autoencoder,Wednesday_GAP_011,False,Pure benign baseline training (Level 3 Purity),Strict Level 3 Benign Purity (Zero attack contamination in Train)
1251,20170705_1817,Wednesday,BENIGN,0,train,autoencoder,Wednesday_GAP_011,False,Pure benign baseline training (Level 3 Purity),Strict Level 3 Benign Purity (Zero attack contamination in Train)
1252,20170705_1818,Wednesday,BENIGN,0,train,autoencoder,Wednesday_GAP_011,False,Pure benign baseline training (Level 3 Purity),Strict Level 3 Benign Purity (Zero attack contamination in Train)
1253,20170705_1819,Wednesday,BENIGN,0,train,autoencoder,Wednesday_GAP_011,False,Pure benign baseline training (Level 3 Purity),Strict Level 3 Benign Purity (Zero attack contamination in Train)
1254,20170705_1820,Wednesday,BENIGN,0,train,autoencoder,Wednesday_GAP_011,False,Pure benign baseline training (Level 3 Purity),Strict Level 3 Benign Purity (Zero attack contamination in Train)
1255,20170705_1821,Wednesday,BENIGN,0,train,autoencoder,Wednesday_GAP_011,False,Pure benign baseline training (Level 3 Purity),Strict Level 3 Benign Purity (Zero attack contamination in Train)
1256,20170705_1822,Wednesday,BENIGN,0,train,autoencoder,Wednesday_GAP_011,False,Pure benign baseline training (Level 3 Purity),Strict Level 3 Benign Purity (Zero attack contamination in Train)
1257,20170705_1823,Wednesday,BENIGN,0,train,autoencoder,Wednesday_GAP_011,False,Pure benign baseline training (Level 3 Purity),Strict Level 3 Benign Purity (Zero attack contamination in Train)
1258,20170705_1824,Wednesday,BENIGN,0,train,autoencoder,Wednesday_GAP_011,False,Pure benign baseline training (Level 3 Purity),Strict Level 3 Benign Purity (Zero attack contamination in Train)
1259,20170705_1825,Wednesday,BENIGN,0,train,autoencoder,Wednesday_GAP_011,False,Pure benign baseline training (Level 3 Purity),Strict Level 3 Benign Purity (Zero attack contamination in Train)
1260,20170705_1826,Wednesday,BENIGN,0,train,autoencoder,Wednesday_GAP_011,False,Pure benign baseline training (Level 3 Purity),Strict Level 3 Benign Purity (Zero attack contamination in Train)
1261,20170705_1827,Wednesday,BENIGN,0,train,autoencoder,Wednesday_GAP_011,False,Pure benign baseline training (Level 3 Purity),Strict Level 3 Benign Purity (Zero attack contamination in Train)
1262,20170705_1828,Wednesday,BENIGN,0,train,autoencoder,Wednesday_GAP_011,False,Pure benign baseline training (Level 3 Purity),Strict Level 3 Benign Purity (Zero attack contamination in Train)
1263,20170705_1829,Wednesday,BENIGN,0,train,autoencoder,Wednesday_GAP_011,False,Pure benign baseline training (Level 3 Purity),Strict Level 3 Benign Purity (Zero attack contamination in Train)
1264,20170705_1830,Wednesday,BENIGN,0,train,autoencoder,Wednesday_GAP_011,False,Pure benign baseline training (Level 3 Purity),Strict Level 3 Benign Purity (Zero attack contamination in Train)
1265,20170705_1831,Wednesday,BENIGN,0,train,autoencoder,Wednesday_GAP_011,False,Pure benign baseline training (Level 3 Purity),Strict Level 3 Benign Purity (Zero attack contamination in Train)
1266,20170705_1832,Wednesday,BENIGN,0,train,autoencoder,Wednesday_GAP_011,False,Pure benign baseline training (Level 3 Purity),Strict Level 3 Benign Purity (Zero attack contamination in Train)
1267,20170705_1833,Wednesday,BENIGN,0,train,autoencoder,Wednesday_GAP_011,False,Pure benign baseline training (Level 3 Purity),Strict Level 3 Benign Purity (Zero attack contamination in Train)
1268,20170705_1834,Wednesday,BENIGN,0,train,autoencoder,Wednesday_GAP_011,False,Pure benign baseline training (Level 3 Purity),Strict Level 3 Benign Purity (Zero attack contamination in Train)
1269,20170705_1835,Wednesday,BENIGN,0,train,autoencoder,Wednesday_GAP_011,False,Pure benign baseline training (Level 3 Purity),Strict Level 3 Benign Purity (Zero attack contamination in Train)
1270,20170705_1836,Wednesday,BENIGN,0,train,autoencoder,Wednesday_GAP_011,False,Pure benign baseline training (Level 3 Purity),Strict Level 3 Benign Purity (Zero attack contamination in Train)
1271,20170705_1837,Wednesday,BENIGN,0,train,autoencoder,Wednesday_GAP_011,False,Pure benign baseline training (Level 3 Purity),Strict Level 3 Benign Purity (Zero attack contamination in Train)
1272,20170705_1838,Wednesday,BENIGN,0,train,autoencoder,Wednesday_GAP_011,False,Pure benign baseline training (Level 3 Purity),Strict Level 3 Benign Purity (Zero attack contamination in Train)
1273,20170705_1839,Wednesday,BENIGN,0,train,autoencoder,Wednesday_GAP_011,False,Pure benign baseline training (Level 3 Purity),Strict Level 3 Benign Purity (Zero attack contamination in Train)
1274,20170705_1840,Wednesday,BENIGN,0,train,autoencoder,Wednesday_GAP_011,False,Pure benign baseline training (Level 3 Purity),Strict Level 3 Benign Purity (Zero attack contamination in Train)
1275,20170705_1841,Wednesday,BENIGN,0,train,autoencoder,Wednesday_GAP_011,False,Pure benign baseline training (Level 3 Purity),Strict Level 3 Benign Purity (Zero attack contamination in Train)
1276,20170705_1842,Wednesday,BENIGN,0,train,autoencoder,Wednesday_GAP_011,False,Pure benign baseline training (Level 3 Purity),Strict Level 3 Benign Purity (Zero attack contamination in Train)
1277,20170705_1843,Wednesday,BENIGN,0,train,autoencoder,Wednesday_GAP_011,False,Pure benign baseline training (Level 3 Purity),Strict Level 3 Benign Purity (Zero attack contamination in Train)
1278,20170705_1844,Wednesday,BENIGN,0,train,autoencoder,Wednesday_GAP_011,False,Pure benign baseline training (Level 3 Purity),Strict Level 3 Benign Purity (Zero attack contamination in Train)
1279,20170705_1845,Wednesday,BENIGN,0,train,autoencoder,Wednesday_GAP_011,False,Pure benign baseline training (Level 3 Purity),Strict Level 3 Benign Purity (Zero attack contamination in Train)
1280,20170705_1846,Wednesday,BENIGN,0,train,autoencoder,Wednesday_GAP_011,False,Pure benign baseline training (Level 3 Purity),Strict Level 3 Benign Purity (Zero attack contamination in Train)
1281,20170705_1847,Wednesday,BENIGN,0,train,autoencoder,Wednesday_GAP_011,False,Pure benign baseline training (Level 3 Purity),Strict Level 3 Benign Purity (Zero attack contamination in Train)
1282,20170705_1848,Wednesday,BENIGN,0,train,autoencoder,Wednesday_GAP_011,False,Pure benign baseline training (Level 3 Purity),Strict Level 3 Benign Purity (Zero attack contamination in Train)
1283,20170705_1849,Wednesday,BENIGN,0,train,autoencoder,Wednesday_GAP_011,False,Pure benign baseline training (Level 3 Purity),Strict Level 3 Benign Purity (Zero attack contamination in Train)
1284,20170705_1850,Wednesday,BENIGN,0,train,autoencoder,Wednesday_GAP_011,False,Pure benign baseline training (Level 3 Purity),Strict Level 3 Benign Purity (Zero attack contamination in Train)
1285,20170705_1851,Wednesday,BENIGN,0,train,autoencoder,Wednesday_GAP_011,False,Pure benign baseline training (Level 3 Purity),Strict Level 3 Benign Purity (Zero attack contamination in Train)
1286,20170705_1852,Wednesday,BENIGN,0,train,autoencoder,Wednesday_GAP_011,False,Pure benign baseline training (Level 3 Purity),Strict Level 3 Benign Purity (Zero attack contamination in Train)
1287,20170705_1853,Wednesday,BENIGN,0,train,autoencoder,Wednesday_GAP_011,False,Pure benign baseline training (Level 3 Purity),Strict Level 3 Benign Purity (Zero attack contamination in Train)
1288,20170705_1854,Wednesday,BENIGN,0,train,autoencoder,Wednesday_GAP_011,False,Pure benign baseline training (Level 3 Purity),Strict Level 3 Benign Purity (Zero attack contamination in Train)
1289,20170705_1855,Wednesday,BENIGN,0,train,autoencoder,Wednesday_GAP_011,False,Pure benign baseline training (Level 3 Purity),Strict Level 3 Benign Purity (Zero attack contamination in Train)
1290,20170705_1856,Wednesday,BENIGN,0,train,autoencoder,Wednesday_GAP_011,False,Pure benign baseline training (Level 3 Purity),Strict Level 3 Benign Purity (Zero attack contamination in Train)
1291,20170705_1857,Wednesday,BENIGN,0,train,autoencoder,Wednesday_GAP_011,False,Pure benign baseline training (Level 3 Purity),Strict Level 3 Benign Purity (Zero attack contamination in Train)
1292,20170705_1858,Wednesday,BENIGN,0,train,autoencoder,Wednesday_GAP_011,False,Pure benign baseline training (Level 3 Purity),Strict Level 3 Benign Purity (Zero attack contamination in Train)
1293,20170705_1859,Wednesday,BENIGN,0,train,autoencoder,Wednesday_GAP_011,False,Pure benign baseline training (Level 3 Purity),Strict Level 3 Benign Purity (Zero attack contamination in Train)
1294,20170705_1900,Wednesday,BENIGN,0,train,autoencoder,Wednesday_GAP_011,False,Pure benign baseline training (Level 3 Purity),Strict Level 3 Benign Purity (Zero attack contamination in Train)
1295,20170705_1901,Wednesday,BENIGN,0,train,autoencoder,Wednesday_GAP_011,False,Pure benign baseline training (Level 3 Purity),Strict Level 3 Benign Purity (Zero attack contamination in Train)
1296,20170705_1902,Wednesday,BENIGN,0,validation,autoencoder,Wednesday_GAP_011,False,Unseen benign evaluation partition (validation),Strict Level 3 Benign Purity (Zero attack contamination in Train)
1297,20170705_1903,Wednesday,BENIGN,0,validation,autoencoder,Wednesday_GAP_011,False,Unseen benign evaluation partition (validation),Strict Level 3 Benign Purity (Zero attack contamination in Train)
1298,20170705_1904,Wednesday,BENIGN,0,validation,autoencoder,Wednesday_GAP_011,False,Unseen benign evaluation partition (validation),Strict Level 3 Benign Purity (Zero attack contamination in Train)
1299,20170705_1905,Wednesday,BENIGN,0,validation,autoencoder,Wednesday_GAP_011,False,Unseen benign evaluation partition (validation),Strict Level 3 Benign Purity (Zero attack contamination in Train)
1300,20170705_1906,Wednesday,BENIGN,0,validation,autoencoder,Wednesday_GAP_011,False,Unseen benign evaluation partition (validation),Strict Level 3 Benign Purity (Zero attack contamination in Train)
1301,20170705_1907,Wednesday,BENIGN,0,validation,autoencoder,Wednesday_GAP_011,False,Unseen benign evaluation partition (validation),Strict Level 3 Benign Purity (Zero attack contamination in Train)
1302,20170705_1908,Wednesday,BENIGN,0,validation,autoencoder,Wednesday_GAP_011,False,Unseen benign evaluation partition (validation),Strict Level 3 Benign Purity (Zero attack contamination in Train)
1303,20170705_1909,Wednesday,BENIGN,0,validation,autoencoder,Wednesday_GAP_011,False,Unseen benign evaluation partition (validation),Strict Level 3 Benign Purity (Zero attack contamination in Train)
1304,20170705_1910,Wednesday,BENIGN,0,validation,autoencoder,Wednesday_GAP_011,False,Unseen benign evaluation partition (validation),Strict Level 3 Benign Purity (Zero attack contamination in Train)
1305,20170705_1911,Wednesday,BENIGN,0,validation,autoencoder,Wednesday_GAP_011,False,Unseen benign evaluation partition (validation),Strict Level 3 Benign Purity (Zero attack contamination in Train)
1306,20170705_1912,Wednesday,BENIGN,0,validation,autoencoder,Wednesday_GAP_011,False,Unseen benign evaluation partition (validation),Strict Level 3 Benign Purity (Zero attack contamination in Train)
1307,20170705_1913,Wednesday,BENIGN,0,validation,autoencoder,Wednesday_GAP_011,False,Unseen benign evaluation partition (validation),Strict Level 3 Benign Purity (Zero attack contamination in Train)
1308,20170705_1914,Wednesday,BENIGN,0,validation,autoencoder,Wednesday_GAP_011,False,Unseen benign evaluation partition (validation),Strict Level 3 Benign Purity (Zero attack contamination in Train)
1309,20170705_1915,Wednesday,BENIGN,0,validation,autoencoder,Wednesday_GAP_011,False,Unseen benign evaluation partition (validation),Strict Level 3 Benign Purity (Zero attack contamination in Train)
1310,20170705_1916,Wednesday,BENIGN,0,validation,autoencoder,Wednesday_GAP_011,False,Unseen benign evaluation partition (validation),Strict Level 3 Benign Purity (Zero attack contamination in Train)
1311,20170705_1917,Wednesday,BENIGN,0,validation,autoencoder,Wednesday_GAP_011,False,Unseen benign evaluation partition (validation),Strict Level 3 Benign Purity (Zero attack contamination in Train)
1312,20170705_1918,Wednesday,BENIGN,0,validation,autoencoder,Wednesday_GAP_011,False,Unseen benign evaluation partition (validation),Strict Level 3 Benign Purity (Zero attack contamination in Train)
1313,20170705_1919,Wednesday,BENIGN,0,validation,autoencoder,Wednesday_GAP_011,False,Unseen benign evaluation partition (validation),Strict Level 3 Benign Purity (Zero attack contamination in Train)
1314,20170705_1920,Wednesday,BENIGN,0,validation,autoencoder,Wednesday_GAP_011,False,Unseen benign evaluation partition (validation),Strict Level 3 Benign Purity (Zero attack contamination in Train)
1315,20170705_1921,Wednesday,BENIGN,0,validation,autoencoder,Wednesday_GAP_011,False,Unseen benign evaluation partition (validation),Strict Level 3 Benign Purity (Zero attack contamination in Train)
1316,20170705_1922,Wednesday,BENIGN,0,validation,autoencoder,Wednesday_GAP_011,False,Unseen benign evaluation partition (validation),Strict Level 3 Benign Purity (Zero attack contamination in Train)
1317,20170705_1923,Wednesday,BENIGN,0,validation,autoencoder,Wednesday_GAP_011,False,Unseen benign evaluation partition (validation),Strict Level 3 Benign Purity (Zero attack contamination in Train)
1318,20170705_1924,Wednesday,BENIGN,0,validation,autoencoder,Wednesday_GAP_011,False,Unseen benign evaluation partition (validation),Strict Level 3 Benign Purity (Zero attack contamination in Train)
1319,20170705_1925,Wednesday,BENIGN,0,validation,autoencoder,Wednesday_GAP_011,False,Unseen benign evaluation partition (validation),Strict Level 3 Benign Purity (Zero attack contamination in Train)
1320,20170705_1926,Wednesday,BENIGN,0,validation,autoencoder,Wednesday_GAP_011,False,Unseen benign evaluation partition (validation),Strict Level 3 Benign Purity (Zero attack contamination in Train)
1321,20170705_1927,Wednesday,BENIGN,0,validation,autoencoder,Wednesday_GAP_011,False,Unseen benign evaluation partition (validation),Strict Level 3 Benign Purity (Zero attack contamination in Train)
1322,20170705_1928,Wednesday,BENIGN,0,validation,autoencoder,Wednesday_GAP_011,False,Unseen benign evaluation partition (validation),Strict Level 3 Benign Purity (Zero attack contamination in Train)
1323,20170705_1929,Wednesday,BENIGN,0,validation,autoencoder,Wednesday_GAP_011,False,Unseen benign evaluation partition (validation),Strict Level 3 Benign Purity (Zero attack contamination in Train)
1324,20170705_1930,Wednesday,BENIGN,0,validation,autoencoder,Wednesday_GAP_011,False,Unseen benign evaluation partition (validation),Strict Level 3 Benign Purity (Zero attack contamination in Train)
1325,20170705_1931,Wednesday,BENIGN,0,validation,autoencoder,Wednesday_GAP_011,False,Unseen benign evaluation partition (validation),Strict Level 3 Benign Purity (Zero attack contamination in Train)
1326,20170705_1932,Wednesday,BENIGN,0,validation,autoencoder,Wednesday_GAP_011,False,Unseen benign evaluation partition (validation),Strict Level 3 Benign Purity (Zero attack contamination in Train)
1327,20170705_1933,Wednesday,BENIGN,0,validation,autoencoder,Wednesday_GAP_011,False,Unseen benign evaluation partition (validation),Strict Level 3 Benign Purity (Zero attack contamination in Train)
1328,20170705_1934,Wednesday,BENIGN,0,validation,autoencoder,Wednesday_GAP_011,False,Unseen benign evaluation partition (validation),Strict Level 3 Benign Purity (Zero attack contamination in Train)
1329,20170705_1935,Wednesday,BENIGN,0,validation,autoencoder,Wednesday_GAP_011,False,Unseen benign evaluation partition (validation),Strict Level 3 Benign Purity (Zero attack contamination in Train)
1330,20170705_1936,Wednesday,BENIGN,0,validation,autoencoder,Wednesday_GAP_011,False,Unseen benign evaluation partition (validation),Strict Level 3 Benign Purity (Zero attack contamination in Train)
1331,20170705_1937,Wednesday,BENIGN,0,test,autoencoder,Wednesday_GAP_011,False,Unseen benign evaluation partition (test),Strict Level 3 Benign Purity (Zero attack contamination in Train)
1332,20170705_1938,Wednesday,BENIGN,0,test,autoencoder,Wednesday_GAP_011,False,Unseen benign evaluation partition (test),Strict Level 3 Benign Purity (Zero attack contamination in Train)
1333,20170705_1939,Wednesday,BENIGN,0,test,autoencoder,Wednesday_GAP_011,False,Unseen benign evaluation partition (test),Strict Level 3 Benign Purity (Zero attack contamination in Train)
1334,20170705_1940,Wednesday,BENIGN,0,test,autoencoder,Wednesday_GAP_011,False,Unseen benign evaluation partition (test),Strict Level 3 Benign Purity (Zero attack contamination in Train)
1335,20170705_1941,Wednesday,BENIGN,0,test,autoencoder,Wednesday_GAP_011,False,Unseen benign evaluation partition (test),Strict Level 3 Benign Purity (Zero attack contamination in Train)
1336,20170705_1942,Wednesday,BENIGN,0,test,autoencoder,Wednesday_GAP_011,False,Unseen benign evaluation partition (test),Strict Level 3 Benign Purity (Zero attack contamination in Train)
1337,20170705_1943,Wednesday,BENIGN,0,test,autoencoder,Wednesday_GAP_011,False,Unseen benign evaluation partition (test),Strict Level 3 Benign Purity (Zero attack contamination in Train)
1338,20170705_1944,Wednesday,BENIGN,0,test,autoencoder,Wednesday_GAP_011,False,Unseen benign evaluation partition (test),Strict Level 3 Benign Purity (Zero attack contamination in Train)
1339,20170705_1945,Wednesday,BENIGN,0,test,autoencoder,Wednesday_GAP_011,False,Unseen benign evaluation partition (test),Strict Level 3 Benign Purity (Zero attack contamination in Train)
1340,20170705_1946,Wednesday,BENIGN,0,test,autoencoder,Wednesday_GAP_011,False,Unseen benign evaluation partition (test),Strict Level 3 Benign Purity (Zero attack contamination in Train)
1341,20170705_1947,Wednesday,BENIGN,0,test,autoencoder,Wednesday_GAP_011,False,Unseen benign evaluation partition (test),Strict Level 3 Benign Purity (Zero attack contamination in Train)
1342,20170705_1948,Wednesday,BENIGN,0,test,autoencoder,Wednesday_GAP_011,False,Unseen benign evaluation partition (test),Strict Level 3 Benign Purity (Zero attack contamination in Train)
1343,20170705_1949,Wednesday,BENIGN,0,test,autoencoder,Wednesday_GAP_011,False,Unseen benign evaluation partition (test),Strict Level 3 Benign Purity (Zero attack contamination in Train)
1344,20170705_1950,Wednesday,BENIGN,0,test,autoencoder,Wednesday_GAP_011,False,Unseen benign evaluation partition (test),Strict Level 3 Benign Purity (Zero attack contamination in Train)
1345,20170705_1951,Wednesday,BENIGN,0,test,autoencoder,Wednesday_GAP_011,False,Unseen benign evaluation partition (test),Strict Level 3 Benign Purity (Zero attack contamination in Train)
1346,20170705_1952,Wednesday,BENIGN,0,test,autoencoder,Wednesday_GAP_011,False,Unseen benign evaluation partition (test),Strict Level 3 Benign Purity (Zero attack contamination in Train)
1347,20170705_1953,Wednesday,BENIGN,0,test,autoencoder,Wednesday_GAP_011,False,Unseen benign evaluation partition (test),Strict Level 3 Benign Purity (Zero attack contamination in Train)
1348,20170705_1954,Wednesday,BENIGN,0,test,autoencoder,Wednesday_GAP_011,False,Unseen benign evaluation partition (test),Strict Level 3 Benign Purity (Zero attack contamination in Train)
1349,20170705_1955,Wednesday,BENIGN,0,test,autoencoder,Wednesday_GAP_011,False,Unseen benign evaluation partition (test),Strict Level 3 Benign Purity (Zero attack contamination in Train)
1350,20170705_1956,Wednesday,BENIGN,0,test,autoencoder,Wednesday_GAP_011,False,Unseen benign evaluation partition (test),Strict Level 3 Benign Purity (Zero attack contamination in Train)
1351,20170705_1957,Wednesday,BENIGN,0,test,autoencoder,Wednesday_GAP_011,False,Unseen benign evaluation partition (test),Strict Level 3 Benign Purity (Zero attack contamination in Train)
1352,20170705_1958,Wednesday,BENIGN,0,test,autoencoder,Wednesday_GAP_011,False,Unseen benign evaluation partition (test),Strict Level 3 Benign Purity (Zero attack contamination in Train)
1353,20170705_1959,Wednesday,BENIGN,0,test,autoencoder,Wednesday_GAP_011,False,Unseen benign evaluation partition (test),Strict Level 3 Benign Purity (Zero attack contamination in Train)
1354,20170705_2000,Wednesday,BENIGN,0,test,autoencoder,Wednesday_GAP_011,False,Unseen benign evaluation partition (test),Strict Level 3 Benign Purity (Zero attack contamination in Train)
1355,20170705_2001,Wednesday,BENIGN,0,test,autoencoder,Wednesday_GAP_011,False,Unseen benign evaluation partition (test),Strict Level 3 Benign Purity (Zero attack contamination in Train)
1356,20170705_2002,Wednesday,BENIGN,0,test,autoencoder,Wednesday_GAP_011,False,Unseen benign evaluation partition (test),Strict Level 3 Benign Purity (Zero attack contamination in Train)
1357,20170705_2003,Wednesday,BENIGN,0,test,autoencoder,Wednesday_GAP_011,False,Unseen benign evaluation partition (test),Strict Level 3 Benign Purity (Zero attack contamination in Train)
1358,20170705_2004,Wednesday,BENIGN,0,test,autoencoder,Wednesday_GAP_011,False,Unseen benign evaluation partition (test),Strict Level 3 Benign Purity (Zero attack contamination in Train)
1359,20170705_2005,Wednesday,BENIGN,0,test,autoencoder,Wednesday_GAP_011,False,Unseen benign evaluation partition (test),Strict Level 3 Benign Purity (Zero attack contamination in Train)
1360,20170705_2006,Wednesday,BENIGN,0,test,autoencoder,Wednesday_GAP_011,False,Unseen benign evaluation partition (test),Strict Level 3 Benign Purity (Zero attack contamination in Train)
1361,20170705_2007,Wednesday,BENIGN,0,test,autoencoder,Wednesday_GAP_011,False,Unseen benign evaluation partition (test),Strict Level 3 Benign Purity (Zero attack contamination in Train)
1362,20170705_2008,Wednesday,BENIGN,0,test,autoencoder,Wednesday_GAP_011,False,Unseen benign evaluation partition (test),Strict Level 3 Benign Purity (Zero attack contamination in Train)
1363,20170705_2009,Wednesday,BENIGN,0,test,autoencoder,Wednesday_GAP_011,False,Unseen benign evaluation partition (test),Strict Level 3 Benign Purity (Zero attack contamination in Train)
1364,20170705_2010,Wednesday,BENIGN,0,test,autoencoder,Wednesday_GAP_011,False,Unseen benign evaluation partition (test),Strict Level 3 Benign Purity (Zero attack contamination in Train)
1365,20170705_2011,Wednesday,BENIGN,0,test,autoencoder,Wednesday_GAP_011,False,Unseen benign evaluation partition (test),Strict Level 3 Benign Purity (Zero attack contamination in Train)
1366,20170705_2012,Wednesday,ATTACK,1,validation,autoencoder,Wednesday_SEG_011,False,Anomaly evaluation partition (validation) for threshold calibration,Strict Level 3 Benign Purity (Zero attack contamination in Train)
1367,20170705_2013,Wednesday,BENIGN,0,train,autoencoder,Wednesday_GAP_012,False,Pure benign baseline training (Level 3 Purity),Strict Level 3 Benign Purity (Zero attack contamination in Train)
1368,20170705_2014,Wednesday,ATTACK,1,validation,autoencoder,Wednesday_SEG_012,False,Anomaly evaluation partition (validation) for threshold calibration,Strict Level 3 Benign Purity (Zero attack contamination in Train)
1369,20170705_2015,Wednesday,BENIGN,0,train,autoencoder,Wednesday_GAP_013,False,Pure benign baseline training (Level 3 Purity),Strict Level 3 Benign Purity (Zero attack contamination in Train)
1370,20170705_2016,Wednesday,ATTACK,1,validation,autoencoder,Wednesday_SEG_013,False,Anomaly evaluation partition (validation) for threshold calibration,Strict Level 3 Benign Purity (Zero attack contamination in Train)
1371,20170705_2017,Wednesday,BENIGN,0,train,autoencoder,Wednesday_GAP_014,False,Pure benign baseline training (Level 3 Purity),Strict Level 3 Benign Purity (Zero attack contamination in Train)
1372,20170705_2018,Wednesday,ATTACK,1,validation,autoencoder,Wednesday_SEG_014,False,Anomaly evaluation partition (validation) for threshold calibration,Strict Level 3 Benign Purity (Zero attack contamination in Train)
1373,20170705_2019,Wednesday,BENIGN,0,train,autoencoder,Wednesday_GAP_015,False,Pure benign baseline training (Level 3 Purity),Strict Level 3 Benign Purity (Zero attack contamination in Train)
1374,20170705_2020,Wednesday,ATTACK,1,validation,autoencoder,Wednesday_SEG_015,False,Anomaly evaluation partition (validation) for threshold calibration,Strict Level 3 Benign Purity (Zero attack contamination in Train)
1375,20170705_2021,Wednesday,BENIGN,0,train,autoencoder,Wednesday_GAP_016,False,Pure benign baseline training (Level 3 Purity),Strict Level 3 Benign Purity (Zero attack contamination in Train)
1376,20170705_2022,Wednesday,ATTACK,1,test,autoencoder,Wednesday_SEG_016,False,Anomaly evaluation partition (test) for threshold calibration,Strict Level 3 Benign Purity (Zero attack contamination in Train)
1377,20170705_2023,Wednesday,BENIGN,0,train,autoencoder,Wednesday_GAP_017,False,Pure benign baseline training (Level 3 Purity),Strict Level 3 Benign Purity (Zero attack contamination in Train)
1378,20170705_2024,Wednesday,ATTACK,1,test,autoencoder,Wednesday_SEG_017,False,Anomaly evaluation partition (test) for threshold calibration,Strict Level 3 Benign Purity (Zero attack contamination in Train)
1379,20170705_2025,Wednesday,BENIGN,0,train,autoencoder,Wednesday_GAP_018,False,Pure benign baseline training (Level 3 Purity),Strict Level 3 Benign Purity (Zero attack contamination in Train)
1380,20170705_2026,Wednesday,ATTACK,1,test,autoencoder,Wednesday_SEG_018,False,Anomaly evaluation partition (test) for threshold calibration,Strict Level 3 Benign Purity (Zero attack contamination in Train)
1381,20170705_2027,Wednesday,BENIGN,0,train,autoencoder,Wednesday_GAP_019,False,Pure benign baseline training (Level 3 Purity),Strict Level 3 Benign Purity (Zero attack contamination in Train)
1382,20170705_2028,Wednesday,ATTACK,1,test,autoencoder,Wednesday_SEG_019,False,Anomaly evaluation partition (test) for threshold calibration,Strict Level 3 Benign Purity (Zero attack contamination in Train)
1383,20170705_2029,Wednesday,BENIGN,0,train,autoencoder,Wednesday_GAP_020,False,Pure benign baseline training (Level 3 Purity),Strict Level 3 Benign Purity (Zero attack contamination in Train)
1384,20170705_2030,Wednesday,ATTACK,1,test,autoencoder,Wednesday_SEG_020,False,Anomaly evaluation partition (test) for threshold calibration,Strict Level 3 Benign Purity (Zero attack contamination in Train)
1385,20170705_2031,Wednesday,BENIGN,0,train,autoencoder,Wednesday_GAP_021,False,Pure benign baseline training (Level 3 Purity),Strict Level 3 Benign Purity (Zero attack contamination in Train)
1386,20170705_2032,Wednesday,ATTACK,1,test,autoencoder,Wednesday_SEG_021,False,Anomaly evaluation partition (test) for threshold calibration,Strict Level 3 Benign Purity (Zero attack contamination in Train)
1387,20170705_2033,Wednesday,BENIGN,0,train,autoencoder,Wednesday_GAP_022,False,Pure benign baseline training (Level 3 Purity),Strict Level 3 Benign Purity (Zero attack contamination in Train)
1388,20170705_2034,Wednesday,BENIGN,0,train,autoencoder,Wednesday_GAP_022,False,Pure benign baseline training (Level 3 Purity),Strict Level 3 Benign Purity (Zero attack contamination in Train)
1389,20170705_2035,Wednesday,BENIGN,0,train,autoencoder,Wednesday_GAP_022,False,Pure benign baseline training (Level 3 Purity),Strict Level 3 Benign Purity (Zero attack contamination in Train)
1390,20170705_2036,Wednesday,BENIGN,0,train,autoencoder,Wednesday_GAP_022,False,Pure benign baseline training (Level 3 Purity),Strict Level 3 Benign Purity (Zero attack contamination in Train)
1391,20170705_2037,Wednesday,BENIGN,0,train,autoencoder,Wednesday_GAP_022,False,Pure benign baseline training (Level 3 Purity),Strict Level 3 Benign Purity (Zero attack contamination in Train)
1392,20170705_2038,Wednesday,BENIGN,0,train,autoencoder,Wednesday_GAP_022,False,Pure benign baseline training (Level 3 Purity),Strict Level 3 Benign Purity (Zero attack contamination in Train)
1393,20170705_2039,Wednesday,BENIGN,0,train,autoencoder,Wednesday_GAP_022,False,Pure benign baseline training (Level 3 Purity),Strict Level 3 Benign Purity (Zero attack contamination in Train)
1394,20170705_2040,Wednesday,BENIGN,0,train,autoencoder,Wednesday_GAP_022,False,Pure benign baseline training (Level 3 Purity),Strict Level 3 Benign Purity (Zero attack contamination in Train)
1395,20170705_2041,Wednesday,BENIGN,0,train,autoencoder,Wednesday_GAP_022,False,Pure benign baseline training (Level 3 Purity),Strict Level 3 Benign Purity (Zero attack contamination in Train)
1396,20170705_2042,Wednesday,BENIGN,0,train,autoencoder,Wednesday_GAP_022,False,Pure benign baseline training (Level 3 Purity),Strict Level 3 Benign Purity (Zero attack contamination in Train)
1397,20170705_2043,Wednesday,BENIGN,0,train,autoencoder,Wednesday_GAP_022,False,Pure benign baseline training (Level 3 Purity),Strict Level 3 Benign Purity (Zero attack contamination in Train)
1398,20170705_2044,Wednesday,BENIGN,0,train,autoencoder,Wednesday_GAP_022,False,Pure benign baseline training (Level 3 Purity),Strict Level 3 Benign Purity (Zero attack contamination in Train)
1399,20170705_2045,Wednesday,BENIGN,0,train,autoencoder,Wednesday_GAP_022,False,Pure benign baseline training (Level 3 Purity),Strict Level 3 Benign Purity (Zero attack contamination in Train)
1400,20170705_2046,Wednesday,BENIGN,0,train,autoencoder,Wednesday_GAP_022,False,Pure benign baseline training (Level 3 Purity),Strict Level 3 Benign Purity (Zero attack contamination in Train)
1401,20170705_2047,Wednesday,BENIGN,0,train,autoencoder,Wednesday_GAP_022,False,Pure benign baseline training (Level 3 Purity),Strict Level 3 Benign Purity (Zero attack contamination in Train)
1402,20170705_2048,Wednesday,BENIGN,0,train,autoencoder,Wednesday_GAP_022,False,Pure benign baseline training (Level 3 Purity),Strict Level 3 Benign Purity (Zero attack contamination in Train)
1403,20170705_2049,Wednesday,BENIGN,0,train,autoencoder,Wednesday_GAP_022,False,Pure benign baseline training (Level 3 Purity),Strict Level 3 Benign Purity (Zero attack contamination in Train)
1404,20170705_2050,Wednesday,BENIGN,0,train,autoencoder,Wednesday_GAP_022,False,Pure benign baseline training (Level 3 Purity),Strict Level 3 Benign Purity (Zero attack contamination in Train)
1405,20170705_2051,Wednesday,BENIGN,0,train,autoencoder,Wednesday_GAP_022,False,Pure benign baseline training (Level 3 Purity),Strict Level 3 Benign Purity (Zero attack contamination in Train)
1406,20170705_2052,Wednesday,BENIGN,0,train,autoencoder,Wednesday_GAP_022,False,Pure benign baseline training (Level 3 Purity),Strict Level 3 Benign Purity (Zero attack contamination in Train)
1407,20170705_2053,Wednesday,BENIGN,0,train,autoencoder,Wednesday_GAP_022,False,Pure benign baseline training (Level 3 Purity),Strict Level 3 Benign Purity (Zero attack contamination in Train)
1408,20170705_2054,Wednesday,BENIGN,0,train,autoencoder,Wednesday_GAP_022,False,Pure benign baseline training (Level 3 Purity),Strict Level 3 Benign Purity (Zero attack contamination in Train)
1409,20170705_2055,Wednesday,BENIGN,0,train,autoencoder,Wednesday_GAP_022,False,Pure benign baseline training (Level 3 Purity),Strict Level 3 Benign Purity (Zero attack contamination in Train)
1410,20170705_2056,Wednesday,BENIGN,0,train,autoencoder,Wednesday_GAP_022,False,Pure benign baseline training (Level 3 Purity),Strict Level 3 Benign Purity (Zero attack contamination in Train)
1411,20170705_2057,Wednesday,BENIGN,0,train,autoencoder,Wednesday_GAP_022,False,Pure benign baseline training (Level 3 Purity),Strict Level 3 Benign Purity (Zero attack contamination in Train)
1412,20170705_2058,Wednesday,BENIGN,0,train,autoencoder,Wednesday_GAP_022,False,Pure benign baseline training (Level 3 Purity),Strict Level 3 Benign Purity (Zero attack contamination in Train)
1413,20170705_2059,Wednesday,BENIGN,0,train,autoencoder,Wednesday_GAP_022,False,Pure benign baseline training (Level 3 Purity),Strict Level 3 Benign Purity (Zero attack contamination in Train)
1414,20170705_2100,Wednesday,BENIGN,0,train,autoencoder,Wednesday_GAP_022,False,Pure benign baseline training (Level 3 Purity),Strict Level 3 Benign Purity (Zero attack contamination in Train)
1415,20170705_2101,Wednesday,BENIGN,0,train,autoencoder,Wednesday_GAP_022,False,Pure benign baseline training (Level 3 Purity),Strict Level 3 Benign Purity (Zero attack contamination in Train)
1416,20170705_2102,Wednesday,BENIGN,0,train,autoencoder,Wednesday_GAP_022,False,Pure benign baseline training (Level 3 Purity),Strict Level 3 Benign Purity (Zero attack contamination in Train)
1417,20170705_2103,Wednesday,BENIGN,0,train,autoencoder,Wednesday_GAP_022,False,Pure benign baseline training (Level 3 Purity),Strict Level 3 Benign Purity (Zero attack contamination in Train)
1418,20170705_2104,Wednesday,BENIGN,0,train,autoencoder,Wednesday_GAP_022,False,Pure benign baseline training (Level 3 Purity),Strict Level 3 Benign Purity (Zero attack contamination in Train)
1419,20170705_2105,Wednesday,BENIGN,0,train,autoencoder,Wednesday_GAP_022,False,Pure benign baseline training (Level 3 Purity),Strict Level 3 Benign Purity (Zero attack contamination in Train)
1420,20170705_2106,Wednesday,BENIGN,0,train,autoencoder,Wednesday_GAP_022,False,Pure benign baseline training (Level 3 Purity),Strict Level 3 Benign Purity (Zero attack contamination in Train)
1421,20170705_2107,Wednesday,BENIGN,0,train,autoencoder,Wednesday_GAP_022,False,Pure benign baseline training (Level 3 Purity),Strict Level 3 Benign Purity (Zero attack contamination in Train)
1422,20170705_2108,Wednesday,BENIGN,0,train,autoencoder,Wednesday_GAP_022,False,Pure benign baseline training (Level 3 Purity),Strict Level 3 Benign Purity (Zero attack contamination in Train)
1423,20170705_2109,Wednesday,BENIGN,0,train,autoencoder,Wednesday_GAP_022,False,Pure benign baseline training (Level 3 Purity),Strict Level 3 Benign Purity (Zero attack contamination in Train)
1424,20170705_2110,Wednesday,BENIGN,0,train,autoencoder,Wednesday_GAP_022,False,Pure benign baseline training (Level 3 Purity),Strict Level 3 Benign Purity (Zero attack contamination in Train)
1425,20170705_2111,Wednesday,BENIGN,0,train,autoencoder,Wednesday_GAP_022,False,Pure benign baseline training (Level 3 Purity),Strict Level 3 Benign Purity (Zero attack contamination in Train)
1426,20170705_2112,Wednesday,BENIGN,0,train,autoencoder,Wednesday_GAP_022,False,Pure benign baseline training (Level 3 Purity),Strict Level 3 Benign Purity (Zero attack contamination in Train)
1427,20170705_2113,Wednesday,BENIGN,0,train,autoencoder,Wednesday_GAP_022,False,Pure benign baseline training (Level 3 Purity),Strict Level 3 Benign Purity (Zero attack contamination in Train)
1428,20170705_2114,Wednesday,BENIGN,0,train,autoencoder,Wednesday_GAP_022,False,Pure benign baseline training (Level 3 Purity),Strict Level 3 Benign Purity (Zero attack contamination in Train)
1429,20170705_2115,Wednesday,BENIGN,0,train,autoencoder,Wednesday_GAP_022,False,Pure benign baseline training (Level 3 Purity),Strict Level 3 Benign Purity (Zero attack contamination in Train)
1430,20170705_2116,Wednesday,BENIGN,0,train,autoencoder,Wednesday_GAP_022,False,Pure benign baseline training (Level 3 Purity),Strict Level 3 Benign Purity (Zero attack contamination in Train)
1431,20170705_2117,Wednesday,BENIGN,0,train,autoencoder,Wednesday_GAP_022,False,Pure benign baseline training (Level 3 Purity),Strict Level 3 Benign Purity (Zero attack contamination in Train)
1432,20170705_2118,Wednesday,BENIGN,0,train,autoencoder,Wednesday_GAP_022,False,Pure benign baseline training (Level 3 Purity),Strict Level 3 Benign Purity (Zero attack contamination in Train)
1433,20170705_2119,Wednesday,BENIGN,0,train,autoencoder,Wednesday_GAP_022,False,Pure benign baseline training (Level 3 Purity),Strict Level 3 Benign Purity (Zero attack contamination in Train)
1434,20170705_2120,Wednesday,BENIGN,0,train,autoencoder,Wednesday_GAP_022,False,Pure benign baseline training (Level 3 Purity),Strict Level 3 Benign Purity (Zero attack contamination in Train)
1435,20170705_2121,Wednesday,BENIGN,0,train,autoencoder,Wednesday_GAP_022,False,Pure benign baseline training (Level 3 Purity),Strict Level 3 Benign Purity (Zero attack contamination in Train)
1436,20170705_2122,Wednesday,BENIGN,0,train,autoencoder,Wednesday_GAP_022,False,Pure benign baseline training (Level 3 Purity),Strict Level 3 Benign Purity (Zero attack contamination in Train)
1437,20170705_2123,Wednesday,BENIGN,0,train,autoencoder,Wednesday_GAP_022,False,Pure benign baseline training (Level 3 Purity),Strict Level 3 Benign Purity (Zero attack contamination in Train)
1438,20170705_2124,Wednesday,BENIGN,0,train,autoencoder,Wednesday_GAP_022,False,Pure benign baseline training (Level 3 Purity),Strict Level 3 Benign Purity (Zero attack contamination in Train)
1439,20170705_2125,Wednesday,BENIGN,0,train,autoencoder,Wednesday_GAP_022,False,Pure benign baseline training (Level 3 Purity),Strict Level 3 Benign Purity (Zero attack contamination in Train)
1440,20170705_2126,Wednesday,BENIGN,0,train,autoencoder,Wednesday_GAP_022,False,Pure benign baseline training (Level 3 Purity),Strict Level 3 Benign Purity (Zero attack contamination in Train)
1441,20170705_2127,Wednesday,BENIGN,0,train,autoencoder,Wednesday_GAP_022,False,Pure benign baseline training (Level 3 Purity),Strict Level 3 Benign Purity (Zero attack contamination in Train)
1442,20170705_2128,Wednesday,BENIGN,0,train,autoencoder,Wednesday_GAP_022,False,Pure benign baseline training (Level 3 Purity),Strict Level 3 Benign Purity (Zero attack contamination in Train)
1443,20170705_2129,Wednesday,BENIGN,0,train,autoencoder,Wednesday_GAP_022,False,Pure benign baseline training (Level 3 Purity),Strict Level 3 Benign Purity (Zero attack contamination in Train)
1444,20170705_2130,Wednesday,BENIGN,0,train,autoencoder,Wednesday_GAP_022,False,Pure benign baseline training (Level 3 Purity),Strict Level 3 Benign Purity (Zero attack contamination in Train)
1445,20170705_2131,Wednesday,BENIGN,0,train,autoencoder,Wednesday_GAP_022,False,Pure benign baseline training (Level 3 Purity),Strict Level 3 Benign Purity (Zero attack contamination in Train)
1446,20170705_2132,Wednesday,BENIGN,0,train,autoencoder,Wednesday_GAP_022,False,Pure benign baseline training (Level 3 Purity),Strict Level 3 Benign Purity (Zero attack contamination in Train)
1447,20170705_2133,Wednesday,BENIGN,0,train,autoencoder,Wednesday_GAP_022,False,Pure benign baseline training (Level 3 Purity),Strict Level 3 Benign Purity (Zero attack contamination in Train)
1448,20170705_2134,Wednesday,BENIGN,0,train,autoencoder,Wednesday_GAP_022,False,Pure benign baseline training (Level 3 Purity),Strict Level 3 Benign Purity (Zero attack contamination in Train)
1449,20170705_2135,Wednesday,BENIGN,0,train,autoencoder,Wednesday_GAP_022,False,Pure benign baseline training (Level 3 Purity),Strict Level 3 Benign Purity (Zero attack contamination in Train)
1450,20170705_2136,Wednesday,BENIGN,0,train,autoencoder,Wednesday_GAP_022,False,Pure benign baseline training (Level 3 Purity),Strict Level 3 Benign Purity (Zero attack contamination in Train)
1451,20170705_2137,Wednesday,BENIGN,0,train,autoencoder,Wednesday_GAP_022,False,Pure benign baseline training (Level 3 Purity),Strict Level 3 Benign Purity (Zero attack contamination in Train)
1452,20170705_2138,Wednesday,BENIGN,0,train,autoencoder,Wednesday_GAP_022,False,Pure benign baseline training (Level 3 Purity),Strict Level 3 Benign Purity (Zero attack contamination in Train)
1453,20170705_2139,Wednesday,BENIGN,0,train,autoencoder,Wednesday_GAP_022,False,Pure benign baseline training (Level 3 Purity),Strict Level 3 Benign Purity (Zero attack contamination in Train)
1454,20170705_2140,Wednesday,BENIGN,0,train,autoencoder,Wednesday_GAP_022,False,Pure benign baseline training (Level 3 Purity),Strict Level 3 Benign Purity (Zero attack contamination in Train)
1455,20170705_2141,Wednesday,BENIGN,0,train,autoencoder,Wednesday_GAP_022,False,Pure benign baseline training (Level 3 Purity),Strict Level 3 Benign Purity (Zero attack contamination in Train)
1456,20170705_2142,Wednesday,BENIGN,0,validation,autoencoder,Wednesday_GAP_022,False,Unseen benign evaluation partition (validation),Strict Level 3 Benign Purity (Zero attack contamination in Train)
1457,20170705_2143,Wednesday,BENIGN,0,validation,autoencoder,Wednesday_GAP_022,False,Unseen benign evaluation partition (validation),Strict Level 3 Benign Purity (Zero attack contamination in Train)
1458,20170705_2144,Wednesday,BENIGN,0,validation,autoencoder,Wednesday_GAP_022,False,Unseen benign evaluation partition (validation),Strict Level 3 Benign Purity (Zero attack contamination in Train)
1459,20170705_2145,Wednesday,BENIGN,0,validation,autoencoder,Wednesday_GAP_022,False,Unseen benign evaluation partition (validation),Strict Level 3 Benign Purity (Zero attack contamination in Train)
1460,20170705_2146,Wednesday,BENIGN,0,validation,autoencoder,Wednesday_GAP_022,False,Unseen benign evaluation partition (validation),Strict Level 3 Benign Purity (Zero attack contamination in Train)
1461,20170705_2147,Wednesday,BENIGN,0,validation,autoencoder,Wednesday_GAP_022,False,Unseen benign evaluation partition (validation),Strict Level 3 Benign Purity (Zero attack contamination in Train)
1462,20170705_2148,Wednesday,BENIGN,0,validation,autoencoder,Wednesday_GAP_022,False,Unseen benign evaluation partition (validation),Strict Level 3 Benign Purity (Zero attack contamination in Train)
1463,20170705_2149,Wednesday,BENIGN,0,validation,autoencoder,Wednesday_GAP_022,False,Unseen benign evaluation partition (validation),Strict Level 3 Benign Purity (Zero attack contamination in Train)
1464,20170705_2150,Wednesday,BENIGN,0,validation,autoencoder,Wednesday_GAP_022,False,Unseen benign evaluation partition (validation),Strict Level 3 Benign Purity (Zero attack contamination in Train)
1465,20170705_2151,Wednesday,BENIGN,0,validation,autoencoder,Wednesday_GAP_022,False,Unseen benign evaluation partition (validation),Strict Level 3 Benign Purity (Zero attack contamination in Train)
1466,20170705_2152,Wednesday,BENIGN,0,validation,autoencoder,Wednesday_GAP_022,False,Unseen benign evaluation partition (validation),Strict Level 3 Benign Purity (Zero attack contamination in Train)
1467,20170705_2153,Wednesday,BENIGN,0,validation,autoencoder,Wednesday_GAP_022,False,Unseen benign evaluation partition (validation),Strict Level 3 Benign Purity (Zero attack contamination in Train)
1468,20170705_2154,Wednesday,BENIGN,0,validation,autoencoder,Wednesday_GAP_022,False,Unseen benign evaluation partition (validation),Strict Level 3 Benign Purity (Zero attack contamination in Train)
1469,20170705_2155,Wednesday,BENIGN,0,validation,autoencoder,Wednesday_GAP_022,False,Unseen benign evaluation partition (validation),Strict Level 3 Benign Purity (Zero attack contamination in Train)
1470,20170705_2156,Wednesday,BENIGN,0,validation,autoencoder,Wednesday_GAP_022,False,Unseen benign evaluation partition (validation),Strict Level 3 Benign Purity (Zero attack contamination in Train)
1471,20170705_2157,Wednesday,BENIGN,0,test,autoencoder,Wednesday_GAP_022,False,Unseen benign evaluation partition (test),Strict Level 3 Benign Purity (Zero attack contamination in Train)
1472,20170705_2158,Wednesday,BENIGN,0,test,autoencoder,Wednesday_GAP_022,False,Unseen benign evaluation partition (test),Strict Level 3 Benign Purity (Zero attack contamination in Train)
1473,20170705_2159,Wednesday,BENIGN,0,test,autoencoder,Wednesday_GAP_022,False,Unseen benign evaluation partition (test),Strict Level 3 Benign Purity (Zero attack contamination in Train)
1474,20170705_2200,Wednesday,BENIGN,0,test,autoencoder,Wednesday_GAP_022,False,Unseen benign evaluation partition (test),Strict Level 3 Benign Purity (Zero attack contamination in Train)
1475,20170705_2201,Wednesday,BENIGN,0,test,autoencoder,Wednesday_GAP_022,False,Unseen benign evaluation partition (test),Strict Level 3 Benign Purity (Zero attack contamination in Train)
1476,20170705_2202,Wednesday,BENIGN,0,test,autoencoder,Wednesday_GAP_022,False,Unseen benign evaluation partition (test),Strict Level 3 Benign Purity (Zero attack contamination in Train)
1477,20170705_2203,Wednesday,BENIGN,0,test,autoencoder,Wednesday_GAP_022,False,Unseen benign evaluation partition (test),Strict Level 3 Benign Purity (Zero attack contamination in Train)
1478,20170705_2204,Wednesday,BENIGN,0,test,autoencoder,Wednesday_GAP_022,False,Unseen benign evaluation partition (test),Strict Level 3 Benign Purity (Zero attack contamination in Train)
1479,20170705_2205,Wednesday,BENIGN,0,test,autoencoder,Wednesday_GAP_022,False,Unseen benign evaluation partition (test),Strict Level 3 Benign Purity (Zero attack contamination in Train)
1480,20170705_2206,Wednesday,BENIGN,0,test,autoencoder,Wednesday_GAP_022,False,Unseen benign evaluation partition (test),Strict Level 3 Benign Purity (Zero attack contamination in Train)
1481,20170705_2207,Wednesday,BENIGN,0,test,autoencoder,Wednesday_GAP_022,False,Unseen benign evaluation partition (test),Strict Level 3 Benign Purity (Zero attack contamination in Train)
1482,20170705_2208,Wednesday,BENIGN,0,test,autoencoder,Wednesday_GAP_022,False,Unseen benign evaluation partition (test),Strict Level 3 Benign Purity (Zero attack contamination in Train)
1483,20170705_2209,Wednesday,BENIGN,0,test,autoencoder,Wednesday_GAP_022,False,Unseen benign evaluation partition (test),Strict Level 3 Benign Purity (Zero attack contamination in Train)
1484,20170705_2210,Wednesday,BENIGN,0,test,autoencoder,Wednesday_GAP_022,False,Unseen benign evaluation partition (test),Strict Level 3 Benign Purity (Zero attack contamination in Train)
1485,20170706_1359,Thursday,BENIGN,0,train,autoencoder,Thursday_GAP_001,False,Pure benign baseline training (Level 3 Purity),Strict Level 3 Benign Purity (Zero attack contamination in Train)
1486,20170706_1400,Thursday,BENIGN,0,train,autoencoder,Thursday_GAP_001,False,Pure benign baseline training (Level 3 Purity),Strict Level 3 Benign Purity (Zero attack contamination in Train)
1487,20170706_1401,Thursday,BENIGN,0,train,autoencoder,Thursday_GAP_001,False,Pure benign baseline training (Level 3 Purity),Strict Level 3 Benign Purity (Zero attack contamination in Train)
1488,20170706_1402,Thursday,BENIGN,0,train,autoencoder,Thursday_GAP_001,False,Pure benign baseline training (Level 3 Purity),Strict Level 3 Benign Purity (Zero attack contamination in Train)
1489,20170706_1403,Thursday,BENIGN,0,train,autoencoder,Thursday_GAP_001,False,Pure benign baseline training (Level 3 Purity),Strict Level 3 Benign Purity (Zero attack contamination in Train)
1490,20170706_1404,Thursday,BENIGN,0,train,autoencoder,Thursday_GAP_001,False,Pure benign baseline training (Level 3 Purity),Strict Level 3 Benign Purity (Zero attack contamination in Train)
1491,20170706_1405,Thursday,BENIGN,0,train,autoencoder,Thursday_GAP_001,False,Pure benign baseline training (Level 3 Purity),Strict Level 3 Benign Purity (Zero attack contamination in Train)
1492,20170706_1406,Thursday,BENIGN,0,train,autoencoder,Thursday_GAP_001,False,Pure benign baseline training (Level 3 Purity),Strict Level 3 Benign Purity (Zero attack contamination in Train)
1493,20170706_1407,Thursday,BENIGN,0,train,autoencoder,Thursday_GAP_001,False,Pure benign baseline training (Level 3 Purity),Strict Level 3 Benign Purity (Zero attack contamination in Train)
1494,20170706_1408,Thursday,BENIGN,0,train,autoencoder,Thursday_GAP_001,False,Pure benign baseline training (Level 3 Purity),Strict Level 3 Benign Purity (Zero attack contamination in Train)
1495,20170706_1409,Thursday,BENIGN,0,train,autoencoder,Thursday_GAP_001,False,Pure benign baseline training (Level 3 Purity),Strict Level 3 Benign Purity (Zero attack contamination in Train)
1496,20170706_1410,Thursday,BENIGN,0,validation,autoencoder,Thursday_GAP_001,False,Unseen benign evaluation partition (validation),Strict Level 3 Benign Purity (Zero attack contamination in Train)
1497,20170706_1411,Thursday,BENIGN,0,validation,autoencoder,Thursday_GAP_001,False,Unseen benign evaluation partition (validation),Strict Level 3 Benign Purity (Zero attack contamination in Train)
1498,20170706_1412,Thursday,BENIGN,0,test,autoencoder,Thursday_GAP_001,False,Unseen benign evaluation partition (test),Strict Level 3 Benign Purity (Zero attack contamination in Train)
1499,20170706_1413,Thursday,BENIGN,0,test,autoencoder,Thursday_GAP_001,False,Unseen benign evaluation partition (test),Strict Level 3 Benign Purity (Zero attack contamination in Train)
1500,20170706_1414,Thursday,BENIGN,0,test,autoencoder,Thursday_GAP_001,False,Unseen benign evaluation partition (test),Strict Level 3 Benign Purity (Zero attack contamination in Train)
1501,20170706_1415,Thursday,Brute Force,1,test,autoencoder,Thursday_SEG_001,False,Anomaly evaluation partition (test) for threshold calibration,Strict Level 3 Benign Purity (Zero attack contamination in Train)
1502,20170706_1416,Thursday,Brute Force,1,test,autoencoder,Thursday_SEG_001,False,Anomaly evaluation partition (test) for threshold calibration,Strict Level 3 Benign Purity (Zero attack contamination in Train)
1503,20170706_1417,Thursday,BENIGN,0,train,autoencoder,Thursday_GAP_002,False,Pure benign baseline training (Level 3 Purity),Strict Level 3 Benign Purity (Zero attack contamination in Train)
1504,20170706_1418,Thursday,Brute Force,1,test,autoencoder,Thursday_SEG_002,False,Anomaly evaluation partition (test) for threshold calibration,Strict Level 3 Benign Purity (Zero attack contamination in Train)
1505,20170706_1419,Thursday,Brute Force,1,test,autoencoder,Thursday_SEG_002,False,Anomaly evaluation partition (test) for threshold calibration,Strict Level 3 Benign Purity (Zero attack contamination in Train)
1506,20170706_1420,Thursday,BENIGN,0,train,autoencoder,Thursday_GAP_003,False,Pure benign baseline training (Level 3 Purity),Strict Level 3 Benign Purity (Zero attack contamination in Train)
1507,20170706_1421,Thursday,Brute Force,1,test,autoencoder,Thursday_SEG_003,False,Anomaly evaluation partition (test) for threshold calibration,Strict Level 3 Benign Purity (Zero attack contamination in Train)
1508,20170706_1422,Thursday,Brute Force,1,test,autoencoder,Thursday_SEG_003,False,Anomaly evaluation partition (test) for threshold calibration,Strict Level 3 Benign Purity (Zero attack contamination in Train)
1509,20170706_1423,Thursday,Brute Force,1,test,autoencoder,Thursday_SEG_003,False,Anomaly evaluation partition (test) for threshold calibration,Strict Level 3 Benign Purity (Zero attack contamination in Train)
1510,20170706_1424,Thursday,Brute Force,1,test,autoencoder,Thursday_SEG_003,False,Anomaly evaluation partition (test) for threshold calibration,Strict Level 3 Benign Purity (Zero attack contamination in Train)
1511,20170706_1425,Thursday,Brute Force,1,test,autoencoder,Thursday_SEG_003,False,Anomaly evaluation partition (test) for threshold calibration,Strict Level 3 Benign Purity (Zero attack contamination in Train)
1512,20170706_1426,Thursday,Brute Force,1,test,autoencoder,Thursday_SEG_003,False,Anomaly evaluation partition (test) for threshold calibration,Strict Level 3 Benign Purity (Zero attack contamination in Train)
1513,20170706_1427,Thursday,Brute Force,1,test,autoencoder,Thursday_SEG_003,False,Anomaly evaluation partition (test) for threshold calibration,Strict Level 3 Benign Purity (Zero attack contamination in Train)
1514,20170706_1428,Thursday,Brute Force,1,test,autoencoder,Thursday_SEG_003,False,Anomaly evaluation partition (test) for threshold calibration,Strict Level 3 Benign Purity (Zero attack contamination in Train)
1515,20170706_1429,Thursday,Brute Force,1,test,autoencoder,Thursday_SEG_003,False,Anomaly evaluation partition (test) for threshold calibration,Strict Level 3 Benign Purity (Zero attack contamination in Train)
1516,20170706_1430,Thursday,Brute Force,1,test,autoencoder,Thursday_SEG_003,False,Anomaly evaluation partition (test) for threshold calibration,Strict Level 3 Benign Purity (Zero attack contamination in Train)
1517,20170706_1431,Thursday,Brute Force,1,test,autoencoder,Thursday_SEG_003,False,Anomaly evaluation partition (test) for threshold calibration,Strict Level 3 Benign Purity (Zero attack contamination in Train)
1518,20170706_1432,Thursday,Brute Force,1,test,autoencoder,Thursday_SEG_003,False,Anomaly evaluation partition (test) for threshold calibration,Strict Level 3 Benign Purity (Zero attack contamination in Train)
1519,20170706_1433,Thursday,Brute Force,1,test,autoencoder,Thursday_SEG_003,False,Anomaly evaluation partition (test) for threshold calibration,Strict Level 3 Benign Purity (Zero attack contamination in Train)
1520,20170706_1434,Thursday,Brute Force,1,test,autoencoder,Thursday_SEG_003,False,Anomaly evaluation partition (test) for threshold calibration,Strict Level 3 Benign Purity (Zero attack contamination in Train)
1521,20170706_1435,Thursday,Brute Force,1,test,autoencoder,Thursday_SEG_003,False,Anomaly evaluation partition (test) for threshold calibration,Strict Level 3 Benign Purity (Zero attack contamination in Train)
1522,20170706_1436,Thursday,Brute Force,1,test,autoencoder,Thursday_SEG_003,False,Anomaly evaluation partition (test) for threshold calibration,Strict Level 3 Benign Purity (Zero attack contamination in Train)
1523,20170706_1437,Thursday,Brute Force,1,test,autoencoder,Thursday_SEG_003,False,Anomaly evaluation partition (test) for threshold calibration,Strict Level 3 Benign Purity (Zero attack contamination in Train)
1524,20170706_1438,Thursday,Brute Force,1,test,autoencoder,Thursday_SEG_003,False,Anomaly evaluation partition (test) for threshold calibration,Strict Level 3 Benign Purity (Zero attack contamination in Train)
1525,20170706_1439,Thursday,Brute Force,1,test,autoencoder,Thursday_SEG_003,False,Anomaly evaluation partition (test) for threshold calibration,Strict Level 3 Benign Purity (Zero attack contamination in Train)
1526,20170706_1440,Thursday,Brute Force,1,test,autoencoder,Thursday_SEG_003,False,Anomaly evaluation partition (test) for threshold calibration,Strict Level 3 Benign Purity (Zero attack contamination in Train)
1527,20170706_1441,Thursday,Brute Force,1,test,autoencoder,Thursday_SEG_003,False,Anomaly evaluation partition (test) for threshold calibration,Strict Level 3 Benign Purity (Zero attack contamination in Train)
1528,20170706_1442,Thursday,Brute Force,1,test,autoencoder,Thursday_SEG_003,False,Anomaly evaluation partition (test) for threshold calibration,Strict Level 3 Benign Purity (Zero attack contamination in Train)
1529,20170706_1443,Thursday,Brute Force,1,test,autoencoder,Thursday_SEG_003,False,Anomaly evaluation partition (test) for threshold calibration,Strict Level 3 Benign Purity (Zero attack contamination in Train)
1530,20170706_1444,Thursday,Brute Force,1,test,autoencoder,Thursday_SEG_003,False,Anomaly evaluation partition (test) for threshold calibration,Strict Level 3 Benign Purity (Zero attack contamination in Train)
1531,20170706_1445,Thursday,Brute Force,1,test,autoencoder,Thursday_SEG_003,False,Anomaly evaluation partition (test) for threshold calibration,Strict Level 3 Benign Purity (Zero attack contamination in Train)
1532,20170706_1446,Thursday,Brute Force,1,test,autoencoder,Thursday_SEG_003,False,Anomaly evaluation partition (test) for threshold calibration,Strict Level 3 Benign Purity (Zero attack contamination in Train)
1533,20170706_1447,Thursday,Brute Force,1,test,autoencoder,Thursday_SEG_003,False,Anomaly evaluation partition (test) for threshold calibration,Strict Level 3 Benign Purity (Zero attack contamination in Train)
1534,20170706_1448,Thursday,Brute Force,1,test,autoencoder,Thursday_SEG_003,False,Anomaly evaluation partition (test) for threshold calibration,Strict Level 3 Benign Purity (Zero attack contamination in Train)
1535,20170706_1449,Thursday,Brute Force,1,test,autoencoder,Thursday_SEG_003,False,Anomaly evaluation partition (test) for threshold calibration,Strict Level 3 Benign Purity (Zero attack contamination in Train)
1536,20170706_1450,Thursday,Brute Force,1,test,autoencoder,Thursday_SEG_003,False,Anomaly evaluation partition (test) for threshold calibration,Strict Level 3 Benign Purity (Zero attack contamination in Train)
1537,20170706_1451,Thursday,Brute Force,1,test,autoencoder,Thursday_SEG_003,False,Anomaly evaluation partition (test) for threshold calibration,Strict Level 3 Benign Purity (Zero attack contamination in Train)
1538,20170706_1452,Thursday,Brute Force,1,test,autoencoder,Thursday_SEG_003,False,Anomaly evaluation partition (test) for threshold calibration,Strict Level 3 Benign Purity (Zero attack contamination in Train)
1539,20170706_1453,Thursday,Brute Force,1,test,autoencoder,Thursday_SEG_003,False,Anomaly evaluation partition (test) for threshold calibration,Strict Level 3 Benign Purity (Zero attack contamination in Train)
1540,20170706_1454,Thursday,Brute Force,1,test,autoencoder,Thursday_SEG_003,False,Anomaly evaluation partition (test) for threshold calibration,Strict Level 3 Benign Purity (Zero attack contamination in Train)
1541,20170706_1455,Thursday,Brute Force,1,test,autoencoder,Thursday_SEG_003,False,Anomaly evaluation partition (test) for threshold calibration,Strict Level 3 Benign Purity (Zero attack contamination in Train)
1542,20170706_1456,Thursday,Brute Force,1,test,autoencoder,Thursday_SEG_003,False,Anomaly evaluation partition (test) for threshold calibration,Strict Level 3 Benign Purity (Zero attack contamination in Train)
1543,20170706_1457,Thursday,Brute Force,1,test,autoencoder,Thursday_SEG_003,False,Anomaly evaluation partition (test) for threshold calibration,Strict Level 3 Benign Purity (Zero attack contamination in Train)
1544,20170706_1458,Thursday,Brute Force,1,test,autoencoder,Thursday_SEG_003,False,Anomaly evaluation partition (test) for threshold calibration,Strict Level 3 Benign Purity (Zero attack contamination in Train)
1545,20170706_1459,Thursday,Brute Force,1,test,autoencoder,Thursday_SEG_003,False,Anomaly evaluation partition (test) for threshold calibration,Strict Level 3 Benign Purity (Zero attack contamination in Train)
1546,20170706_1500,Thursday,Brute Force,1,test,autoencoder,Thursday_SEG_003,False,Anomaly evaluation partition (test) for threshold calibration,Strict Level 3 Benign Purity (Zero attack contamination in Train)
1547,20170706_1501,Thursday,BENIGN,0,train,autoencoder,Thursday_GAP_004,False,Pure benign baseline training (Level 3 Purity),Strict Level 3 Benign Purity (Zero attack contamination in Train)
1548,20170706_1502,Thursday,BENIGN,0,train,autoencoder,Thursday_GAP_004,False,Pure benign baseline training (Level 3 Purity),Strict Level 3 Benign Purity (Zero attack contamination in Train)
1549,20170706_1503,Thursday,BENIGN,0,train,autoencoder,Thursday_GAP_004,False,Pure benign baseline training (Level 3 Purity),Strict Level 3 Benign Purity (Zero attack contamination in Train)
1550,20170706_1504,Thursday,BENIGN,0,train,autoencoder,Thursday_GAP_004,False,Pure benign baseline training (Level 3 Purity),Strict Level 3 Benign Purity (Zero attack contamination in Train)
1551,20170706_1505,Thursday,BENIGN,0,train,autoencoder,Thursday_GAP_004,False,Pure benign baseline training (Level 3 Purity),Strict Level 3 Benign Purity (Zero attack contamination in Train)
1552,20170706_1506,Thursday,BENIGN,0,train,autoencoder,Thursday_GAP_004,False,Pure benign baseline training (Level 3 Purity),Strict Level 3 Benign Purity (Zero attack contamination in Train)
1553,20170706_1507,Thursday,BENIGN,0,train,autoencoder,Thursday_GAP_004,False,Pure benign baseline training (Level 3 Purity),Strict Level 3 Benign Purity (Zero attack contamination in Train)
1554,20170706_1508,Thursday,BENIGN,0,train,autoencoder,Thursday_GAP_004,False,Pure benign baseline training (Level 3 Purity),Strict Level 3 Benign Purity (Zero attack contamination in Train)
1555,20170706_1509,Thursday,BENIGN,0,train,autoencoder,Thursday_GAP_004,False,Pure benign baseline training (Level 3 Purity),Strict Level 3 Benign Purity (Zero attack contamination in Train)
1556,20170706_1510,Thursday,BENIGN,0,train,autoencoder,Thursday_GAP_004,False,Pure benign baseline training (Level 3 Purity),Strict Level 3 Benign Purity (Zero attack contamination in Train)
1557,20170706_1511,Thursday,BENIGN,0,validation,autoencoder,Thursday_GAP_004,False,Unseen benign evaluation partition (validation),Strict Level 3 Benign Purity (Zero attack contamination in Train)
1558,20170706_1512,Thursday,BENIGN,0,validation,autoencoder,Thursday_GAP_004,False,Unseen benign evaluation partition (validation),Strict Level 3 Benign Purity (Zero attack contamination in Train)
1559,20170706_1513,Thursday,BENIGN,0,test,autoencoder,Thursday_GAP_004,False,Unseen benign evaluation partition (test),Strict Level 3 Benign Purity (Zero attack contamination in Train)
1560,20170706_1514,Thursday,BENIGN,0,test,autoencoder,Thursday_GAP_004,False,Unseen benign evaluation partition (test),Strict Level 3 Benign Purity (Zero attack contamination in Train)
1561,20170706_1515,Thursday,Web Attack,1,validation,autoencoder,Thursday_SEG_004,False,Anomaly evaluation partition (validation) for threshold calibration,Strict Level 3 Benign Purity (Zero attack contamination in Train)
1562,20170706_1516,Thursday,Web Attack,1,validation,autoencoder,Thursday_SEG_004,False,Anomaly evaluation partition (validation) for threshold calibration,Strict Level 3 Benign Purity (Zero attack contamination in Train)
1563,20170706_1517,Thursday,Web Attack,1,validation,autoencoder,Thursday_SEG_004,False,Anomaly evaluation partition (validation) for threshold calibration,Strict Level 3 Benign Purity (Zero attack contamination in Train)
1564,20170706_1518,Thursday,Web Attack,1,validation,autoencoder,Thursday_SEG_004,False,Anomaly evaluation partition (validation) for threshold calibration,Strict Level 3 Benign Purity (Zero attack contamination in Train)
1565,20170706_1519,Thursday,Web Attack,1,validation,autoencoder,Thursday_SEG_004,False,Anomaly evaluation partition (validation) for threshold calibration,Strict Level 3 Benign Purity (Zero attack contamination in Train)
1566,20170706_1520,Thursday,Web Attack,1,validation,autoencoder,Thursday_SEG_004,False,Anomaly evaluation partition (validation) for threshold calibration,Strict Level 3 Benign Purity (Zero attack contamination in Train)
1567,20170706_1521,Thursday,Web Attack,1,validation,autoencoder,Thursday_SEG_004,False,Anomaly evaluation partition (validation) for threshold calibration,Strict Level 3 Benign Purity (Zero attack contamination in Train)
1568,20170706_1522,Thursday,Web Attack,1,validation,autoencoder,Thursday_SEG_004,False,Anomaly evaluation partition (validation) for threshold calibration,Strict Level 3 Benign Purity (Zero attack contamination in Train)
1569,20170706_1523,Thursday,Web Attack,1,validation,autoencoder,Thursday_SEG_004,False,Anomaly evaluation partition (validation) for threshold calibration,Strict Level 3 Benign Purity (Zero attack contamination in Train)
1570,20170706_1524,Thursday,Web Attack,1,validation,autoencoder,Thursday_SEG_004,False,Anomaly evaluation partition (validation) for threshold calibration,Strict Level 3 Benign Purity (Zero attack contamination in Train)
1571,20170706_1525,Thursday,Web Attack,1,validation,autoencoder,Thursday_SEG_004,False,Anomaly evaluation partition (validation) for threshold calibration,Strict Level 3 Benign Purity (Zero attack contamination in Train)
1572,20170706_1526,Thursday,Web Attack,1,validation,autoencoder,Thursday_SEG_004,False,Anomaly evaluation partition (validation) for threshold calibration,Strict Level 3 Benign Purity (Zero attack contamination in Train)
1573,20170706_1527,Thursday,Web Attack,1,validation,autoencoder,Thursday_SEG_004,False,Anomaly evaluation partition (validation) for threshold calibration,Strict Level 3 Benign Purity (Zero attack contamination in Train)
1574,20170706_1528,Thursday,Web Attack,1,validation,autoencoder,Thursday_SEG_004,False,Anomaly evaluation partition (validation) for threshold calibration,Strict Level 3 Benign Purity (Zero attack contamination in Train)
1575,20170706_1529,Thursday,Web Attack,1,validation,autoencoder,Thursday_SEG_004,False,Anomaly evaluation partition (validation) for threshold calibration,Strict Level 3 Benign Purity (Zero attack contamination in Train)
1576,20170706_1530,Thursday,Web Attack,1,validation,autoencoder,Thursday_SEG_004,False,Anomaly evaluation partition (validation) for threshold calibration,Strict Level 3 Benign Purity (Zero attack contamination in Train)
1577,20170706_1531,Thursday,Web Attack,1,validation,autoencoder,Thursday_SEG_004,False,Anomaly evaluation partition (validation) for threshold calibration,Strict Level 3 Benign Purity (Zero attack contamination in Train)
1578,20170706_1532,Thursday,Web Attack,1,validation,autoencoder,Thursday_SEG_004,False,Anomaly evaluation partition (validation) for threshold calibration,Strict Level 3 Benign Purity (Zero attack contamination in Train)
1579,20170706_1533,Thursday,Web Attack,1,validation,autoencoder,Thursday_SEG_004,False,Anomaly evaluation partition (validation) for threshold calibration,Strict Level 3 Benign Purity (Zero attack contamination in Train)
1580,20170706_1534,Thursday,Web Attack,1,validation,autoencoder,Thursday_SEG_004,False,Anomaly evaluation partition (validation) for threshold calibration,Strict Level 3 Benign Purity (Zero attack contamination in Train)
1581,20170706_1535,Thursday,Web Attack,1,validation,autoencoder,Thursday_SEG_004,False,Anomaly evaluation partition (validation) for threshold calibration,Strict Level 3 Benign Purity (Zero attack contamination in Train)
1582,20170706_1536,Thursday,BENIGN,0,train,autoencoder,Thursday_GAP_005,False,Pure benign baseline training (Level 3 Purity),Strict Level 3 Benign Purity (Zero attack contamination in Train)
1583,20170706_1537,Thursday,BENIGN,0,train,autoencoder,Thursday_GAP_005,False,Pure benign baseline training (Level 3 Purity),Strict Level 3 Benign Purity (Zero attack contamination in Train)
1584,20170706_1538,Thursday,BENIGN,0,train,autoencoder,Thursday_GAP_005,False,Pure benign baseline training (Level 3 Purity),Strict Level 3 Benign Purity (Zero attack contamination in Train)
1585,20170706_1539,Thursday,BENIGN,0,validation,autoencoder,Thursday_GAP_005,False,Unseen benign evaluation partition (validation),Strict Level 3 Benign Purity (Zero attack contamination in Train)
1586,20170706_1540,Thursday,Web Attack,1,test,autoencoder,Thursday_SEG_005,False,Anomaly evaluation partition (test) for threshold calibration,Strict Level 3 Benign Purity (Zero attack contamination in Train)
1587,20170706_1541,Thursday,Web Attack,1,test,autoencoder,Thursday_SEG_005,False,Anomaly evaluation partition (test) for threshold calibration,Strict Level 3 Benign Purity (Zero attack contamination in Train)
1588,20170706_1542,Thursday,Web Attack,1,test,autoencoder,Thursday_SEG_005,False,Anomaly evaluation partition (test) for threshold calibration,Strict Level 3 Benign Purity (Zero attack contamination in Train)
1589,20170706_1543,Thursday,BENIGN,0,train,autoencoder,Thursday_GAP_006,False,Pure benign baseline training (Level 3 Purity),Strict Level 3 Benign Purity (Zero attack contamination in Train)
1590,20170706_1544,Thursday,BENIGN,0,train,autoencoder,Thursday_GAP_006,False,Pure benign baseline training (Level 3 Purity),Strict Level 3 Benign Purity (Zero attack contamination in Train)
1591,20170706_1545,Thursday,BENIGN,0,train,autoencoder,Thursday_GAP_006,False,Pure benign baseline training (Level 3 Purity),Strict Level 3 Benign Purity (Zero attack contamination in Train)
1592,20170706_1546,Thursday,BENIGN,0,train,autoencoder,Thursday_GAP_006,False,Pure benign baseline training (Level 3 Purity),Strict Level 3 Benign Purity (Zero attack contamination in Train)
1593,20170706_1547,Thursday,BENIGN,0,train,autoencoder,Thursday_GAP_006,False,Pure benign baseline training (Level 3 Purity),Strict Level 3 Benign Purity (Zero attack contamination in Train)
1594,20170706_1548,Thursday,BENIGN,0,train,autoencoder,Thursday_GAP_006,False,Pure benign baseline training (Level 3 Purity),Strict Level 3 Benign Purity (Zero attack contamination in Train)
1595,20170706_1549,Thursday,BENIGN,0,train,autoencoder,Thursday_GAP_006,False,Pure benign baseline training (Level 3 Purity),Strict Level 3 Benign Purity (Zero attack contamination in Train)
1596,20170706_1550,Thursday,BENIGN,0,train,autoencoder,Thursday_GAP_006,False,Pure benign baseline training (Level 3 Purity),Strict Level 3 Benign Purity (Zero attack contamination in Train)
1597,20170706_1551,Thursday,BENIGN,0,train,autoencoder,Thursday_GAP_006,False,Pure benign baseline training (Level 3 Purity),Strict Level 3 Benign Purity (Zero attack contamination in Train)
1598,20170706_1552,Thursday,BENIGN,0,train,autoencoder,Thursday_GAP_006,False,Pure benign baseline training (Level 3 Purity),Strict Level 3 Benign Purity (Zero attack contamination in Train)
1599,20170706_1553,Thursday,BENIGN,0,train,autoencoder,Thursday_GAP_006,False,Pure benign baseline training (Level 3 Purity),Strict Level 3 Benign Purity (Zero attack contamination in Train)
1600,20170706_1554,Thursday,BENIGN,0,train,autoencoder,Thursday_GAP_006,False,Pure benign baseline training (Level 3 Purity),Strict Level 3 Benign Purity (Zero attack contamination in Train)
1601,20170706_1555,Thursday,BENIGN,0,train,autoencoder,Thursday_GAP_006,False,Pure benign baseline training (Level 3 Purity),Strict Level 3 Benign Purity (Zero attack contamination in Train)
1602,20170706_1556,Thursday,BENIGN,0,train,autoencoder,Thursday_GAP_006,False,Pure benign baseline training (Level 3 Purity),Strict Level 3 Benign Purity (Zero attack contamination in Train)
1603,20170706_1557,Thursday,BENIGN,0,train,autoencoder,Thursday_GAP_006,False,Pure benign baseline training (Level 3 Purity),Strict Level 3 Benign Purity (Zero attack contamination in Train)
1604,20170706_1558,Thursday,BENIGN,0,train,autoencoder,Thursday_GAP_006,False,Pure benign baseline training (Level 3 Purity),Strict Level 3 Benign Purity (Zero attack contamination in Train)
1605,20170706_1559,Thursday,BENIGN,0,train,autoencoder,Thursday_GAP_006,False,Pure benign baseline training (Level 3 Purity),Strict Level 3 Benign Purity (Zero attack contamination in Train)
1606,20170706_1600,Thursday,BENIGN,0,train,autoencoder,Thursday_GAP_006,False,Pure benign baseline training (Level 3 Purity),Strict Level 3 Benign Purity (Zero attack contamination in Train)
1607,20170706_1601,Thursday,BENIGN,0,train,autoencoder,Thursday_GAP_006,False,Pure benign baseline training (Level 3 Purity),Strict Level 3 Benign Purity (Zero attack contamination in Train)
1608,20170706_1602,Thursday,BENIGN,0,train,autoencoder,Thursday_GAP_006,False,Pure benign baseline training (Level 3 Purity),Strict Level 3 Benign Purity (Zero attack contamination in Train)
1609,20170706_1603,Thursday,BENIGN,0,train,autoencoder,Thursday_GAP_006,False,Pure benign baseline training (Level 3 Purity),Strict Level 3 Benign Purity (Zero attack contamination in Train)
1610,20170706_1604,Thursday,BENIGN,0,train,autoencoder,Thursday_GAP_006,False,Pure benign baseline training (Level 3 Purity),Strict Level 3 Benign Purity (Zero attack contamination in Train)
1611,20170706_1605,Thursday,BENIGN,0,train,autoencoder,Thursday_GAP_006,False,Pure benign baseline training (Level 3 Purity),Strict Level 3 Benign Purity (Zero attack contamination in Train)
1612,20170706_1606,Thursday,BENIGN,0,train,autoencoder,Thursday_GAP_006,False,Pure benign baseline training (Level 3 Purity),Strict Level 3 Benign Purity (Zero attack contamination in Train)
1613,20170706_1607,Thursday,BENIGN,0,train,autoencoder,Thursday_GAP_006,False,Pure benign baseline training (Level 3 Purity),Strict Level 3 Benign Purity (Zero attack contamination in Train)
1614,20170706_1608,Thursday,BENIGN,0,train,autoencoder,Thursday_GAP_006,False,Pure benign baseline training (Level 3 Purity),Strict Level 3 Benign Purity (Zero attack contamination in Train)
1615,20170706_1609,Thursday,BENIGN,0,train,autoencoder,Thursday_GAP_006,False,Pure benign baseline training (Level 3 Purity),Strict Level 3 Benign Purity (Zero attack contamination in Train)
1616,20170706_1610,Thursday,BENIGN,0,train,autoencoder,Thursday_GAP_006,False,Pure benign baseline training (Level 3 Purity),Strict Level 3 Benign Purity (Zero attack contamination in Train)
1617,20170706_1611,Thursday,BENIGN,0,train,autoencoder,Thursday_GAP_006,False,Pure benign baseline training (Level 3 Purity),Strict Level 3 Benign Purity (Zero attack contamination in Train)
1618,20170706_1612,Thursday,BENIGN,0,train,autoencoder,Thursday_GAP_006,False,Pure benign baseline training (Level 3 Purity),Strict Level 3 Benign Purity (Zero attack contamination in Train)
1619,20170706_1613,Thursday,BENIGN,0,train,autoencoder,Thursday_GAP_006,False,Pure benign baseline training (Level 3 Purity),Strict Level 3 Benign Purity (Zero attack contamination in Train)
1620,20170706_1614,Thursday,BENIGN,0,train,autoencoder,Thursday_GAP_006,False,Pure benign baseline training (Level 3 Purity),Strict Level 3 Benign Purity (Zero attack contamination in Train)
1621,20170706_1615,Thursday,BENIGN,0,train,autoencoder,Thursday_GAP_006,False,Pure benign baseline training (Level 3 Purity),Strict Level 3 Benign Purity (Zero attack contamination in Train)
1622,20170706_1616,Thursday,BENIGN,0,train,autoencoder,Thursday_GAP_006,False,Pure benign baseline training (Level 3 Purity),Strict Level 3 Benign Purity (Zero attack contamination in Train)
1623,20170706_1617,Thursday,BENIGN,0,train,autoencoder,Thursday_GAP_006,False,Pure benign baseline training (Level 3 Purity),Strict Level 3 Benign Purity (Zero attack contamination in Train)
1624,20170706_1618,Thursday,BENIGN,0,train,autoencoder,Thursday_GAP_006,False,Pure benign baseline training (Level 3 Purity),Strict Level 3 Benign Purity (Zero attack contamination in Train)
1625,20170706_1619,Thursday,BENIGN,0,train,autoencoder,Thursday_GAP_006,False,Pure benign baseline training (Level 3 Purity),Strict Level 3 Benign Purity (Zero attack contamination in Train)
1626,20170706_1620,Thursday,BENIGN,0,train,autoencoder,Thursday_GAP_006,False,Pure benign baseline training (Level 3 Purity),Strict Level 3 Benign Purity (Zero attack contamination in Train)
1627,20170706_1621,Thursday,BENIGN,0,train,autoencoder,Thursday_GAP_006,False,Pure benign baseline training (Level 3 Purity),Strict Level 3 Benign Purity (Zero attack contamination in Train)
1628,20170706_1622,Thursday,BENIGN,0,train,autoencoder,Thursday_GAP_006,False,Pure benign baseline training (Level 3 Purity),Strict Level 3 Benign Purity (Zero attack contamination in Train)
1629,20170706_1623,Thursday,BENIGN,0,train,autoencoder,Thursday_GAP_006,False,Pure benign baseline training (Level 3 Purity),Strict Level 3 Benign Purity (Zero attack contamination in Train)
1630,20170706_1624,Thursday,BENIGN,0,train,autoencoder,Thursday_GAP_006,False,Pure benign baseline training (Level 3 Purity),Strict Level 3 Benign Purity (Zero attack contamination in Train)
1631,20170706_1625,Thursday,BENIGN,0,train,autoencoder,Thursday_GAP_006,False,Pure benign baseline training (Level 3 Purity),Strict Level 3 Benign Purity (Zero attack contamination in Train)
1632,20170706_1626,Thursday,BENIGN,0,train,autoencoder,Thursday_GAP_006,False,Pure benign baseline training (Level 3 Purity),Strict Level 3 Benign Purity (Zero attack contamination in Train)
1633,20170706_1627,Thursday,BENIGN,0,train,autoencoder,Thursday_GAP_006,False,Pure benign baseline training (Level 3 Purity),Strict Level 3 Benign Purity (Zero attack contamination in Train)
1634,20170706_1628,Thursday,BENIGN,0,train,autoencoder,Thursday_GAP_006,False,Pure benign baseline training (Level 3 Purity),Strict Level 3 Benign Purity (Zero attack contamination in Train)
1635,20170706_1629,Thursday,BENIGN,0,train,autoencoder,Thursday_GAP_006,False,Pure benign baseline training (Level 3 Purity),Strict Level 3 Benign Purity (Zero attack contamination in Train)
1636,20170706_1630,Thursday,BENIGN,0,train,autoencoder,Thursday_GAP_006,False,Pure benign baseline training (Level 3 Purity),Strict Level 3 Benign Purity (Zero attack contamination in Train)
1637,20170706_1631,Thursday,BENIGN,0,train,autoencoder,Thursday_GAP_006,False,Pure benign baseline training (Level 3 Purity),Strict Level 3 Benign Purity (Zero attack contamination in Train)
1638,20170706_1632,Thursday,BENIGN,0,train,autoencoder,Thursday_GAP_006,False,Pure benign baseline training (Level 3 Purity),Strict Level 3 Benign Purity (Zero attack contamination in Train)
1639,20170706_1633,Thursday,BENIGN,0,train,autoencoder,Thursday_GAP_006,False,Pure benign baseline training (Level 3 Purity),Strict Level 3 Benign Purity (Zero attack contamination in Train)
1640,20170706_1634,Thursday,BENIGN,0,train,autoencoder,Thursday_GAP_006,False,Pure benign baseline training (Level 3 Purity),Strict Level 3 Benign Purity (Zero attack contamination in Train)
1641,20170706_1635,Thursday,BENIGN,0,train,autoencoder,Thursday_GAP_006,False,Pure benign baseline training (Level 3 Purity),Strict Level 3 Benign Purity (Zero attack contamination in Train)
1642,20170706_1636,Thursday,BENIGN,0,train,autoencoder,Thursday_GAP_006,False,Pure benign baseline training (Level 3 Purity),Strict Level 3 Benign Purity (Zero attack contamination in Train)
1643,20170706_1637,Thursday,BENIGN,0,train,autoencoder,Thursday_GAP_006,False,Pure benign baseline training (Level 3 Purity),Strict Level 3 Benign Purity (Zero attack contamination in Train)
1644,20170706_1638,Thursday,BENIGN,0,train,autoencoder,Thursday_GAP_006,False,Pure benign baseline training (Level 3 Purity),Strict Level 3 Benign Purity (Zero attack contamination in Train)
1645,20170706_1639,Thursday,BENIGN,0,train,autoencoder,Thursday_GAP_006,False,Pure benign baseline training (Level 3 Purity),Strict Level 3 Benign Purity (Zero attack contamination in Train)
1646,20170706_1640,Thursday,BENIGN,0,train,autoencoder,Thursday_GAP_006,False,Pure benign baseline training (Level 3 Purity),Strict Level 3 Benign Purity (Zero attack contamination in Train)
1647,20170706_1641,Thursday,BENIGN,0,train,autoencoder,Thursday_GAP_006,False,Pure benign baseline training (Level 3 Purity),Strict Level 3 Benign Purity (Zero attack contamination in Train)
1648,20170706_1642,Thursday,BENIGN,0,train,autoencoder,Thursday_GAP_006,False,Pure benign baseline training (Level 3 Purity),Strict Level 3 Benign Purity (Zero attack contamination in Train)
1649,20170706_1643,Thursday,BENIGN,0,train,autoencoder,Thursday_GAP_006,False,Pure benign baseline training (Level 3 Purity),Strict Level 3 Benign Purity (Zero attack contamination in Train)
1650,20170706_1644,Thursday,BENIGN,0,train,autoencoder,Thursday_GAP_006,False,Pure benign baseline training (Level 3 Purity),Strict Level 3 Benign Purity (Zero attack contamination in Train)
1651,20170706_1645,Thursday,BENIGN,0,train,autoencoder,Thursday_GAP_006,False,Pure benign baseline training (Level 3 Purity),Strict Level 3 Benign Purity (Zero attack contamination in Train)
1652,20170706_1646,Thursday,BENIGN,0,train,autoencoder,Thursday_GAP_006,False,Pure benign baseline training (Level 3 Purity),Strict Level 3 Benign Purity (Zero attack contamination in Train)
1653,20170706_1647,Thursday,BENIGN,0,train,autoencoder,Thursday_GAP_006,False,Pure benign baseline training (Level 3 Purity),Strict Level 3 Benign Purity (Zero attack contamination in Train)
1654,20170706_1648,Thursday,BENIGN,0,train,autoencoder,Thursday_GAP_006,False,Pure benign baseline training (Level 3 Purity),Strict Level 3 Benign Purity (Zero attack contamination in Train)
1655,20170706_1649,Thursday,BENIGN,0,train,autoencoder,Thursday_GAP_006,False,Pure benign baseline training (Level 3 Purity),Strict Level 3 Benign Purity (Zero attack contamination in Train)
1656,20170706_1650,Thursday,BENIGN,0,train,autoencoder,Thursday_GAP_006,False,Pure benign baseline training (Level 3 Purity),Strict Level 3 Benign Purity (Zero attack contamination in Train)
1657,20170706_1651,Thursday,BENIGN,0,train,autoencoder,Thursday_GAP_006,False,Pure benign baseline training (Level 3 Purity),Strict Level 3 Benign Purity (Zero attack contamination in Train)
1658,20170706_1652,Thursday,BENIGN,0,train,autoencoder,Thursday_GAP_006,False,Pure benign baseline training (Level 3 Purity),Strict Level 3 Benign Purity (Zero attack contamination in Train)
1659,20170706_1653,Thursday,BENIGN,0,train,autoencoder,Thursday_GAP_006,False,Pure benign baseline training (Level 3 Purity),Strict Level 3 Benign Purity (Zero attack contamination in Train)
1660,20170706_1654,Thursday,BENIGN,0,train,autoencoder,Thursday_GAP_006,False,Pure benign baseline training (Level 3 Purity),Strict Level 3 Benign Purity (Zero attack contamination in Train)
1661,20170706_1655,Thursday,BENIGN,0,train,autoencoder,Thursday_GAP_006,False,Pure benign baseline training (Level 3 Purity),Strict Level 3 Benign Purity (Zero attack contamination in Train)
1662,20170706_1656,Thursday,BENIGN,0,train,autoencoder,Thursday_GAP_006,False,Pure benign baseline training (Level 3 Purity),Strict Level 3 Benign Purity (Zero attack contamination in Train)
1663,20170706_1657,Thursday,BENIGN,0,train,autoencoder,Thursday_GAP_006,False,Pure benign baseline training (Level 3 Purity),Strict Level 3 Benign Purity (Zero attack contamination in Train)
1664,20170706_1658,Thursday,BENIGN,0,train,autoencoder,Thursday_GAP_006,False,Pure benign baseline training (Level 3 Purity),Strict Level 3 Benign Purity (Zero attack contamination in Train)
1665,20170706_1659,Thursday,BENIGN,0,train,autoencoder,Thursday_GAP_006,False,Pure benign baseline training (Level 3 Purity),Strict Level 3 Benign Purity (Zero attack contamination in Train)
1666,20170706_1700,Thursday,BENIGN,0,train,autoencoder,Thursday_GAP_006,False,Pure benign baseline training (Level 3 Purity),Strict Level 3 Benign Purity (Zero attack contamination in Train)
1667,20170706_1701,Thursday,BENIGN,0,train,autoencoder,Thursday_GAP_006,False,Pure benign baseline training (Level 3 Purity),Strict Level 3 Benign Purity (Zero attack contamination in Train)
1668,20170706_1702,Thursday,BENIGN,0,train,autoencoder,Thursday_GAP_006,False,Pure benign baseline training (Level 3 Purity),Strict Level 3 Benign Purity (Zero attack contamination in Train)
1669,20170706_1703,Thursday,BENIGN,0,train,autoencoder,Thursday_GAP_006,False,Pure benign baseline training (Level 3 Purity),Strict Level 3 Benign Purity (Zero attack contamination in Train)
1670,20170706_1704,Thursday,BENIGN,0,train,autoencoder,Thursday_GAP_006,False,Pure benign baseline training (Level 3 Purity),Strict Level 3 Benign Purity (Zero attack contamination in Train)
1671,20170706_1705,Thursday,BENIGN,0,train,autoencoder,Thursday_GAP_006,False,Pure benign baseline training (Level 3 Purity),Strict Level 3 Benign Purity (Zero attack contamination in Train)
1672,20170706_1706,Thursday,BENIGN,0,train,autoencoder,Thursday_GAP_006,False,Pure benign baseline training (Level 3 Purity),Strict Level 3 Benign Purity (Zero attack contamination in Train)
1673,20170706_1707,Thursday,BENIGN,0,train,autoencoder,Thursday_GAP_006,False,Pure benign baseline training (Level 3 Purity),Strict Level 3 Benign Purity (Zero attack contamination in Train)
1674,20170706_1708,Thursday,BENIGN,0,train,autoencoder,Thursday_GAP_006,False,Pure benign baseline training (Level 3 Purity),Strict Level 3 Benign Purity (Zero attack contamination in Train)
1675,20170706_1709,Thursday,BENIGN,0,train,autoencoder,Thursday_GAP_006,False,Pure benign baseline training (Level 3 Purity),Strict Level 3 Benign Purity (Zero attack contamination in Train)
1676,20170706_1710,Thursday,BENIGN,0,train,autoencoder,Thursday_GAP_006,False,Pure benign baseline training (Level 3 Purity),Strict Level 3 Benign Purity (Zero attack contamination in Train)
1677,20170706_1711,Thursday,BENIGN,0,train,autoencoder,Thursday_GAP_006,False,Pure benign baseline training (Level 3 Purity),Strict Level 3 Benign Purity (Zero attack contamination in Train)
1678,20170706_1712,Thursday,BENIGN,0,train,autoencoder,Thursday_GAP_006,False,Pure benign baseline training (Level 3 Purity),Strict Level 3 Benign Purity (Zero attack contamination in Train)
1679,20170706_1713,Thursday,BENIGN,0,train,autoencoder,Thursday_GAP_006,False,Pure benign baseline training (Level 3 Purity),Strict Level 3 Benign Purity (Zero attack contamination in Train)
1680,20170706_1714,Thursday,BENIGN,0,train,autoencoder,Thursday_GAP_006,False,Pure benign baseline training (Level 3 Purity),Strict Level 3 Benign Purity (Zero attack contamination in Train)
1681,20170706_1715,Thursday,BENIGN,0,train,autoencoder,Thursday_GAP_006,False,Pure benign baseline training (Level 3 Purity),Strict Level 3 Benign Purity (Zero attack contamination in Train)
1682,20170706_1716,Thursday,BENIGN,0,train,autoencoder,Thursday_GAP_006,False,Pure benign baseline training (Level 3 Purity),Strict Level 3 Benign Purity (Zero attack contamination in Train)
1683,20170706_1717,Thursday,BENIGN,0,train,autoencoder,Thursday_GAP_006,False,Pure benign baseline training (Level 3 Purity),Strict Level 3 Benign Purity (Zero attack contamination in Train)
1684,20170706_1718,Thursday,BENIGN,0,train,autoencoder,Thursday_GAP_006,False,Pure benign baseline training (Level 3 Purity),Strict Level 3 Benign Purity (Zero attack contamination in Train)
1685,20170706_1719,Thursday,BENIGN,0,train,autoencoder,Thursday_GAP_006,False,Pure benign baseline training (Level 3 Purity),Strict Level 3 Benign Purity (Zero attack contamination in Train)
1686,20170706_1720,Thursday,BENIGN,0,train,autoencoder,Thursday_GAP_006,False,Pure benign baseline training (Level 3 Purity),Strict Level 3 Benign Purity (Zero attack contamination in Train)
1687,20170706_1721,Thursday,BENIGN,0,train,autoencoder,Thursday_GAP_006,False,Pure benign baseline training (Level 3 Purity),Strict Level 3 Benign Purity (Zero attack contamination in Train)
1688,20170706_1722,Thursday,BENIGN,0,train,autoencoder,Thursday_GAP_006,False,Pure benign baseline training (Level 3 Purity),Strict Level 3 Benign Purity (Zero attack contamination in Train)
1689,20170706_1723,Thursday,BENIGN,0,train,autoencoder,Thursday_GAP_006,False,Pure benign baseline training (Level 3 Purity),Strict Level 3 Benign Purity (Zero attack contamination in Train)
1690,20170706_1724,Thursday,BENIGN,0,train,autoencoder,Thursday_GAP_006,False,Pure benign baseline training (Level 3 Purity),Strict Level 3 Benign Purity (Zero attack contamination in Train)
1691,20170706_1725,Thursday,BENIGN,0,train,autoencoder,Thursday_GAP_006,False,Pure benign baseline training (Level 3 Purity),Strict Level 3 Benign Purity (Zero attack contamination in Train)
1692,20170706_1726,Thursday,BENIGN,0,train,autoencoder,Thursday_GAP_006,False,Pure benign baseline training (Level 3 Purity),Strict Level 3 Benign Purity (Zero attack contamination in Train)
1693,20170706_1727,Thursday,BENIGN,0,train,autoencoder,Thursday_GAP_006,False,Pure benign baseline training (Level 3 Purity),Strict Level 3 Benign Purity (Zero attack contamination in Train)
1694,20170706_1728,Thursday,BENIGN,0,train,autoencoder,Thursday_GAP_006,False,Pure benign baseline training (Level 3 Purity),Strict Level 3 Benign Purity (Zero attack contamination in Train)
1695,20170706_1729,Thursday,BENIGN,0,train,autoencoder,Thursday_GAP_006,False,Pure benign baseline training (Level 3 Purity),Strict Level 3 Benign Purity (Zero attack contamination in Train)
1696,20170706_1730,Thursday,BENIGN,0,train,autoencoder,Thursday_GAP_006,False,Pure benign baseline training (Level 3 Purity),Strict Level 3 Benign Purity (Zero attack contamination in Train)
1697,20170706_1731,Thursday,BENIGN,0,train,autoencoder,Thursday_GAP_006,False,Pure benign baseline training (Level 3 Purity),Strict Level 3 Benign Purity (Zero attack contamination in Train)
1698,20170706_1732,Thursday,BENIGN,0,train,autoencoder,Thursday_GAP_006,False,Pure benign baseline training (Level 3 Purity),Strict Level 3 Benign Purity (Zero attack contamination in Train)
1699,20170706_1733,Thursday,BENIGN,0,train,autoencoder,Thursday_GAP_006,False,Pure benign baseline training (Level 3 Purity),Strict Level 3 Benign Purity (Zero attack contamination in Train)
1700,20170706_1734,Thursday,BENIGN,0,train,autoencoder,Thursday_GAP_006,False,Pure benign baseline training (Level 3 Purity),Strict Level 3 Benign Purity (Zero attack contamination in Train)
1701,20170706_1735,Thursday,BENIGN,0,train,autoencoder,Thursday_GAP_006,False,Pure benign baseline training (Level 3 Purity),Strict Level 3 Benign Purity (Zero attack contamination in Train)
1702,20170706_1736,Thursday,BENIGN,0,train,autoencoder,Thursday_GAP_006,False,Pure benign baseline training (Level 3 Purity),Strict Level 3 Benign Purity (Zero attack contamination in Train)
1703,20170706_1737,Thursday,BENIGN,0,train,autoencoder,Thursday_GAP_006,False,Pure benign baseline training (Level 3 Purity),Strict Level 3 Benign Purity (Zero attack contamination in Train)
1704,20170706_1738,Thursday,BENIGN,0,train,autoencoder,Thursday_GAP_006,False,Pure benign baseline training (Level 3 Purity),Strict Level 3 Benign Purity (Zero attack contamination in Train)
1705,20170706_1739,Thursday,BENIGN,0,train,autoencoder,Thursday_GAP_006,False,Pure benign baseline training (Level 3 Purity),Strict Level 3 Benign Purity (Zero attack contamination in Train)
1706,20170706_1740,Thursday,BENIGN,0,train,autoencoder,Thursday_GAP_006,False,Pure benign baseline training (Level 3 Purity),Strict Level 3 Benign Purity (Zero attack contamination in Train)
1707,20170706_1741,Thursday,BENIGN,0,train,autoencoder,Thursday_GAP_006,False,Pure benign baseline training (Level 3 Purity),Strict Level 3 Benign Purity (Zero attack contamination in Train)
1708,20170706_1742,Thursday,BENIGN,0,train,autoencoder,Thursday_GAP_006,False,Pure benign baseline training (Level 3 Purity),Strict Level 3 Benign Purity (Zero attack contamination in Train)
1709,20170706_1743,Thursday,BENIGN,0,train,autoencoder,Thursday_GAP_006,False,Pure benign baseline training (Level 3 Purity),Strict Level 3 Benign Purity (Zero attack contamination in Train)
1710,20170706_1744,Thursday,BENIGN,0,train,autoencoder,Thursday_GAP_006,False,Pure benign baseline training (Level 3 Purity),Strict Level 3 Benign Purity (Zero attack contamination in Train)
1711,20170706_1745,Thursday,BENIGN,0,train,autoencoder,Thursday_GAP_006,False,Pure benign baseline training (Level 3 Purity),Strict Level 3 Benign Purity (Zero attack contamination in Train)
1712,20170706_1746,Thursday,BENIGN,0,train,autoencoder,Thursday_GAP_006,False,Pure benign baseline training (Level 3 Purity),Strict Level 3 Benign Purity (Zero attack contamination in Train)
1713,20170706_1747,Thursday,BENIGN,0,train,autoencoder,Thursday_GAP_006,False,Pure benign baseline training (Level 3 Purity),Strict Level 3 Benign Purity (Zero attack contamination in Train)
1714,20170706_1748,Thursday,BENIGN,0,train,autoencoder,Thursday_GAP_006,False,Pure benign baseline training (Level 3 Purity),Strict Level 3 Benign Purity (Zero attack contamination in Train)
1715,20170706_1749,Thursday,BENIGN,0,train,autoencoder,Thursday_GAP_006,False,Pure benign baseline training (Level 3 Purity),Strict Level 3 Benign Purity (Zero attack contamination in Train)
1716,20170706_1750,Thursday,BENIGN,0,train,autoencoder,Thursday_GAP_006,False,Pure benign baseline training (Level 3 Purity),Strict Level 3 Benign Purity (Zero attack contamination in Train)
1717,20170706_1751,Thursday,BENIGN,0,train,autoencoder,Thursday_GAP_006,False,Pure benign baseline training (Level 3 Purity),Strict Level 3 Benign Purity (Zero attack contamination in Train)
1718,20170706_1752,Thursday,BENIGN,0,train,autoencoder,Thursday_GAP_006,False,Pure benign baseline training (Level 3 Purity),Strict Level 3 Benign Purity (Zero attack contamination in Train)
1719,20170706_1753,Thursday,BENIGN,0,train,autoencoder,Thursday_GAP_006,False,Pure benign baseline training (Level 3 Purity),Strict Level 3 Benign Purity (Zero attack contamination in Train)
1720,20170706_1754,Thursday,BENIGN,0,train,autoencoder,Thursday_GAP_006,False,Pure benign baseline training (Level 3 Purity),Strict Level 3 Benign Purity (Zero attack contamination in Train)
1721,20170706_1755,Thursday,BENIGN,0,train,autoencoder,Thursday_GAP_006,False,Pure benign baseline training (Level 3 Purity),Strict Level 3 Benign Purity (Zero attack contamination in Train)
1722,20170706_1756,Thursday,BENIGN,0,train,autoencoder,Thursday_GAP_006,False,Pure benign baseline training (Level 3 Purity),Strict Level 3 Benign Purity (Zero attack contamination in Train)
1723,20170706_1757,Thursday,BENIGN,0,train,autoencoder,Thursday_GAP_006,False,Pure benign baseline training (Level 3 Purity),Strict Level 3 Benign Purity (Zero attack contamination in Train)
1724,20170706_1758,Thursday,BENIGN,0,train,autoencoder,Thursday_GAP_006,False,Pure benign baseline training (Level 3 Purity),Strict Level 3 Benign Purity (Zero attack contamination in Train)
1725,20170706_1759,Thursday,BENIGN,0,train,autoencoder,Thursday_GAP_006,False,Pure benign baseline training (Level 3 Purity),Strict Level 3 Benign Purity (Zero attack contamination in Train)
1726,20170706_1800,Thursday,BENIGN,0,train,autoencoder,Thursday_GAP_006,False,Pure benign baseline training (Level 3 Purity),Strict Level 3 Benign Purity (Zero attack contamination in Train)
1727,20170706_1801,Thursday,BENIGN,0,train,autoencoder,Thursday_GAP_006,False,Pure benign baseline training (Level 3 Purity),Strict Level 3 Benign Purity (Zero attack contamination in Train)
1728,20170706_1802,Thursday,BENIGN,0,train,autoencoder,Thursday_GAP_006,False,Pure benign baseline training (Level 3 Purity),Strict Level 3 Benign Purity (Zero attack contamination in Train)
1729,20170706_1803,Thursday,BENIGN,0,train,autoencoder,Thursday_GAP_006,False,Pure benign baseline training (Level 3 Purity),Strict Level 3 Benign Purity (Zero attack contamination in Train)
1730,20170706_1804,Thursday,BENIGN,0,train,autoencoder,Thursday_GAP_006,False,Pure benign baseline training (Level 3 Purity),Strict Level 3 Benign Purity (Zero attack contamination in Train)
1731,20170706_1805,Thursday,BENIGN,0,train,autoencoder,Thursday_GAP_006,False,Pure benign baseline training (Level 3 Purity),Strict Level 3 Benign Purity (Zero attack contamination in Train)
1732,20170706_1806,Thursday,BENIGN,0,train,autoencoder,Thursday_GAP_006,False,Pure benign baseline training (Level 3 Purity),Strict Level 3 Benign Purity (Zero attack contamination in Train)
1733,20170706_1807,Thursday,BENIGN,0,train,autoencoder,Thursday_GAP_006,False,Pure benign baseline training (Level 3 Purity),Strict Level 3 Benign Purity (Zero attack contamination in Train)
1734,20170706_1808,Thursday,BENIGN,0,train,autoencoder,Thursday_GAP_006,False,Pure benign baseline training (Level 3 Purity),Strict Level 3 Benign Purity (Zero attack contamination in Train)
1735,20170706_1809,Thursday,BENIGN,0,train,autoencoder,Thursday_GAP_006,False,Pure benign baseline training (Level 3 Purity),Strict Level 3 Benign Purity (Zero attack contamination in Train)
1736,20170706_1810,Thursday,BENIGN,0,train,autoencoder,Thursday_GAP_006,False,Pure benign baseline training (Level 3 Purity),Strict Level 3 Benign Purity (Zero attack contamination in Train)
1737,20170706_1811,Thursday,BENIGN,0,train,autoencoder,Thursday_GAP_006,False,Pure benign baseline training (Level 3 Purity),Strict Level 3 Benign Purity (Zero attack contamination in Train)
1738,20170706_1812,Thursday,BENIGN,0,train,autoencoder,Thursday_GAP_006,False,Pure benign baseline training (Level 3 Purity),Strict Level 3 Benign Purity (Zero attack contamination in Train)
1739,20170706_1813,Thursday,BENIGN,0,train,autoencoder,Thursday_GAP_006,False,Pure benign baseline training (Level 3 Purity),Strict Level 3 Benign Purity (Zero attack contamination in Train)
1740,20170706_1814,Thursday,BENIGN,0,validation,autoencoder,Thursday_GAP_006,False,Unseen benign evaluation partition (validation),Strict Level 3 Benign Purity (Zero attack contamination in Train)
1741,20170706_1815,Thursday,BENIGN,0,validation,autoencoder,Thursday_GAP_006,False,Unseen benign evaluation partition (validation),Strict Level 3 Benign Purity (Zero attack contamination in Train)
1742,20170706_1816,Thursday,BENIGN,0,validation,autoencoder,Thursday_GAP_006,False,Unseen benign evaluation partition (validation),Strict Level 3 Benign Purity (Zero attack contamination in Train)
1743,20170706_1817,Thursday,BENIGN,0,validation,autoencoder,Thursday_GAP_006,False,Unseen benign evaluation partition (validation),Strict Level 3 Benign Purity (Zero attack contamination in Train)
1744,20170706_1818,Thursday,BENIGN,0,validation,autoencoder,Thursday_GAP_006,False,Unseen benign evaluation partition (validation),Strict Level 3 Benign Purity (Zero attack contamination in Train)
1745,20170706_1819,Thursday,BENIGN,0,validation,autoencoder,Thursday_GAP_006,False,Unseen benign evaluation partition (validation),Strict Level 3 Benign Purity (Zero attack contamination in Train)
1746,20170706_1820,Thursday,BENIGN,0,validation,autoencoder,Thursday_GAP_006,False,Unseen benign evaluation partition (validation),Strict Level 3 Benign Purity (Zero attack contamination in Train)
1747,20170706_1821,Thursday,BENIGN,0,validation,autoencoder,Thursday_GAP_006,False,Unseen benign evaluation partition (validation),Strict Level 3 Benign Purity (Zero attack contamination in Train)
1748,20170706_1822,Thursday,BENIGN,0,validation,autoencoder,Thursday_GAP_006,False,Unseen benign evaluation partition (validation),Strict Level 3 Benign Purity (Zero attack contamination in Train)
1749,20170706_1823,Thursday,BENIGN,0,validation,autoencoder,Thursday_GAP_006,False,Unseen benign evaluation partition (validation),Strict Level 3 Benign Purity (Zero attack contamination in Train)
1750,20170706_1824,Thursday,BENIGN,0,validation,autoencoder,Thursday_GAP_006,False,Unseen benign evaluation partition (validation),Strict Level 3 Benign Purity (Zero attack contamination in Train)
1751,20170706_1825,Thursday,BENIGN,0,validation,autoencoder,Thursday_GAP_006,False,Unseen benign evaluation partition (validation),Strict Level 3 Benign Purity (Zero attack contamination in Train)
1752,20170706_1826,Thursday,BENIGN,0,validation,autoencoder,Thursday_GAP_006,False,Unseen benign evaluation partition (validation),Strict Level 3 Benign Purity (Zero attack contamination in Train)
1753,20170706_1827,Thursday,BENIGN,0,validation,autoencoder,Thursday_GAP_006,False,Unseen benign evaluation partition (validation),Strict Level 3 Benign Purity (Zero attack contamination in Train)
1754,20170706_1828,Thursday,BENIGN,0,validation,autoencoder,Thursday_GAP_006,False,Unseen benign evaluation partition (validation),Strict Level 3 Benign Purity (Zero attack contamination in Train)
1755,20170706_1829,Thursday,BENIGN,0,validation,autoencoder,Thursday_GAP_006,False,Unseen benign evaluation partition (validation),Strict Level 3 Benign Purity (Zero attack contamination in Train)
1756,20170706_1830,Thursday,BENIGN,0,validation,autoencoder,Thursday_GAP_006,False,Unseen benign evaluation partition (validation),Strict Level 3 Benign Purity (Zero attack contamination in Train)
1757,20170706_1831,Thursday,BENIGN,0,validation,autoencoder,Thursday_GAP_006,False,Unseen benign evaluation partition (validation),Strict Level 3 Benign Purity (Zero attack contamination in Train)
1758,20170706_1832,Thursday,BENIGN,0,validation,autoencoder,Thursday_GAP_006,False,Unseen benign evaluation partition (validation),Strict Level 3 Benign Purity (Zero attack contamination in Train)
1759,20170706_1833,Thursday,BENIGN,0,validation,autoencoder,Thursday_GAP_006,False,Unseen benign evaluation partition (validation),Strict Level 3 Benign Purity (Zero attack contamination in Train)
1760,20170706_1834,Thursday,BENIGN,0,validation,autoencoder,Thursday_GAP_006,False,Unseen benign evaluation partition (validation),Strict Level 3 Benign Purity (Zero attack contamination in Train)
1761,20170706_1835,Thursday,BENIGN,0,validation,autoencoder,Thursday_GAP_006,False,Unseen benign evaluation partition (validation),Strict Level 3 Benign Purity (Zero attack contamination in Train)
1762,20170706_1836,Thursday,BENIGN,0,validation,autoencoder,Thursday_GAP_006,False,Unseen benign evaluation partition (validation),Strict Level 3 Benign Purity (Zero attack contamination in Train)
1763,20170706_1837,Thursday,BENIGN,0,validation,autoencoder,Thursday_GAP_006,False,Unseen benign evaluation partition (validation),Strict Level 3 Benign Purity (Zero attack contamination in Train)
1764,20170706_1838,Thursday,BENIGN,0,validation,autoencoder,Thursday_GAP_006,False,Unseen benign evaluation partition (validation),Strict Level 3 Benign Purity (Zero attack contamination in Train)
1765,20170706_1839,Thursday,BENIGN,0,validation,autoencoder,Thursday_GAP_006,False,Unseen benign evaluation partition (validation),Strict Level 3 Benign Purity (Zero attack contamination in Train)
1766,20170706_1840,Thursday,BENIGN,0,validation,autoencoder,Thursday_GAP_006,False,Unseen benign evaluation partition (validation),Strict Level 3 Benign Purity (Zero attack contamination in Train)
1767,20170706_1841,Thursday,BENIGN,0,validation,autoencoder,Thursday_GAP_006,False,Unseen benign evaluation partition (validation),Strict Level 3 Benign Purity (Zero attack contamination in Train)
1768,20170706_1842,Thursday,BENIGN,0,validation,autoencoder,Thursday_GAP_006,False,Unseen benign evaluation partition (validation),Strict Level 3 Benign Purity (Zero attack contamination in Train)
1769,20170706_1843,Thursday,BENIGN,0,validation,autoencoder,Thursday_GAP_006,False,Unseen benign evaluation partition (validation),Strict Level 3 Benign Purity (Zero attack contamination in Train)
1770,20170706_1844,Thursday,BENIGN,0,validation,autoencoder,Thursday_GAP_006,False,Unseen benign evaluation partition (validation),Strict Level 3 Benign Purity (Zero attack contamination in Train)
1771,20170706_1845,Thursday,BENIGN,0,validation,autoencoder,Thursday_GAP_006,False,Unseen benign evaluation partition (validation),Strict Level 3 Benign Purity (Zero attack contamination in Train)
1772,20170706_1846,Thursday,BENIGN,0,test,autoencoder,Thursday_GAP_006,False,Unseen benign evaluation partition (test),Strict Level 3 Benign Purity (Zero attack contamination in Train)
1773,20170706_1847,Thursday,BENIGN,0,test,autoencoder,Thursday_GAP_006,False,Unseen benign evaluation partition (test),Strict Level 3 Benign Purity (Zero attack contamination in Train)
1774,20170706_1848,Thursday,BENIGN,0,test,autoencoder,Thursday_GAP_006,False,Unseen benign evaluation partition (test),Strict Level 3 Benign Purity (Zero attack contamination in Train)
1775,20170706_1849,Thursday,BENIGN,0,test,autoencoder,Thursday_GAP_006,False,Unseen benign evaluation partition (test),Strict Level 3 Benign Purity (Zero attack contamination in Train)
1776,20170706_1850,Thursday,BENIGN,0,test,autoencoder,Thursday_GAP_006,False,Unseen benign evaluation partition (test),Strict Level 3 Benign Purity (Zero attack contamination in Train)
1777,20170706_1851,Thursday,BENIGN,0,test,autoencoder,Thursday_GAP_006,False,Unseen benign evaluation partition (test),Strict Level 3 Benign Purity (Zero attack contamination in Train)
1778,20170706_1852,Thursday,BENIGN,0,test,autoencoder,Thursday_GAP_006,False,Unseen benign evaluation partition (test),Strict Level 3 Benign Purity (Zero attack contamination in Train)
1779,20170706_1853,Thursday,BENIGN,0,test,autoencoder,Thursday_GAP_006,False,Unseen benign evaluation partition (test),Strict Level 3 Benign Purity (Zero attack contamination in Train)
1780,20170706_1854,Thursday,BENIGN,0,test,autoencoder,Thursday_GAP_006,False,Unseen benign evaluation partition (test),Strict Level 3 Benign Purity (Zero attack contamination in Train)
1781,20170706_1855,Thursday,BENIGN,0,test,autoencoder,Thursday_GAP_006,False,Unseen benign evaluation partition (test),Strict Level 3 Benign Purity (Zero attack contamination in Train)
1782,20170706_1856,Thursday,BENIGN,0,test,autoencoder,Thursday_GAP_006,False,Unseen benign evaluation partition (test),Strict Level 3 Benign Purity (Zero attack contamination in Train)
1783,20170706_1857,Thursday,BENIGN,0,test,autoencoder,Thursday_GAP_006,False,Unseen benign evaluation partition (test),Strict Level 3 Benign Purity (Zero attack contamination in Train)
1784,20170706_1858,Thursday,BENIGN,0,test,autoencoder,Thursday_GAP_006,False,Unseen benign evaluation partition (test),Strict Level 3 Benign Purity (Zero attack contamination in Train)
1785,20170706_1859,Thursday,BENIGN,0,test,autoencoder,Thursday_GAP_006,False,Unseen benign evaluation partition (test),Strict Level 3 Benign Purity (Zero attack contamination in Train)
1786,20170706_1900,Thursday,BENIGN,0,test,autoencoder,Thursday_GAP_006,False,Unseen benign evaluation partition (test),Strict Level 3 Benign Purity (Zero attack contamination in Train)
1787,20170706_1901,Thursday,BENIGN,0,test,autoencoder,Thursday_GAP_006,False,Unseen benign evaluation partition (test),Strict Level 3 Benign Purity (Zero attack contamination in Train)
1788,20170706_1902,Thursday,BENIGN,0,test,autoencoder,Thursday_GAP_006,False,Unseen benign evaluation partition (test),Strict Level 3 Benign Purity (Zero attack contamination in Train)
1789,20170706_1903,Thursday,BENIGN,0,test,autoencoder,Thursday_GAP_006,False,Unseen benign evaluation partition (test),Strict Level 3 Benign Purity (Zero attack contamination in Train)
1790,20170706_1904,Thursday,BENIGN,0,test,autoencoder,Thursday_GAP_006,False,Unseen benign evaluation partition (test),Strict Level 3 Benign Purity (Zero attack contamination in Train)
1791,20170706_1905,Thursday,BENIGN,0,test,autoencoder,Thursday_GAP_006,False,Unseen benign evaluation partition (test),Strict Level 3 Benign Purity (Zero attack contamination in Train)
1792,20170706_1906,Thursday,BENIGN,0,test,autoencoder,Thursday_GAP_006,False,Unseen benign evaluation partition (test),Strict Level 3 Benign Purity (Zero attack contamination in Train)
1793,20170706_1907,Thursday,BENIGN,0,test,autoencoder,Thursday_GAP_006,False,Unseen benign evaluation partition (test),Strict Level 3 Benign Purity (Zero attack contamination in Train)
1794,20170706_1908,Thursday,BENIGN,0,test,autoencoder,Thursday_GAP_006,False,Unseen benign evaluation partition (test),Strict Level 3 Benign Purity (Zero attack contamination in Train)
1795,20170706_1909,Thursday,BENIGN,0,test,autoencoder,Thursday_GAP_006,False,Unseen benign evaluation partition (test),Strict Level 3 Benign Purity (Zero attack contamination in Train)
1796,20170706_1910,Thursday,BENIGN,0,test,autoencoder,Thursday_GAP_006,False,Unseen benign evaluation partition (test),Strict Level 3 Benign Purity (Zero attack contamination in Train)
1797,20170706_1911,Thursday,BENIGN,0,test,autoencoder,Thursday_GAP_006,False,Unseen benign evaluation partition (test),Strict Level 3 Benign Purity (Zero attack contamination in Train)
1798,20170706_1912,Thursday,BENIGN,0,test,autoencoder,Thursday_GAP_006,False,Unseen benign evaluation partition (test),Strict Level 3 Benign Purity (Zero attack contamination in Train)
1799,20170706_1913,Thursday,BENIGN,0,test,autoencoder,Thursday_GAP_006,False,Unseen benign evaluation partition (test),Strict Level 3 Benign Purity (Zero attack contamination in Train)
1800,20170706_1914,Thursday,BENIGN,0,test,autoencoder,Thursday_GAP_006,False,Unseen benign evaluation partition (test),Strict Level 3 Benign Purity (Zero attack contamination in Train)
1801,20170706_1915,Thursday,BENIGN,0,test,autoencoder,Thursday_GAP_006,False,Unseen benign evaluation partition (test),Strict Level 3 Benign Purity (Zero attack contamination in Train)
1802,20170706_1916,Thursday,BENIGN,0,test,autoencoder,Thursday_GAP_006,False,Unseen benign evaluation partition (test),Strict Level 3 Benign Purity (Zero attack contamination in Train)
1803,20170706_1917,Thursday,BENIGN,0,test,autoencoder,Thursday_GAP_006,False,Unseen benign evaluation partition (test),Strict Level 3 Benign Purity (Zero attack contamination in Train)
1804,20170706_1918,Thursday,BENIGN,0,test,autoencoder,Thursday_GAP_006,False,Unseen benign evaluation partition (test),Strict Level 3 Benign Purity (Zero attack contamination in Train)
1805,20170706_1919,Thursday,Infiltration,1,validation,autoencoder,Thursday_SEG_006,False,Anomaly evaluation partition (validation) for threshold calibration,Strict Level 3 Benign Purity (Zero attack contamination in Train)
1806,20170706_1920,Thursday,BENIGN,0,train,autoencoder,Thursday_GAP_007,False,Pure benign baseline training (Level 3 Purity),Strict Level 3 Benign Purity (Zero attack contamination in Train)
1807,20170706_1921,Thursday,BENIGN,0,train,autoencoder,Thursday_GAP_007,False,Pure benign baseline training (Level 3 Purity),Strict Level 3 Benign Purity (Zero attack contamination in Train)
1808,20170706_1922,Thursday,BENIGN,0,train,autoencoder,Thursday_GAP_007,False,Pure benign baseline training (Level 3 Purity),Strict Level 3 Benign Purity (Zero attack contamination in Train)
1809,20170706_1923,Thursday,BENIGN,0,train,autoencoder,Thursday_GAP_007,False,Pure benign baseline training (Level 3 Purity),Strict Level 3 Benign Purity (Zero attack contamination in Train)
1810,20170706_1924,Thursday,BENIGN,0,train,autoencoder,Thursday_GAP_007,False,Pure benign baseline training (Level 3 Purity),Strict Level 3 Benign Purity (Zero attack contamination in Train)
1811,20170706_1925,Thursday,BENIGN,0,train,autoencoder,Thursday_GAP_007,False,Pure benign baseline training (Level 3 Purity),Strict Level 3 Benign Purity (Zero attack contamination in Train)
1812,20170706_1926,Thursday,BENIGN,0,validation,autoencoder,Thursday_GAP_007,False,Unseen benign evaluation partition (validation),Strict Level 3 Benign Purity (Zero attack contamination in Train)
1813,20170706_1927,Thursday,BENIGN,0,test,autoencoder,Thursday_GAP_007,False,Unseen benign evaluation partition (test),Strict Level 3 Benign Purity (Zero attack contamination in Train)
1814,20170706_1928,Thursday,Infiltration,1,validation,autoencoder,Thursday_SEG_007,False,Anomaly evaluation partition (validation) for threshold calibration,Strict Level 3 Benign Purity (Zero attack contamination in Train)
1815,20170706_1929,Thursday,BENIGN,0,train,autoencoder,Thursday_GAP_008,False,Pure benign baseline training (Level 3 Purity),Strict Level 3 Benign Purity (Zero attack contamination in Train)
1816,20170706_1930,Thursday,Infiltration,1,validation,autoencoder,Thursday_SEG_008,False,Anomaly evaluation partition (validation) for threshold calibration,Strict Level 3 Benign Purity (Zero attack contamination in Train)
1817,20170706_1931,Thursday,BENIGN,0,train,autoencoder,Thursday_GAP_009,False,Pure benign baseline training (Level 3 Purity),Strict Level 3 Benign Purity (Zero attack contamination in Train)
1818,20170706_1932,Thursday,Infiltration,1,validation,autoencoder,Thursday_SEG_009,False,Anomaly evaluation partition (validation) for threshold calibration,Strict Level 3 Benign Purity (Zero attack contamination in Train)
1819,20170706_1933,Thursday,BENIGN,0,train,autoencoder,Thursday_GAP_010,False,Pure benign baseline training (Level 3 Purity),Strict Level 3 Benign Purity (Zero attack contamination in Train)
1820,20170706_1934,Thursday,Infiltration,1,validation,autoencoder,Thursday_SEG_010,False,Anomaly evaluation partition (validation) for threshold calibration,Strict Level 3 Benign Purity (Zero attack contamination in Train)
1821,20170706_1935,Thursday,BENIGN,0,train,autoencoder,Thursday_GAP_011,False,Pure benign baseline training (Level 3 Purity),Strict Level 3 Benign Purity (Zero attack contamination in Train)
1822,20170706_1936,Thursday,Infiltration,1,validation,autoencoder,Thursday_SEG_011,False,Anomaly evaluation partition (validation) for threshold calibration,Strict Level 3 Benign Purity (Zero attack contamination in Train)
1823,20170706_1937,Thursday,BENIGN,0,train,autoencoder,Thursday_GAP_012,False,Pure benign baseline training (Level 3 Purity),Strict Level 3 Benign Purity (Zero attack contamination in Train)
1824,20170706_1938,Thursday,Infiltration,1,validation,autoencoder,Thursday_SEG_012,False,Anomaly evaluation partition (validation) for threshold calibration,Strict Level 3 Benign Purity (Zero attack contamination in Train)
1825,20170706_1939,Thursday,Infiltration,1,validation,autoencoder,Thursday_SEG_012,False,Anomaly evaluation partition (validation) for threshold calibration,Strict Level 3 Benign Purity (Zero attack contamination in Train)
1826,20170706_1940,Thursday,Infiltration,1,validation,autoencoder,Thursday_SEG_012,False,Anomaly evaluation partition (validation) for threshold calibration,Strict Level 3 Benign Purity (Zero attack contamination in Train)
1827,20170706_1941,Thursday,BENIGN,0,train,autoencoder,Thursday_GAP_013,False,Pure benign baseline training (Level 3 Purity),Strict Level 3 Benign Purity (Zero attack contamination in Train)
1828,20170706_1942,Thursday,Infiltration,1,validation,autoencoder,Thursday_SEG_013,False,Anomaly evaluation partition (validation) for threshold calibration,Strict Level 3 Benign Purity (Zero attack contamination in Train)
1829,20170706_1943,Thursday,BENIGN,0,train,autoencoder,Thursday_GAP_014,False,Pure benign baseline training (Level 3 Purity),Strict Level 3 Benign Purity (Zero attack contamination in Train)
1830,20170706_1944,Thursday,BENIGN,0,train,autoencoder,Thursday_GAP_014,False,Pure benign baseline training (Level 3 Purity),Strict Level 3 Benign Purity (Zero attack contamination in Train)
1831,20170706_1945,Thursday,BENIGN,0,train,autoencoder,Thursday_GAP_014,False,Pure benign baseline training (Level 3 Purity),Strict Level 3 Benign Purity (Zero attack contamination in Train)
1832,20170706_1946,Thursday,BENIGN,0,train,autoencoder,Thursday_GAP_014,False,Pure benign baseline training (Level 3 Purity),Strict Level 3 Benign Purity (Zero attack contamination in Train)
1833,20170706_1947,Thursday,BENIGN,0,train,autoencoder,Thursday_GAP_014,False,Pure benign baseline training (Level 3 Purity),Strict Level 3 Benign Purity (Zero attack contamination in Train)
1834,20170706_1948,Thursday,BENIGN,0,train,autoencoder,Thursday_GAP_014,False,Pure benign baseline training (Level 3 Purity),Strict Level 3 Benign Purity (Zero attack contamination in Train)
1835,20170706_1949,Thursday,BENIGN,0,train,autoencoder,Thursday_GAP_014,False,Pure benign baseline training (Level 3 Purity),Strict Level 3 Benign Purity (Zero attack contamination in Train)
1836,20170706_1950,Thursday,BENIGN,0,train,autoencoder,Thursday_GAP_014,False,Pure benign baseline training (Level 3 Purity),Strict Level 3 Benign Purity (Zero attack contamination in Train)
1837,20170706_1951,Thursday,BENIGN,0,train,autoencoder,Thursday_GAP_014,False,Pure benign baseline training (Level 3 Purity),Strict Level 3 Benign Purity (Zero attack contamination in Train)
1838,20170706_1952,Thursday,BENIGN,0,train,autoencoder,Thursday_GAP_014,False,Pure benign baseline training (Level 3 Purity),Strict Level 3 Benign Purity (Zero attack contamination in Train)
1839,20170706_1953,Thursday,BENIGN,0,train,autoencoder,Thursday_GAP_014,False,Pure benign baseline training (Level 3 Purity),Strict Level 3 Benign Purity (Zero attack contamination in Train)
1840,20170706_1954,Thursday,BENIGN,0,train,autoencoder,Thursday_GAP_014,False,Pure benign baseline training (Level 3 Purity),Strict Level 3 Benign Purity (Zero attack contamination in Train)
1841,20170706_1955,Thursday,BENIGN,0,train,autoencoder,Thursday_GAP_014,False,Pure benign baseline training (Level 3 Purity),Strict Level 3 Benign Purity (Zero attack contamination in Train)
1842,20170706_1956,Thursday,BENIGN,0,train,autoencoder,Thursday_GAP_014,False,Pure benign baseline training (Level 3 Purity),Strict Level 3 Benign Purity (Zero attack contamination in Train)
1843,20170706_1957,Thursday,BENIGN,0,train,autoencoder,Thursday_GAP_014,False,Pure benign baseline training (Level 3 Purity),Strict Level 3 Benign Purity (Zero attack contamination in Train)
1844,20170706_1958,Thursday,BENIGN,0,validation,autoencoder,Thursday_GAP_014,False,Unseen benign evaluation partition (validation),Strict Level 3 Benign Purity (Zero attack contamination in Train)
1845,20170706_1959,Thursday,BENIGN,0,validation,autoencoder,Thursday_GAP_014,False,Unseen benign evaluation partition (validation),Strict Level 3 Benign Purity (Zero attack contamination in Train)
1846,20170706_2000,Thursday,BENIGN,0,validation,autoencoder,Thursday_GAP_014,False,Unseen benign evaluation partition (validation),Strict Level 3 Benign Purity (Zero attack contamination in Train)
1847,20170706_2001,Thursday,BENIGN,0,test,autoencoder,Thursday_GAP_014,False,Unseen benign evaluation partition (test),Strict Level 3 Benign Purity (Zero attack contamination in Train)
1848,20170706_2002,Thursday,BENIGN,0,test,autoencoder,Thursday_GAP_014,False,Unseen benign evaluation partition (test),Strict Level 3 Benign Purity (Zero attack contamination in Train)
1849,20170706_2003,Thursday,BENIGN,0,test,autoencoder,Thursday_GAP_014,False,Unseen benign evaluation partition (test),Strict Level 3 Benign Purity (Zero attack contamination in Train)
1850,20170706_2004,Thursday,Infiltration,1,validation,autoencoder,Thursday_SEG_014,False,Anomaly evaluation partition (validation) for threshold calibration,Strict Level 3 Benign Purity (Zero attack contamination in Train)
1851,20170706_2005,Thursday,BENIGN,0,train,autoencoder,Thursday_GAP_015,False,Pure benign baseline training (Level 3 Purity),Strict Level 3 Benign Purity (Zero attack contamination in Train)
1852,20170706_2006,Thursday,BENIGN,0,test,autoencoder,Thursday_GAP_015,False,Unseen benign evaluation partition (test),Strict Level 3 Benign Purity (Zero attack contamination in Train)
1853,20170706_2007,Thursday,Infiltration,1,validation,autoencoder,Thursday_SEG_015,False,Anomaly evaluation partition (validation) for threshold calibration,Strict Level 3 Benign Purity (Zero attack contamination in Train)
1854,20170706_2008,Thursday,BENIGN,0,train,autoencoder,Thursday_GAP_016,False,Pure benign baseline training (Level 3 Purity),Strict Level 3 Benign Purity (Zero attack contamination in Train)
1855,20170706_2009,Thursday,Infiltration,1,validation,autoencoder,Thursday_SEG_016,False,Anomaly evaluation partition (validation) for threshold calibration,Strict Level 3 Benign Purity (Zero attack contamination in Train)
1856,20170706_2010,Thursday,BENIGN,0,train,autoencoder,Thursday_GAP_017,False,Pure benign baseline training (Level 3 Purity),Strict Level 3 Benign Purity (Zero attack contamination in Train)
1857,20170706_2011,Thursday,BENIGN,0,test,autoencoder,Thursday_GAP_017,False,Unseen benign evaluation partition (test),Strict Level 3 Benign Purity (Zero attack contamination in Train)
1858,20170706_2012,Thursday,Infiltration,1,validation,autoencoder,Thursday_SEG_017,False,Anomaly evaluation partition (validation) for threshold calibration,Strict Level 3 Benign Purity (Zero attack contamination in Train)
1859,20170706_2013,Thursday,BENIGN,0,train,autoencoder,Thursday_GAP_018,False,Pure benign baseline training (Level 3 Purity),Strict Level 3 Benign Purity (Zero attack contamination in Train)
1860,20170706_2014,Thursday,Infiltration,1,test,autoencoder,Thursday_SEG_018,False,Anomaly evaluation partition (test) for threshold calibration,Strict Level 3 Benign Purity (Zero attack contamination in Train)
1861,20170706_2015,Thursday,BENIGN,0,train,autoencoder,Thursday_GAP_019,False,Pure benign baseline training (Level 3 Purity),Strict Level 3 Benign Purity (Zero attack contamination in Train)
1862,20170706_2016,Thursday,Infiltration,1,test,autoencoder,Thursday_SEG_019,False,Anomaly evaluation partition (test) for threshold calibration,Strict Level 3 Benign Purity (Zero attack contamination in Train)
1863,20170706_2017,Thursday,BENIGN,0,train,autoencoder,Thursday_GAP_020,False,Pure benign baseline training (Level 3 Purity),Strict Level 3 Benign Purity (Zero attack contamination in Train)
1864,20170706_2018,Thursday,BENIGN,0,test,autoencoder,Thursday_GAP_020,False,Unseen benign evaluation partition (test),Strict Level 3 Benign Purity (Zero attack contamination in Train)
1865,20170706_2019,Thursday,Infiltration,1,test,autoencoder,Thursday_SEG_020,False,Anomaly evaluation partition (test) for threshold calibration,Strict Level 3 Benign Purity (Zero attack contamination in Train)
1866,20170706_2020,Thursday,BENIGN,0,train,autoencoder,Thursday_GAP_021,False,Pure benign baseline training (Level 3 Purity),Strict Level 3 Benign Purity (Zero attack contamination in Train)
1867,20170706_2021,Thursday,Infiltration,1,test,autoencoder,Thursday_SEG_021,False,Anomaly evaluation partition (test) for threshold calibration,Strict Level 3 Benign Purity (Zero attack contamination in Train)
1868,20170706_2022,Thursday,BENIGN,0,train,autoencoder,Thursday_GAP_022,False,Pure benign baseline training (Level 3 Purity),Strict Level 3 Benign Purity (Zero attack contamination in Train)
1869,20170706_2023,Thursday,Infiltration,1,test,autoencoder,Thursday_SEG_022,False,Anomaly evaluation partition (test) for threshold calibration,Strict Level 3 Benign Purity (Zero attack contamination in Train)
1870,20170706_2024,Thursday,BENIGN,0,train,autoencoder,Thursday_GAP_023,False,Pure benign baseline training (Level 3 Purity),Strict Level 3 Benign Purity (Zero attack contamination in Train)
1871,20170706_2025,Thursday,BENIGN,0,test,autoencoder,Thursday_GAP_023,False,Unseen benign evaluation partition (test),Strict Level 3 Benign Purity (Zero attack contamination in Train)
1872,20170706_2026,Thursday,Infiltration,1,test,autoencoder,Thursday_SEG_023,False,Anomaly evaluation partition (test) for threshold calibration,Strict Level 3 Benign Purity (Zero attack contamination in Train)
1873,20170706_2027,Thursday,BENIGN,0,train,autoencoder,Thursday_GAP_024,False,Pure benign baseline training (Level 3 Purity),Strict Level 3 Benign Purity (Zero attack contamination in Train)
1874,20170706_2028,Thursday,Infiltration,1,test,autoencoder,Thursday_SEG_024,False,Anomaly evaluation partition (test) for threshold calibration,Strict Level 3 Benign Purity (Zero attack contamination in Train)
1875,20170706_2029,Thursday,BENIGN,0,train,autoencoder,Thursday_GAP_025,False,Pure benign baseline training (Level 3 Purity),Strict Level 3 Benign Purity (Zero attack contamination in Train)
1876,20170706_2030,Thursday,BENIGN,0,test,autoencoder,Thursday_GAP_025,False,Unseen benign evaluation partition (test),Strict Level 3 Benign Purity (Zero attack contamination in Train)
1877,20170706_2031,Thursday,Infiltration,1,test,autoencoder,Thursday_SEG_025,False,Anomaly evaluation partition (test) for threshold calibration,Strict Level 3 Benign Purity (Zero attack contamination in Train)
1878,20170706_2032,Thursday,BENIGN,0,train,autoencoder,Thursday_GAP_026,False,Pure benign baseline training (Level 3 Purity),Strict Level 3 Benign Purity (Zero attack contamination in Train)
1879,20170706_2033,Thursday,Infiltration,1,test,autoencoder,Thursday_SEG_026,False,Anomaly evaluation partition (test) for threshold calibration,Strict Level 3 Benign Purity (Zero attack contamination in Train)
1880,20170706_2034,Thursday,BENIGN,0,train,autoencoder,Thursday_GAP_027,False,Pure benign baseline training (Level 3 Purity),Strict Level 3 Benign Purity (Zero attack contamination in Train)
1881,20170706_2035,Thursday,BENIGN,0,test,autoencoder,Thursday_GAP_027,False,Unseen benign evaluation partition (test),Strict Level 3 Benign Purity (Zero attack contamination in Train)
1882,20170706_2036,Thursday,Infiltration,1,test,autoencoder,Thursday_SEG_027,False,Anomaly evaluation partition (test) for threshold calibration,Strict Level 3 Benign Purity (Zero attack contamination in Train)
1883,20170706_2037,Thursday,BENIGN,0,train,autoencoder,Thursday_GAP_028,False,Pure benign baseline training (Level 3 Purity),Strict Level 3 Benign Purity (Zero attack contamination in Train)
1884,20170706_2038,Thursday,BENIGN,0,test,autoencoder,Thursday_GAP_028,False,Unseen benign evaluation partition (test),Strict Level 3 Benign Purity (Zero attack contamination in Train)
1885,20170706_2039,Thursday,Infiltration,1,test,autoencoder,Thursday_SEG_028,False,Anomaly evaluation partition (test) for threshold calibration,Strict Level 3 Benign Purity (Zero attack contamination in Train)
1886,20170706_2040,Thursday,BENIGN,0,train,autoencoder,Thursday_GAP_029,False,Pure benign baseline training (Level 3 Purity),Strict Level 3 Benign Purity (Zero attack contamination in Train)
1887,20170706_2041,Thursday,Infiltration,1,test,autoencoder,Thursday_SEG_029,False,Anomaly evaluation partition (test) for threshold calibration,Strict Level 3 Benign Purity (Zero attack contamination in Train)
1888,20170706_2042,Thursday,BENIGN,0,train,autoencoder,Thursday_GAP_030,False,Pure benign baseline training (Level 3 Purity),Strict Level 3 Benign Purity (Zero attack contamination in Train)
1889,20170706_2043,Thursday,BENIGN,0,test,autoencoder,Thursday_GAP_030,False,Unseen benign evaluation partition (test),Strict Level 3 Benign Purity (Zero attack contamination in Train)
1890,20170706_2044,Thursday,Infiltration,1,test,autoencoder,Thursday_SEG_030,False,Anomaly evaluation partition (test) for threshold calibration,Strict Level 3 Benign Purity (Zero attack contamination in Train)
1891,20170706_2045,Thursday,BENIGN,0,train,autoencoder,Thursday_GAP_031,False,Pure benign baseline training (Level 3 Purity),Strict Level 3 Benign Purity (Zero attack contamination in Train)
1892,20170706_2046,Thursday,BENIGN,0,train,autoencoder,Thursday_GAP_031,False,Pure benign baseline training (Level 3 Purity),Strict Level 3 Benign Purity (Zero attack contamination in Train)
1893,20170706_2047,Thursday,BENIGN,0,train,autoencoder,Thursday_GAP_031,False,Pure benign baseline training (Level 3 Purity),Strict Level 3 Benign Purity (Zero attack contamination in Train)
1894,20170706_2048,Thursday,BENIGN,0,train,autoencoder,Thursday_GAP_031,False,Pure benign baseline training (Level 3 Purity),Strict Level 3 Benign Purity (Zero attack contamination in Train)
1895,20170706_2049,Thursday,BENIGN,0,train,autoencoder,Thursday_GAP_031,False,Pure benign baseline training (Level 3 Purity),Strict Level 3 Benign Purity (Zero attack contamination in Train)
1896,20170706_2050,Thursday,BENIGN,0,train,autoencoder,Thursday_GAP_031,False,Pure benign baseline training (Level 3 Purity),Strict Level 3 Benign Purity (Zero attack contamination in Train)
1897,20170706_2051,Thursday,BENIGN,0,train,autoencoder,Thursday_GAP_031,False,Pure benign baseline training (Level 3 Purity),Strict Level 3 Benign Purity (Zero attack contamination in Train)
1898,20170706_2052,Thursday,BENIGN,0,train,autoencoder,Thursday_GAP_031,False,Pure benign baseline training (Level 3 Purity),Strict Level 3 Benign Purity (Zero attack contamination in Train)
1899,20170706_2053,Thursday,BENIGN,0,train,autoencoder,Thursday_GAP_031,False,Pure benign baseline training (Level 3 Purity),Strict Level 3 Benign Purity (Zero attack contamination in Train)
1900,20170706_2054,Thursday,BENIGN,0,train,autoencoder,Thursday_GAP_031,False,Pure benign baseline training (Level 3 Purity),Strict Level 3 Benign Purity (Zero attack contamination in Train)
1901,20170706_2055,Thursday,BENIGN,0,train,autoencoder,Thursday_GAP_031,False,Pure benign baseline training (Level 3 Purity),Strict Level 3 Benign Purity (Zero attack contamination in Train)
1902,20170706_2056,Thursday,BENIGN,0,train,autoencoder,Thursday_GAP_031,False,Pure benign baseline training (Level 3 Purity),Strict Level 3 Benign Purity (Zero attack contamination in Train)
1903,20170706_2057,Thursday,BENIGN,0,train,autoencoder,Thursday_GAP_031,False,Pure benign baseline training (Level 3 Purity),Strict Level 3 Benign Purity (Zero attack contamination in Train)
1904,20170706_2058,Thursday,BENIGN,0,train,autoencoder,Thursday_GAP_031,False,Pure benign baseline training (Level 3 Purity),Strict Level 3 Benign Purity (Zero attack contamination in Train)
1905,20170706_2059,Thursday,BENIGN,0,train,autoencoder,Thursday_GAP_031,False,Pure benign baseline training (Level 3 Purity),Strict Level 3 Benign Purity (Zero attack contamination in Train)
1906,20170706_2100,Thursday,BENIGN,0,train,autoencoder,Thursday_GAP_031,False,Pure benign baseline training (Level 3 Purity),Strict Level 3 Benign Purity (Zero attack contamination in Train)
1907,20170706_2101,Thursday,BENIGN,0,train,autoencoder,Thursday_GAP_031,False,Pure benign baseline training (Level 3 Purity),Strict Level 3 Benign Purity (Zero attack contamination in Train)
1908,20170706_2102,Thursday,BENIGN,0,train,autoencoder,Thursday_GAP_031,False,Pure benign baseline training (Level 3 Purity),Strict Level 3 Benign Purity (Zero attack contamination in Train)
1909,20170706_2103,Thursday,BENIGN,0,train,autoencoder,Thursday_GAP_031,False,Pure benign baseline training (Level 3 Purity),Strict Level 3 Benign Purity (Zero attack contamination in Train)
1910,20170706_2104,Thursday,BENIGN,0,train,autoencoder,Thursday_GAP_031,False,Pure benign baseline training (Level 3 Purity),Strict Level 3 Benign Purity (Zero attack contamination in Train)
1911,20170706_2105,Thursday,BENIGN,0,train,autoencoder,Thursday_GAP_031,False,Pure benign baseline training (Level 3 Purity),Strict Level 3 Benign Purity (Zero attack contamination in Train)
1912,20170706_2106,Thursday,BENIGN,0,train,autoencoder,Thursday_GAP_031,False,Pure benign baseline training (Level 3 Purity),Strict Level 3 Benign Purity (Zero attack contamination in Train)
1913,20170706_2107,Thursday,BENIGN,0,train,autoencoder,Thursday_GAP_031,False,Pure benign baseline training (Level 3 Purity),Strict Level 3 Benign Purity (Zero attack contamination in Train)
1914,20170706_2108,Thursday,BENIGN,0,train,autoencoder,Thursday_GAP_031,False,Pure benign baseline training (Level 3 Purity),Strict Level 3 Benign Purity (Zero attack contamination in Train)
1915,20170706_2109,Thursday,BENIGN,0,train,autoencoder,Thursday_GAP_031,False,Pure benign baseline training (Level 3 Purity),Strict Level 3 Benign Purity (Zero attack contamination in Train)
1916,20170706_2110,Thursday,BENIGN,0,train,autoencoder,Thursday_GAP_031,False,Pure benign baseline training (Level 3 Purity),Strict Level 3 Benign Purity (Zero attack contamination in Train)
1917,20170706_2111,Thursday,BENIGN,0,train,autoencoder,Thursday_GAP_031,False,Pure benign baseline training (Level 3 Purity),Strict Level 3 Benign Purity (Zero attack contamination in Train)
1918,20170706_2112,Thursday,BENIGN,0,train,autoencoder,Thursday_GAP_031,False,Pure benign baseline training (Level 3 Purity),Strict Level 3 Benign Purity (Zero attack contamination in Train)
1919,20170706_2113,Thursday,BENIGN,0,train,autoencoder,Thursday_GAP_031,False,Pure benign baseline training (Level 3 Purity),Strict Level 3 Benign Purity (Zero attack contamination in Train)
1920,20170706_2114,Thursday,BENIGN,0,train,autoencoder,Thursday_GAP_031,False,Pure benign baseline training (Level 3 Purity),Strict Level 3 Benign Purity (Zero attack contamination in Train)
1921,20170706_2115,Thursday,BENIGN,0,train,autoencoder,Thursday_GAP_031,False,Pure benign baseline training (Level 3 Purity),Strict Level 3 Benign Purity (Zero attack contamination in Train)
1922,20170706_2116,Thursday,BENIGN,0,train,autoencoder,Thursday_GAP_031,False,Pure benign baseline training (Level 3 Purity),Strict Level 3 Benign Purity (Zero attack contamination in Train)
1923,20170706_2117,Thursday,BENIGN,0,train,autoencoder,Thursday_GAP_031,False,Pure benign baseline training (Level 3 Purity),Strict Level 3 Benign Purity (Zero attack contamination in Train)
1924,20170706_2118,Thursday,BENIGN,0,train,autoencoder,Thursday_GAP_031,False,Pure benign baseline training (Level 3 Purity),Strict Level 3 Benign Purity (Zero attack contamination in Train)
1925,20170706_2119,Thursday,BENIGN,0,train,autoencoder,Thursday_GAP_031,False,Pure benign baseline training (Level 3 Purity),Strict Level 3 Benign Purity (Zero attack contamination in Train)
1926,20170706_2120,Thursday,BENIGN,0,train,autoencoder,Thursday_GAP_031,False,Pure benign baseline training (Level 3 Purity),Strict Level 3 Benign Purity (Zero attack contamination in Train)
1927,20170706_2121,Thursday,BENIGN,0,train,autoencoder,Thursday_GAP_031,False,Pure benign baseline training (Level 3 Purity),Strict Level 3 Benign Purity (Zero attack contamination in Train)
1928,20170706_2122,Thursday,BENIGN,0,train,autoencoder,Thursday_GAP_031,False,Pure benign baseline training (Level 3 Purity),Strict Level 3 Benign Purity (Zero attack contamination in Train)
1929,20170706_2123,Thursday,BENIGN,0,train,autoencoder,Thursday_GAP_031,False,Pure benign baseline training (Level 3 Purity),Strict Level 3 Benign Purity (Zero attack contamination in Train)
1930,20170706_2124,Thursday,BENIGN,0,train,autoencoder,Thursday_GAP_031,False,Pure benign baseline training (Level 3 Purity),Strict Level 3 Benign Purity (Zero attack contamination in Train)
1931,20170706_2125,Thursday,BENIGN,0,train,autoencoder,Thursday_GAP_031,False,Pure benign baseline training (Level 3 Purity),Strict Level 3 Benign Purity (Zero attack contamination in Train)
1932,20170706_2126,Thursday,BENIGN,0,train,autoencoder,Thursday_GAP_031,False,Pure benign baseline training (Level 3 Purity),Strict Level 3 Benign Purity (Zero attack contamination in Train)
1933,20170706_2127,Thursday,BENIGN,0,train,autoencoder,Thursday_GAP_031,False,Pure benign baseline training (Level 3 Purity),Strict Level 3 Benign Purity (Zero attack contamination in Train)
1934,20170706_2128,Thursday,BENIGN,0,train,autoencoder,Thursday_GAP_031,False,Pure benign baseline training (Level 3 Purity),Strict Level 3 Benign Purity (Zero attack contamination in Train)
1935,20170706_2129,Thursday,BENIGN,0,train,autoencoder,Thursday_GAP_031,False,Pure benign baseline training (Level 3 Purity),Strict Level 3 Benign Purity (Zero attack contamination in Train)
1936,20170706_2130,Thursday,BENIGN,0,train,autoencoder,Thursday_GAP_031,False,Pure benign baseline training (Level 3 Purity),Strict Level 3 Benign Purity (Zero attack contamination in Train)
1937,20170706_2131,Thursday,BENIGN,0,train,autoencoder,Thursday_GAP_031,False,Pure benign baseline training (Level 3 Purity),Strict Level 3 Benign Purity (Zero attack contamination in Train)
1938,20170706_2132,Thursday,BENIGN,0,train,autoencoder,Thursday_GAP_031,False,Pure benign baseline training (Level 3 Purity),Strict Level 3 Benign Purity (Zero attack contamination in Train)
1939,20170706_2133,Thursday,BENIGN,0,train,autoencoder,Thursday_GAP_031,False,Pure benign baseline training (Level 3 Purity),Strict Level 3 Benign Purity (Zero attack contamination in Train)
1940,20170706_2134,Thursday,BENIGN,0,train,autoencoder,Thursday_GAP_031,False,Pure benign baseline training (Level 3 Purity),Strict Level 3 Benign Purity (Zero attack contamination in Train)
1941,20170706_2135,Thursday,BENIGN,0,train,autoencoder,Thursday_GAP_031,False,Pure benign baseline training (Level 3 Purity),Strict Level 3 Benign Purity (Zero attack contamination in Train)
1942,20170706_2136,Thursday,BENIGN,0,train,autoencoder,Thursday_GAP_031,False,Pure benign baseline training (Level 3 Purity),Strict Level 3 Benign Purity (Zero attack contamination in Train)
1943,20170706_2137,Thursday,BENIGN,0,train,autoencoder,Thursday_GAP_031,False,Pure benign baseline training (Level 3 Purity),Strict Level 3 Benign Purity (Zero attack contamination in Train)
1944,20170706_2138,Thursday,BENIGN,0,train,autoencoder,Thursday_GAP_031,False,Pure benign baseline training (Level 3 Purity),Strict Level 3 Benign Purity (Zero attack contamination in Train)
1945,20170706_2139,Thursday,BENIGN,0,train,autoencoder,Thursday_GAP_031,False,Pure benign baseline training (Level 3 Purity),Strict Level 3 Benign Purity (Zero attack contamination in Train)
1946,20170706_2140,Thursday,BENIGN,0,train,autoencoder,Thursday_GAP_031,False,Pure benign baseline training (Level 3 Purity),Strict Level 3 Benign Purity (Zero attack contamination in Train)
1947,20170706_2141,Thursday,BENIGN,0,validation,autoencoder,Thursday_GAP_031,False,Unseen benign evaluation partition (validation),Strict Level 3 Benign Purity (Zero attack contamination in Train)
1948,20170706_2142,Thursday,BENIGN,0,validation,autoencoder,Thursday_GAP_031,False,Unseen benign evaluation partition (validation),Strict Level 3 Benign Purity (Zero attack contamination in Train)
1949,20170706_2143,Thursday,BENIGN,0,validation,autoencoder,Thursday_GAP_031,False,Unseen benign evaluation partition (validation),Strict Level 3 Benign Purity (Zero attack contamination in Train)
1950,20170706_2144,Thursday,BENIGN,0,validation,autoencoder,Thursday_GAP_031,False,Unseen benign evaluation partition (validation),Strict Level 3 Benign Purity (Zero attack contamination in Train)
1951,20170706_2145,Thursday,BENIGN,0,validation,autoencoder,Thursday_GAP_031,False,Unseen benign evaluation partition (validation),Strict Level 3 Benign Purity (Zero attack contamination in Train)
1952,20170706_2146,Thursday,BENIGN,0,validation,autoencoder,Thursday_GAP_031,False,Unseen benign evaluation partition (validation),Strict Level 3 Benign Purity (Zero attack contamination in Train)
1953,20170706_2147,Thursday,BENIGN,0,validation,autoencoder,Thursday_GAP_031,False,Unseen benign evaluation partition (validation),Strict Level 3 Benign Purity (Zero attack contamination in Train)
1954,20170706_2148,Thursday,BENIGN,0,validation,autoencoder,Thursday_GAP_031,False,Unseen benign evaluation partition (validation),Strict Level 3 Benign Purity (Zero attack contamination in Train)
1955,20170706_2149,Thursday,BENIGN,0,validation,autoencoder,Thursday_GAP_031,False,Unseen benign evaluation partition (validation),Strict Level 3 Benign Purity (Zero attack contamination in Train)
1956,20170706_2150,Thursday,BENIGN,0,validation,autoencoder,Thursday_GAP_031,False,Unseen benign evaluation partition (validation),Strict Level 3 Benign Purity (Zero attack contamination in Train)
1957,20170706_2151,Thursday,BENIGN,0,validation,autoencoder,Thursday_GAP_031,False,Unseen benign evaluation partition (validation),Strict Level 3 Benign Purity (Zero attack contamination in Train)
1958,20170706_2152,Thursday,BENIGN,0,validation,autoencoder,Thursday_GAP_031,False,Unseen benign evaluation partition (validation),Strict Level 3 Benign Purity (Zero attack contamination in Train)
1959,20170706_2153,Thursday,BENIGN,0,test,autoencoder,Thursday_GAP_031,False,Unseen benign evaluation partition (test),Strict Level 3 Benign Purity (Zero attack contamination in Train)
1960,20170706_2154,Thursday,BENIGN,0,test,autoencoder,Thursday_GAP_031,False,Unseen benign evaluation partition (test),Strict Level 3 Benign Purity (Zero attack contamination in Train)
1961,20170706_2155,Thursday,BENIGN,0,test,autoencoder,Thursday_GAP_031,False,Unseen benign evaluation partition (test),Strict Level 3 Benign Purity (Zero attack contamination in Train)
1962,20170706_2156,Thursday,BENIGN,0,test,autoencoder,Thursday_GAP_031,False,Unseen benign evaluation partition (test),Strict Level 3 Benign Purity (Zero attack contamination in Train)
1963,20170706_2157,Thursday,BENIGN,0,test,autoencoder,Thursday_GAP_031,False,Unseen benign evaluation partition (test),Strict Level 3 Benign Purity (Zero attack contamination in Train)
1964,20170706_2158,Thursday,BENIGN,0,test,autoencoder,Thursday_GAP_031,False,Unseen benign evaluation partition (test),Strict Level 3 Benign Purity (Zero attack contamination in Train)
1965,20170706_2159,Thursday,BENIGN,0,test,autoencoder,Thursday_GAP_031,False,Unseen benign evaluation partition (test),Strict Level 3 Benign Purity (Zero attack contamination in Train)
1966,20170706_2200,Thursday,BENIGN,0,test,autoencoder,Thursday_GAP_031,False,Unseen benign evaluation partition (test),Strict Level 3 Benign Purity (Zero attack contamination in Train)
1967,20170706_2201,Thursday,BENIGN,0,test,autoencoder,Thursday_GAP_031,False,Unseen benign evaluation partition (test),Strict Level 3 Benign Purity (Zero attack contamination in Train)
1968,20170706_2202,Thursday,BENIGN,0,test,autoencoder,Thursday_GAP_031,False,Unseen benign evaluation partition (test),Strict Level 3 Benign Purity (Zero attack contamination in Train)
1969,20170706_2203,Thursday,BENIGN,0,test,autoencoder,Thursday_GAP_031,False,Unseen benign evaluation partition (test),Strict Level 3 Benign Purity (Zero attack contamination in Train)
1970,20170706_2204,Thursday,BENIGN,0,test,autoencoder,Thursday_GAP_031,False,Unseen benign evaluation partition (test),Strict Level 3 Benign Purity (Zero attack contamination in Train)
1971,20170707_1359,Friday,BENIGN,0,train,autoencoder,Friday_GAP_001,False,Pure benign baseline training (Level 3 Purity),Strict Level 3 Benign Purity (Zero attack contamination in Train)
1972,20170707_1400,Friday,BENIGN,0,train,autoencoder,Friday_GAP_001,False,Pure benign baseline training (Level 3 Purity),Strict Level 3 Benign Purity (Zero attack contamination in Train)
1973,20170707_1401,Friday,BENIGN,0,train,autoencoder,Friday_GAP_001,False,Pure benign baseline training (Level 3 Purity),Strict Level 3 Benign Purity (Zero attack contamination in Train)
1974,20170707_1402,Friday,BENIGN,0,train,autoencoder,Friday_GAP_001,False,Pure benign baseline training (Level 3 Purity),Strict Level 3 Benign Purity (Zero attack contamination in Train)
1975,20170707_1403,Friday,BENIGN,0,train,autoencoder,Friday_GAP_001,False,Pure benign baseline training (Level 3 Purity),Strict Level 3 Benign Purity (Zero attack contamination in Train)
1976,20170707_1404,Friday,BENIGN,0,train,autoencoder,Friday_GAP_001,False,Pure benign baseline training (Level 3 Purity),Strict Level 3 Benign Purity (Zero attack contamination in Train)
1977,20170707_1405,Friday,BENIGN,0,train,autoencoder,Friday_GAP_001,False,Pure benign baseline training (Level 3 Purity),Strict Level 3 Benign Purity (Zero attack contamination in Train)
1978,20170707_1406,Friday,BENIGN,0,train,autoencoder,Friday_GAP_001,False,Pure benign baseline training (Level 3 Purity),Strict Level 3 Benign Purity (Zero attack contamination in Train)
1979,20170707_1407,Friday,BENIGN,0,train,autoencoder,Friday_GAP_001,False,Pure benign baseline training (Level 3 Purity),Strict Level 3 Benign Purity (Zero attack contamination in Train)
1980,20170707_1408,Friday,BENIGN,0,train,autoencoder,Friday_GAP_001,False,Pure benign baseline training (Level 3 Purity),Strict Level 3 Benign Purity (Zero attack contamination in Train)
1981,20170707_1409,Friday,BENIGN,0,train,autoencoder,Friday_GAP_001,False,Pure benign baseline training (Level 3 Purity),Strict Level 3 Benign Purity (Zero attack contamination in Train)
1982,20170707_1410,Friday,BENIGN,0,train,autoencoder,Friday_GAP_001,False,Pure benign baseline training (Level 3 Purity),Strict Level 3 Benign Purity (Zero attack contamination in Train)
1983,20170707_1411,Friday,BENIGN,0,train,autoencoder,Friday_GAP_001,False,Pure benign baseline training (Level 3 Purity),Strict Level 3 Benign Purity (Zero attack contamination in Train)
1984,20170707_1412,Friday,BENIGN,0,train,autoencoder,Friday_GAP_001,False,Pure benign baseline training (Level 3 Purity),Strict Level 3 Benign Purity (Zero attack contamination in Train)
1985,20170707_1413,Friday,BENIGN,0,train,autoencoder,Friday_GAP_001,False,Pure benign baseline training (Level 3 Purity),Strict Level 3 Benign Purity (Zero attack contamination in Train)
1986,20170707_1414,Friday,BENIGN,0,train,autoencoder,Friday_GAP_001,False,Pure benign baseline training (Level 3 Purity),Strict Level 3 Benign Purity (Zero attack contamination in Train)
1987,20170707_1415,Friday,BENIGN,0,train,autoencoder,Friday_GAP_001,False,Pure benign baseline training (Level 3 Purity),Strict Level 3 Benign Purity (Zero attack contamination in Train)
1988,20170707_1416,Friday,BENIGN,0,train,autoencoder,Friday_GAP_001,False,Pure benign baseline training (Level 3 Purity),Strict Level 3 Benign Purity (Zero attack contamination in Train)
1989,20170707_1417,Friday,BENIGN,0,train,autoencoder,Friday_GAP_001,False,Pure benign baseline training (Level 3 Purity),Strict Level 3 Benign Purity (Zero attack contamination in Train)
1990,20170707_1418,Friday,BENIGN,0,train,autoencoder,Friday_GAP_001,False,Pure benign baseline training (Level 3 Purity),Strict Level 3 Benign Purity (Zero attack contamination in Train)
1991,20170707_1419,Friday,BENIGN,0,train,autoencoder,Friday_GAP_001,False,Pure benign baseline training (Level 3 Purity),Strict Level 3 Benign Purity (Zero attack contamination in Train)
1992,20170707_1420,Friday,BENIGN,0,train,autoencoder,Friday_GAP_001,False,Pure benign baseline training (Level 3 Purity),Strict Level 3 Benign Purity (Zero attack contamination in Train)
1993,20170707_1421,Friday,BENIGN,0,train,autoencoder,Friday_GAP_001,False,Pure benign baseline training (Level 3 Purity),Strict Level 3 Benign Purity (Zero attack contamination in Train)
1994,20170707_1422,Friday,BENIGN,0,train,autoencoder,Friday_GAP_001,False,Pure benign baseline training (Level 3 Purity),Strict Level 3 Benign Purity (Zero attack contamination in Train)
1995,20170707_1423,Friday,BENIGN,0,validation,autoencoder,Friday_GAP_001,False,Unseen benign evaluation partition (validation),Strict Level 3 Benign Purity (Zero attack contamination in Train)
1996,20170707_1424,Friday,BENIGN,0,validation,autoencoder,Friday_GAP_001,False,Unseen benign evaluation partition (validation),Strict Level 3 Benign Purity (Zero attack contamination in Train)
1997,20170707_1425,Friday,BENIGN,0,validation,autoencoder,Friday_GAP_001,False,Unseen benign evaluation partition (validation),Strict Level 3 Benign Purity (Zero attack contamination in Train)
1998,20170707_1426,Friday,BENIGN,0,validation,autoencoder,Friday_GAP_001,False,Unseen benign evaluation partition (validation),Strict Level 3 Benign Purity (Zero attack contamination in Train)
1999,20170707_1427,Friday,BENIGN,0,validation,autoencoder,Friday_GAP_001,False,Unseen benign evaluation partition (validation),Strict Level 3 Benign Purity (Zero attack contamination in Train)
2000,20170707_1428,Friday,BENIGN,0,test,autoencoder,Friday_GAP_001,False,Unseen benign evaluation partition (test),Strict Level 3 Benign Purity (Zero attack contamination in Train)
2001,20170707_1429,Friday,BENIGN,0,test,autoencoder,Friday_GAP_001,False,Unseen benign evaluation partition (test),Strict Level 3 Benign Purity (Zero attack contamination in Train)
2002,20170707_1430,Friday,BENIGN,0,test,autoencoder,Friday_GAP_001,False,Unseen benign evaluation partition (test),Strict Level 3 Benign Purity (Zero attack contamination in Train)
2003,20170707_1431,Friday,BENIGN,0,test,autoencoder,Friday_GAP_001,False,Unseen benign evaluation partition (test),Strict Level 3 Benign Purity (Zero attack contamination in Train)
2004,20170707_1432,Friday,BENIGN,0,test,autoencoder,Friday_GAP_001,False,Unseen benign evaluation partition (test),Strict Level 3 Benign Purity (Zero attack contamination in Train)
2005,20170707_1433,Friday,BENIGN,0,test,autoencoder,Friday_GAP_001,False,Unseen benign evaluation partition (test),Strict Level 3 Benign Purity (Zero attack contamination in Train)
2006,20170707_1434,Friday,Bot,1,validation,autoencoder,Friday_SEG_001,False,Anomaly evaluation partition (validation) for threshold calibration,Strict Level 3 Benign Purity (Zero attack contamination in Train)
2007,20170707_1435,Friday,BENIGN,0,train,autoencoder,Friday_GAP_002,False,Pure benign baseline training (Level 3 Purity),Strict Level 3 Benign Purity (Zero attack contamination in Train)
2008,20170707_1436,Friday,BENIGN,0,train,autoencoder,Friday_GAP_002,False,Pure benign baseline training (Level 3 Purity),Strict Level 3 Benign Purity (Zero attack contamination in Train)
2009,20170707_1437,Friday,BENIGN,0,train,autoencoder,Friday_GAP_002,False,Pure benign baseline training (Level 3 Purity),Strict Level 3 Benign Purity (Zero attack contamination in Train)
2010,20170707_1438,Friday,BENIGN,0,train,autoencoder,Friday_GAP_002,False,Pure benign baseline training (Level 3 Purity),Strict Level 3 Benign Purity (Zero attack contamination in Train)
2011,20170707_1439,Friday,BENIGN,0,train,autoencoder,Friday_GAP_002,False,Pure benign baseline training (Level 3 Purity),Strict Level 3 Benign Purity (Zero attack contamination in Train)
2012,20170707_1440,Friday,BENIGN,0,train,autoencoder,Friday_GAP_002,False,Pure benign baseline training (Level 3 Purity),Strict Level 3 Benign Purity (Zero attack contamination in Train)
2013,20170707_1441,Friday,BENIGN,0,train,autoencoder,Friday_GAP_002,False,Pure benign baseline training (Level 3 Purity),Strict Level 3 Benign Purity (Zero attack contamination in Train)
2014,20170707_1442,Friday,BENIGN,0,train,autoencoder,Friday_GAP_002,False,Pure benign baseline training (Level 3 Purity),Strict Level 3 Benign Purity (Zero attack contamination in Train)
2015,20170707_1443,Friday,BENIGN,0,train,autoencoder,Friday_GAP_002,False,Pure benign baseline training (Level 3 Purity),Strict Level 3 Benign Purity (Zero attack contamination in Train)
2016,20170707_1444,Friday,BENIGN,0,train,autoencoder,Friday_GAP_002,False,Pure benign baseline training (Level 3 Purity),Strict Level 3 Benign Purity (Zero attack contamination in Train)
2017,20170707_1445,Friday,BENIGN,0,train,autoencoder,Friday_GAP_002,False,Pure benign baseline training (Level 3 Purity),Strict Level 3 Benign Purity (Zero attack contamination in Train)
2018,20170707_1446,Friday,BENIGN,0,train,autoencoder,Friday_GAP_002,False,Pure benign baseline training (Level 3 Purity),Strict Level 3 Benign Purity (Zero attack contamination in Train)
2019,20170707_1447,Friday,BENIGN,0,train,autoencoder,Friday_GAP_002,False,Pure benign baseline training (Level 3 Purity),Strict Level 3 Benign Purity (Zero attack contamination in Train)
2020,20170707_1448,Friday,BENIGN,0,train,autoencoder,Friday_GAP_002,False,Pure benign baseline training (Level 3 Purity),Strict Level 3 Benign Purity (Zero attack contamination in Train)
2021,20170707_1449,Friday,BENIGN,0,train,autoencoder,Friday_GAP_002,False,Pure benign baseline training (Level 3 Purity),Strict Level 3 Benign Purity (Zero attack contamination in Train)
2022,20170707_1450,Friday,BENIGN,0,train,autoencoder,Friday_GAP_002,False,Pure benign baseline training (Level 3 Purity),Strict Level 3 Benign Purity (Zero attack contamination in Train)
2023,20170707_1451,Friday,BENIGN,0,train,autoencoder,Friday_GAP_002,False,Pure benign baseline training (Level 3 Purity),Strict Level 3 Benign Purity (Zero attack contamination in Train)
2024,20170707_1452,Friday,BENIGN,0,train,autoencoder,Friday_GAP_002,False,Pure benign baseline training (Level 3 Purity),Strict Level 3 Benign Purity (Zero attack contamination in Train)
2025,20170707_1453,Friday,BENIGN,0,train,autoencoder,Friday_GAP_002,False,Pure benign baseline training (Level 3 Purity),Strict Level 3 Benign Purity (Zero attack contamination in Train)
2026,20170707_1454,Friday,BENIGN,0,train,autoencoder,Friday_GAP_002,False,Pure benign baseline training (Level 3 Purity),Strict Level 3 Benign Purity (Zero attack contamination in Train)
2027,20170707_1455,Friday,BENIGN,0,validation,autoencoder,Friday_GAP_002,False,Unseen benign evaluation partition (validation),Strict Level 3 Benign Purity (Zero attack contamination in Train)
2028,20170707_1456,Friday,BENIGN,0,validation,autoencoder,Friday_GAP_002,False,Unseen benign evaluation partition (validation),Strict Level 3 Benign Purity (Zero attack contamination in Train)
2029,20170707_1457,Friday,BENIGN,0,validation,autoencoder,Friday_GAP_002,False,Unseen benign evaluation partition (validation),Strict Level 3 Benign Purity (Zero attack contamination in Train)
2030,20170707_1458,Friday,BENIGN,0,validation,autoencoder,Friday_GAP_002,False,Unseen benign evaluation partition (validation),Strict Level 3 Benign Purity (Zero attack contamination in Train)
2031,20170707_1459,Friday,BENIGN,0,test,autoencoder,Friday_GAP_002,False,Unseen benign evaluation partition (test),Strict Level 3 Benign Purity (Zero attack contamination in Train)
2032,20170707_1500,Friday,BENIGN,0,test,autoencoder,Friday_GAP_002,False,Unseen benign evaluation partition (test),Strict Level 3 Benign Purity (Zero attack contamination in Train)
2033,20170707_1501,Friday,BENIGN,0,test,autoencoder,Friday_GAP_002,False,Unseen benign evaluation partition (test),Strict Level 3 Benign Purity (Zero attack contamination in Train)
2034,20170707_1502,Friday,BENIGN,0,test,autoencoder,Friday_GAP_002,False,Unseen benign evaluation partition (test),Strict Level 3 Benign Purity (Zero attack contamination in Train)
2035,20170707_1503,Friday,BENIGN,0,test,autoencoder,Friday_GAP_002,False,Unseen benign evaluation partition (test),Strict Level 3 Benign Purity (Zero attack contamination in Train)
2036,20170707_1504,Friday,Bot,1,validation,autoencoder,Friday_SEG_002,False,Anomaly evaluation partition (validation) for threshold calibration,Strict Level 3 Benign Purity (Zero attack contamination in Train)
2037,20170707_1505,Friday,Bot,1,validation,autoencoder,Friday_SEG_002,False,Anomaly evaluation partition (validation) for threshold calibration,Strict Level 3 Benign Purity (Zero attack contamination in Train)
2038,20170707_1506,Friday,Bot,1,validation,autoencoder,Friday_SEG_002,False,Anomaly evaluation partition (validation) for threshold calibration,Strict Level 3 Benign Purity (Zero attack contamination in Train)
2039,20170707_1507,Friday,Bot,1,validation,autoencoder,Friday_SEG_002,False,Anomaly evaluation partition (validation) for threshold calibration,Strict Level 3 Benign Purity (Zero attack contamination in Train)
2040,20170707_1508,Friday,Bot,1,validation,autoencoder,Friday_SEG_002,False,Anomaly evaluation partition (validation) for threshold calibration,Strict Level 3 Benign Purity (Zero attack contamination in Train)
2041,20170707_1509,Friday,Bot,1,validation,autoencoder,Friday_SEG_002,False,Anomaly evaluation partition (validation) for threshold calibration,Strict Level 3 Benign Purity (Zero attack contamination in Train)
2042,20170707_1510,Friday,Bot,1,validation,autoencoder,Friday_SEG_002,False,Anomaly evaluation partition (validation) for threshold calibration,Strict Level 3 Benign Purity (Zero attack contamination in Train)
2043,20170707_1511,Friday,Bot,1,validation,autoencoder,Friday_SEG_002,False,Anomaly evaluation partition (validation) for threshold calibration,Strict Level 3 Benign Purity (Zero attack contamination in Train)
2044,20170707_1512,Friday,Bot,1,validation,autoencoder,Friday_SEG_002,False,Anomaly evaluation partition (validation) for threshold calibration,Strict Level 3 Benign Purity (Zero attack contamination in Train)
2045,20170707_1513,Friday,Bot,1,validation,autoencoder,Friday_SEG_002,False,Anomaly evaluation partition (validation) for threshold calibration,Strict Level 3 Benign Purity (Zero attack contamination in Train)
2046,20170707_1514,Friday,Bot,1,validation,autoencoder,Friday_SEG_002,False,Anomaly evaluation partition (validation) for threshold calibration,Strict Level 3 Benign Purity (Zero attack contamination in Train)
2047,20170707_1515,Friday,Bot,1,validation,autoencoder,Friday_SEG_002,False,Anomaly evaluation partition (validation) for threshold calibration,Strict Level 3 Benign Purity (Zero attack contamination in Train)
2048,20170707_1516,Friday,Bot,1,validation,autoencoder,Friday_SEG_002,False,Anomaly evaluation partition (validation) for threshold calibration,Strict Level 3 Benign Purity (Zero attack contamination in Train)
2049,20170707_1517,Friday,Bot,1,validation,autoencoder,Friday_SEG_002,False,Anomaly evaluation partition (validation) for threshold calibration,Strict Level 3 Benign Purity (Zero attack contamination in Train)
2050,20170707_1518,Friday,Bot,1,validation,autoencoder,Friday_SEG_002,False,Anomaly evaluation partition (validation) for threshold calibration,Strict Level 3 Benign Purity (Zero attack contamination in Train)
2051,20170707_1519,Friday,Bot,1,validation,autoencoder,Friday_SEG_002,False,Anomaly evaluation partition (validation) for threshold calibration,Strict Level 3 Benign Purity (Zero attack contamination in Train)
2052,20170707_1520,Friday,Bot,1,validation,autoencoder,Friday_SEG_002,False,Anomaly evaluation partition (validation) for threshold calibration,Strict Level 3 Benign Purity (Zero attack contamination in Train)
2053,20170707_1521,Friday,Bot,1,validation,autoencoder,Friday_SEG_002,False,Anomaly evaluation partition (validation) for threshold calibration,Strict Level 3 Benign Purity (Zero attack contamination in Train)
2054,20170707_1522,Friday,Bot,1,validation,autoencoder,Friday_SEG_002,False,Anomaly evaluation partition (validation) for threshold calibration,Strict Level 3 Benign Purity (Zero attack contamination in Train)
2055,20170707_1523,Friday,Bot,1,validation,autoencoder,Friday_SEG_002,False,Anomaly evaluation partition (validation) for threshold calibration,Strict Level 3 Benign Purity (Zero attack contamination in Train)
2056,20170707_1524,Friday,Bot,1,validation,autoencoder,Friday_SEG_002,False,Anomaly evaluation partition (validation) for threshold calibration,Strict Level 3 Benign Purity (Zero attack contamination in Train)
2057,20170707_1525,Friday,Bot,1,validation,autoencoder,Friday_SEG_002,False,Anomaly evaluation partition (validation) for threshold calibration,Strict Level 3 Benign Purity (Zero attack contamination in Train)
2058,20170707_1526,Friday,Bot,1,validation,autoencoder,Friday_SEG_002,False,Anomaly evaluation partition (validation) for threshold calibration,Strict Level 3 Benign Purity (Zero attack contamination in Train)
2059,20170707_1527,Friday,Bot,1,validation,autoencoder,Friday_SEG_002,False,Anomaly evaluation partition (validation) for threshold calibration,Strict Level 3 Benign Purity (Zero attack contamination in Train)
2060,20170707_1528,Friday,Bot,1,validation,autoencoder,Friday_SEG_002,False,Anomaly evaluation partition (validation) for threshold calibration,Strict Level 3 Benign Purity (Zero attack contamination in Train)
2061,20170707_1529,Friday,Bot,1,validation,autoencoder,Friday_SEG_002,False,Anomaly evaluation partition (validation) for threshold calibration,Strict Level 3 Benign Purity (Zero attack contamination in Train)
2062,20170707_1530,Friday,Bot,1,validation,autoencoder,Friday_SEG_002,False,Anomaly evaluation partition (validation) for threshold calibration,Strict Level 3 Benign Purity (Zero attack contamination in Train)
2063,20170707_1531,Friday,Bot,1,validation,autoencoder,Friday_SEG_002,False,Anomaly evaluation partition (validation) for threshold calibration,Strict Level 3 Benign Purity (Zero attack contamination in Train)
2064,20170707_1532,Friday,Bot,1,validation,autoencoder,Friday_SEG_002,False,Anomaly evaluation partition (validation) for threshold calibration,Strict Level 3 Benign Purity (Zero attack contamination in Train)
2065,20170707_1533,Friday,Bot,1,validation,autoencoder,Friday_SEG_002,False,Anomaly evaluation partition (validation) for threshold calibration,Strict Level 3 Benign Purity (Zero attack contamination in Train)
2066,20170707_1534,Friday,Bot,1,validation,autoencoder,Friday_SEG_002,False,Anomaly evaluation partition (validation) for threshold calibration,Strict Level 3 Benign Purity (Zero attack contamination in Train)
2067,20170707_1535,Friday,Bot,1,validation,autoencoder,Friday_SEG_002,False,Anomaly evaluation partition (validation) for threshold calibration,Strict Level 3 Benign Purity (Zero attack contamination in Train)
2068,20170707_1536,Friday,Bot,1,validation,autoencoder,Friday_SEG_002,False,Anomaly evaluation partition (validation) for threshold calibration,Strict Level 3 Benign Purity (Zero attack contamination in Train)
2069,20170707_1537,Friday,Bot,1,validation,autoencoder,Friday_SEG_002,False,Anomaly evaluation partition (validation) for threshold calibration,Strict Level 3 Benign Purity (Zero attack contamination in Train)
2070,20170707_1538,Friday,Bot,1,validation,autoencoder,Friday_SEG_002,False,Anomaly evaluation partition (validation) for threshold calibration,Strict Level 3 Benign Purity (Zero attack contamination in Train)
2071,20170707_1539,Friday,Bot,1,validation,autoencoder,Friday_SEG_002,False,Anomaly evaluation partition (validation) for threshold calibration,Strict Level 3 Benign Purity (Zero attack contamination in Train)
2072,20170707_1540,Friday,Bot,1,validation,autoencoder,Friday_SEG_002,False,Anomaly evaluation partition (validation) for threshold calibration,Strict Level 3 Benign Purity (Zero attack contamination in Train)
2073,20170707_1541,Friday,Bot,1,validation,autoencoder,Friday_SEG_002,False,Anomaly evaluation partition (validation) for threshold calibration,Strict Level 3 Benign Purity (Zero attack contamination in Train)
2074,20170707_1542,Friday,Bot,1,validation,autoencoder,Friday_SEG_002,False,Anomaly evaluation partition (validation) for threshold calibration,Strict Level 3 Benign Purity (Zero attack contamination in Train)
2075,20170707_1543,Friday,Bot,1,validation,autoencoder,Friday_SEG_002,False,Anomaly evaluation partition (validation) for threshold calibration,Strict Level 3 Benign Purity (Zero attack contamination in Train)
2076,20170707_1544,Friday,Bot,1,validation,autoencoder,Friday_SEG_002,False,Anomaly evaluation partition (validation) for threshold calibration,Strict Level 3 Benign Purity (Zero attack contamination in Train)
2077,20170707_1545,Friday,Bot,1,validation,autoencoder,Friday_SEG_002,False,Anomaly evaluation partition (validation) for threshold calibration,Strict Level 3 Benign Purity (Zero attack contamination in Train)
2078,20170707_1546,Friday,Bot,1,validation,autoencoder,Friday_SEG_002,False,Anomaly evaluation partition (validation) for threshold calibration,Strict Level 3 Benign Purity (Zero attack contamination in Train)
2079,20170707_1547,Friday,Bot,1,validation,autoencoder,Friday_SEG_002,False,Anomaly evaluation partition (validation) for threshold calibration,Strict Level 3 Benign Purity (Zero attack contamination in Train)
2080,20170707_1548,Friday,Bot,1,validation,autoencoder,Friday_SEG_002,False,Anomaly evaluation partition (validation) for threshold calibration,Strict Level 3 Benign Purity (Zero attack contamination in Train)
2081,20170707_1549,Friday,Bot,1,validation,autoencoder,Friday_SEG_002,False,Anomaly evaluation partition (validation) for threshold calibration,Strict Level 3 Benign Purity (Zero attack contamination in Train)
2082,20170707_1550,Friday,Bot,1,validation,autoencoder,Friday_SEG_002,False,Anomaly evaluation partition (validation) for threshold calibration,Strict Level 3 Benign Purity (Zero attack contamination in Train)
2083,20170707_1551,Friday,Bot,1,validation,autoencoder,Friday_SEG_002,False,Anomaly evaluation partition (validation) for threshold calibration,Strict Level 3 Benign Purity (Zero attack contamination in Train)
2084,20170707_1552,Friday,Bot,1,validation,autoencoder,Friday_SEG_002,False,Anomaly evaluation partition (validation) for threshold calibration,Strict Level 3 Benign Purity (Zero attack contamination in Train)
2085,20170707_1553,Friday,Bot,1,validation,autoencoder,Friday_SEG_002,False,Anomaly evaluation partition (validation) for threshold calibration,Strict Level 3 Benign Purity (Zero attack contamination in Train)
2086,20170707_1554,Friday,Bot,1,validation,autoencoder,Friday_SEG_002,False,Anomaly evaluation partition (validation) for threshold calibration,Strict Level 3 Benign Purity (Zero attack contamination in Train)
2087,20170707_1555,Friday,Bot,1,validation,autoencoder,Friday_SEG_002,False,Anomaly evaluation partition (validation) for threshold calibration,Strict Level 3 Benign Purity (Zero attack contamination in Train)
2088,20170707_1556,Friday,Bot,1,validation,autoencoder,Friday_SEG_002,False,Anomaly evaluation partition (validation) for threshold calibration,Strict Level 3 Benign Purity (Zero attack contamination in Train)
2089,20170707_1557,Friday,Bot,1,validation,autoencoder,Friday_SEG_002,False,Anomaly evaluation partition (validation) for threshold calibration,Strict Level 3 Benign Purity (Zero attack contamination in Train)
2090,20170707_1558,Friday,Bot,1,validation,autoencoder,Friday_SEG_002,False,Anomaly evaluation partition (validation) for threshold calibration,Strict Level 3 Benign Purity (Zero attack contamination in Train)
2091,20170707_1559,Friday,Bot,1,validation,autoencoder,Friday_SEG_002,False,Anomaly evaluation partition (validation) for threshold calibration,Strict Level 3 Benign Purity (Zero attack contamination in Train)
2092,20170707_1600,Friday,Bot,1,validation,autoencoder,Friday_SEG_002,False,Anomaly evaluation partition (validation) for threshold calibration,Strict Level 3 Benign Purity (Zero attack contamination in Train)
2093,20170707_1601,Friday,Bot,1,validation,autoencoder,Friday_SEG_002,False,Anomaly evaluation partition (validation) for threshold calibration,Strict Level 3 Benign Purity (Zero attack contamination in Train)
2094,20170707_1602,Friday,Bot,1,validation,autoencoder,Friday_SEG_002,False,Anomaly evaluation partition (validation) for threshold calibration,Strict Level 3 Benign Purity (Zero attack contamination in Train)
2095,20170707_1603,Friday,Bot,1,validation,autoencoder,Friday_SEG_002,False,Anomaly evaluation partition (validation) for threshold calibration,Strict Level 3 Benign Purity (Zero attack contamination in Train)
2096,20170707_1604,Friday,Bot,1,validation,autoencoder,Friday_SEG_002,False,Anomaly evaluation partition (validation) for threshold calibration,Strict Level 3 Benign Purity (Zero attack contamination in Train)
2097,20170707_1605,Friday,Bot,1,validation,autoencoder,Friday_SEG_002,False,Anomaly evaluation partition (validation) for threshold calibration,Strict Level 3 Benign Purity (Zero attack contamination in Train)
2098,20170707_1606,Friday,Bot,1,validation,autoencoder,Friday_SEG_002,False,Anomaly evaluation partition (validation) for threshold calibration,Strict Level 3 Benign Purity (Zero attack contamination in Train)
2099,20170707_1607,Friday,Bot,1,validation,autoencoder,Friday_SEG_002,False,Anomaly evaluation partition (validation) for threshold calibration,Strict Level 3 Benign Purity (Zero attack contamination in Train)
2100,20170707_1608,Friday,Bot,1,validation,autoencoder,Friday_SEG_002,False,Anomaly evaluation partition (validation) for threshold calibration,Strict Level 3 Benign Purity (Zero attack contamination in Train)
2101,20170707_1609,Friday,Bot,1,validation,autoencoder,Friday_SEG_002,False,Anomaly evaluation partition (validation) for threshold calibration,Strict Level 3 Benign Purity (Zero attack contamination in Train)
2102,20170707_1610,Friday,Bot,1,validation,autoencoder,Friday_SEG_002,False,Anomaly evaluation partition (validation) for threshold calibration,Strict Level 3 Benign Purity (Zero attack contamination in Train)
2103,20170707_1611,Friday,Bot,1,validation,autoencoder,Friday_SEG_002,False,Anomaly evaluation partition (validation) for threshold calibration,Strict Level 3 Benign Purity (Zero attack contamination in Train)
2104,20170707_1612,Friday,Bot,1,validation,autoencoder,Friday_SEG_002,False,Anomaly evaluation partition (validation) for threshold calibration,Strict Level 3 Benign Purity (Zero attack contamination in Train)
2105,20170707_1613,Friday,Bot,1,validation,autoencoder,Friday_SEG_002,False,Anomaly evaluation partition (validation) for threshold calibration,Strict Level 3 Benign Purity (Zero attack contamination in Train)
2106,20170707_1614,Friday,BENIGN,0,train,autoencoder,Friday_GAP_003,False,Pure benign baseline training (Level 3 Purity),Strict Level 3 Benign Purity (Zero attack contamination in Train)
2107,20170707_1615,Friday,Bot,1,validation,autoencoder,Friday_SEG_003,False,Anomaly evaluation partition (validation) for threshold calibration,Strict Level 3 Benign Purity (Zero attack contamination in Train)
2108,20170707_1616,Friday,Bot,1,validation,autoencoder,Friday_SEG_003,False,Anomaly evaluation partition (validation) for threshold calibration,Strict Level 3 Benign Purity (Zero attack contamination in Train)
2109,20170707_1617,Friday,Bot,1,validation,autoencoder,Friday_SEG_003,False,Anomaly evaluation partition (validation) for threshold calibration,Strict Level 3 Benign Purity (Zero attack contamination in Train)
2110,20170707_1618,Friday,Bot,1,validation,autoencoder,Friday_SEG_003,False,Anomaly evaluation partition (validation) for threshold calibration,Strict Level 3 Benign Purity (Zero attack contamination in Train)
2111,20170707_1619,Friday,BENIGN,0,train,autoencoder,Friday_GAP_004,False,Pure benign baseline training (Level 3 Purity),Strict Level 3 Benign Purity (Zero attack contamination in Train)
2112,20170707_1620,Friday,Bot,1,validation,autoencoder,Friday_SEG_004,False,Anomaly evaluation partition (validation) for threshold calibration,Strict Level 3 Benign Purity (Zero attack contamination in Train)
2113,20170707_1621,Friday,Bot,1,validation,autoencoder,Friday_SEG_004,False,Anomaly evaluation partition (validation) for threshold calibration,Strict Level 3 Benign Purity (Zero attack contamination in Train)
2114,20170707_1622,Friday,Bot,1,validation,autoencoder,Friday_SEG_004,False,Anomaly evaluation partition (validation) for threshold calibration,Strict Level 3 Benign Purity (Zero attack contamination in Train)
2115,20170707_1623,Friday,Bot,1,validation,autoencoder,Friday_SEG_004,False,Anomaly evaluation partition (validation) for threshold calibration,Strict Level 3 Benign Purity (Zero attack contamination in Train)
2116,20170707_1624,Friday,BENIGN,0,train,autoencoder,Friday_GAP_005,False,Pure benign baseline training (Level 3 Purity),Strict Level 3 Benign Purity (Zero attack contamination in Train)
2117,20170707_1625,Friday,Bot,1,validation,autoencoder,Friday_SEG_005,False,Anomaly evaluation partition (validation) for threshold calibration,Strict Level 3 Benign Purity (Zero attack contamination in Train)
2118,20170707_1626,Friday,Bot,1,validation,autoencoder,Friday_SEG_005,False,Anomaly evaluation partition (validation) for threshold calibration,Strict Level 3 Benign Purity (Zero attack contamination in Train)
2119,20170707_1627,Friday,Bot,1,validation,autoencoder,Friday_SEG_005,False,Anomaly evaluation partition (validation) for threshold calibration,Strict Level 3 Benign Purity (Zero attack contamination in Train)
2120,20170707_1628,Friday,Bot,1,validation,autoencoder,Friday_SEG_005,False,Anomaly evaluation partition (validation) for threshold calibration,Strict Level 3 Benign Purity (Zero attack contamination in Train)
2121,20170707_1629,Friday,BENIGN,0,train,autoencoder,Friday_GAP_006,False,Pure benign baseline training (Level 3 Purity),Strict Level 3 Benign Purity (Zero attack contamination in Train)
2122,20170707_1630,Friday,Bot,1,validation,autoencoder,Friday_SEG_006,False,Anomaly evaluation partition (validation) for threshold calibration,Strict Level 3 Benign Purity (Zero attack contamination in Train)
2123,20170707_1631,Friday,Bot,1,validation,autoencoder,Friday_SEG_006,False,Anomaly evaluation partition (validation) for threshold calibration,Strict Level 3 Benign Purity (Zero attack contamination in Train)
2124,20170707_1632,Friday,Bot,1,validation,autoencoder,Friday_SEG_006,False,Anomaly evaluation partition (validation) for threshold calibration,Strict Level 3 Benign Purity (Zero attack contamination in Train)
2125,20170707_1633,Friday,Bot,1,validation,autoencoder,Friday_SEG_006,False,Anomaly evaluation partition (validation) for threshold calibration,Strict Level 3 Benign Purity (Zero attack contamination in Train)
2126,20170707_1634,Friday,Bot,1,validation,autoencoder,Friday_SEG_006,False,Anomaly evaluation partition (validation) for threshold calibration,Strict Level 3 Benign Purity (Zero attack contamination in Train)
2127,20170707_1635,Friday,Bot,1,validation,autoencoder,Friday_SEG_006,False,Anomaly evaluation partition (validation) for threshold calibration,Strict Level 3 Benign Purity (Zero attack contamination in Train)
2128,20170707_1636,Friday,Bot,1,validation,autoencoder,Friday_SEG_006,False,Anomaly evaluation partition (validation) for threshold calibration,Strict Level 3 Benign Purity (Zero attack contamination in Train)
2129,20170707_1637,Friday,Bot,1,validation,autoencoder,Friday_SEG_006,False,Anomaly evaluation partition (validation) for threshold calibration,Strict Level 3 Benign Purity (Zero attack contamination in Train)
2130,20170707_1638,Friday,Bot,1,validation,autoencoder,Friday_SEG_006,False,Anomaly evaluation partition (validation) for threshold calibration,Strict Level 3 Benign Purity (Zero attack contamination in Train)
2131,20170707_1639,Friday,Bot,1,validation,autoencoder,Friday_SEG_006,False,Anomaly evaluation partition (validation) for threshold calibration,Strict Level 3 Benign Purity (Zero attack contamination in Train)
2132,20170707_1640,Friday,Bot,1,validation,autoencoder,Friday_SEG_006,False,Anomaly evaluation partition (validation) for threshold calibration,Strict Level 3 Benign Purity (Zero attack contamination in Train)
2133,20170707_1641,Friday,Bot,1,validation,autoencoder,Friday_SEG_006,False,Anomaly evaluation partition (validation) for threshold calibration,Strict Level 3 Benign Purity (Zero attack contamination in Train)
2134,20170707_1642,Friday,Bot,1,validation,autoencoder,Friday_SEG_006,False,Anomaly evaluation partition (validation) for threshold calibration,Strict Level 3 Benign Purity (Zero attack contamination in Train)
2135,20170707_1643,Friday,Bot,1,validation,autoencoder,Friday_SEG_006,False,Anomaly evaluation partition (validation) for threshold calibration,Strict Level 3 Benign Purity (Zero attack contamination in Train)
2136,20170707_1644,Friday,Bot,1,validation,autoencoder,Friday_SEG_006,False,Anomaly evaluation partition (validation) for threshold calibration,Strict Level 3 Benign Purity (Zero attack contamination in Train)
2137,20170707_1645,Friday,Bot,1,validation,autoencoder,Friday_SEG_006,False,Anomaly evaluation partition (validation) for threshold calibration,Strict Level 3 Benign Purity (Zero attack contamination in Train)
2138,20170707_1646,Friday,BENIGN,0,train,autoencoder,Friday_GAP_007,False,Pure benign baseline training (Level 3 Purity),Strict Level 3 Benign Purity (Zero attack contamination in Train)
2139,20170707_1647,Friday,Bot,1,validation,autoencoder,Friday_SEG_007,False,Anomaly evaluation partition (validation) for threshold calibration,Strict Level 3 Benign Purity (Zero attack contamination in Train)
2140,20170707_1648,Friday,Bot,1,validation,autoencoder,Friday_SEG_007,False,Anomaly evaluation partition (validation) for threshold calibration,Strict Level 3 Benign Purity (Zero attack contamination in Train)
2141,20170707_1649,Friday,Bot,1,validation,autoencoder,Friday_SEG_007,False,Anomaly evaluation partition (validation) for threshold calibration,Strict Level 3 Benign Purity (Zero attack contamination in Train)
2142,20170707_1650,Friday,Bot,1,validation,autoencoder,Friday_SEG_007,False,Anomaly evaluation partition (validation) for threshold calibration,Strict Level 3 Benign Purity (Zero attack contamination in Train)
2143,20170707_1651,Friday,BENIGN,0,train,autoencoder,Friday_GAP_008,False,Pure benign baseline training (Level 3 Purity),Strict Level 3 Benign Purity (Zero attack contamination in Train)
2144,20170707_1652,Friday,Bot,1,validation,autoencoder,Friday_SEG_008,False,Anomaly evaluation partition (validation) for threshold calibration,Strict Level 3 Benign Purity (Zero attack contamination in Train)
2145,20170707_1653,Friday,Bot,1,validation,autoencoder,Friday_SEG_008,False,Anomaly evaluation partition (validation) for threshold calibration,Strict Level 3 Benign Purity (Zero attack contamination in Train)
2146,20170707_1654,Friday,Bot,1,validation,autoencoder,Friday_SEG_008,False,Anomaly evaluation partition (validation) for threshold calibration,Strict Level 3 Benign Purity (Zero attack contamination in Train)
2147,20170707_1655,Friday,Bot,1,validation,autoencoder,Friday_SEG_008,False,Anomaly evaluation partition (validation) for threshold calibration,Strict Level 3 Benign Purity (Zero attack contamination in Train)
2148,20170707_1656,Friday,BENIGN,0,train,autoencoder,Friday_GAP_009,False,Pure benign baseline training (Level 3 Purity),Strict Level 3 Benign Purity (Zero attack contamination in Train)
2149,20170707_1657,Friday,Bot,1,test,autoencoder,Friday_SEG_009,False,Anomaly evaluation partition (test) for threshold calibration,Strict Level 3 Benign Purity (Zero attack contamination in Train)
2150,20170707_1658,Friday,Bot,1,test,autoencoder,Friday_SEG_009,False,Anomaly evaluation partition (test) for threshold calibration,Strict Level 3 Benign Purity (Zero attack contamination in Train)
2151,20170707_1659,Friday,Bot,1,test,autoencoder,Friday_SEG_009,False,Anomaly evaluation partition (test) for threshold calibration,Strict Level 3 Benign Purity (Zero attack contamination in Train)
2152,20170707_1700,Friday,Bot,1,test,autoencoder,Friday_SEG_009,False,Anomaly evaluation partition (test) for threshold calibration,Strict Level 3 Benign Purity (Zero attack contamination in Train)
2153,20170707_1701,Friday,BENIGN,0,train,autoencoder,Friday_GAP_010,False,Pure benign baseline training (Level 3 Purity),Strict Level 3 Benign Purity (Zero attack contamination in Train)
2154,20170707_1702,Friday,Bot,1,test,autoencoder,Friday_SEG_010,False,Anomaly evaluation partition (test) for threshold calibration,Strict Level 3 Benign Purity (Zero attack contamination in Train)
2155,20170707_1703,Friday,Bot,1,test,autoencoder,Friday_SEG_010,False,Anomaly evaluation partition (test) for threshold calibration,Strict Level 3 Benign Purity (Zero attack contamination in Train)
2156,20170707_1704,Friday,Bot,1,test,autoencoder,Friday_SEG_010,False,Anomaly evaluation partition (test) for threshold calibration,Strict Level 3 Benign Purity (Zero attack contamination in Train)
2157,20170707_1705,Friday,Bot,1,test,autoencoder,Friday_SEG_010,False,Anomaly evaluation partition (test) for threshold calibration,Strict Level 3 Benign Purity (Zero attack contamination in Train)
2158,20170707_1706,Friday,Bot,1,test,autoencoder,Friday_SEG_010,False,Anomaly evaluation partition (test) for threshold calibration,Strict Level 3 Benign Purity (Zero attack contamination in Train)
2159,20170707_1707,Friday,Bot,1,test,autoencoder,Friday_SEG_010,False,Anomaly evaluation partition (test) for threshold calibration,Strict Level 3 Benign Purity (Zero attack contamination in Train)
2160,20170707_1708,Friday,Bot,1,test,autoencoder,Friday_SEG_010,False,Anomaly evaluation partition (test) for threshold calibration,Strict Level 3 Benign Purity (Zero attack contamination in Train)
2161,20170707_1709,Friday,Bot,1,test,autoencoder,Friday_SEG_010,False,Anomaly evaluation partition (test) for threshold calibration,Strict Level 3 Benign Purity (Zero attack contamination in Train)
2162,20170707_1710,Friday,Bot,1,test,autoencoder,Friday_SEG_010,False,Anomaly evaluation partition (test) for threshold calibration,Strict Level 3 Benign Purity (Zero attack contamination in Train)
2163,20170707_1711,Friday,Bot,1,test,autoencoder,Friday_SEG_010,False,Anomaly evaluation partition (test) for threshold calibration,Strict Level 3 Benign Purity (Zero attack contamination in Train)
2164,20170707_1712,Friday,Bot,1,test,autoencoder,Friday_SEG_010,False,Anomaly evaluation partition (test) for threshold calibration,Strict Level 3 Benign Purity (Zero attack contamination in Train)
2165,20170707_1713,Friday,Bot,1,test,autoencoder,Friday_SEG_010,False,Anomaly evaluation partition (test) for threshold calibration,Strict Level 3 Benign Purity (Zero attack contamination in Train)
2166,20170707_1714,Friday,Bot,1,test,autoencoder,Friday_SEG_010,False,Anomaly evaluation partition (test) for threshold calibration,Strict Level 3 Benign Purity (Zero attack contamination in Train)
2167,20170707_1715,Friday,Bot,1,test,autoencoder,Friday_SEG_010,False,Anomaly evaluation partition (test) for threshold calibration,Strict Level 3 Benign Purity (Zero attack contamination in Train)
2168,20170707_1716,Friday,Bot,1,test,autoencoder,Friday_SEG_010,False,Anomaly evaluation partition (test) for threshold calibration,Strict Level 3 Benign Purity (Zero attack contamination in Train)
2169,20170707_1717,Friday,Bot,1,test,autoencoder,Friday_SEG_010,False,Anomaly evaluation partition (test) for threshold calibration,Strict Level 3 Benign Purity (Zero attack contamination in Train)
2170,20170707_1718,Friday,BENIGN,0,train,autoencoder,Friday_GAP_011,False,Pure benign baseline training (Level 3 Purity),Strict Level 3 Benign Purity (Zero attack contamination in Train)
2171,20170707_1719,Friday,Bot,1,test,autoencoder,Friday_SEG_011,False,Anomaly evaluation partition (test) for threshold calibration,Strict Level 3 Benign Purity (Zero attack contamination in Train)
2172,20170707_1720,Friday,Bot,1,test,autoencoder,Friday_SEG_011,False,Anomaly evaluation partition (test) for threshold calibration,Strict Level 3 Benign Purity (Zero attack contamination in Train)
2173,20170707_1721,Friday,Bot,1,test,autoencoder,Friday_SEG_011,False,Anomaly evaluation partition (test) for threshold calibration,Strict Level 3 Benign Purity (Zero attack contamination in Train)
2174,20170707_1722,Friday,Bot,1,test,autoencoder,Friday_SEG_011,False,Anomaly evaluation partition (test) for threshold calibration,Strict Level 3 Benign Purity (Zero attack contamination in Train)
2175,20170707_1723,Friday,BENIGN,0,train,autoencoder,Friday_GAP_012,False,Pure benign baseline training (Level 3 Purity),Strict Level 3 Benign Purity (Zero attack contamination in Train)
2176,20170707_1724,Friday,Bot,1,test,autoencoder,Friday_SEG_012,False,Anomaly evaluation partition (test) for threshold calibration,Strict Level 3 Benign Purity (Zero attack contamination in Train)
2177,20170707_1725,Friday,Bot,1,test,autoencoder,Friday_SEG_012,False,Anomaly evaluation partition (test) for threshold calibration,Strict Level 3 Benign Purity (Zero attack contamination in Train)
2178,20170707_1726,Friday,Bot,1,test,autoencoder,Friday_SEG_012,False,Anomaly evaluation partition (test) for threshold calibration,Strict Level 3 Benign Purity (Zero attack contamination in Train)
2179,20170707_1727,Friday,Bot,1,test,autoencoder,Friday_SEG_012,False,Anomaly evaluation partition (test) for threshold calibration,Strict Level 3 Benign Purity (Zero attack contamination in Train)
2180,20170707_1728,Friday,BENIGN,0,train,autoencoder,Friday_GAP_013,False,Pure benign baseline training (Level 3 Purity),Strict Level 3 Benign Purity (Zero attack contamination in Train)
2181,20170707_1729,Friday,Bot,1,test,autoencoder,Friday_SEG_013,False,Anomaly evaluation partition (test) for threshold calibration,Strict Level 3 Benign Purity (Zero attack contamination in Train)
2182,20170707_1730,Friday,Bot,1,test,autoencoder,Friday_SEG_013,False,Anomaly evaluation partition (test) for threshold calibration,Strict Level 3 Benign Purity (Zero attack contamination in Train)
2183,20170707_1731,Friday,Bot,1,test,autoencoder,Friday_SEG_013,False,Anomaly evaluation partition (test) for threshold calibration,Strict Level 3 Benign Purity (Zero attack contamination in Train)
2184,20170707_1732,Friday,Bot,1,test,autoencoder,Friday_SEG_013,False,Anomaly evaluation partition (test) for threshold calibration,Strict Level 3 Benign Purity (Zero attack contamination in Train)
2185,20170707_1733,Friday,BENIGN,0,train,autoencoder,Friday_GAP_014,False,Pure benign baseline training (Level 3 Purity),Strict Level 3 Benign Purity (Zero attack contamination in Train)
2186,20170707_1734,Friday,Bot,1,test,autoencoder,Friday_SEG_014,False,Anomaly evaluation partition (test) for threshold calibration,Strict Level 3 Benign Purity (Zero attack contamination in Train)
2187,20170707_1735,Friday,Bot,1,test,autoencoder,Friday_SEG_014,False,Anomaly evaluation partition (test) for threshold calibration,Strict Level 3 Benign Purity (Zero attack contamination in Train)
2188,20170707_1736,Friday,Bot,1,test,autoencoder,Friday_SEG_014,False,Anomaly evaluation partition (test) for threshold calibration,Strict Level 3 Benign Purity (Zero attack contamination in Train)
2189,20170707_1737,Friday,Bot,1,test,autoencoder,Friday_SEG_014,False,Anomaly evaluation partition (test) for threshold calibration,Strict Level 3 Benign Purity (Zero attack contamination in Train)
2190,20170707_1738,Friday,Bot,1,test,autoencoder,Friday_SEG_014,False,Anomaly evaluation partition (test) for threshold calibration,Strict Level 3 Benign Purity (Zero attack contamination in Train)
2191,20170707_1739,Friday,Bot,1,test,autoencoder,Friday_SEG_014,False,Anomaly evaluation partition (test) for threshold calibration,Strict Level 3 Benign Purity (Zero attack contamination in Train)
2192,20170707_1740,Friday,Bot,1,test,autoencoder,Friday_SEG_014,False,Anomaly evaluation partition (test) for threshold calibration,Strict Level 3 Benign Purity (Zero attack contamination in Train)
2193,20170707_1741,Friday,Bot,1,test,autoencoder,Friday_SEG_014,False,Anomaly evaluation partition (test) for threshold calibration,Strict Level 3 Benign Purity (Zero attack contamination in Train)
2194,20170707_1742,Friday,Bot,1,test,autoencoder,Friday_SEG_014,False,Anomaly evaluation partition (test) for threshold calibration,Strict Level 3 Benign Purity (Zero attack contamination in Train)
2195,20170707_1743,Friday,Bot,1,test,autoencoder,Friday_SEG_014,False,Anomaly evaluation partition (test) for threshold calibration,Strict Level 3 Benign Purity (Zero attack contamination in Train)
2196,20170707_1744,Friday,Bot,1,test,autoencoder,Friday_SEG_014,False,Anomaly evaluation partition (test) for threshold calibration,Strict Level 3 Benign Purity (Zero attack contamination in Train)
2197,20170707_1745,Friday,Bot,1,test,autoencoder,Friday_SEG_014,False,Anomaly evaluation partition (test) for threshold calibration,Strict Level 3 Benign Purity (Zero attack contamination in Train)
2198,20170707_1746,Friday,Bot,1,test,autoencoder,Friday_SEG_014,False,Anomaly evaluation partition (test) for threshold calibration,Strict Level 3 Benign Purity (Zero attack contamination in Train)
2199,20170707_1747,Friday,Bot,1,test,autoencoder,Friday_SEG_014,False,Anomaly evaluation partition (test) for threshold calibration,Strict Level 3 Benign Purity (Zero attack contamination in Train)
2200,20170707_1748,Friday,Bot,1,test,autoencoder,Friday_SEG_014,False,Anomaly evaluation partition (test) for threshold calibration,Strict Level 3 Benign Purity (Zero attack contamination in Train)
2201,20170707_1749,Friday,Bot,1,test,autoencoder,Friday_SEG_014,False,Anomaly evaluation partition (test) for threshold calibration,Strict Level 3 Benign Purity (Zero attack contamination in Train)
2202,20170707_1750,Friday,BENIGN,0,train,autoencoder,Friday_GAP_015,False,Pure benign baseline training (Level 3 Purity),Strict Level 3 Benign Purity (Zero attack contamination in Train)
2203,20170707_1751,Friday,Bot,1,test,autoencoder,Friday_SEG_015,False,Anomaly evaluation partition (test) for threshold calibration,Strict Level 3 Benign Purity (Zero attack contamination in Train)
2204,20170707_1752,Friday,Bot,1,test,autoencoder,Friday_SEG_015,False,Anomaly evaluation partition (test) for threshold calibration,Strict Level 3 Benign Purity (Zero attack contamination in Train)
2205,20170707_1753,Friday,Bot,1,test,autoencoder,Friday_SEG_015,False,Anomaly evaluation partition (test) for threshold calibration,Strict Level 3 Benign Purity (Zero attack contamination in Train)
2206,20170707_1754,Friday,Bot,1,test,autoencoder,Friday_SEG_015,False,Anomaly evaluation partition (test) for threshold calibration,Strict Level 3 Benign Purity (Zero attack contamination in Train)
2207,20170707_1755,Friday,BENIGN,0,train,autoencoder,Friday_GAP_016,False,Pure benign baseline training (Level 3 Purity),Strict Level 3 Benign Purity (Zero attack contamination in Train)
2208,20170707_1756,Friday,Bot,1,test,autoencoder,Friday_SEG_016,False,Anomaly evaluation partition (test) for threshold calibration,Strict Level 3 Benign Purity (Zero attack contamination in Train)
2209,20170707_1757,Friday,Bot,1,test,autoencoder,Friday_SEG_016,False,Anomaly evaluation partition (test) for threshold calibration,Strict Level 3 Benign Purity (Zero attack contamination in Train)
2210,20170707_1758,Friday,Bot,1,test,autoencoder,Friday_SEG_016,False,Anomaly evaluation partition (test) for threshold calibration,Strict Level 3 Benign Purity (Zero attack contamination in Train)
2211,20170707_1759,Friday,Bot,1,test,autoencoder,Friday_SEG_016,False,Anomaly evaluation partition (test) for threshold calibration,Strict Level 3 Benign Purity (Zero attack contamination in Train)
2212,20170707_1800,Friday,BENIGN,0,train,autoencoder,Friday_GAP_017,False,Pure benign baseline training (Level 3 Purity),Strict Level 3 Benign Purity (Zero attack contamination in Train)
2213,20170707_1801,Friday,BENIGN,0,train,autoencoder,Friday_GAP_017,False,Pure benign baseline training (Level 3 Purity),Strict Level 3 Benign Purity (Zero attack contamination in Train)
2214,20170707_1802,Friday,BENIGN,0,train,autoencoder,Friday_GAP_017,False,Pure benign baseline training (Level 3 Purity),Strict Level 3 Benign Purity (Zero attack contamination in Train)
2215,20170707_1803,Friday,BENIGN,0,train,autoencoder,Friday_GAP_017,False,Pure benign baseline training (Level 3 Purity),Strict Level 3 Benign Purity (Zero attack contamination in Train)
2216,20170707_1804,Friday,BENIGN,0,validation,autoencoder,Friday_GAP_017,False,Unseen benign evaluation partition (validation),Strict Level 3 Benign Purity (Zero attack contamination in Train)
2217,20170707_1805,Friday,PortScan,1,validation,autoencoder,Friday_SEG_017,False,Anomaly evaluation partition (validation) for threshold calibration,Strict Level 3 Benign Purity (Zero attack contamination in Train)
2218,20170707_1806,Friday,PortScan,1,validation,autoencoder,Friday_SEG_017,False,Anomaly evaluation partition (validation) for threshold calibration,Strict Level 3 Benign Purity (Zero attack contamination in Train)
2219,20170707_1807,Friday,BENIGN,0,train,autoencoder,Friday_GAP_018,False,Pure benign baseline training (Level 3 Purity),Strict Level 3 Benign Purity (Zero attack contamination in Train)
2220,20170707_1808,Friday,BENIGN,0,train,autoencoder,Friday_GAP_018,False,Pure benign baseline training (Level 3 Purity),Strict Level 3 Benign Purity (Zero attack contamination in Train)
2221,20170707_1809,Friday,BENIGN,0,train,autoencoder,Friday_GAP_018,False,Pure benign baseline training (Level 3 Purity),Strict Level 3 Benign Purity (Zero attack contamination in Train)
2222,20170707_1810,Friday,BENIGN,0,train,autoencoder,Friday_GAP_018,False,Pure benign baseline training (Level 3 Purity),Strict Level 3 Benign Purity (Zero attack contamination in Train)
2223,20170707_1811,Friday,BENIGN,0,train,autoencoder,Friday_GAP_018,False,Pure benign baseline training (Level 3 Purity),Strict Level 3 Benign Purity (Zero attack contamination in Train)
2224,20170707_1812,Friday,BENIGN,0,train,autoencoder,Friday_GAP_018,False,Pure benign baseline training (Level 3 Purity),Strict Level 3 Benign Purity (Zero attack contamination in Train)
2225,20170707_1813,Friday,BENIGN,0,train,autoencoder,Friday_GAP_018,False,Pure benign baseline training (Level 3 Purity),Strict Level 3 Benign Purity (Zero attack contamination in Train)
2226,20170707_1814,Friday,BENIGN,0,train,autoencoder,Friday_GAP_018,False,Pure benign baseline training (Level 3 Purity),Strict Level 3 Benign Purity (Zero attack contamination in Train)
2227,20170707_1815,Friday,BENIGN,0,train,autoencoder,Friday_GAP_018,False,Pure benign baseline training (Level 3 Purity),Strict Level 3 Benign Purity (Zero attack contamination in Train)
2228,20170707_1816,Friday,BENIGN,0,train,autoencoder,Friday_GAP_018,False,Pure benign baseline training (Level 3 Purity),Strict Level 3 Benign Purity (Zero attack contamination in Train)
2229,20170707_1817,Friday,BENIGN,0,train,autoencoder,Friday_GAP_018,False,Pure benign baseline training (Level 3 Purity),Strict Level 3 Benign Purity (Zero attack contamination in Train)
2230,20170707_1818,Friday,BENIGN,0,train,autoencoder,Friday_GAP_018,False,Pure benign baseline training (Level 3 Purity),Strict Level 3 Benign Purity (Zero attack contamination in Train)
2231,20170707_1819,Friday,BENIGN,0,train,autoencoder,Friday_GAP_018,False,Pure benign baseline training (Level 3 Purity),Strict Level 3 Benign Purity (Zero attack contamination in Train)
2232,20170707_1820,Friday,BENIGN,0,train,autoencoder,Friday_GAP_018,False,Pure benign baseline training (Level 3 Purity),Strict Level 3 Benign Purity (Zero attack contamination in Train)
2233,20170707_1821,Friday,BENIGN,0,train,autoencoder,Friday_GAP_018,False,Pure benign baseline training (Level 3 Purity),Strict Level 3 Benign Purity (Zero attack contamination in Train)
2234,20170707_1822,Friday,BENIGN,0,train,autoencoder,Friday_GAP_018,False,Pure benign baseline training (Level 3 Purity),Strict Level 3 Benign Purity (Zero attack contamination in Train)
2235,20170707_1823,Friday,BENIGN,0,train,autoencoder,Friday_GAP_018,False,Pure benign baseline training (Level 3 Purity),Strict Level 3 Benign Purity (Zero attack contamination in Train)
2236,20170707_1824,Friday,BENIGN,0,train,autoencoder,Friday_GAP_018,False,Pure benign baseline training (Level 3 Purity),Strict Level 3 Benign Purity (Zero attack contamination in Train)
2237,20170707_1825,Friday,BENIGN,0,train,autoencoder,Friday_GAP_018,False,Pure benign baseline training (Level 3 Purity),Strict Level 3 Benign Purity (Zero attack contamination in Train)
2238,20170707_1826,Friday,BENIGN,0,train,autoencoder,Friday_GAP_018,False,Pure benign baseline training (Level 3 Purity),Strict Level 3 Benign Purity (Zero attack contamination in Train)
2239,20170707_1827,Friday,BENIGN,0,train,autoencoder,Friday_GAP_018,False,Pure benign baseline training (Level 3 Purity),Strict Level 3 Benign Purity (Zero attack contamination in Train)
2240,20170707_1828,Friday,BENIGN,0,train,autoencoder,Friday_GAP_018,False,Pure benign baseline training (Level 3 Purity),Strict Level 3 Benign Purity (Zero attack contamination in Train)
2241,20170707_1829,Friday,BENIGN,0,train,autoencoder,Friday_GAP_018,False,Pure benign baseline training (Level 3 Purity),Strict Level 3 Benign Purity (Zero attack contamination in Train)
2242,20170707_1830,Friday,BENIGN,0,train,autoencoder,Friday_GAP_018,False,Pure benign baseline training (Level 3 Purity),Strict Level 3 Benign Purity (Zero attack contamination in Train)
2243,20170707_1831,Friday,BENIGN,0,train,autoencoder,Friday_GAP_018,False,Pure benign baseline training (Level 3 Purity),Strict Level 3 Benign Purity (Zero attack contamination in Train)
2244,20170707_1832,Friday,BENIGN,0,train,autoencoder,Friday_GAP_018,False,Pure benign baseline training (Level 3 Purity),Strict Level 3 Benign Purity (Zero attack contamination in Train)
2245,20170707_1833,Friday,BENIGN,0,train,autoencoder,Friday_GAP_018,False,Pure benign baseline training (Level 3 Purity),Strict Level 3 Benign Purity (Zero attack contamination in Train)
2246,20170707_1834,Friday,BENIGN,0,train,autoencoder,Friday_GAP_018,False,Pure benign baseline training (Level 3 Purity),Strict Level 3 Benign Purity (Zero attack contamination in Train)
2247,20170707_1835,Friday,BENIGN,0,train,autoencoder,Friday_GAP_018,False,Pure benign baseline training (Level 3 Purity),Strict Level 3 Benign Purity (Zero attack contamination in Train)
2248,20170707_1836,Friday,BENIGN,0,train,autoencoder,Friday_GAP_018,False,Pure benign baseline training (Level 3 Purity),Strict Level 3 Benign Purity (Zero attack contamination in Train)
2249,20170707_1837,Friday,BENIGN,0,train,autoencoder,Friday_GAP_018,False,Pure benign baseline training (Level 3 Purity),Strict Level 3 Benign Purity (Zero attack contamination in Train)
2250,20170707_1838,Friday,BENIGN,0,validation,autoencoder,Friday_GAP_018,False,Unseen benign evaluation partition (validation),Strict Level 3 Benign Purity (Zero attack contamination in Train)
2251,20170707_1839,Friday,BENIGN,0,validation,autoencoder,Friday_GAP_018,False,Unseen benign evaluation partition (validation),Strict Level 3 Benign Purity (Zero attack contamination in Train)
2252,20170707_1840,Friday,BENIGN,0,validation,autoencoder,Friday_GAP_018,False,Unseen benign evaluation partition (validation),Strict Level 3 Benign Purity (Zero attack contamination in Train)
2253,20170707_1841,Friday,BENIGN,0,validation,autoencoder,Friday_GAP_018,False,Unseen benign evaluation partition (validation),Strict Level 3 Benign Purity (Zero attack contamination in Train)
2254,20170707_1842,Friday,BENIGN,0,validation,autoencoder,Friday_GAP_018,False,Unseen benign evaluation partition (validation),Strict Level 3 Benign Purity (Zero attack contamination in Train)
2255,20170707_1843,Friday,BENIGN,0,validation,autoencoder,Friday_GAP_018,False,Unseen benign evaluation partition (validation),Strict Level 3 Benign Purity (Zero attack contamination in Train)
2256,20170707_1844,Friday,BENIGN,0,validation,autoencoder,Friday_GAP_018,False,Unseen benign evaluation partition (validation),Strict Level 3 Benign Purity (Zero attack contamination in Train)
2257,20170707_1845,Friday,BENIGN,0,test,autoencoder,Friday_GAP_018,False,Unseen benign evaluation partition (test),Strict Level 3 Benign Purity (Zero attack contamination in Train)
2258,20170707_1846,Friday,BENIGN,0,test,autoencoder,Friday_GAP_018,False,Unseen benign evaluation partition (test),Strict Level 3 Benign Purity (Zero attack contamination in Train)
2259,20170707_1847,Friday,BENIGN,0,test,autoencoder,Friday_GAP_018,False,Unseen benign evaluation partition (test),Strict Level 3 Benign Purity (Zero attack contamination in Train)
2260,20170707_1848,Friday,BENIGN,0,test,autoencoder,Friday_GAP_018,False,Unseen benign evaluation partition (test),Strict Level 3 Benign Purity (Zero attack contamination in Train)
2261,20170707_1849,Friday,BENIGN,0,test,autoencoder,Friday_GAP_018,False,Unseen benign evaluation partition (test),Strict Level 3 Benign Purity (Zero attack contamination in Train)
2262,20170707_1850,Friday,BENIGN,0,test,autoencoder,Friday_GAP_018,False,Unseen benign evaluation partition (test),Strict Level 3 Benign Purity (Zero attack contamination in Train)
2263,20170707_1851,Friday,BENIGN,0,test,autoencoder,Friday_GAP_018,False,Unseen benign evaluation partition (test),Strict Level 3 Benign Purity (Zero attack contamination in Train)
2264,20170707_1852,Friday,PortScan,1,validation,autoencoder,Friday_SEG_018,False,Anomaly evaluation partition (validation) for threshold calibration,Strict Level 3 Benign Purity (Zero attack contamination in Train)
2265,20170707_1853,Friday,BENIGN,0,train,autoencoder,Friday_GAP_019,False,Pure benign baseline training (Level 3 Purity),Strict Level 3 Benign Purity (Zero attack contamination in Train)
2266,20170707_1854,Friday,BENIGN,0,test,autoencoder,Friday_GAP_019,False,Unseen benign evaluation partition (test),Strict Level 3 Benign Purity (Zero attack contamination in Train)
2267,20170707_1855,Friday,PortScan,1,validation,autoencoder,Friday_SEG_019,False,Anomaly evaluation partition (validation) for threshold calibration,Strict Level 3 Benign Purity (Zero attack contamination in Train)
2268,20170707_1856,Friday,PortScan,1,validation,autoencoder,Friday_SEG_019,False,Anomaly evaluation partition (validation) for threshold calibration,Strict Level 3 Benign Purity (Zero attack contamination in Train)
2269,20170707_1857,Friday,PortScan,1,validation,autoencoder,Friday_SEG_019,False,Anomaly evaluation partition (validation) for threshold calibration,Strict Level 3 Benign Purity (Zero attack contamination in Train)
2270,20170707_1858,Friday,PortScan,1,validation,autoencoder,Friday_SEG_019,False,Anomaly evaluation partition (validation) for threshold calibration,Strict Level 3 Benign Purity (Zero attack contamination in Train)
2271,20170707_1859,Friday,PortScan,1,validation,autoencoder,Friday_SEG_019,False,Anomaly evaluation partition (validation) for threshold calibration,Strict Level 3 Benign Purity (Zero attack contamination in Train)
2272,20170707_1900,Friday,PortScan,1,validation,autoencoder,Friday_SEG_019,False,Anomaly evaluation partition (validation) for threshold calibration,Strict Level 3 Benign Purity (Zero attack contamination in Train)
2273,20170707_1901,Friday,BENIGN,0,train,autoencoder,Friday_GAP_020,False,Pure benign baseline training (Level 3 Purity),Strict Level 3 Benign Purity (Zero attack contamination in Train)
2274,20170707_1902,Friday,BENIGN,0,train,autoencoder,Friday_GAP_020,False,Pure benign baseline training (Level 3 Purity),Strict Level 3 Benign Purity (Zero attack contamination in Train)
2275,20170707_1903,Friday,BENIGN,0,train,autoencoder,Friday_GAP_020,False,Pure benign baseline training (Level 3 Purity),Strict Level 3 Benign Purity (Zero attack contamination in Train)
2276,20170707_1904,Friday,BENIGN,0,train,autoencoder,Friday_GAP_020,False,Pure benign baseline training (Level 3 Purity),Strict Level 3 Benign Purity (Zero attack contamination in Train)
2277,20170707_1905,Friday,BENIGN,0,train,autoencoder,Friday_GAP_020,False,Pure benign baseline training (Level 3 Purity),Strict Level 3 Benign Purity (Zero attack contamination in Train)
2278,20170707_1906,Friday,BENIGN,0,train,autoencoder,Friday_GAP_020,False,Pure benign baseline training (Level 3 Purity),Strict Level 3 Benign Purity (Zero attack contamination in Train)
2279,20170707_1907,Friday,BENIGN,0,train,autoencoder,Friday_GAP_020,False,Pure benign baseline training (Level 3 Purity),Strict Level 3 Benign Purity (Zero attack contamination in Train)
2280,20170707_1908,Friday,BENIGN,0,train,autoencoder,Friday_GAP_020,False,Pure benign baseline training (Level 3 Purity),Strict Level 3 Benign Purity (Zero attack contamination in Train)
2281,20170707_1909,Friday,BENIGN,0,train,autoencoder,Friday_GAP_020,False,Pure benign baseline training (Level 3 Purity),Strict Level 3 Benign Purity (Zero attack contamination in Train)
2282,20170707_1910,Friday,BENIGN,0,validation,autoencoder,Friday_GAP_020,False,Unseen benign evaluation partition (validation),Strict Level 3 Benign Purity (Zero attack contamination in Train)
2283,20170707_1911,Friday,BENIGN,0,validation,autoencoder,Friday_GAP_020,False,Unseen benign evaluation partition (validation),Strict Level 3 Benign Purity (Zero attack contamination in Train)
2284,20170707_1912,Friday,BENIGN,0,test,autoencoder,Friday_GAP_020,False,Unseen benign evaluation partition (test),Strict Level 3 Benign Purity (Zero attack contamination in Train)
2285,20170707_1913,Friday,BENIGN,0,test,autoencoder,Friday_GAP_020,False,Unseen benign evaluation partition (test),Strict Level 3 Benign Purity (Zero attack contamination in Train)
2286,20170707_1914,Friday,PortScan,1,validation,autoencoder,Friday_SEG_020,False,Anomaly evaluation partition (validation) for threshold calibration,Strict Level 3 Benign Purity (Zero attack contamination in Train)
2287,20170707_1915,Friday,PortScan,1,validation,autoencoder,Friday_SEG_020,False,Anomaly evaluation partition (validation) for threshold calibration,Strict Level 3 Benign Purity (Zero attack contamination in Train)
2288,20170707_1916,Friday,PortScan,1,validation,autoencoder,Friday_SEG_020,False,Anomaly evaluation partition (validation) for threshold calibration,Strict Level 3 Benign Purity (Zero attack contamination in Train)
2289,20170707_1917,Friday,BENIGN,0,train,autoencoder,Friday_GAP_021,False,Pure benign baseline training (Level 3 Purity),Strict Level 3 Benign Purity (Zero attack contamination in Train)
2290,20170707_1918,Friday,BENIGN,0,train,autoencoder,Friday_GAP_021,False,Pure benign baseline training (Level 3 Purity),Strict Level 3 Benign Purity (Zero attack contamination in Train)
2291,20170707_1919,Friday,BENIGN,0,train,autoencoder,Friday_GAP_021,False,Pure benign baseline training (Level 3 Purity),Strict Level 3 Benign Purity (Zero attack contamination in Train)
2292,20170707_1920,Friday,BENIGN,0,train,autoencoder,Friday_GAP_021,False,Pure benign baseline training (Level 3 Purity),Strict Level 3 Benign Purity (Zero attack contamination in Train)
2293,20170707_1921,Friday,BENIGN,0,train,autoencoder,Friday_GAP_021,False,Pure benign baseline training (Level 3 Purity),Strict Level 3 Benign Purity (Zero attack contamination in Train)
2294,20170707_1922,Friday,BENIGN,0,train,autoencoder,Friday_GAP_021,False,Pure benign baseline training (Level 3 Purity),Strict Level 3 Benign Purity (Zero attack contamination in Train)
2295,20170707_1923,Friday,BENIGN,0,train,autoencoder,Friday_GAP_021,False,Pure benign baseline training (Level 3 Purity),Strict Level 3 Benign Purity (Zero attack contamination in Train)
2296,20170707_1924,Friday,BENIGN,0,train,autoencoder,Friday_GAP_021,False,Pure benign baseline training (Level 3 Purity),Strict Level 3 Benign Purity (Zero attack contamination in Train)
2297,20170707_1925,Friday,BENIGN,0,train,autoencoder,Friday_GAP_021,False,Pure benign baseline training (Level 3 Purity),Strict Level 3 Benign Purity (Zero attack contamination in Train)
2298,20170707_1926,Friday,BENIGN,0,train,autoencoder,Friday_GAP_021,False,Pure benign baseline training (Level 3 Purity),Strict Level 3 Benign Purity (Zero attack contamination in Train)
2299,20170707_1927,Friday,BENIGN,0,train,autoencoder,Friday_GAP_021,False,Pure benign baseline training (Level 3 Purity),Strict Level 3 Benign Purity (Zero attack contamination in Train)
2300,20170707_1928,Friday,BENIGN,0,train,autoencoder,Friday_GAP_021,False,Pure benign baseline training (Level 3 Purity),Strict Level 3 Benign Purity (Zero attack contamination in Train)
2301,20170707_1929,Friday,BENIGN,0,train,autoencoder,Friday_GAP_021,False,Pure benign baseline training (Level 3 Purity),Strict Level 3 Benign Purity (Zero attack contamination in Train)
2302,20170707_1930,Friday,BENIGN,0,train,autoencoder,Friday_GAP_021,False,Pure benign baseline training (Level 3 Purity),Strict Level 3 Benign Purity (Zero attack contamination in Train)
2303,20170707_1931,Friday,BENIGN,0,train,autoencoder,Friday_GAP_021,False,Pure benign baseline training (Level 3 Purity),Strict Level 3 Benign Purity (Zero attack contamination in Train)
2304,20170707_1932,Friday,BENIGN,0,train,autoencoder,Friday_GAP_021,False,Pure benign baseline training (Level 3 Purity),Strict Level 3 Benign Purity (Zero attack contamination in Train)
2305,20170707_1933,Friday,BENIGN,0,train,autoencoder,Friday_GAP_021,False,Pure benign baseline training (Level 3 Purity),Strict Level 3 Benign Purity (Zero attack contamination in Train)
2306,20170707_1934,Friday,BENIGN,0,train,autoencoder,Friday_GAP_021,False,Pure benign baseline training (Level 3 Purity),Strict Level 3 Benign Purity (Zero attack contamination in Train)
2307,20170707_1935,Friday,BENIGN,0,train,autoencoder,Friday_GAP_021,False,Pure benign baseline training (Level 3 Purity),Strict Level 3 Benign Purity (Zero attack contamination in Train)
2308,20170707_1936,Friday,BENIGN,0,train,autoencoder,Friday_GAP_021,False,Pure benign baseline training (Level 3 Purity),Strict Level 3 Benign Purity (Zero attack contamination in Train)
2309,20170707_1937,Friday,BENIGN,0,train,autoencoder,Friday_GAP_021,False,Pure benign baseline training (Level 3 Purity),Strict Level 3 Benign Purity (Zero attack contamination in Train)
2310,20170707_1938,Friday,BENIGN,0,train,autoencoder,Friday_GAP_021,False,Pure benign baseline training (Level 3 Purity),Strict Level 3 Benign Purity (Zero attack contamination in Train)
2311,20170707_1939,Friday,BENIGN,0,train,autoencoder,Friday_GAP_021,False,Pure benign baseline training (Level 3 Purity),Strict Level 3 Benign Purity (Zero attack contamination in Train)
2312,20170707_1940,Friday,BENIGN,0,train,autoencoder,Friday_GAP_021,False,Pure benign baseline training (Level 3 Purity),Strict Level 3 Benign Purity (Zero attack contamination in Train)
2313,20170707_1941,Friday,BENIGN,0,validation,autoencoder,Friday_GAP_021,False,Unseen benign evaluation partition (validation),Strict Level 3 Benign Purity (Zero attack contamination in Train)
2314,20170707_1942,Friday,BENIGN,0,validation,autoencoder,Friday_GAP_021,False,Unseen benign evaluation partition (validation),Strict Level 3 Benign Purity (Zero attack contamination in Train)
2315,20170707_1943,Friday,BENIGN,0,validation,autoencoder,Friday_GAP_021,False,Unseen benign evaluation partition (validation),Strict Level 3 Benign Purity (Zero attack contamination in Train)
2316,20170707_1944,Friday,BENIGN,0,validation,autoencoder,Friday_GAP_021,False,Unseen benign evaluation partition (validation),Strict Level 3 Benign Purity (Zero attack contamination in Train)
2317,20170707_1945,Friday,BENIGN,0,validation,autoencoder,Friday_GAP_021,False,Unseen benign evaluation partition (validation),Strict Level 3 Benign Purity (Zero attack contamination in Train)
2318,20170707_1946,Friday,BENIGN,0,test,autoencoder,Friday_GAP_021,False,Unseen benign evaluation partition (test),Strict Level 3 Benign Purity (Zero attack contamination in Train)
2319,20170707_1947,Friday,BENIGN,0,test,autoencoder,Friday_GAP_021,False,Unseen benign evaluation partition (test),Strict Level 3 Benign Purity (Zero attack contamination in Train)
2320,20170707_1948,Friday,BENIGN,0,test,autoencoder,Friday_GAP_021,False,Unseen benign evaluation partition (test),Strict Level 3 Benign Purity (Zero attack contamination in Train)
2321,20170707_1949,Friday,BENIGN,0,test,autoencoder,Friday_GAP_021,False,Unseen benign evaluation partition (test),Strict Level 3 Benign Purity (Zero attack contamination in Train)
2322,20170707_1950,Friday,BENIGN,0,test,autoencoder,Friday_GAP_021,False,Unseen benign evaluation partition (test),Strict Level 3 Benign Purity (Zero attack contamination in Train)
2323,20170707_1951,Friday,PortScan,1,test,autoencoder,Friday_SEG_021,False,Anomaly evaluation partition (test) for threshold calibration,Strict Level 3 Benign Purity (Zero attack contamination in Train)
2324,20170707_1952,Friday,PortScan,1,test,autoencoder,Friday_SEG_021,False,Anomaly evaluation partition (test) for threshold calibration,Strict Level 3 Benign Purity (Zero attack contamination in Train)
2325,20170707_1953,Friday,PortScan,1,test,autoencoder,Friday_SEG_021,False,Anomaly evaluation partition (test) for threshold calibration,Strict Level 3 Benign Purity (Zero attack contamination in Train)
2326,20170707_1954,Friday,PortScan,1,test,autoencoder,Friday_SEG_021,False,Anomaly evaluation partition (test) for threshold calibration,Strict Level 3 Benign Purity (Zero attack contamination in Train)
2327,20170707_1955,Friday,PortScan,1,test,autoencoder,Friday_SEG_021,False,Anomaly evaluation partition (test) for threshold calibration,Strict Level 3 Benign Purity (Zero attack contamination in Train)
2328,20170707_1956,Friday,PortScan,1,test,autoencoder,Friday_SEG_021,False,Anomaly evaluation partition (test) for threshold calibration,Strict Level 3 Benign Purity (Zero attack contamination in Train)
2329,20170707_1957,Friday,BENIGN,0,train,autoencoder,Friday_GAP_022,False,Pure benign baseline training (Level 3 Purity),Strict Level 3 Benign Purity (Zero attack contamination in Train)
2330,20170707_1958,Friday,BENIGN,0,train,autoencoder,Friday_GAP_022,False,Pure benign baseline training (Level 3 Purity),Strict Level 3 Benign Purity (Zero attack contamination in Train)
2331,20170707_1959,Friday,BENIGN,0,train,autoencoder,Friday_GAP_022,False,Pure benign baseline training (Level 3 Purity),Strict Level 3 Benign Purity (Zero attack contamination in Train)
2332,20170707_2000,Friday,BENIGN,0,train,autoencoder,Friday_GAP_022,False,Pure benign baseline training (Level 3 Purity),Strict Level 3 Benign Purity (Zero attack contamination in Train)
2333,20170707_2001,Friday,BENIGN,0,validation,autoencoder,Friday_GAP_022,False,Unseen benign evaluation partition (validation),Strict Level 3 Benign Purity (Zero attack contamination in Train)
2334,20170707_2002,Friday,BENIGN,0,test,autoencoder,Friday_GAP_022,False,Unseen benign evaluation partition (test),Strict Level 3 Benign Purity (Zero attack contamination in Train)
2335,20170707_2003,Friday,PortScan,1,test,autoencoder,Friday_SEG_022,False,Anomaly evaluation partition (test) for threshold calibration,Strict Level 3 Benign Purity (Zero attack contamination in Train)
2336,20170707_2004,Friday,BENIGN,0,train,autoencoder,Friday_GAP_023,False,Pure benign baseline training (Level 3 Purity),Strict Level 3 Benign Purity (Zero attack contamination in Train)
2337,20170707_2005,Friday,BENIGN,0,train,autoencoder,Friday_GAP_023,False,Pure benign baseline training (Level 3 Purity),Strict Level 3 Benign Purity (Zero attack contamination in Train)
2338,20170707_2006,Friday,BENIGN,0,train,autoencoder,Friday_GAP_023,False,Pure benign baseline training (Level 3 Purity),Strict Level 3 Benign Purity (Zero attack contamination in Train)
2339,20170707_2007,Friday,BENIGN,0,validation,autoencoder,Friday_GAP_023,False,Unseen benign evaluation partition (validation),Strict Level 3 Benign Purity (Zero attack contamination in Train)
2340,20170707_2008,Friday,PortScan,1,test,autoencoder,Friday_SEG_023,False,Anomaly evaluation partition (test) for threshold calibration,Strict Level 3 Benign Purity (Zero attack contamination in Train)
2341,20170707_2009,Friday,PortScan,1,test,autoencoder,Friday_SEG_023,False,Anomaly evaluation partition (test) for threshold calibration,Strict Level 3 Benign Purity (Zero attack contamination in Train)
2342,20170707_2010,Friday,PortScan,1,test,autoencoder,Friday_SEG_023,False,Anomaly evaluation partition (test) for threshold calibration,Strict Level 3 Benign Purity (Zero attack contamination in Train)
2343,20170707_2011,Friday,BENIGN,0,train,autoencoder,Friday_GAP_024,False,Pure benign baseline training (Level 3 Purity),Strict Level 3 Benign Purity (Zero attack contamination in Train)
2344,20170707_2012,Friday,PortScan,1,test,autoencoder,Friday_SEG_024,False,Anomaly evaluation partition (test) for threshold calibration,Strict Level 3 Benign Purity (Zero attack contamination in Train)
2345,20170707_2013,Friday,PortScan,1,test,autoencoder,Friday_SEG_024,False,Anomaly evaluation partition (test) for threshold calibration,Strict Level 3 Benign Purity (Zero attack contamination in Train)
2346,20170707_2014,Friday,BENIGN,0,train,autoencoder,Friday_GAP_025,False,Pure benign baseline training (Level 3 Purity),Strict Level 3 Benign Purity (Zero attack contamination in Train)
2347,20170707_2015,Friday,BENIGN,0,train,autoencoder,Friday_GAP_025,False,Pure benign baseline training (Level 3 Purity),Strict Level 3 Benign Purity (Zero attack contamination in Train)
2348,20170707_2016,Friday,BENIGN,0,train,autoencoder,Friday_GAP_025,False,Pure benign baseline training (Level 3 Purity),Strict Level 3 Benign Purity (Zero attack contamination in Train)
2349,20170707_2017,Friday,BENIGN,0,train,autoencoder,Friday_GAP_025,False,Pure benign baseline training (Level 3 Purity),Strict Level 3 Benign Purity (Zero attack contamination in Train)
2350,20170707_2018,Friday,BENIGN,0,train,autoencoder,Friday_GAP_025,False,Pure benign baseline training (Level 3 Purity),Strict Level 3 Benign Purity (Zero attack contamination in Train)
2351,20170707_2019,Friday,BENIGN,0,validation,autoencoder,Friday_GAP_025,False,Unseen benign evaluation partition (validation),Strict Level 3 Benign Purity (Zero attack contamination in Train)
2352,20170707_2020,Friday,BENIGN,0,test,autoencoder,Friday_GAP_025,False,Unseen benign evaluation partition (test),Strict Level 3 Benign Purity (Zero attack contamination in Train)
2353,20170707_2021,Friday,PortScan,1,test,autoencoder,Friday_SEG_025,False,Anomaly evaluation partition (test) for threshold calibration,Strict Level 3 Benign Purity (Zero attack contamination in Train)
2354,20170707_2022,Friday,PortScan,1,test,autoencoder,Friday_SEG_025,False,Anomaly evaluation partition (test) for threshold calibration,Strict Level 3 Benign Purity (Zero attack contamination in Train)
2355,20170707_2023,Friday,PortScan,1,test,autoencoder,Friday_SEG_025,False,Anomaly evaluation partition (test) for threshold calibration,Strict Level 3 Benign Purity (Zero attack contamination in Train)
2356,20170707_2024,Friday,BENIGN,0,train,autoencoder,Friday_GAP_026,False,Pure benign baseline training (Level 3 Purity),Strict Level 3 Benign Purity (Zero attack contamination in Train)
2357,20170707_2025,Friday,BENIGN,0,train,autoencoder,Friday_GAP_026,False,Pure benign baseline training (Level 3 Purity),Strict Level 3 Benign Purity (Zero attack contamination in Train)
2358,20170707_2026,Friday,BENIGN,0,train,autoencoder,Friday_GAP_026,False,Pure benign baseline training (Level 3 Purity),Strict Level 3 Benign Purity (Zero attack contamination in Train)
2359,20170707_2027,Friday,BENIGN,0,train,autoencoder,Friday_GAP_026,False,Pure benign baseline training (Level 3 Purity),Strict Level 3 Benign Purity (Zero attack contamination in Train)
2360,20170707_2028,Friday,BENIGN,0,train,autoencoder,Friday_GAP_026,False,Pure benign baseline training (Level 3 Purity),Strict Level 3 Benign Purity (Zero attack contamination in Train)
2361,20170707_2029,Friday,BENIGN,0,train,autoencoder,Friday_GAP_026,False,Pure benign baseline training (Level 3 Purity),Strict Level 3 Benign Purity (Zero attack contamination in Train)
2362,20170707_2030,Friday,BENIGN,0,train,autoencoder,Friday_GAP_026,False,Pure benign baseline training (Level 3 Purity),Strict Level 3 Benign Purity (Zero attack contamination in Train)
2363,20170707_2031,Friday,BENIGN,0,train,autoencoder,Friday_GAP_026,False,Pure benign baseline training (Level 3 Purity),Strict Level 3 Benign Purity (Zero attack contamination in Train)
2364,20170707_2032,Friday,BENIGN,0,train,autoencoder,Friday_GAP_026,False,Pure benign baseline training (Level 3 Purity),Strict Level 3 Benign Purity (Zero attack contamination in Train)
2365,20170707_2033,Friday,BENIGN,0,train,autoencoder,Friday_GAP_026,False,Pure benign baseline training (Level 3 Purity),Strict Level 3 Benign Purity (Zero attack contamination in Train)
2366,20170707_2034,Friday,BENIGN,0,train,autoencoder,Friday_GAP_026,False,Pure benign baseline training (Level 3 Purity),Strict Level 3 Benign Purity (Zero attack contamination in Train)
2367,20170707_2035,Friday,BENIGN,0,train,autoencoder,Friday_GAP_026,False,Pure benign baseline training (Level 3 Purity),Strict Level 3 Benign Purity (Zero attack contamination in Train)
2368,20170707_2036,Friday,BENIGN,0,train,autoencoder,Friday_GAP_026,False,Pure benign baseline training (Level 3 Purity),Strict Level 3 Benign Purity (Zero attack contamination in Train)
2369,20170707_2037,Friday,BENIGN,0,train,autoencoder,Friday_GAP_026,False,Pure benign baseline training (Level 3 Purity),Strict Level 3 Benign Purity (Zero attack contamination in Train)
2370,20170707_2038,Friday,BENIGN,0,train,autoencoder,Friday_GAP_026,False,Pure benign baseline training (Level 3 Purity),Strict Level 3 Benign Purity (Zero attack contamination in Train)
2371,20170707_2039,Friday,BENIGN,0,train,autoencoder,Friday_GAP_026,False,Pure benign baseline training (Level 3 Purity),Strict Level 3 Benign Purity (Zero attack contamination in Train)
2372,20170707_2040,Friday,BENIGN,0,train,autoencoder,Friday_GAP_026,False,Pure benign baseline training (Level 3 Purity),Strict Level 3 Benign Purity (Zero attack contamination in Train)
2373,20170707_2041,Friday,BENIGN,0,train,autoencoder,Friday_GAP_026,False,Pure benign baseline training (Level 3 Purity),Strict Level 3 Benign Purity (Zero attack contamination in Train)
2374,20170707_2042,Friday,BENIGN,0,train,autoencoder,Friday_GAP_026,False,Pure benign baseline training (Level 3 Purity),Strict Level 3 Benign Purity (Zero attack contamination in Train)
2375,20170707_2043,Friday,BENIGN,0,train,autoencoder,Friday_GAP_026,False,Pure benign baseline training (Level 3 Purity),Strict Level 3 Benign Purity (Zero attack contamination in Train)
2376,20170707_2044,Friday,BENIGN,0,train,autoencoder,Friday_GAP_026,False,Pure benign baseline training (Level 3 Purity),Strict Level 3 Benign Purity (Zero attack contamination in Train)
2377,20170707_2045,Friday,BENIGN,0,train,autoencoder,Friday_GAP_026,False,Pure benign baseline training (Level 3 Purity),Strict Level 3 Benign Purity (Zero attack contamination in Train)
2378,20170707_2046,Friday,BENIGN,0,validation,autoencoder,Friday_GAP_026,False,Unseen benign evaluation partition (validation),Strict Level 3 Benign Purity (Zero attack contamination in Train)
2379,20170707_2047,Friday,BENIGN,0,validation,autoencoder,Friday_GAP_026,False,Unseen benign evaluation partition (validation),Strict Level 3 Benign Purity (Zero attack contamination in Train)
2380,20170707_2048,Friday,BENIGN,0,validation,autoencoder,Friday_GAP_026,False,Unseen benign evaluation partition (validation),Strict Level 3 Benign Purity (Zero attack contamination in Train)
2381,20170707_2049,Friday,BENIGN,0,validation,autoencoder,Friday_GAP_026,False,Unseen benign evaluation partition (validation),Strict Level 3 Benign Purity (Zero attack contamination in Train)
2382,20170707_2050,Friday,BENIGN,0,validation,autoencoder,Friday_GAP_026,False,Unseen benign evaluation partition (validation),Strict Level 3 Benign Purity (Zero attack contamination in Train)
2383,20170707_2051,Friday,BENIGN,0,test,autoencoder,Friday_GAP_026,False,Unseen benign evaluation partition (test),Strict Level 3 Benign Purity (Zero attack contamination in Train)
2384,20170707_2052,Friday,BENIGN,0,test,autoencoder,Friday_GAP_026,False,Unseen benign evaluation partition (test),Strict Level 3 Benign Purity (Zero attack contamination in Train)
2385,20170707_2053,Friday,BENIGN,0,test,autoencoder,Friday_GAP_026,False,Unseen benign evaluation partition (test),Strict Level 3 Benign Purity (Zero attack contamination in Train)
2386,20170707_2054,Friday,BENIGN,0,test,autoencoder,Friday_GAP_026,False,Unseen benign evaluation partition (test),Strict Level 3 Benign Purity (Zero attack contamination in Train)
2387,20170707_2055,Friday,BENIGN,0,test,autoencoder,Friday_GAP_026,False,Unseen benign evaluation partition (test),Strict Level 3 Benign Purity (Zero attack contamination in Train)
2388,20170707_2056,Friday,DDoS,1,test,autoencoder,Friday_SEG_026,False,Anomaly evaluation partition (test) for threshold calibration,Strict Level 3 Benign Purity (Zero attack contamination in Train)
2389,20170707_2057,Friday,DDoS,1,test,autoencoder,Friday_SEG_026,False,Anomaly evaluation partition (test) for threshold calibration,Strict Level 3 Benign Purity (Zero attack contamination in Train)
2390,20170707_2058,Friday,DDoS,1,test,autoencoder,Friday_SEG_026,False,Anomaly evaluation partition (test) for threshold calibration,Strict Level 3 Benign Purity (Zero attack contamination in Train)
2391,20170707_2059,Friday,DDoS,1,test,autoencoder,Friday_SEG_026,False,Anomaly evaluation partition (test) for threshold calibration,Strict Level 3 Benign Purity (Zero attack contamination in Train)
2392,20170707_2100,Friday,DDoS,1,test,autoencoder,Friday_SEG_026,False,Anomaly evaluation partition (test) for threshold calibration,Strict Level 3 Benign Purity (Zero attack contamination in Train)
2393,20170707_2101,Friday,DDoS,1,test,autoencoder,Friday_SEG_026,False,Anomaly evaluation partition (test) for threshold calibration,Strict Level 3 Benign Purity (Zero attack contamination in Train)
2394,20170707_2102,Friday,DDoS,1,test,autoencoder,Friday_SEG_026,False,Anomaly evaluation partition (test) for threshold calibration,Strict Level 3 Benign Purity (Zero attack contamination in Train)
2395,20170707_2103,Friday,DDoS,1,test,autoencoder,Friday_SEG_026,False,Anomaly evaluation partition (test) for threshold calibration,Strict Level 3 Benign Purity (Zero attack contamination in Train)
2396,20170707_2104,Friday,DDoS,1,test,autoencoder,Friday_SEG_026,False,Anomaly evaluation partition (test) for threshold calibration,Strict Level 3 Benign Purity (Zero attack contamination in Train)
2397,20170707_2105,Friday,DDoS,1,test,autoencoder,Friday_SEG_026,False,Anomaly evaluation partition (test) for threshold calibration,Strict Level 3 Benign Purity (Zero attack contamination in Train)
2398,20170707_2106,Friday,DDoS,1,test,autoencoder,Friday_SEG_026,False,Anomaly evaluation partition (test) for threshold calibration,Strict Level 3 Benign Purity (Zero attack contamination in Train)
2399,20170707_2107,Friday,DDoS,1,test,autoencoder,Friday_SEG_026,False,Anomaly evaluation partition (test) for threshold calibration,Strict Level 3 Benign Purity (Zero attack contamination in Train)
2400,20170707_2108,Friday,DDoS,1,test,autoencoder,Friday_SEG_026,False,Anomaly evaluation partition (test) for threshold calibration,Strict Level 3 Benign Purity (Zero attack contamination in Train)
2401,20170707_2109,Friday,DDoS,1,test,autoencoder,Friday_SEG_026,False,Anomaly evaluation partition (test) for threshold calibration,Strict Level 3 Benign Purity (Zero attack contamination in Train)
2402,20170707_2110,Friday,DDoS,1,test,autoencoder,Friday_SEG_026,False,Anomaly evaluation partition (test) for threshold calibration,Strict Level 3 Benign Purity (Zero attack contamination in Train)
2403,20170707_2111,Friday,DDoS,1,test,autoencoder,Friday_SEG_026,False,Anomaly evaluation partition (test) for threshold calibration,Strict Level 3 Benign Purity (Zero attack contamination in Train)
2404,20170707_2112,Friday,DDoS,1,test,autoencoder,Friday_SEG_026,False,Anomaly evaluation partition (test) for threshold calibration,Strict Level 3 Benign Purity (Zero attack contamination in Train)
2405,20170707_2113,Friday,DDoS,1,test,autoencoder,Friday_SEG_026,False,Anomaly evaluation partition (test) for threshold calibration,Strict Level 3 Benign Purity (Zero attack contamination in Train)
2406,20170707_2114,Friday,DDoS,1,test,autoencoder,Friday_SEG_026,False,Anomaly evaluation partition (test) for threshold calibration,Strict Level 3 Benign Purity (Zero attack contamination in Train)
2407,20170707_2115,Friday,DDoS,1,test,autoencoder,Friday_SEG_026,False,Anomaly evaluation partition (test) for threshold calibration,Strict Level 3 Benign Purity (Zero attack contamination in Train)
2408,20170707_2116,Friday,DDoS,1,test,autoencoder,Friday_SEG_026,False,Anomaly evaluation partition (test) for threshold calibration,Strict Level 3 Benign Purity (Zero attack contamination in Train)
2409,20170707_2117,Friday,BENIGN,0,train,autoencoder,Friday_GAP_027,False,Pure benign baseline training (Level 3 Purity),Strict Level 3 Benign Purity (Zero attack contamination in Train)
2410,20170707_2118,Friday,BENIGN,0,train,autoencoder,Friday_GAP_027,False,Pure benign baseline training (Level 3 Purity),Strict Level 3 Benign Purity (Zero attack contamination in Train)
2411,20170707_2119,Friday,BENIGN,0,train,autoencoder,Friday_GAP_027,False,Pure benign baseline training (Level 3 Purity),Strict Level 3 Benign Purity (Zero attack contamination in Train)
2412,20170707_2120,Friday,BENIGN,0,train,autoencoder,Friday_GAP_027,False,Pure benign baseline training (Level 3 Purity),Strict Level 3 Benign Purity (Zero attack contamination in Train)
2413,20170707_2121,Friday,BENIGN,0,train,autoencoder,Friday_GAP_027,False,Pure benign baseline training (Level 3 Purity),Strict Level 3 Benign Purity (Zero attack contamination in Train)
2414,20170707_2122,Friday,BENIGN,0,train,autoencoder,Friday_GAP_027,False,Pure benign baseline training (Level 3 Purity),Strict Level 3 Benign Purity (Zero attack contamination in Train)
2415,20170707_2123,Friday,BENIGN,0,train,autoencoder,Friday_GAP_027,False,Pure benign baseline training (Level 3 Purity),Strict Level 3 Benign Purity (Zero attack contamination in Train)
2416,20170707_2124,Friday,BENIGN,0,train,autoencoder,Friday_GAP_027,False,Pure benign baseline training (Level 3 Purity),Strict Level 3 Benign Purity (Zero attack contamination in Train)
2417,20170707_2125,Friday,BENIGN,0,train,autoencoder,Friday_GAP_027,False,Pure benign baseline training (Level 3 Purity),Strict Level 3 Benign Purity (Zero attack contamination in Train)
2418,20170707_2126,Friday,BENIGN,0,train,autoencoder,Friday_GAP_027,False,Pure benign baseline training (Level 3 Purity),Strict Level 3 Benign Purity (Zero attack contamination in Train)
2419,20170707_2127,Friday,BENIGN,0,train,autoencoder,Friday_GAP_027,False,Pure benign baseline training (Level 3 Purity),Strict Level 3 Benign Purity (Zero attack contamination in Train)
2420,20170707_2128,Friday,BENIGN,0,train,autoencoder,Friday_GAP_027,False,Pure benign baseline training (Level 3 Purity),Strict Level 3 Benign Purity (Zero attack contamination in Train)
2421,20170707_2129,Friday,BENIGN,0,train,autoencoder,Friday_GAP_027,False,Pure benign baseline training (Level 3 Purity),Strict Level 3 Benign Purity (Zero attack contamination in Train)
2422,20170707_2130,Friday,BENIGN,0,train,autoencoder,Friday_GAP_027,False,Pure benign baseline training (Level 3 Purity),Strict Level 3 Benign Purity (Zero attack contamination in Train)
2423,20170707_2131,Friday,BENIGN,0,train,autoencoder,Friday_GAP_027,False,Pure benign baseline training (Level 3 Purity),Strict Level 3 Benign Purity (Zero attack contamination in Train)
2424,20170707_2132,Friday,BENIGN,0,train,autoencoder,Friday_GAP_027,False,Pure benign baseline training (Level 3 Purity),Strict Level 3 Benign Purity (Zero attack contamination in Train)
2425,20170707_2133,Friday,BENIGN,0,train,autoencoder,Friday_GAP_027,False,Pure benign baseline training (Level 3 Purity),Strict Level 3 Benign Purity (Zero attack contamination in Train)
2426,20170707_2134,Friday,BENIGN,0,train,autoencoder,Friday_GAP_027,False,Pure benign baseline training (Level 3 Purity),Strict Level 3 Benign Purity (Zero attack contamination in Train)
2427,20170707_2135,Friday,BENIGN,0,train,autoencoder,Friday_GAP_027,False,Pure benign baseline training (Level 3 Purity),Strict Level 3 Benign Purity (Zero attack contamination in Train)
2428,20170707_2136,Friday,BENIGN,0,train,autoencoder,Friday_GAP_027,False,Pure benign baseline training (Level 3 Purity),Strict Level 3 Benign Purity (Zero attack contamination in Train)
2429,20170707_2137,Friday,BENIGN,0,train,autoencoder,Friday_GAP_027,False,Pure benign baseline training (Level 3 Purity),Strict Level 3 Benign Purity (Zero attack contamination in Train)
2430,20170707_2138,Friday,BENIGN,0,train,autoencoder,Friday_GAP_027,False,Pure benign baseline training (Level 3 Purity),Strict Level 3 Benign Purity (Zero attack contamination in Train)
2431,20170707_2139,Friday,BENIGN,0,train,autoencoder,Friday_GAP_027,False,Pure benign baseline training (Level 3 Purity),Strict Level 3 Benign Purity (Zero attack contamination in Train)
2432,20170707_2140,Friday,BENIGN,0,train,autoencoder,Friday_GAP_027,False,Pure benign baseline training (Level 3 Purity),Strict Level 3 Benign Purity (Zero attack contamination in Train)
2433,20170707_2141,Friday,BENIGN,0,train,autoencoder,Friday_GAP_027,False,Pure benign baseline training (Level 3 Purity),Strict Level 3 Benign Purity (Zero attack contamination in Train)
2434,20170707_2142,Friday,BENIGN,0,train,autoencoder,Friday_GAP_027,False,Pure benign baseline training (Level 3 Purity),Strict Level 3 Benign Purity (Zero attack contamination in Train)
2435,20170707_2143,Friday,BENIGN,0,train,autoencoder,Friday_GAP_027,False,Pure benign baseline training (Level 3 Purity),Strict Level 3 Benign Purity (Zero attack contamination in Train)
2436,20170707_2144,Friday,BENIGN,0,train,autoencoder,Friday_GAP_027,False,Pure benign baseline training (Level 3 Purity),Strict Level 3 Benign Purity (Zero attack contamination in Train)
2437,20170707_2145,Friday,BENIGN,0,train,autoencoder,Friday_GAP_027,False,Pure benign baseline training (Level 3 Purity),Strict Level 3 Benign Purity (Zero attack contamination in Train)
2438,20170707_2146,Friday,BENIGN,0,train,autoencoder,Friday_GAP_027,False,Pure benign baseline training (Level 3 Purity),Strict Level 3 Benign Purity (Zero attack contamination in Train)
2439,20170707_2147,Friday,BENIGN,0,train,autoencoder,Friday_GAP_027,False,Pure benign baseline training (Level 3 Purity),Strict Level 3 Benign Purity (Zero attack contamination in Train)
2440,20170707_2148,Friday,BENIGN,0,train,autoencoder,Friday_GAP_027,False,Pure benign baseline training (Level 3 Purity),Strict Level 3 Benign Purity (Zero attack contamination in Train)
2441,20170707_2149,Friday,BENIGN,0,validation,autoencoder,Friday_GAP_027,False,Unseen benign evaluation partition (validation),Strict Level 3 Benign Purity (Zero attack contamination in Train)
2442,20170707_2150,Friday,BENIGN,0,validation,autoencoder,Friday_GAP_027,False,Unseen benign evaluation partition (validation),Strict Level 3 Benign Purity (Zero attack contamination in Train)
2443,20170707_2151,Friday,BENIGN,0,validation,autoencoder,Friday_GAP_027,False,Unseen benign evaluation partition (validation),Strict Level 3 Benign Purity (Zero attack contamination in Train)
2444,20170707_2152,Friday,BENIGN,0,validation,autoencoder,Friday_GAP_027,False,Unseen benign evaluation partition (validation),Strict Level 3 Benign Purity (Zero attack contamination in Train)
2445,20170707_2153,Friday,BENIGN,0,validation,autoencoder,Friday_GAP_027,False,Unseen benign evaluation partition (validation),Strict Level 3 Benign Purity (Zero attack contamination in Train)
2446,20170707_2154,Friday,BENIGN,0,validation,autoencoder,Friday_GAP_027,False,Unseen benign evaluation partition (validation),Strict Level 3 Benign Purity (Zero attack contamination in Train)
2447,20170707_2155,Friday,BENIGN,0,validation,autoencoder,Friday_GAP_027,False,Unseen benign evaluation partition (validation),Strict Level 3 Benign Purity (Zero attack contamination in Train)
2448,20170707_2156,Friday,BENIGN,0,test,autoencoder,Friday_GAP_027,False,Unseen benign evaluation partition (test),Strict Level 3 Benign Purity (Zero attack contamination in Train)
2449,20170707_2157,Friday,BENIGN,0,test,autoencoder,Friday_GAP_027,False,Unseen benign evaluation partition (test),Strict Level 3 Benign Purity (Zero attack contamination in Train)
2450,20170707_2158,Friday,BENIGN,0,test,autoencoder,Friday_GAP_027,False,Unseen benign evaluation partition (test),Strict Level 3 Benign Purity (Zero attack contamination in Train)
2451,20170707_2159,Friday,BENIGN,0,test,autoencoder,Friday_GAP_027,False,Unseen benign evaluation partition (test),Strict Level 3 Benign Purity (Zero attack contamination in Train)
2452,20170707_2200,Friday,BENIGN,0,test,autoencoder,Friday_GAP_027,False,Unseen benign evaluation partition (test),Strict Level 3 Benign Purity (Zero attack contamination in Train)
2453,20170707_2201,Friday,BENIGN,0,test,autoencoder,Friday_GAP_027,False,Unseen benign evaluation partition (test),Strict Level 3 Benign Purity (Zero attack contamination in Train)
2454,20170707_2202,Friday,BENIGN,0,test,autoencoder,Friday_GAP_027,False,Unseen benign evaluation partition (test),Strict Level 3 Benign Purity (Zero attack contamination in Train)
