global_position,window_id,dataset_day,day_position,attack_category,is_attack,split,model,segment_id,is_buffer,is_exception,allocation_reason,notes
1,20170703_1355,Monday,1,BENIGN,0,train,lstm,Monday_GAP_001,False,False,Continuous chronological train block,Strict Level 1 Segment Atomicity & Sequence Boundary Isolation
2,20170703_1356,Monday,2,BENIGN,0,train,lstm,Monday_GAP_001,False,False,Continuous chronological train block,Strict Level 1 Segment Atomicity & Sequence Boundary Isolation
3,20170703_1357,Monday,3,BENIGN,0,train,lstm,Monday_GAP_001,False,False,Continuous chronological train block,Strict Level 1 Segment Atomicity & Sequence Boundary Isolation
4,20170703_1358,Monday,4,BENIGN,0,train,lstm,Monday_GAP_001,False,False,Continuous chronological train block,Strict Level 1 Segment Atomicity & Sequence Boundary Isolation
5,20170703_1359,Monday,5,BENIGN,0,train,lstm,Monday_GAP_001,False,False,Continuous chronological train block,Strict Level 1 Segment Atomicity & Sequence Boundary Isolation
6,20170703_1400,Monday,6,BENIGN,0,train,lstm,Monday_GAP_001,False,False,Continuous chronological train block,Strict Level 1 Segment Atomicity & Sequence Boundary Isolation
7,20170703_1401,Monday,7,BENIGN,0,train,lstm,Monday_GAP_001,False,False,Continuous chronological train block,Strict Level 1 Segment Atomicity & Sequence Boundary Isolation
8,20170703_1402,Monday,8,BENIGN,0,train,lstm,Monday_GAP_001,False,False,Continuous chronological train block,Strict Level 1 Segment Atomicity & Sequence Boundary Isolation
9,20170703_1403,Monday,9,BENIGN,0,train,lstm,Monday_GAP_001,False,False,Continuous chronological train block,Strict Level 1 Segment Atomicity & Sequence Boundary Isolation
10,20170703_1404,Monday,10,BENIGN,0,train,lstm,Monday_GAP_001,False,False,Continuous chronological train block,Strict Level 1 Segment Atomicity & Sequence Boundary Isolation
11,20170703_1405,Monday,11,BENIGN,0,train,lstm,Monday_GAP_001,False,False,Continuous chronological train block,Strict Level 1 Segment Atomicity & Sequence Boundary Isolation
12,20170703_1406,Monday,12,BENIGN,0,train,lstm,Monday_GAP_001,False,False,Continuous chronological train block,Strict Level 1 Segment Atomicity & Sequence Boundary Isolation
13,20170703_1407,Monday,13,BENIGN,0,train,lstm,Monday_GAP_001,False,False,Continuous chronological train block,Strict Level 1 Segment Atomicity & Sequence Boundary Isolation
14,20170703_1408,Monday,14,BENIGN,0,train,lstm,Monday_GAP_001,False,False,Continuous chronological train block,Strict Level 1 Segment Atomicity & Sequence Boundary Isolation
15,20170703_1409,Monday,15,BENIGN,0,train,lstm,Monday_GAP_001,False,False,Continuous chronological train block,Strict Level 1 Segment Atomicity & Sequence Boundary Isolation
16,20170703_1410,Monday,16,BENIGN,0,train,lstm,Monday_GAP_001,False,False,Continuous chronological train block,Strict Level 1 Segment Atomicity & Sequence Boundary Isolation
17,20170703_1411,Monday,17,BENIGN,0,train,lstm,Monday_GAP_001,False,False,Continuous chronological train block,Strict Level 1 Segment Atomicity & Sequence Boundary Isolation
18,20170703_1412,Monday,18,BENIGN,0,train,lstm,Monday_GAP_001,False,False,Continuous chronological train block,Strict Level 1 Segment Atomicity & Sequence Boundary Isolation
19,20170703_1413,Monday,19,BENIGN,0,train,lstm,Monday_GAP_001,False,False,Continuous chronological train block,Strict Level 1 Segment Atomicity & Sequence Boundary Isolation
20,20170703_1414,Monday,20,BENIGN,0,train,lstm,Monday_GAP_001,False,False,Continuous chronological train block,Strict Level 1 Segment Atomicity & Sequence Boundary Isolation
21,20170703_1415,Monday,21,BENIGN,0,train,lstm,Monday_GAP_001,False,False,Continuous chronological train block,Strict Level 1 Segment Atomicity & Sequence Boundary Isolation
22,20170703_1416,Monday,22,BENIGN,0,train,lstm,Monday_GAP_001,False,False,Continuous chronological train block,Strict Level 1 Segment Atomicity & Sequence Boundary Isolation
23,20170703_1417,Monday,23,BENIGN,0,train,lstm,Monday_GAP_001,False,False,Continuous chronological train block,Strict Level 1 Segment Atomicity & Sequence Boundary Isolation
24,20170703_1418,Monday,24,BENIGN,0,train,lstm,Monday_GAP_001,False,False,Continuous chronological train block,Strict Level 1 Segment Atomicity & Sequence Boundary Isolation
25,20170703_1419,Monday,25,BENIGN,0,train,lstm,Monday_GAP_001,False,False,Continuous chronological train block,Strict Level 1 Segment Atomicity & Sequence Boundary Isolation
26,20170703_1420,Monday,26,BENIGN,0,train,lstm,Monday_GAP_001,False,False,Continuous chronological train block,Strict Level 1 Segment Atomicity & Sequence Boundary Isolation
27,20170703_1421,Monday,27,BENIGN,0,train,lstm,Monday_GAP_001,False,False,Continuous chronological train block,Strict Level 1 Segment Atomicity & Sequence Boundary Isolation
28,20170703_1422,Monday,28,BENIGN,0,train,lstm,Monday_GAP_001,False,False,Continuous chronological train block,Strict Level 1 Segment Atomicity & Sequence Boundary Isolation
29,20170703_1423,Monday,29,BENIGN,0,train,lstm,Monday_GAP_001,False,False,Continuous chronological train block,Strict Level 1 Segment Atomicity & Sequence Boundary Isolation
30,20170703_1424,Monday,30,BENIGN,0,train,lstm,Monday_GAP_001,False,False,Continuous chronological train block,Strict Level 1 Segment Atomicity & Sequence Boundary Isolation
31,20170703_1425,Monday,31,BENIGN,0,train,lstm,Monday_GAP_001,False,False,Continuous chronological train block,Strict Level 1 Segment Atomicity & Sequence Boundary Isolation
32,20170703_1426,Monday,32,BENIGN,0,train,lstm,Monday_GAP_001,False,False,Continuous chronological train block,Strict Level 1 Segment Atomicity & Sequence Boundary Isolation
33,20170703_1427,Monday,33,BENIGN,0,train,lstm,Monday_GAP_001,False,False,Continuous chronological train block,Strict Level 1 Segment Atomicity & Sequence Boundary Isolation
34,20170703_1428,Monday,34,BENIGN,0,train,lstm,Monday_GAP_001,False,False,Continuous chronological train block,Strict Level 1 Segment Atomicity & Sequence Boundary Isolation
35,20170703_1429,Monday,35,BENIGN,0,train,lstm,Monday_GAP_001,False,False,Continuous chronological train block,Strict Level 1 Segment Atomicity & Sequence Boundary Isolation
36,20170703_1430,Monday,36,BENIGN,0,train,lstm,Monday_GAP_001,False,False,Continuous chronological train block,Strict Level 1 Segment Atomicity & Sequence Boundary Isolation
37,20170703_1431,Monday,37,BENIGN,0,train,lstm,Monday_GAP_001,False,False,Continuous chronological train block,Strict Level 1 Segment Atomicity & Sequence Boundary Isolation
38,20170703_1432,Monday,38,BENIGN,0,train,lstm,Monday_GAP_001,False,False,Continuous chronological train block,Strict Level 1 Segment Atomicity & Sequence Boundary Isolation
39,20170703_1433,Monday,39,BENIGN,0,train,lstm,Monday_GAP_001,False,False,Continuous chronological train block,Strict Level 1 Segment Atomicity & Sequence Boundary Isolation
40,20170703_1434,Monday,40,BENIGN,0,train,lstm,Monday_GAP_001,False,False,Continuous chronological train block,Strict Level 1 Segment Atomicity & Sequence Boundary Isolation
41,20170703_1435,Monday,41,BENIGN,0,train,lstm,Monday_GAP_001,False,False,Continuous chronological train block,Strict Level 1 Segment Atomicity & Sequence Boundary Isolation
42,20170703_1436,Monday,42,BENIGN,0,train,lstm,Monday_GAP_001,False,False,Continuous chronological train block,Strict Level 1 Segment Atomicity & Sequence Boundary Isolation
43,20170703_1437,Monday,43,BENIGN,0,train,lstm,Monday_GAP_001,False,False,Continuous chronological train block,Strict Level 1 Segment Atomicity & Sequence Boundary Isolation
44,20170703_1438,Monday,44,BENIGN,0,train,lstm,Monday_GAP_001,False,False,Continuous chronological train block,Strict Level 1 Segment Atomicity & Sequence Boundary Isolation
45,20170703_1439,Monday,45,BENIGN,0,train,lstm,Monday_GAP_001,False,False,Continuous chronological train block,Strict Level 1 Segment Atomicity & Sequence Boundary Isolation
46,20170703_1440,Monday,46,BENIGN,0,train,lstm,Monday_GAP_001,False,False,Continuous chronological train block,Strict Level 1 Segment Atomicity & Sequence Boundary Isolation
47,20170703_1441,Monday,47,BENIGN,0,train,lstm,Monday_GAP_001,False,False,Continuous chronological train block,Strict Level 1 Segment Atomicity & Sequence Boundary Isolation
48,20170703_1442,Monday,48,BENIGN,0,train,lstm,Monday_GAP_001,False,False,Continuous chronological train block,Strict Level 1 Segment Atomicity & Sequence Boundary Isolation
49,20170703_1443,Monday,49,BENIGN,0,train,lstm,Monday_GAP_001,False,False,Continuous chronological train block,Strict Level 1 Segment Atomicity & Sequence Boundary Isolation
50,20170703_1444,Monday,50,BENIGN,0,train,lstm,Monday_GAP_001,False,False,Continuous chronological train block,Strict Level 1 Segment Atomicity & Sequence Boundary Isolation
51,20170703_1445,Monday,51,BENIGN,0,train,lstm,Monday_GAP_001,False,False,Continuous chronological train block,Strict Level 1 Segment Atomicity & Sequence Boundary Isolation
52,20170703_1446,Monday,52,BENIGN,0,train,lstm,Monday_GAP_001,False,False,Continuous chronological train block,Strict Level 1 Segment Atomicity & Sequence Boundary Isolation
53,20170703_1447,Monday,53,BENIGN,0,train,lstm,Monday_GAP_001,False,False,Continuous chronological train block,Strict Level 1 Segment Atomicity & Sequence Boundary Isolation
54,20170703_1448,Monday,54,BENIGN,0,train,lstm,Monday_GAP_001,False,False,Continuous chronological train block,Strict Level 1 Segment Atomicity & Sequence Boundary Isolation
55,20170703_1449,Monday,55,BENIGN,0,train,lstm,Monday_GAP_001,False,False,Continuous chronological train block,Strict Level 1 Segment Atomicity & Sequence Boundary Isolation
56,20170703_1450,Monday,56,BENIGN,0,train,lstm,Monday_GAP_001,False,False,Continuous chronological train block,Strict Level 1 Segment Atomicity & Sequence Boundary Isolation
57,20170703_1451,Monday,57,BENIGN,0,train,lstm,Monday_GAP_001,False,False,Continuous chronological train block,Strict Level 1 Segment Atomicity & Sequence Boundary Isolation
58,20170703_1452,Monday,58,BENIGN,0,train,lstm,Monday_GAP_001,False,False,Continuous chronological train block,Strict Level 1 Segment Atomicity & Sequence Boundary Isolation
59,20170703_1453,Monday,59,BENIGN,0,train,lstm,Monday_GAP_001,False,False,Continuous chronological train block,Strict Level 1 Segment Atomicity & Sequence Boundary Isolation
60,20170703_1454,Monday,60,BENIGN,0,train,lstm,Monday_GAP_001,False,False,Continuous chronological train block,Strict Level 1 Segment Atomicity & Sequence Boundary Isolation
61,20170703_1455,Monday,61,BENIGN,0,train,lstm,Monday_GAP_001,False,False,Continuous chronological train block,Strict Level 1 Segment Atomicity & Sequence Boundary Isolation
62,20170703_1456,Monday,62,BENIGN,0,train,lstm,Monday_GAP_001,False,False,Continuous chronological train block,Strict Level 1 Segment Atomicity & Sequence Boundary Isolation
63,20170703_1457,Monday,63,BENIGN,0,train,lstm,Monday_GAP_001,False,False,Continuous chronological train block,Strict Level 1 Segment Atomicity & Sequence Boundary Isolation
64,20170703_1458,Monday,64,BENIGN,0,train,lstm,Monday_GAP_001,False,False,Continuous chronological train block,Strict Level 1 Segment Atomicity & Sequence Boundary Isolation
65,20170703_1459,Monday,65,BENIGN,0,train,lstm,Monday_GAP_001,False,False,Continuous chronological train block,Strict Level 1 Segment Atomicity & Sequence Boundary Isolation
66,20170703_1500,Monday,66,BENIGN,0,train,lstm,Monday_GAP_001,False,False,Continuous chronological train block,Strict Level 1 Segment Atomicity & Sequence Boundary Isolation
67,20170703_1501,Monday,67,BENIGN,0,train,lstm,Monday_GAP_001,False,False,Continuous chronological train block,Strict Level 1 Segment Atomicity & Sequence Boundary Isolation
68,20170703_1502,Monday,68,BENIGN,0,train,lstm,Monday_GAP_001,False,False,Continuous chronological train block,Strict Level 1 Segment Atomicity & Sequence Boundary Isolation
69,20170703_1503,Monday,69,BENIGN,0,train,lstm,Monday_GAP_001,False,False,Continuous chronological train block,Strict Level 1 Segment Atomicity & Sequence Boundary Isolation
70,20170703_1504,Monday,70,BENIGN,0,train,lstm,Monday_GAP_001,False,False,Continuous chronological train block,Strict Level 1 Segment Atomicity & Sequence Boundary Isolation
71,20170703_1505,Monday,71,BENIGN,0,train,lstm,Monday_GAP_001,False,False,Continuous chronological train block,Strict Level 1 Segment Atomicity & Sequence Boundary Isolation
72,20170703_1506,Monday,72,BENIGN,0,train,lstm,Monday_GAP_001,False,False,Continuous chronological train block,Strict Level 1 Segment Atomicity & Sequence Boundary Isolation
73,20170703_1507,Monday,73,BENIGN,0,train,lstm,Monday_GAP_001,False,False,Continuous chronological train block,Strict Level 1 Segment Atomicity & Sequence Boundary Isolation
74,20170703_1508,Monday,74,BENIGN,0,train,lstm,Monday_GAP_001,False,False,Continuous chronological train block,Strict Level 1 Segment Atomicity & Sequence Boundary Isolation
75,20170703_1509,Monday,75,BENIGN,0,train,lstm,Monday_GAP_001,False,False,Continuous chronological train block,Strict Level 1 Segment Atomicity & Sequence Boundary Isolation
76,20170703_1510,Monday,76,BENIGN,0,train,lstm,Monday_GAP_001,False,False,Continuous chronological train block,Strict Level 1 Segment Atomicity & Sequence Boundary Isolation
77,20170703_1511,Monday,77,BENIGN,0,train,lstm,Monday_GAP_001,False,False,Continuous chronological train block,Strict Level 1 Segment Atomicity & Sequence Boundary Isolation
78,20170703_1512,Monday,78,BENIGN,0,train,lstm,Monday_GAP_001,False,False,Continuous chronological train block,Strict Level 1 Segment Atomicity & Sequence Boundary Isolation
79,20170703_1513,Monday,79,BENIGN,0,train,lstm,Monday_GAP_001,False,False,Continuous chronological train block,Strict Level 1 Segment Atomicity & Sequence Boundary Isolation
80,20170703_1514,Monday,80,BENIGN,0,train,lstm,Monday_GAP_001,False,False,Continuous chronological train block,Strict Level 1 Segment Atomicity & Sequence Boundary Isolation
81,20170703_1515,Monday,81,BENIGN,0,train,lstm,Monday_GAP_001,False,False,Continuous chronological train block,Strict Level 1 Segment Atomicity & Sequence Boundary Isolation
82,20170703_1516,Monday,82,BENIGN,0,train,lstm,Monday_GAP_001,False,False,Continuous chronological train block,Strict Level 1 Segment Atomicity & Sequence Boundary Isolation
83,20170703_1517,Monday,83,BENIGN,0,train,lstm,Monday_GAP_001,False,False,Continuous chronological train block,Strict Level 1 Segment Atomicity & Sequence Boundary Isolation
84,20170703_1518,Monday,84,BENIGN,0,train,lstm,Monday_GAP_001,False,False,Continuous chronological train block,Strict Level 1 Segment Atomicity & Sequence Boundary Isolation
85,20170703_1519,Monday,85,BENIGN,0,train,lstm,Monday_GAP_001,False,False,Continuous chronological train block,Strict Level 1 Segment Atomicity & Sequence Boundary Isolation
86,20170703_1520,Monday,86,BENIGN,0,train,lstm,Monday_GAP_001,False,False,Continuous chronological train block,Strict Level 1 Segment Atomicity & Sequence Boundary Isolation
87,20170703_1521,Monday,87,BENIGN,0,train,lstm,Monday_GAP_001,False,False,Continuous chronological train block,Strict Level 1 Segment Atomicity & Sequence Boundary Isolation
88,20170703_1522,Monday,88,BENIGN,0,train,lstm,Monday_GAP_001,False,False,Continuous chronological train block,Strict Level 1 Segment Atomicity & Sequence Boundary Isolation
89,20170703_1523,Monday,89,BENIGN,0,train,lstm,Monday_GAP_001,False,False,Continuous chronological train block,Strict Level 1 Segment Atomicity & Sequence Boundary Isolation
90,20170703_1524,Monday,90,BENIGN,0,train,lstm,Monday_GAP_001,False,False,Continuous chronological train block,Strict Level 1 Segment Atomicity & Sequence Boundary Isolation
91,20170703_1525,Monday,91,BENIGN,0,train,lstm,Monday_GAP_001,False,False,Continuous chronological train block,Strict Level 1 Segment Atomicity & Sequence Boundary Isolation
92,20170703_1526,Monday,92,BENIGN,0,train,lstm,Monday_GAP_001,False,False,Continuous chronological train block,Strict Level 1 Segment Atomicity & Sequence Boundary Isolation
93,20170703_1527,Monday,93,BENIGN,0,train,lstm,Monday_GAP_001,False,False,Continuous chronological train block,Strict Level 1 Segment Atomicity & Sequence Boundary Isolation
94,20170703_1528,Monday,94,BENIGN,0,train,lstm,Monday_GAP_001,False,False,Continuous chronological train block,Strict Level 1 Segment Atomicity & Sequence Boundary Isolation
95,20170703_1529,Monday,95,BENIGN,0,train,lstm,Monday_GAP_001,False,False,Continuous chronological train block,Strict Level 1 Segment Atomicity & Sequence Boundary Isolation
96,20170703_1530,Monday,96,BENIGN,0,train,lstm,Monday_GAP_001,False,False,Continuous chronological train block,Strict Level 1 Segment Atomicity & Sequence Boundary Isolation
97,20170703_1531,Monday,97,BENIGN,0,train,lstm,Monday_GAP_001,False,False,Continuous chronological train block,Strict Level 1 Segment Atomicity & Sequence Boundary Isolation
98,20170703_1532,Monday,98,BENIGN,0,train,lstm,Monday_GAP_001,False,False,Continuous chronological train block,Strict Level 1 Segment Atomicity & Sequence Boundary Isolation
99,20170703_1533,Monday,99,BENIGN,0,train,lstm,Monday_GAP_001,False,False,Continuous chronological train block,Strict Level 1 Segment Atomicity & Sequence Boundary Isolation
100,20170703_1534,Monday,100,BENIGN,0,train,lstm,Monday_GAP_001,False,False,Continuous chronological train block,Strict Level 1 Segment Atomicity & Sequence Boundary Isolation
101,20170703_1535,Monday,101,BENIGN,0,train,lstm,Monday_GAP_001,False,False,Continuous chronological train block,Strict Level 1 Segment Atomicity & Sequence Boundary Isolation
102,20170703_1536,Monday,102,BENIGN,0,train,lstm,Monday_GAP_001,False,False,Continuous chronological train block,Strict Level 1 Segment Atomicity & Sequence Boundary Isolation
103,20170703_1537,Monday,103,BENIGN,0,train,lstm,Monday_GAP_001,False,False,Continuous chronological train block,Strict Level 1 Segment Atomicity & Sequence Boundary Isolation
104,20170703_1538,Monday,104,BENIGN,0,train,lstm,Monday_GAP_001,False,False,Continuous chronological train block,Strict Level 1 Segment Atomicity & Sequence Boundary Isolation
105,20170703_1539,Monday,105,BENIGN,0,train,lstm,Monday_GAP_001,False,False,Continuous chronological train block,Strict Level 1 Segment Atomicity & Sequence Boundary Isolation
106,20170703_1540,Monday,106,BENIGN,0,train,lstm,Monday_GAP_001,False,False,Continuous chronological train block,Strict Level 1 Segment Atomicity & Sequence Boundary Isolation
107,20170703_1541,Monday,107,BENIGN,0,train,lstm,Monday_GAP_001,False,False,Continuous chronological train block,Strict Level 1 Segment Atomicity & Sequence Boundary Isolation
108,20170703_1542,Monday,108,BENIGN,0,train,lstm,Monday_GAP_001,False,False,Continuous chronological train block,Strict Level 1 Segment Atomicity & Sequence Boundary Isolation
109,20170703_1543,Monday,109,BENIGN,0,train,lstm,Monday_GAP_001,False,False,Continuous chronological train block,Strict Level 1 Segment Atomicity & Sequence Boundary Isolation
110,20170703_1544,Monday,110,BENIGN,0,train,lstm,Monday_GAP_001,False,False,Continuous chronological train block,Strict Level 1 Segment Atomicity & Sequence Boundary Isolation
111,20170703_1545,Monday,111,BENIGN,0,train,lstm,Monday_GAP_001,False,False,Continuous chronological train block,Strict Level 1 Segment Atomicity & Sequence Boundary Isolation
112,20170703_1546,Monday,112,BENIGN,0,train,lstm,Monday_GAP_001,False,False,Continuous chronological train block,Strict Level 1 Segment Atomicity & Sequence Boundary Isolation
113,20170703_1547,Monday,113,BENIGN,0,train,lstm,Monday_GAP_001,False,False,Continuous chronological train block,Strict Level 1 Segment Atomicity & Sequence Boundary Isolation
114,20170703_1548,Monday,114,BENIGN,0,train,lstm,Monday_GAP_001,False,False,Continuous chronological train block,Strict Level 1 Segment Atomicity & Sequence Boundary Isolation
115,20170703_1549,Monday,115,BENIGN,0,train,lstm,Monday_GAP_001,False,False,Continuous chronological train block,Strict Level 1 Segment Atomicity & Sequence Boundary Isolation
116,20170703_1550,Monday,116,BENIGN,0,train,lstm,Monday_GAP_001,False,False,Continuous chronological train block,Strict Level 1 Segment Atomicity & Sequence Boundary Isolation
117,20170703_1551,Monday,117,BENIGN,0,train,lstm,Monday_GAP_001,False,False,Continuous chronological train block,Strict Level 1 Segment Atomicity & Sequence Boundary Isolation
118,20170703_1552,Monday,118,BENIGN,0,train,lstm,Monday_GAP_001,False,False,Continuous chronological train block,Strict Level 1 Segment Atomicity & Sequence Boundary Isolation
119,20170703_1553,Monday,119,BENIGN,0,train,lstm,Monday_GAP_001,False,False,Continuous chronological train block,Strict Level 1 Segment Atomicity & Sequence Boundary Isolation
120,20170703_1554,Monday,120,BENIGN,0,train,lstm,Monday_GAP_001,False,False,Continuous chronological train block,Strict Level 1 Segment Atomicity & Sequence Boundary Isolation
121,20170703_1555,Monday,121,BENIGN,0,train,lstm,Monday_GAP_001,False,False,Continuous chronological train block,Strict Level 1 Segment Atomicity & Sequence Boundary Isolation
122,20170703_1556,Monday,122,BENIGN,0,train,lstm,Monday_GAP_001,False,False,Continuous chronological train block,Strict Level 1 Segment Atomicity & Sequence Boundary Isolation
123,20170703_1557,Monday,123,BENIGN,0,train,lstm,Monday_GAP_001,False,False,Continuous chronological train block,Strict Level 1 Segment Atomicity & Sequence Boundary Isolation
124,20170703_1558,Monday,124,BENIGN,0,train,lstm,Monday_GAP_001,False,False,Continuous chronological train block,Strict Level 1 Segment Atomicity & Sequence Boundary Isolation
125,20170703_1559,Monday,125,BENIGN,0,train,lstm,Monday_GAP_001,False,False,Continuous chronological train block,Strict Level 1 Segment Atomicity & Sequence Boundary Isolation
126,20170703_1600,Monday,126,BENIGN,0,train,lstm,Monday_GAP_001,False,False,Continuous chronological train block,Strict Level 1 Segment Atomicity & Sequence Boundary Isolation
127,20170703_1601,Monday,127,BENIGN,0,train,lstm,Monday_GAP_001,False,False,Continuous chronological train block,Strict Level 1 Segment Atomicity & Sequence Boundary Isolation
128,20170703_1602,Monday,128,BENIGN,0,train,lstm,Monday_GAP_001,False,False,Continuous chronological train block,Strict Level 1 Segment Atomicity & Sequence Boundary Isolation
129,20170703_1603,Monday,129,BENIGN,0,train,lstm,Monday_GAP_001,False,False,Continuous chronological train block,Strict Level 1 Segment Atomicity & Sequence Boundary Isolation
130,20170703_1604,Monday,130,BENIGN,0,train,lstm,Monday_GAP_001,False,False,Continuous chronological train block,Strict Level 1 Segment Atomicity & Sequence Boundary Isolation
131,20170703_1605,Monday,131,BENIGN,0,train,lstm,Monday_GAP_001,False,False,Continuous chronological train block,Strict Level 1 Segment Atomicity & Sequence Boundary Isolation
132,20170703_1606,Monday,132,BENIGN,0,train,lstm,Monday_GAP_001,False,False,Continuous chronological train block,Strict Level 1 Segment Atomicity & Sequence Boundary Isolation
133,20170703_1607,Monday,133,BENIGN,0,train,lstm,Monday_GAP_001,False,False,Continuous chronological train block,Strict Level 1 Segment Atomicity & Sequence Boundary Isolation
134,20170703_1608,Monday,134,BENIGN,0,train,lstm,Monday_GAP_001,False,False,Continuous chronological train block,Strict Level 1 Segment Atomicity & Sequence Boundary Isolation
135,20170703_1609,Monday,135,BENIGN,0,train,lstm,Monday_GAP_001,False,False,Continuous chronological train block,Strict Level 1 Segment Atomicity & Sequence Boundary Isolation
136,20170703_1610,Monday,136,BENIGN,0,train,lstm,Monday_GAP_001,False,False,Continuous chronological train block,Strict Level 1 Segment Atomicity & Sequence Boundary Isolation
137,20170703_1611,Monday,137,BENIGN,0,train,lstm,Monday_GAP_001,False,False,Continuous chronological train block,Strict Level 1 Segment Atomicity & Sequence Boundary Isolation
138,20170703_1612,Monday,138,BENIGN,0,train,lstm,Monday_GAP_001,False,False,Continuous chronological train block,Strict Level 1 Segment Atomicity & Sequence Boundary Isolation
139,20170703_1613,Monday,139,BENIGN,0,train,lstm,Monday_GAP_001,False,False,Continuous chronological train block,Strict Level 1 Segment Atomicity & Sequence Boundary Isolation
140,20170703_1614,Monday,140,BENIGN,0,train,lstm,Monday_GAP_001,False,False,Continuous chronological train block,Strict Level 1 Segment Atomicity & Sequence Boundary Isolation
141,20170703_1615,Monday,141,BENIGN,0,train,lstm,Monday_GAP_001,False,False,Continuous chronological train block,Strict Level 1 Segment Atomicity & Sequence Boundary Isolation
142,20170703_1616,Monday,142,BENIGN,0,train,lstm,Monday_GAP_001,False,False,Continuous chronological train block,Strict Level 1 Segment Atomicity & Sequence Boundary Isolation
143,20170703_1617,Monday,143,BENIGN,0,train,lstm,Monday_GAP_001,False,False,Continuous chronological train block,Strict Level 1 Segment Atomicity & Sequence Boundary Isolation
144,20170703_1618,Monday,144,BENIGN,0,train,lstm,Monday_GAP_001,False,False,Continuous chronological train block,Strict Level 1 Segment Atomicity & Sequence Boundary Isolation
145,20170703_1619,Monday,145,BENIGN,0,train,lstm,Monday_GAP_001,False,False,Continuous chronological train block,Strict Level 1 Segment Atomicity & Sequence Boundary Isolation
146,20170703_1620,Monday,146,BENIGN,0,train,lstm,Monday_GAP_001,False,False,Continuous chronological train block,Strict Level 1 Segment Atomicity & Sequence Boundary Isolation
147,20170703_1621,Monday,147,BENIGN,0,train,lstm,Monday_GAP_001,False,False,Continuous chronological train block,Strict Level 1 Segment Atomicity & Sequence Boundary Isolation
148,20170703_1622,Monday,148,BENIGN,0,train,lstm,Monday_GAP_001,False,False,Continuous chronological train block,Strict Level 1 Segment Atomicity & Sequence Boundary Isolation
149,20170703_1623,Monday,149,BENIGN,0,train,lstm,Monday_GAP_001,False,False,Continuous chronological train block,Strict Level 1 Segment Atomicity & Sequence Boundary Isolation
150,20170703_1624,Monday,150,BENIGN,0,train,lstm,Monday_GAP_001,False,False,Continuous chronological train block,Strict Level 1 Segment Atomicity & Sequence Boundary Isolation
151,20170703_1625,Monday,151,BENIGN,0,train,lstm,Monday_GAP_001,False,False,Continuous chronological train block,Strict Level 1 Segment Atomicity & Sequence Boundary Isolation
152,20170703_1626,Monday,152,BENIGN,0,train,lstm,Monday_GAP_001,False,False,Continuous chronological train block,Strict Level 1 Segment Atomicity & Sequence Boundary Isolation
153,20170703_1627,Monday,153,BENIGN,0,train,lstm,Monday_GAP_001,False,False,Continuous chronological train block,Strict Level 1 Segment Atomicity & Sequence Boundary Isolation
154,20170703_1628,Monday,154,BENIGN,0,train,lstm,Monday_GAP_001,False,False,Continuous chronological train block,Strict Level 1 Segment Atomicity & Sequence Boundary Isolation
155,20170703_1629,Monday,155,BENIGN,0,train,lstm,Monday_GAP_001,False,False,Continuous chronological train block,Strict Level 1 Segment Atomicity & Sequence Boundary Isolation
156,20170703_1630,Monday,156,BENIGN,0,train,lstm,Monday_GAP_001,False,False,Continuous chronological train block,Strict Level 1 Segment Atomicity & Sequence Boundary Isolation
157,20170703_1631,Monday,157,BENIGN,0,train,lstm,Monday_GAP_001,False,False,Continuous chronological train block,Strict Level 1 Segment Atomicity & Sequence Boundary Isolation
158,20170703_1632,Monday,158,BENIGN,0,train,lstm,Monday_GAP_001,False,False,Continuous chronological train block,Strict Level 1 Segment Atomicity & Sequence Boundary Isolation
159,20170703_1633,Monday,159,BENIGN,0,train,lstm,Monday_GAP_001,False,False,Continuous chronological train block,Strict Level 1 Segment Atomicity & Sequence Boundary Isolation
160,20170703_1634,Monday,160,BENIGN,0,train,lstm,Monday_GAP_001,False,False,Continuous chronological train block,Strict Level 1 Segment Atomicity & Sequence Boundary Isolation
161,20170703_1635,Monday,161,BENIGN,0,train,lstm,Monday_GAP_001,False,False,Continuous chronological train block,Strict Level 1 Segment Atomicity & Sequence Boundary Isolation
162,20170703_1636,Monday,162,BENIGN,0,train,lstm,Monday_GAP_001,False,False,Continuous chronological train block,Strict Level 1 Segment Atomicity & Sequence Boundary Isolation
163,20170703_1637,Monday,163,BENIGN,0,train,lstm,Monday_GAP_001,False,False,Continuous chronological train block,Strict Level 1 Segment Atomicity & Sequence Boundary Isolation
164,20170703_1638,Monday,164,BENIGN,0,train,lstm,Monday_GAP_001,False,False,Continuous chronological train block,Strict Level 1 Segment Atomicity & Sequence Boundary Isolation
165,20170703_1639,Monday,165,BENIGN,0,train,lstm,Monday_GAP_001,False,False,Continuous chronological train block,Strict Level 1 Segment Atomicity & Sequence Boundary Isolation
166,20170703_1640,Monday,166,BENIGN,0,train,lstm,Monday_GAP_001,False,False,Continuous chronological train block,Strict Level 1 Segment Atomicity & Sequence Boundary Isolation
167,20170703_1641,Monday,167,BENIGN,0,train,lstm,Monday_GAP_001,False,False,Continuous chronological train block,Strict Level 1 Segment Atomicity & Sequence Boundary Isolation
168,20170703_1642,Monday,168,BENIGN,0,train,lstm,Monday_GAP_001,False,False,Continuous chronological train block,Strict Level 1 Segment Atomicity & Sequence Boundary Isolation
169,20170703_1643,Monday,169,BENIGN,0,train,lstm,Monday_GAP_001,False,False,Continuous chronological train block,Strict Level 1 Segment Atomicity & Sequence Boundary Isolation
170,20170703_1644,Monday,170,BENIGN,0,train,lstm,Monday_GAP_001,False,False,Continuous chronological train block,Strict Level 1 Segment Atomicity & Sequence Boundary Isolation
171,20170703_1645,Monday,171,BENIGN,0,train,lstm,Monday_GAP_001,False,False,Continuous chronological train block,Strict Level 1 Segment Atomicity & Sequence Boundary Isolation
172,20170703_1646,Monday,172,BENIGN,0,train,lstm,Monday_GAP_001,False,False,Continuous chronological train block,Strict Level 1 Segment Atomicity & Sequence Boundary Isolation
173,20170703_1647,Monday,173,BENIGN,0,train,lstm,Monday_GAP_001,False,False,Continuous chronological train block,Strict Level 1 Segment Atomicity & Sequence Boundary Isolation
174,20170703_1648,Monday,174,BENIGN,0,train,lstm,Monday_GAP_001,False,False,Continuous chronological train block,Strict Level 1 Segment Atomicity & Sequence Boundary Isolation
175,20170703_1649,Monday,175,BENIGN,0,train,lstm,Monday_GAP_001,False,False,Continuous chronological train block,Strict Level 1 Segment Atomicity & Sequence Boundary Isolation
176,20170703_1650,Monday,176,BENIGN,0,train,lstm,Monday_GAP_001,False,False,Continuous chronological train block,Strict Level 1 Segment Atomicity & Sequence Boundary Isolation
177,20170703_1651,Monday,177,BENIGN,0,train,lstm,Monday_GAP_001,False,False,Continuous chronological train block,Strict Level 1 Segment Atomicity & Sequence Boundary Isolation
178,20170703_1652,Monday,178,BENIGN,0,train,lstm,Monday_GAP_001,False,False,Continuous chronological train block,Strict Level 1 Segment Atomicity & Sequence Boundary Isolation
179,20170703_1653,Monday,179,BENIGN,0,train,lstm,Monday_GAP_001,False,False,Continuous chronological train block,Strict Level 1 Segment Atomicity & Sequence Boundary Isolation
180,20170703_1654,Monday,180,BENIGN,0,train,lstm,Monday_GAP_001,False,False,Continuous chronological train block,Strict Level 1 Segment Atomicity & Sequence Boundary Isolation
181,20170703_1655,Monday,181,BENIGN,0,train,lstm,Monday_GAP_001,False,False,Continuous chronological train block,Strict Level 1 Segment Atomicity & Sequence Boundary Isolation
182,20170703_1656,Monday,182,BENIGN,0,train,lstm,Monday_GAP_001,False,False,Continuous chronological train block,Strict Level 1 Segment Atomicity & Sequence Boundary Isolation
183,20170703_1657,Monday,183,BENIGN,0,train,lstm,Monday_GAP_001,False,False,Continuous chronological train block,Strict Level 1 Segment Atomicity & Sequence Boundary Isolation
184,20170703_1658,Monday,184,BENIGN,0,train,lstm,Monday_GAP_001,False,False,Continuous chronological train block,Strict Level 1 Segment Atomicity & Sequence Boundary Isolation
185,20170703_1659,Monday,185,BENIGN,0,train,lstm,Monday_GAP_001,False,False,Continuous chronological train block,Strict Level 1 Segment Atomicity & Sequence Boundary Isolation
186,20170703_1700,Monday,186,BENIGN,0,train,lstm,Monday_GAP_001,False,False,Continuous chronological train block,Strict Level 1 Segment Atomicity & Sequence Boundary Isolation
187,20170703_1701,Monday,187,BENIGN,0,train,lstm,Monday_GAP_001,False,False,Continuous chronological train block,Strict Level 1 Segment Atomicity & Sequence Boundary Isolation
188,20170703_1702,Monday,188,BENIGN,0,train,lstm,Monday_GAP_001,False,False,Continuous chronological train block,Strict Level 1 Segment Atomicity & Sequence Boundary Isolation
189,20170703_1703,Monday,189,BENIGN,0,train,lstm,Monday_GAP_001,False,False,Continuous chronological train block,Strict Level 1 Segment Atomicity & Sequence Boundary Isolation
190,20170703_1704,Monday,190,BENIGN,0,train,lstm,Monday_GAP_001,False,False,Continuous chronological train block,Strict Level 1 Segment Atomicity & Sequence Boundary Isolation
191,20170703_1705,Monday,191,BENIGN,0,train,lstm,Monday_GAP_001,False,False,Continuous chronological train block,Strict Level 1 Segment Atomicity & Sequence Boundary Isolation
192,20170703_1706,Monday,192,BENIGN,0,train,lstm,Monday_GAP_001,False,False,Continuous chronological train block,Strict Level 1 Segment Atomicity & Sequence Boundary Isolation
193,20170703_1707,Monday,193,BENIGN,0,train,lstm,Monday_GAP_001,False,False,Continuous chronological train block,Strict Level 1 Segment Atomicity & Sequence Boundary Isolation
194,20170703_1708,Monday,194,BENIGN,0,train,lstm,Monday_GAP_001,False,False,Continuous chronological train block,Strict Level 1 Segment Atomicity & Sequence Boundary Isolation
195,20170703_1709,Monday,195,BENIGN,0,train,lstm,Monday_GAP_001,False,False,Continuous chronological train block,Strict Level 1 Segment Atomicity & Sequence Boundary Isolation
196,20170703_1710,Monday,196,BENIGN,0,train,lstm,Monday_GAP_001,False,False,Continuous chronological train block,Strict Level 1 Segment Atomicity & Sequence Boundary Isolation
197,20170703_1711,Monday,197,BENIGN,0,train,lstm,Monday_GAP_001,False,False,Continuous chronological train block,Strict Level 1 Segment Atomicity & Sequence Boundary Isolation
198,20170703_1712,Monday,198,BENIGN,0,train,lstm,Monday_GAP_001,False,False,Continuous chronological train block,Strict Level 1 Segment Atomicity & Sequence Boundary Isolation
199,20170703_1713,Monday,199,BENIGN,0,train,lstm,Monday_GAP_001,False,False,Continuous chronological train block,Strict Level 1 Segment Atomicity & Sequence Boundary Isolation
200,20170703_1714,Monday,200,BENIGN,0,train,lstm,Monday_GAP_001,False,False,Continuous chronological train block,Strict Level 1 Segment Atomicity & Sequence Boundary Isolation
201,20170703_1715,Monday,201,BENIGN,0,train,lstm,Monday_GAP_001,False,False,Continuous chronological train block,Strict Level 1 Segment Atomicity & Sequence Boundary Isolation
202,20170703_1716,Monday,202,BENIGN,0,train,lstm,Monday_GAP_001,False,False,Continuous chronological train block,Strict Level 1 Segment Atomicity & Sequence Boundary Isolation
203,20170703_1717,Monday,203,BENIGN,0,train,lstm,Monday_GAP_001,False,False,Continuous chronological train block,Strict Level 1 Segment Atomicity & Sequence Boundary Isolation
204,20170703_1718,Monday,204,BENIGN,0,train,lstm,Monday_GAP_001,False,False,Continuous chronological train block,Strict Level 1 Segment Atomicity & Sequence Boundary Isolation
205,20170703_1719,Monday,205,BENIGN,0,train,lstm,Monday_GAP_001,False,False,Continuous chronological train block,Strict Level 1 Segment Atomicity & Sequence Boundary Isolation
206,20170703_1720,Monday,206,BENIGN,0,train,lstm,Monday_GAP_001,False,False,Continuous chronological train block,Strict Level 1 Segment Atomicity & Sequence Boundary Isolation
207,20170703_1721,Monday,207,BENIGN,0,train,lstm,Monday_GAP_001,False,False,Continuous chronological train block,Strict Level 1 Segment Atomicity & Sequence Boundary Isolation
208,20170703_1722,Monday,208,BENIGN,0,train,lstm,Monday_GAP_001,False,False,Continuous chronological train block,Strict Level 1 Segment Atomicity & Sequence Boundary Isolation
209,20170703_1723,Monday,209,BENIGN,0,train,lstm,Monday_GAP_001,False,False,Continuous chronological train block,Strict Level 1 Segment Atomicity & Sequence Boundary Isolation
210,20170703_1724,Monday,210,BENIGN,0,train,lstm,Monday_GAP_001,False,False,Continuous chronological train block,Strict Level 1 Segment Atomicity & Sequence Boundary Isolation
211,20170703_1725,Monday,211,BENIGN,0,train,lstm,Monday_GAP_001,False,False,Continuous chronological train block,Strict Level 1 Segment Atomicity & Sequence Boundary Isolation
212,20170703_1726,Monday,212,BENIGN,0,train,lstm,Monday_GAP_001,False,False,Continuous chronological train block,Strict Level 1 Segment Atomicity & Sequence Boundary Isolation
213,20170703_1727,Monday,213,BENIGN,0,train,lstm,Monday_GAP_001,False,False,Continuous chronological train block,Strict Level 1 Segment Atomicity & Sequence Boundary Isolation
214,20170703_1728,Monday,214,BENIGN,0,train,lstm,Monday_GAP_001,False,False,Continuous chronological train block,Strict Level 1 Segment Atomicity & Sequence Boundary Isolation
215,20170703_1729,Monday,215,BENIGN,0,train,lstm,Monday_GAP_001,False,False,Continuous chronological train block,Strict Level 1 Segment Atomicity & Sequence Boundary Isolation
216,20170703_1730,Monday,216,BENIGN,0,train,lstm,Monday_GAP_001,False,False,Continuous chronological train block,Strict Level 1 Segment Atomicity & Sequence Boundary Isolation
217,20170703_1731,Monday,217,BENIGN,0,train,lstm,Monday_GAP_001,False,False,Continuous chronological train block,Strict Level 1 Segment Atomicity & Sequence Boundary Isolation
218,20170703_1732,Monday,218,BENIGN,0,train,lstm,Monday_GAP_001,False,False,Continuous chronological train block,Strict Level 1 Segment Atomicity & Sequence Boundary Isolation
219,20170703_1733,Monday,219,BENIGN,0,train,lstm,Monday_GAP_001,False,False,Continuous chronological train block,Strict Level 1 Segment Atomicity & Sequence Boundary Isolation
220,20170703_1734,Monday,220,BENIGN,0,train,lstm,Monday_GAP_001,False,False,Continuous chronological train block,Strict Level 1 Segment Atomicity & Sequence Boundary Isolation
221,20170703_1735,Monday,221,BENIGN,0,train,lstm,Monday_GAP_001,False,False,Continuous chronological train block,Strict Level 1 Segment Atomicity & Sequence Boundary Isolation
222,20170703_1736,Monday,222,BENIGN,0,train,lstm,Monday_GAP_001,False,False,Continuous chronological train block,Strict Level 1 Segment Atomicity & Sequence Boundary Isolation
223,20170703_1737,Monday,223,BENIGN,0,train,lstm,Monday_GAP_001,False,False,Continuous chronological train block,Strict Level 1 Segment Atomicity & Sequence Boundary Isolation
224,20170703_1738,Monday,224,BENIGN,0,train,lstm,Monday_GAP_001,False,False,Continuous chronological train block,Strict Level 1 Segment Atomicity & Sequence Boundary Isolation
225,20170703_1739,Monday,225,BENIGN,0,train,lstm,Monday_GAP_001,False,False,Continuous chronological train block,Strict Level 1 Segment Atomicity & Sequence Boundary Isolation
226,20170703_1740,Monday,226,BENIGN,0,train,lstm,Monday_GAP_001,False,False,Continuous chronological train block,Strict Level 1 Segment Atomicity & Sequence Boundary Isolation
227,20170703_1741,Monday,227,BENIGN,0,train,lstm,Monday_GAP_001,False,False,Continuous chronological train block,Strict Level 1 Segment Atomicity & Sequence Boundary Isolation
228,20170703_1742,Monday,228,BENIGN,0,train,lstm,Monday_GAP_001,False,False,Continuous chronological train block,Strict Level 1 Segment Atomicity & Sequence Boundary Isolation
229,20170703_1743,Monday,229,BENIGN,0,train,lstm,Monday_GAP_001,False,False,Continuous chronological train block,Strict Level 1 Segment Atomicity & Sequence Boundary Isolation
230,20170703_1744,Monday,230,BENIGN,0,train,lstm,Monday_GAP_001,False,False,Continuous chronological train block,Strict Level 1 Segment Atomicity & Sequence Boundary Isolation
231,20170703_1745,Monday,231,BENIGN,0,train,lstm,Monday_GAP_001,False,False,Continuous chronological train block,Strict Level 1 Segment Atomicity & Sequence Boundary Isolation
232,20170703_1746,Monday,232,BENIGN,0,train,lstm,Monday_GAP_001,False,False,Continuous chronological train block,Strict Level 1 Segment Atomicity & Sequence Boundary Isolation
233,20170703_1747,Monday,233,BENIGN,0,train,lstm,Monday_GAP_001,False,False,Continuous chronological train block,Strict Level 1 Segment Atomicity & Sequence Boundary Isolation
234,20170703_1748,Monday,234,BENIGN,0,train,lstm,Monday_GAP_001,False,False,Continuous chronological train block,Strict Level 1 Segment Atomicity & Sequence Boundary Isolation
235,20170703_1749,Monday,235,BENIGN,0,train,lstm,Monday_GAP_001,False,False,Continuous chronological train block,Strict Level 1 Segment Atomicity & Sequence Boundary Isolation
236,20170703_1750,Monday,236,BENIGN,0,train,lstm,Monday_GAP_001,False,False,Continuous chronological train block,Strict Level 1 Segment Atomicity & Sequence Boundary Isolation
237,20170703_1751,Monday,237,BENIGN,0,train,lstm,Monday_GAP_001,False,False,Continuous chronological train block,Strict Level 1 Segment Atomicity & Sequence Boundary Isolation
238,20170703_1752,Monday,238,BENIGN,0,train,lstm,Monday_GAP_001,False,False,Continuous chronological train block,Strict Level 1 Segment Atomicity & Sequence Boundary Isolation
239,20170703_1753,Monday,239,BENIGN,0,train,lstm,Monday_GAP_001,False,False,Continuous chronological train block,Strict Level 1 Segment Atomicity & Sequence Boundary Isolation
240,20170703_1754,Monday,240,BENIGN,0,train,lstm,Monday_GAP_001,False,False,Continuous chronological train block,Strict Level 1 Segment Atomicity & Sequence Boundary Isolation
241,20170703_1755,Monday,241,BENIGN,0,train,lstm,Monday_GAP_001,False,False,Continuous chronological train block,Strict Level 1 Segment Atomicity & Sequence Boundary Isolation
242,20170703_1756,Monday,242,BENIGN,0,train,lstm,Monday_GAP_001,False,False,Continuous chronological train block,Strict Level 1 Segment Atomicity & Sequence Boundary Isolation
243,20170703_1757,Monday,243,BENIGN,0,train,lstm,Monday_GAP_001,False,False,Continuous chronological train block,Strict Level 1 Segment Atomicity & Sequence Boundary Isolation
244,20170703_1758,Monday,244,BENIGN,0,train,lstm,Monday_GAP_001,False,False,Continuous chronological train block,Strict Level 1 Segment Atomicity & Sequence Boundary Isolation
245,20170703_1759,Monday,245,BENIGN,0,train,lstm,Monday_GAP_001,False,False,Continuous chronological train block,Strict Level 1 Segment Atomicity & Sequence Boundary Isolation
246,20170703_1800,Monday,246,BENIGN,0,train,lstm,Monday_GAP_001,False,False,Continuous chronological train block,Strict Level 1 Segment Atomicity & Sequence Boundary Isolation
247,20170703_1801,Monday,247,BENIGN,0,train,lstm,Monday_GAP_001,False,False,Continuous chronological train block,Strict Level 1 Segment Atomicity & Sequence Boundary Isolation
248,20170703_1802,Monday,248,BENIGN,0,train,lstm,Monday_GAP_001,False,False,Continuous chronological train block,Strict Level 1 Segment Atomicity & Sequence Boundary Isolation
249,20170703_1803,Monday,249,BENIGN,0,train,lstm,Monday_GAP_001,False,False,Continuous chronological train block,Strict Level 1 Segment Atomicity & Sequence Boundary Isolation
250,20170703_1804,Monday,250,BENIGN,0,train,lstm,Monday_GAP_001,False,False,Continuous chronological train block,Strict Level 1 Segment Atomicity & Sequence Boundary Isolation
251,20170703_1805,Monday,251,BENIGN,0,train,lstm,Monday_GAP_001,False,False,Continuous chronological train block,Strict Level 1 Segment Atomicity & Sequence Boundary Isolation
252,20170703_1806,Monday,252,BENIGN,0,train,lstm,Monday_GAP_001,False,False,Continuous chronological train block,Strict Level 1 Segment Atomicity & Sequence Boundary Isolation
253,20170703_1807,Monday,253,BENIGN,0,train,lstm,Monday_GAP_001,False,False,Continuous chronological train block,Strict Level 1 Segment Atomicity & Sequence Boundary Isolation
254,20170703_1808,Monday,254,BENIGN,0,train,lstm,Monday_GAP_001,False,False,Continuous chronological train block,Strict Level 1 Segment Atomicity & Sequence Boundary Isolation
255,20170703_1809,Monday,255,BENIGN,0,train,lstm,Monday_GAP_001,False,False,Continuous chronological train block,Strict Level 1 Segment Atomicity & Sequence Boundary Isolation
256,20170703_1810,Monday,256,BENIGN,0,train,lstm,Monday_GAP_001,False,False,Continuous chronological train block,Strict Level 1 Segment Atomicity & Sequence Boundary Isolation
257,20170703_1811,Monday,257,BENIGN,0,train,lstm,Monday_GAP_001,False,False,Continuous chronological train block,Strict Level 1 Segment Atomicity & Sequence Boundary Isolation
258,20170703_1812,Monday,258,BENIGN,0,train,lstm,Monday_GAP_001,False,False,Continuous chronological train block,Strict Level 1 Segment Atomicity & Sequence Boundary Isolation
259,20170703_1813,Monday,259,BENIGN,0,train,lstm,Monday_GAP_001,False,False,Continuous chronological train block,Strict Level 1 Segment Atomicity & Sequence Boundary Isolation
260,20170703_1814,Monday,260,BENIGN,0,train,lstm,Monday_GAP_001,False,False,Continuous chronological train block,Strict Level 1 Segment Atomicity & Sequence Boundary Isolation
261,20170703_1815,Monday,261,BENIGN,0,train,lstm,Monday_GAP_001,False,False,Continuous chronological train block,Strict Level 1 Segment Atomicity & Sequence Boundary Isolation
262,20170703_1816,Monday,262,BENIGN,0,train,lstm,Monday_GAP_001,False,False,Continuous chronological train block,Strict Level 1 Segment Atomicity & Sequence Boundary Isolation
263,20170703_1817,Monday,263,BENIGN,0,train,lstm,Monday_GAP_001,False,False,Continuous chronological train block,Strict Level 1 Segment Atomicity & Sequence Boundary Isolation
264,20170703_1818,Monday,264,BENIGN,0,train,lstm,Monday_GAP_001,False,False,Continuous chronological train block,Strict Level 1 Segment Atomicity & Sequence Boundary Isolation
265,20170703_1819,Monday,265,BENIGN,0,train,lstm,Monday_GAP_001,False,False,Continuous chronological train block,Strict Level 1 Segment Atomicity & Sequence Boundary Isolation
266,20170703_1820,Monday,266,BENIGN,0,train,lstm,Monday_GAP_001,False,False,Continuous chronological train block,Strict Level 1 Segment Atomicity & Sequence Boundary Isolation
267,20170703_1821,Monday,267,BENIGN,0,train,lstm,Monday_GAP_001,False,False,Continuous chronological train block,Strict Level 1 Segment Atomicity & Sequence Boundary Isolation
268,20170703_1822,Monday,268,BENIGN,0,train,lstm,Monday_GAP_001,False,False,Continuous chronological train block,Strict Level 1 Segment Atomicity & Sequence Boundary Isolation
269,20170703_1823,Monday,269,BENIGN,0,train,lstm,Monday_GAP_001,False,False,Continuous chronological train block,Strict Level 1 Segment Atomicity & Sequence Boundary Isolation
270,20170703_1824,Monday,270,BENIGN,0,train,lstm,Monday_GAP_001,False,False,Continuous chronological train block,Strict Level 1 Segment Atomicity & Sequence Boundary Isolation
271,20170703_1825,Monday,271,BENIGN,0,train,lstm,Monday_GAP_001,False,False,Continuous chronological train block,Strict Level 1 Segment Atomicity & Sequence Boundary Isolation
272,20170703_1826,Monday,272,BENIGN,0,train,lstm,Monday_GAP_001,False,False,Continuous chronological train block,Strict Level 1 Segment Atomicity & Sequence Boundary Isolation
273,20170703_1827,Monday,273,BENIGN,0,train,lstm,Monday_GAP_001,False,False,Continuous chronological train block,Strict Level 1 Segment Atomicity & Sequence Boundary Isolation
274,20170703_1828,Monday,274,BENIGN,0,train,lstm,Monday_GAP_001,False,False,Continuous chronological train block,Strict Level 1 Segment Atomicity & Sequence Boundary Isolation
275,20170703_1829,Monday,275,BENIGN,0,train,lstm,Monday_GAP_001,False,False,Continuous chronological train block,Strict Level 1 Segment Atomicity & Sequence Boundary Isolation
276,20170703_1830,Monday,276,BENIGN,0,train,lstm,Monday_GAP_001,False,False,Continuous chronological train block,Strict Level 1 Segment Atomicity & Sequence Boundary Isolation
277,20170703_1831,Monday,277,BENIGN,0,train,lstm,Monday_GAP_001,False,False,Continuous chronological train block,Strict Level 1 Segment Atomicity & Sequence Boundary Isolation
278,20170703_1832,Monday,278,BENIGN,0,train,lstm,Monday_GAP_001,False,False,Continuous chronological train block,Strict Level 1 Segment Atomicity & Sequence Boundary Isolation
279,20170703_1833,Monday,279,BENIGN,0,train,lstm,Monday_GAP_001,False,False,Continuous chronological train block,Strict Level 1 Segment Atomicity & Sequence Boundary Isolation
280,20170703_1834,Monday,280,BENIGN,0,train,lstm,Monday_GAP_001,False,False,Continuous chronological train block,Strict Level 1 Segment Atomicity & Sequence Boundary Isolation
281,20170703_1835,Monday,281,BENIGN,0,train,lstm,Monday_GAP_001,False,False,Continuous chronological train block,Strict Level 1 Segment Atomicity & Sequence Boundary Isolation
282,20170703_1836,Monday,282,BENIGN,0,train,lstm,Monday_GAP_001,False,False,Continuous chronological train block,Strict Level 1 Segment Atomicity & Sequence Boundary Isolation
283,20170703_1837,Monday,283,BENIGN,0,train,lstm,Monday_GAP_001,False,False,Continuous chronological train block,Strict Level 1 Segment Atomicity & Sequence Boundary Isolation
284,20170703_1838,Monday,284,BENIGN,0,train,lstm,Monday_GAP_001,False,False,Continuous chronological train block,Strict Level 1 Segment Atomicity & Sequence Boundary Isolation
285,20170703_1839,Monday,285,BENIGN,0,train,lstm,Monday_GAP_001,False,False,Continuous chronological train block,Strict Level 1 Segment Atomicity & Sequence Boundary Isolation
286,20170703_1840,Monday,286,BENIGN,0,train,lstm,Monday_GAP_001,False,False,Continuous chronological train block,Strict Level 1 Segment Atomicity & Sequence Boundary Isolation
287,20170703_1841,Monday,287,BENIGN,0,train,lstm,Monday_GAP_001,False,False,Continuous chronological train block,Strict Level 1 Segment Atomicity & Sequence Boundary Isolation
288,20170703_1842,Monday,288,BENIGN,0,train,lstm,Monday_GAP_001,False,False,Continuous chronological train block,Strict Level 1 Segment Atomicity & Sequence Boundary Isolation
289,20170703_1843,Monday,289,BENIGN,0,train,lstm,Monday_GAP_001,False,False,Continuous chronological train block,Strict Level 1 Segment Atomicity & Sequence Boundary Isolation
290,20170703_1844,Monday,290,BENIGN,0,train,lstm,Monday_GAP_001,False,False,Continuous chronological train block,Strict Level 1 Segment Atomicity & Sequence Boundary Isolation
291,20170703_1845,Monday,291,BENIGN,0,train,lstm,Monday_GAP_001,False,False,Continuous chronological train block,Strict Level 1 Segment Atomicity & Sequence Boundary Isolation
292,20170703_1846,Monday,292,BENIGN,0,train,lstm,Monday_GAP_001,False,False,Continuous chronological train block,Strict Level 1 Segment Atomicity & Sequence Boundary Isolation
293,20170703_1847,Monday,293,BENIGN,0,train,lstm,Monday_GAP_001,False,False,Continuous chronological train block,Strict Level 1 Segment Atomicity & Sequence Boundary Isolation
294,20170703_1848,Monday,294,BENIGN,0,train,lstm,Monday_GAP_001,False,False,Continuous chronological train block,Strict Level 1 Segment Atomicity & Sequence Boundary Isolation
295,20170703_1849,Monday,295,BENIGN,0,train,lstm,Monday_GAP_001,False,False,Continuous chronological train block,Strict Level 1 Segment Atomicity & Sequence Boundary Isolation
296,20170703_1850,Monday,296,BENIGN,0,train,lstm,Monday_GAP_001,False,False,Continuous chronological train block,Strict Level 1 Segment Atomicity & Sequence Boundary Isolation
297,20170703_1851,Monday,297,BENIGN,0,train,lstm,Monday_GAP_001,False,False,Continuous chronological train block,Strict Level 1 Segment Atomicity & Sequence Boundary Isolation
298,20170703_1852,Monday,298,BENIGN,0,train,lstm,Monday_GAP_001,False,False,Continuous chronological train block,Strict Level 1 Segment Atomicity & Sequence Boundary Isolation
299,20170703_1853,Monday,299,BENIGN,0,train,lstm,Monday_GAP_001,False,False,Continuous chronological train block,Strict Level 1 Segment Atomicity & Sequence Boundary Isolation
300,20170703_1854,Monday,300,BENIGN,0,train,lstm,Monday_GAP_001,False,False,Continuous chronological train block,Strict Level 1 Segment Atomicity & Sequence Boundary Isolation
301,20170703_1855,Monday,301,BENIGN,0,train,lstm,Monday_GAP_001,False,False,Continuous chronological train block,Strict Level 1 Segment Atomicity & Sequence Boundary Isolation
302,20170703_1856,Monday,302,BENIGN,0,train,lstm,Monday_GAP_001,False,False,Continuous chronological train block,Strict Level 1 Segment Atomicity & Sequence Boundary Isolation
303,20170703_1857,Monday,303,BENIGN,0,train,lstm,Monday_GAP_001,False,False,Continuous chronological train block,Strict Level 1 Segment Atomicity & Sequence Boundary Isolation
304,20170703_1858,Monday,304,BENIGN,0,train,lstm,Monday_GAP_001,False,False,Continuous chronological train block,Strict Level 1 Segment Atomicity & Sequence Boundary Isolation
305,20170703_1859,Monday,305,BENIGN,0,train,lstm,Monday_GAP_001,False,False,Continuous chronological train block,Strict Level 1 Segment Atomicity & Sequence Boundary Isolation
306,20170703_1900,Monday,306,BENIGN,0,train,lstm,Monday_GAP_001,False,False,Continuous chronological train block,Strict Level 1 Segment Atomicity & Sequence Boundary Isolation
307,20170703_1901,Monday,307,BENIGN,0,train,lstm,Monday_GAP_001,False,False,Continuous chronological train block,Strict Level 1 Segment Atomicity & Sequence Boundary Isolation
308,20170703_1902,Monday,308,BENIGN,0,train,lstm,Monday_GAP_001,False,False,Continuous chronological train block,Strict Level 1 Segment Atomicity & Sequence Boundary Isolation
309,20170703_1903,Monday,309,BENIGN,0,train,lstm,Monday_GAP_001,False,False,Continuous chronological train block,Strict Level 1 Segment Atomicity & Sequence Boundary Isolation
310,20170703_1904,Monday,310,BENIGN,0,train,lstm,Monday_GAP_001,False,False,Continuous chronological train block,Strict Level 1 Segment Atomicity & Sequence Boundary Isolation
311,20170703_1905,Monday,311,BENIGN,0,train,lstm,Monday_GAP_001,False,False,Continuous chronological train block,Strict Level 1 Segment Atomicity & Sequence Boundary Isolation
312,20170703_1906,Monday,312,BENIGN,0,train,lstm,Monday_GAP_001,False,False,Continuous chronological train block,Strict Level 1 Segment Atomicity & Sequence Boundary Isolation
313,20170703_1907,Monday,313,BENIGN,0,train,lstm,Monday_GAP_001,False,False,Continuous chronological train block,Strict Level 1 Segment Atomicity & Sequence Boundary Isolation
314,20170703_1908,Monday,314,BENIGN,0,train,lstm,Monday_GAP_001,False,False,Continuous chronological train block,Strict Level 1 Segment Atomicity & Sequence Boundary Isolation
315,20170703_1909,Monday,315,BENIGN,0,train,lstm,Monday_GAP_001,False,False,Continuous chronological train block,Strict Level 1 Segment Atomicity & Sequence Boundary Isolation
316,20170703_1910,Monday,316,BENIGN,0,train,lstm,Monday_GAP_001,False,False,Continuous chronological train block,Strict Level 1 Segment Atomicity & Sequence Boundary Isolation
317,20170703_1911,Monday,317,BENIGN,0,train,lstm,Monday_GAP_001,False,False,Continuous chronological train block,Strict Level 1 Segment Atomicity & Sequence Boundary Isolation
318,20170703_1912,Monday,318,BENIGN,0,train,lstm,Monday_GAP_001,False,False,Continuous chronological train block,Strict Level 1 Segment Atomicity & Sequence Boundary Isolation
319,20170703_1913,Monday,319,BENIGN,0,train,lstm,Monday_GAP_001,False,False,Continuous chronological train block,Strict Level 1 Segment Atomicity & Sequence Boundary Isolation
320,20170703_1914,Monday,320,BENIGN,0,train,lstm,Monday_GAP_001,False,False,Continuous chronological train block,Strict Level 1 Segment Atomicity & Sequence Boundary Isolation
321,20170703_1915,Monday,321,BENIGN,0,train,lstm,Monday_GAP_001,False,False,Continuous chronological train block,Strict Level 1 Segment Atomicity & Sequence Boundary Isolation
322,20170703_1916,Monday,322,BENIGN,0,train,lstm,Monday_GAP_001,False,False,Continuous chronological train block,Strict Level 1 Segment Atomicity & Sequence Boundary Isolation
323,20170703_1917,Monday,323,BENIGN,0,train,lstm,Monday_GAP_001,False,False,Continuous chronological train block,Strict Level 1 Segment Atomicity & Sequence Boundary Isolation
324,20170703_1918,Monday,324,BENIGN,0,train,lstm,Monday_GAP_001,False,False,Continuous chronological train block,Strict Level 1 Segment Atomicity & Sequence Boundary Isolation
325,20170703_1919,Monday,325,BENIGN,0,train,lstm,Monday_GAP_001,False,False,Continuous chronological train block,Strict Level 1 Segment Atomicity & Sequence Boundary Isolation
326,20170703_1920,Monday,326,BENIGN,0,train,lstm,Monday_GAP_001,False,False,Continuous chronological train block,Strict Level 1 Segment Atomicity & Sequence Boundary Isolation
327,20170703_1921,Monday,327,BENIGN,0,train,lstm,Monday_GAP_001,False,False,Continuous chronological train block,Strict Level 1 Segment Atomicity & Sequence Boundary Isolation
328,20170703_1922,Monday,328,BENIGN,0,train,lstm,Monday_GAP_001,False,False,Continuous chronological train block,Strict Level 1 Segment Atomicity & Sequence Boundary Isolation
329,20170703_1923,Monday,329,BENIGN,0,train,lstm,Monday_GAP_001,False,False,Continuous chronological train block,Strict Level 1 Segment Atomicity & Sequence Boundary Isolation
330,20170703_1924,Monday,330,BENIGN,0,train,lstm,Monday_GAP_001,False,False,Continuous chronological train block,Strict Level 1 Segment Atomicity & Sequence Boundary Isolation
331,20170703_1925,Monday,331,BENIGN,0,train,lstm,Monday_GAP_001,False,False,Continuous chronological train block,Strict Level 1 Segment Atomicity & Sequence Boundary Isolation
332,20170703_1926,Monday,332,BENIGN,0,train,lstm,Monday_GAP_001,False,False,Continuous chronological train block,Strict Level 1 Segment Atomicity & Sequence Boundary Isolation
333,20170703_1927,Monday,333,BENIGN,0,train,lstm,Monday_GAP_001,False,False,Continuous chronological train block,Strict Level 1 Segment Atomicity & Sequence Boundary Isolation
334,20170703_1928,Monday,334,BENIGN,0,train,lstm,Monday_GAP_001,False,False,Continuous chronological train block,Strict Level 1 Segment Atomicity & Sequence Boundary Isolation
335,20170703_1929,Monday,335,BENIGN,0,train,lstm,Monday_GAP_001,False,False,Continuous chronological train block,Strict Level 1 Segment Atomicity & Sequence Boundary Isolation
336,20170703_1930,Monday,336,BENIGN,0,train,lstm,Monday_GAP_001,False,False,Continuous chronological train block,Strict Level 1 Segment Atomicity & Sequence Boundary Isolation
337,20170703_1931,Monday,337,BENIGN,0,train,lstm,Monday_GAP_001,False,False,Continuous chronological train block,Strict Level 1 Segment Atomicity & Sequence Boundary Isolation
338,20170703_1932,Monday,338,BENIGN,0,train,lstm,Monday_GAP_001,False,False,Continuous chronological train block,Strict Level 1 Segment Atomicity & Sequence Boundary Isolation
339,20170703_1933,Monday,339,BENIGN,0,train,lstm,Monday_GAP_001,False,False,Continuous chronological train block,Strict Level 1 Segment Atomicity & Sequence Boundary Isolation
340,20170703_1934,Monday,340,BENIGN,0,train,lstm,Monday_GAP_001,False,False,Continuous chronological train block,Strict Level 1 Segment Atomicity & Sequence Boundary Isolation
341,20170703_1935,Monday,341,BENIGN,0,train,lstm,Monday_GAP_001,False,False,Continuous chronological train block,Strict Level 1 Segment Atomicity & Sequence Boundary Isolation
342,20170703_1936,Monday,342,BENIGN,0,buffer,lstm,Monday_GAP_001,True,False,10-window Train/Val boundary exclusion buffer,Strict Level 1 Segment Atomicity & Sequence Boundary Isolation
343,20170703_1937,Monday,343,BENIGN,0,buffer,lstm,Monday_GAP_001,True,False,10-window Train/Val boundary exclusion buffer,Strict Level 1 Segment Atomicity & Sequence Boundary Isolation
344,20170703_1938,Monday,344,BENIGN,0,buffer,lstm,Monday_GAP_001,True,False,10-window Train/Val boundary exclusion buffer,Strict Level 1 Segment Atomicity & Sequence Boundary Isolation
345,20170703_1939,Monday,345,BENIGN,0,buffer,lstm,Monday_GAP_001,True,False,10-window Train/Val boundary exclusion buffer,Strict Level 1 Segment Atomicity & Sequence Boundary Isolation
346,20170703_1940,Monday,346,BENIGN,0,buffer,lstm,Monday_GAP_001,True,False,10-window Train/Val boundary exclusion buffer,Strict Level 1 Segment Atomicity & Sequence Boundary Isolation
347,20170703_1941,Monday,347,BENIGN,0,buffer,lstm,Monday_GAP_001,True,False,10-window Train/Val boundary exclusion buffer,Strict Level 1 Segment Atomicity & Sequence Boundary Isolation
348,20170703_1942,Monday,348,BENIGN,0,buffer,lstm,Monday_GAP_001,True,False,10-window Train/Val boundary exclusion buffer,Strict Level 1 Segment Atomicity & Sequence Boundary Isolation
349,20170703_1943,Monday,349,BENIGN,0,buffer,lstm,Monday_GAP_001,True,False,10-window Train/Val boundary exclusion buffer,Strict Level 1 Segment Atomicity & Sequence Boundary Isolation
350,20170703_1944,Monday,350,BENIGN,0,buffer,lstm,Monday_GAP_001,True,False,10-window Train/Val boundary exclusion buffer,Strict Level 1 Segment Atomicity & Sequence Boundary Isolation
351,20170703_1945,Monday,351,BENIGN,0,buffer,lstm,Monday_GAP_001,True,False,10-window Train/Val boundary exclusion buffer,Strict Level 1 Segment Atomicity & Sequence Boundary Isolation
352,20170703_1946,Monday,352,BENIGN,0,validation,lstm,Monday_GAP_001,False,False,Continuous chronological validation block,Strict Level 1 Segment Atomicity & Sequence Boundary Isolation
353,20170703_1947,Monday,353,BENIGN,0,validation,lstm,Monday_GAP_001,False,False,Continuous chronological validation block,Strict Level 1 Segment Atomicity & Sequence Boundary Isolation
354,20170703_1948,Monday,354,BENIGN,0,validation,lstm,Monday_GAP_001,False,False,Continuous chronological validation block,Strict Level 1 Segment Atomicity & Sequence Boundary Isolation
355,20170703_1949,Monday,355,BENIGN,0,validation,lstm,Monday_GAP_001,False,False,Continuous chronological validation block,Strict Level 1 Segment Atomicity & Sequence Boundary Isolation
356,20170703_1950,Monday,356,BENIGN,0,validation,lstm,Monday_GAP_001,False,False,Continuous chronological validation block,Strict Level 1 Segment Atomicity & Sequence Boundary Isolation
357,20170703_1951,Monday,357,BENIGN,0,validation,lstm,Monday_GAP_001,False,False,Continuous chronological validation block,Strict Level 1 Segment Atomicity & Sequence Boundary Isolation
358,20170703_1952,Monday,358,BENIGN,0,validation,lstm,Monday_GAP_001,False,False,Continuous chronological validation block,Strict Level 1 Segment Atomicity & Sequence Boundary Isolation
359,20170703_1953,Monday,359,BENIGN,0,validation,lstm,Monday_GAP_001,False,False,Continuous chronological validation block,Strict Level 1 Segment Atomicity & Sequence Boundary Isolation
360,20170703_1954,Monday,360,BENIGN,0,validation,lstm,Monday_GAP_001,False,False,Continuous chronological validation block,Strict Level 1 Segment Atomicity & Sequence Boundary Isolation
361,20170703_1955,Monday,361,BENIGN,0,validation,lstm,Monday_GAP_001,False,False,Continuous chronological validation block,Strict Level 1 Segment Atomicity & Sequence Boundary Isolation
362,20170703_1956,Monday,362,BENIGN,0,validation,lstm,Monday_GAP_001,False,False,Continuous chronological validation block,Strict Level 1 Segment Atomicity & Sequence Boundary Isolation
363,20170703_1957,Monday,363,BENIGN,0,validation,lstm,Monday_GAP_001,False,False,Continuous chronological validation block,Strict Level 1 Segment Atomicity & Sequence Boundary Isolation
364,20170703_1958,Monday,364,BENIGN,0,validation,lstm,Monday_GAP_001,False,False,Continuous chronological validation block,Strict Level 1 Segment Atomicity & Sequence Boundary Isolation
365,20170703_1959,Monday,365,BENIGN,0,validation,lstm,Monday_GAP_001,False,False,Continuous chronological validation block,Strict Level 1 Segment Atomicity & Sequence Boundary Isolation
366,20170703_2000,Monday,366,BENIGN,0,validation,lstm,Monday_GAP_001,False,False,Continuous chronological validation block,Strict Level 1 Segment Atomicity & Sequence Boundary Isolation
367,20170703_2001,Monday,367,BENIGN,0,validation,lstm,Monday_GAP_001,False,False,Continuous chronological validation block,Strict Level 1 Segment Atomicity & Sequence Boundary Isolation
368,20170703_2002,Monday,368,BENIGN,0,validation,lstm,Monday_GAP_001,False,False,Continuous chronological validation block,Strict Level 1 Segment Atomicity & Sequence Boundary Isolation
369,20170703_2003,Monday,369,BENIGN,0,validation,lstm,Monday_GAP_001,False,False,Continuous chronological validation block,Strict Level 1 Segment Atomicity & Sequence Boundary Isolation
370,20170703_2004,Monday,370,BENIGN,0,validation,lstm,Monday_GAP_001,False,False,Continuous chronological validation block,Strict Level 1 Segment Atomicity & Sequence Boundary Isolation
371,20170703_2005,Monday,371,BENIGN,0,validation,lstm,Monday_GAP_001,False,False,Continuous chronological validation block,Strict Level 1 Segment Atomicity & Sequence Boundary Isolation
372,20170703_2006,Monday,372,BENIGN,0,validation,lstm,Monday_GAP_001,False,False,Continuous chronological validation block,Strict Level 1 Segment Atomicity & Sequence Boundary Isolation
373,20170703_2007,Monday,373,BENIGN,0,validation,lstm,Monday_GAP_001,False,False,Continuous chronological validation block,Strict Level 1 Segment Atomicity & Sequence Boundary Isolation
374,20170703_2008,Monday,374,BENIGN,0,validation,lstm,Monday_GAP_001,False,False,Continuous chronological validation block,Strict Level 1 Segment Atomicity & Sequence Boundary Isolation
375,20170703_2009,Monday,375,BENIGN,0,validation,lstm,Monday_GAP_001,False,False,Continuous chronological validation block,Strict Level 1 Segment Atomicity & Sequence Boundary Isolation
376,20170703_2010,Monday,376,BENIGN,0,validation,lstm,Monday_GAP_001,False,False,Continuous chronological validation block,Strict Level 1 Segment Atomicity & Sequence Boundary Isolation
377,20170703_2011,Monday,377,BENIGN,0,validation,lstm,Monday_GAP_001,False,False,Continuous chronological validation block,Strict Level 1 Segment Atomicity & Sequence Boundary Isolation
378,20170703_2012,Monday,378,BENIGN,0,validation,lstm,Monday_GAP_001,False,False,Continuous chronological validation block,Strict Level 1 Segment Atomicity & Sequence Boundary Isolation
379,20170703_2013,Monday,379,BENIGN,0,validation,lstm,Monday_GAP_001,False,False,Continuous chronological validation block,Strict Level 1 Segment Atomicity & Sequence Boundary Isolation
380,20170703_2014,Monday,380,BENIGN,0,validation,lstm,Monday_GAP_001,False,False,Continuous chronological validation block,Strict Level 1 Segment Atomicity & Sequence Boundary Isolation
381,20170703_2015,Monday,381,BENIGN,0,validation,lstm,Monday_GAP_001,False,False,Continuous chronological validation block,Strict Level 1 Segment Atomicity & Sequence Boundary Isolation
382,20170703_2016,Monday,382,BENIGN,0,validation,lstm,Monday_GAP_001,False,False,Continuous chronological validation block,Strict Level 1 Segment Atomicity & Sequence Boundary Isolation
383,20170703_2017,Monday,383,BENIGN,0,validation,lstm,Monday_GAP_001,False,False,Continuous chronological validation block,Strict Level 1 Segment Atomicity & Sequence Boundary Isolation
384,20170703_2018,Monday,384,BENIGN,0,validation,lstm,Monday_GAP_001,False,False,Continuous chronological validation block,Strict Level 1 Segment Atomicity & Sequence Boundary Isolation
385,20170703_2019,Monday,385,BENIGN,0,validation,lstm,Monday_GAP_001,False,False,Continuous chronological validation block,Strict Level 1 Segment Atomicity & Sequence Boundary Isolation
386,20170703_2020,Monday,386,BENIGN,0,validation,lstm,Monday_GAP_001,False,False,Continuous chronological validation block,Strict Level 1 Segment Atomicity & Sequence Boundary Isolation
387,20170703_2021,Monday,387,BENIGN,0,validation,lstm,Monday_GAP_001,False,False,Continuous chronological validation block,Strict Level 1 Segment Atomicity & Sequence Boundary Isolation
388,20170703_2022,Monday,388,BENIGN,0,validation,lstm,Monday_GAP_001,False,False,Continuous chronological validation block,Strict Level 1 Segment Atomicity & Sequence Boundary Isolation
389,20170703_2023,Monday,389,BENIGN,0,validation,lstm,Monday_GAP_001,False,False,Continuous chronological validation block,Strict Level 1 Segment Atomicity & Sequence Boundary Isolation
390,20170703_2024,Monday,390,BENIGN,0,validation,lstm,Monday_GAP_001,False,False,Continuous chronological validation block,Strict Level 1 Segment Atomicity & Sequence Boundary Isolation
391,20170703_2025,Monday,391,BENIGN,0,validation,lstm,Monday_GAP_001,False,False,Continuous chronological validation block,Strict Level 1 Segment Atomicity & Sequence Boundary Isolation
392,20170703_2026,Monday,392,BENIGN,0,validation,lstm,Monday_GAP_001,False,False,Continuous chronological validation block,Strict Level 1 Segment Atomicity & Sequence Boundary Isolation
393,20170703_2027,Monday,393,BENIGN,0,validation,lstm,Monday_GAP_001,False,False,Continuous chronological validation block,Strict Level 1 Segment Atomicity & Sequence Boundary Isolation
394,20170703_2028,Monday,394,BENIGN,0,validation,lstm,Monday_GAP_001,False,False,Continuous chronological validation block,Strict Level 1 Segment Atomicity & Sequence Boundary Isolation
395,20170703_2029,Monday,395,BENIGN,0,validation,lstm,Monday_GAP_001,False,False,Continuous chronological validation block,Strict Level 1 Segment Atomicity & Sequence Boundary Isolation
396,20170703_2030,Monday,396,BENIGN,0,validation,lstm,Monday_GAP_001,False,False,Continuous chronological validation block,Strict Level 1 Segment Atomicity & Sequence Boundary Isolation
397,20170703_2031,Monday,397,BENIGN,0,validation,lstm,Monday_GAP_001,False,False,Continuous chronological validation block,Strict Level 1 Segment Atomicity & Sequence Boundary Isolation
398,20170703_2032,Monday,398,BENIGN,0,validation,lstm,Monday_GAP_001,False,False,Continuous chronological validation block,Strict Level 1 Segment Atomicity & Sequence Boundary Isolation
399,20170703_2033,Monday,399,BENIGN,0,validation,lstm,Monday_GAP_001,False,False,Continuous chronological validation block,Strict Level 1 Segment Atomicity & Sequence Boundary Isolation
400,20170703_2034,Monday,400,BENIGN,0,validation,lstm,Monday_GAP_001,False,False,Continuous chronological validation block,Strict Level 1 Segment Atomicity & Sequence Boundary Isolation
401,20170703_2035,Monday,401,BENIGN,0,validation,lstm,Monday_GAP_001,False,False,Continuous chronological validation block,Strict Level 1 Segment Atomicity & Sequence Boundary Isolation
402,20170703_2036,Monday,402,BENIGN,0,validation,lstm,Monday_GAP_001,False,False,Continuous chronological validation block,Strict Level 1 Segment Atomicity & Sequence Boundary Isolation
403,20170703_2037,Monday,403,BENIGN,0,validation,lstm,Monday_GAP_001,False,False,Continuous chronological validation block,Strict Level 1 Segment Atomicity & Sequence Boundary Isolation
404,20170703_2038,Monday,404,BENIGN,0,validation,lstm,Monday_GAP_001,False,False,Continuous chronological validation block,Strict Level 1 Segment Atomicity & Sequence Boundary Isolation
405,20170703_2039,Monday,405,BENIGN,0,validation,lstm,Monday_GAP_001,False,False,Continuous chronological validation block,Strict Level 1 Segment Atomicity & Sequence Boundary Isolation
406,20170703_2040,Monday,406,BENIGN,0,validation,lstm,Monday_GAP_001,False,False,Continuous chronological validation block,Strict Level 1 Segment Atomicity & Sequence Boundary Isolation
407,20170703_2041,Monday,407,BENIGN,0,validation,lstm,Monday_GAP_001,False,False,Continuous chronological validation block,Strict Level 1 Segment Atomicity & Sequence Boundary Isolation
408,20170703_2042,Monday,408,BENIGN,0,validation,lstm,Monday_GAP_001,False,False,Continuous chronological validation block,Strict Level 1 Segment Atomicity & Sequence Boundary Isolation
409,20170703_2043,Monday,409,BENIGN,0,validation,lstm,Monday_GAP_001,False,False,Continuous chronological validation block,Strict Level 1 Segment Atomicity & Sequence Boundary Isolation
410,20170703_2044,Monday,410,BENIGN,0,validation,lstm,Monday_GAP_001,False,False,Continuous chronological validation block,Strict Level 1 Segment Atomicity & Sequence Boundary Isolation
411,20170703_2045,Monday,411,BENIGN,0,validation,lstm,Monday_GAP_001,False,False,Continuous chronological validation block,Strict Level 1 Segment Atomicity & Sequence Boundary Isolation
412,20170703_2046,Monday,412,BENIGN,0,validation,lstm,Monday_GAP_001,False,False,Continuous chronological validation block,Strict Level 1 Segment Atomicity & Sequence Boundary Isolation
413,20170703_2047,Monday,413,BENIGN,0,validation,lstm,Monday_GAP_001,False,False,Continuous chronological validation block,Strict Level 1 Segment Atomicity & Sequence Boundary Isolation
414,20170703_2048,Monday,414,BENIGN,0,validation,lstm,Monday_GAP_001,False,False,Continuous chronological validation block,Strict Level 1 Segment Atomicity & Sequence Boundary Isolation
415,20170703_2049,Monday,415,BENIGN,0,buffer,lstm,Monday_GAP_001,True,False,10-window Val/Test boundary exclusion buffer,Strict Level 1 Segment Atomicity & Sequence Boundary Isolation
416,20170703_2050,Monday,416,BENIGN,0,buffer,lstm,Monday_GAP_001,True,False,10-window Val/Test boundary exclusion buffer,Strict Level 1 Segment Atomicity & Sequence Boundary Isolation
417,20170703_2051,Monday,417,BENIGN,0,buffer,lstm,Monday_GAP_001,True,False,10-window Val/Test boundary exclusion buffer,Strict Level 1 Segment Atomicity & Sequence Boundary Isolation
418,20170703_2052,Monday,418,BENIGN,0,buffer,lstm,Monday_GAP_001,True,False,10-window Val/Test boundary exclusion buffer,Strict Level 1 Segment Atomicity & Sequence Boundary Isolation
419,20170703_2053,Monday,419,BENIGN,0,buffer,lstm,Monday_GAP_001,True,False,10-window Val/Test boundary exclusion buffer,Strict Level 1 Segment Atomicity & Sequence Boundary Isolation
420,20170703_2054,Monday,420,BENIGN,0,buffer,lstm,Monday_GAP_001,True,False,10-window Val/Test boundary exclusion buffer,Strict Level 1 Segment Atomicity & Sequence Boundary Isolation
421,20170703_2055,Monday,421,BENIGN,0,buffer,lstm,Monday_GAP_001,True,False,10-window Val/Test boundary exclusion buffer,Strict Level 1 Segment Atomicity & Sequence Boundary Isolation
422,20170703_2056,Monday,422,BENIGN,0,buffer,lstm,Monday_GAP_001,True,False,10-window Val/Test boundary exclusion buffer,Strict Level 1 Segment Atomicity & Sequence Boundary Isolation
423,20170703_2057,Monday,423,BENIGN,0,buffer,lstm,Monday_GAP_001,True,False,10-window Val/Test boundary exclusion buffer,Strict Level 1 Segment Atomicity & Sequence Boundary Isolation
424,20170703_2058,Monday,424,BENIGN,0,buffer,lstm,Monday_GAP_001,True,False,10-window Val/Test boundary exclusion buffer,Strict Level 1 Segment Atomicity & Sequence Boundary Isolation
425,20170703_2059,Monday,425,BENIGN,0,test,lstm,Monday_GAP_001,False,False,Continuous chronological test block,Strict Level 1 Segment Atomicity & Sequence Boundary Isolation
426,20170703_2100,Monday,426,BENIGN,0,test,lstm,Monday_GAP_001,False,False,Continuous chronological test block,Strict Level 1 Segment Atomicity & Sequence Boundary Isolation
427,20170703_2101,Monday,427,BENIGN,0,test,lstm,Monday_GAP_001,False,False,Continuous chronological test block,Strict Level 1 Segment Atomicity & Sequence Boundary Isolation
428,20170703_2102,Monday,428,BENIGN,0,test,lstm,Monday_GAP_001,False,False,Continuous chronological test block,Strict Level 1 Segment Atomicity & Sequence Boundary Isolation
429,20170703_2103,Monday,429,BENIGN,0,test,lstm,Monday_GAP_001,False,False,Continuous chronological test block,Strict Level 1 Segment Atomicity & Sequence Boundary Isolation
430,20170703_2104,Monday,430,BENIGN,0,test,lstm,Monday_GAP_001,False,False,Continuous chronological test block,Strict Level 1 Segment Atomicity & Sequence Boundary Isolation
431,20170703_2105,Monday,431,BENIGN,0,test,lstm,Monday_GAP_001,False,False,Continuous chronological test block,Strict Level 1 Segment Atomicity & Sequence Boundary Isolation
432,20170703_2106,Monday,432,BENIGN,0,test,lstm,Monday_GAP_001,False,False,Continuous chronological test block,Strict Level 1 Segment Atomicity & Sequence Boundary Isolation
433,20170703_2107,Monday,433,BENIGN,0,test,lstm,Monday_GAP_001,False,False,Continuous chronological test block,Strict Level 1 Segment Atomicity & Sequence Boundary Isolation
434,20170703_2108,Monday,434,BENIGN,0,test,lstm,Monday_GAP_001,False,False,Continuous chronological test block,Strict Level 1 Segment Atomicity & Sequence Boundary Isolation
435,20170703_2109,Monday,435,BENIGN,0,test,lstm,Monday_GAP_001,False,False,Continuous chronological test block,Strict Level 1 Segment Atomicity & Sequence Boundary Isolation
436,20170703_2110,Monday,436,BENIGN,0,test,lstm,Monday_GAP_001,False,False,Continuous chronological test block,Strict Level 1 Segment Atomicity & Sequence Boundary Isolation
437,20170703_2111,Monday,437,BENIGN,0,test,lstm,Monday_GAP_001,False,False,Continuous chronological test block,Strict Level 1 Segment Atomicity & Sequence Boundary Isolation
438,20170703_2112,Monday,438,BENIGN,0,test,lstm,Monday_GAP_001,False,False,Continuous chronological test block,Strict Level 1 Segment Atomicity & Sequence Boundary Isolation
439,20170703_2113,Monday,439,BENIGN,0,test,lstm,Monday_GAP_001,False,False,Continuous chronological test block,Strict Level 1 Segment Atomicity & Sequence Boundary Isolation
440,20170703_2114,Monday,440,BENIGN,0,test,lstm,Monday_GAP_001,False,False,Continuous chronological test block,Strict Level 1 Segment Atomicity & Sequence Boundary Isolation
441,20170703_2115,Monday,441,BENIGN,0,test,lstm,Monday_GAP_001,False,False,Continuous chronological test block,Strict Level 1 Segment Atomicity & Sequence Boundary Isolation
442,20170703_2116,Monday,442,BENIGN,0,test,lstm,Monday_GAP_001,False,False,Continuous chronological test block,Strict Level 1 Segment Atomicity & Sequence Boundary Isolation
443,20170703_2117,Monday,443,BENIGN,0,test,lstm,Monday_GAP_001,False,False,Continuous chronological test block,Strict Level 1 Segment Atomicity & Sequence Boundary Isolation
444,20170703_2118,Monday,444,BENIGN,0,test,lstm,Monday_GAP_001,False,False,Continuous chronological test block,Strict Level 1 Segment Atomicity & Sequence Boundary Isolation
445,20170703_2119,Monday,445,BENIGN,0,test,lstm,Monday_GAP_001,False,False,Continuous chronological test block,Strict Level 1 Segment Atomicity & Sequence Boundary Isolation
446,20170703_2120,Monday,446,BENIGN,0,test,lstm,Monday_GAP_001,False,False,Continuous chronological test block,Strict Level 1 Segment Atomicity & Sequence Boundary Isolation
447,20170703_2121,Monday,447,BENIGN,0,test,lstm,Monday_GAP_001,False,False,Continuous chronological test block,Strict Level 1 Segment Atomicity & Sequence Boundary Isolation
448,20170703_2122,Monday,448,BENIGN,0,test,lstm,Monday_GAP_001,False,False,Continuous chronological test block,Strict Level 1 Segment Atomicity & Sequence Boundary Isolation
449,20170703_2123,Monday,449,BENIGN,0,test,lstm,Monday_GAP_001,False,False,Continuous chronological test block,Strict Level 1 Segment Atomicity & Sequence Boundary Isolation
450,20170703_2124,Monday,450,BENIGN,0,test,lstm,Monday_GAP_001,False,False,Continuous chronological test block,Strict Level 1 Segment Atomicity & Sequence Boundary Isolation
451,20170703_2125,Monday,451,BENIGN,0,test,lstm,Monday_GAP_001,False,False,Continuous chronological test block,Strict Level 1 Segment Atomicity & Sequence Boundary Isolation
452,20170703_2126,Monday,452,BENIGN,0,test,lstm,Monday_GAP_001,False,False,Continuous chronological test block,Strict Level 1 Segment Atomicity & Sequence Boundary Isolation
453,20170703_2127,Monday,453,BENIGN,0,test,lstm,Monday_GAP_001,False,False,Continuous chronological test block,Strict Level 1 Segment Atomicity & Sequence Boundary Isolation
454,20170703_2128,Monday,454,BENIGN,0,test,lstm,Monday_GAP_001,False,False,Continuous chronological test block,Strict Level 1 Segment Atomicity & Sequence Boundary Isolation
455,20170703_2129,Monday,455,BENIGN,0,test,lstm,Monday_GAP_001,False,False,Continuous chronological test block,Strict Level 1 Segment Atomicity & Sequence Boundary Isolation
456,20170703_2130,Monday,456,BENIGN,0,test,lstm,Monday_GAP_001,False,False,Continuous chronological test block,Strict Level 1 Segment Atomicity & Sequence Boundary Isolation
457,20170703_2131,Monday,457,BENIGN,0,test,lstm,Monday_GAP_001,False,False,Continuous chronological test block,Strict Level 1 Segment Atomicity & Sequence Boundary Isolation
458,20170703_2132,Monday,458,BENIGN,0,test,lstm,Monday_GAP_001,False,False,Continuous chronological test block,Strict Level 1 Segment Atomicity & Sequence Boundary Isolation
459,20170703_2133,Monday,459,BENIGN,0,test,lstm,Monday_GAP_001,False,False,Continuous chronological test block,Strict Level 1 Segment Atomicity & Sequence Boundary Isolation
460,20170703_2134,Monday,460,BENIGN,0,test,lstm,Monday_GAP_001,False,False,Continuous chronological test block,Strict Level 1 Segment Atomicity & Sequence Boundary Isolation
461,20170703_2135,Monday,461,BENIGN,0,test,lstm,Monday_GAP_001,False,False,Continuous chronological test block,Strict Level 1 Segment Atomicity & Sequence Boundary Isolation
462,20170703_2136,Monday,462,BENIGN,0,test,lstm,Monday_GAP_001,False,False,Continuous chronological test block,Strict Level 1 Segment Atomicity & Sequence Boundary Isolation
463,20170703_2137,Monday,463,BENIGN,0,test,lstm,Monday_GAP_001,False,False,Continuous chronological test block,Strict Level 1 Segment Atomicity & Sequence Boundary Isolation
464,20170703_2138,Monday,464,BENIGN,0,test,lstm,Monday_GAP_001,False,False,Continuous chronological test block,Strict Level 1 Segment Atomicity & Sequence Boundary Isolation
465,20170703_2139,Monday,465,BENIGN,0,test,lstm,Monday_GAP_001,False,False,Continuous chronological test block,Strict Level 1 Segment Atomicity & Sequence Boundary Isolation
466,20170703_2140,Monday,466,BENIGN,0,test,lstm,Monday_GAP_001,False,False,Continuous chronological test block,Strict Level 1 Segment Atomicity & Sequence Boundary Isolation
467,20170703_2141,Monday,467,BENIGN,0,test,lstm,Monday_GAP_001,False,False,Continuous chronological test block,Strict Level 1 Segment Atomicity & Sequence Boundary Isolation
468,20170703_2142,Monday,468,BENIGN,0,test,lstm,Monday_GAP_001,False,False,Continuous chronological test block,Strict Level 1 Segment Atomicity & Sequence Boundary Isolation
469,20170703_2143,Monday,469,BENIGN,0,test,lstm,Monday_GAP_001,False,False,Continuous chronological test block,Strict Level 1 Segment Atomicity & Sequence Boundary Isolation
470,20170703_2144,Monday,470,BENIGN,0,test,lstm,Monday_GAP_001,False,False,Continuous chronological test block,Strict Level 1 Segment Atomicity & Sequence Boundary Isolation
471,20170703_2145,Monday,471,BENIGN,0,test,lstm,Monday_GAP_001,False,False,Continuous chronological test block,Strict Level 1 Segment Atomicity & Sequence Boundary Isolation
472,20170703_2146,Monday,472,BENIGN,0,test,lstm,Monday_GAP_001,False,False,Continuous chronological test block,Strict Level 1 Segment Atomicity & Sequence Boundary Isolation
473,20170703_2147,Monday,473,BENIGN,0,test,lstm,Monday_GAP_001,False,False,Continuous chronological test block,Strict Level 1 Segment Atomicity & Sequence Boundary Isolation
474,20170703_2148,Monday,474,BENIGN,0,test,lstm,Monday_GAP_001,False,False,Continuous chronological test block,Strict Level 1 Segment Atomicity & Sequence Boundary Isolation
475,20170703_2149,Monday,475,BENIGN,0,test,lstm,Monday_GAP_001,False,False,Continuous chronological test block,Strict Level 1 Segment Atomicity & Sequence Boundary Isolation
476,20170703_2150,Monday,476,BENIGN,0,test,lstm,Monday_GAP_001,False,False,Continuous chronological test block,Strict Level 1 Segment Atomicity & Sequence Boundary Isolation
477,20170703_2151,Monday,477,BENIGN,0,test,lstm,Monday_GAP_001,False,False,Continuous chronological test block,Strict Level 1 Segment Atomicity & Sequence Boundary Isolation
478,20170703_2152,Monday,478,BENIGN,0,test,lstm,Monday_GAP_001,False,False,Continuous chronological test block,Strict Level 1 Segment Atomicity & Sequence Boundary Isolation
479,20170703_2153,Monday,479,BENIGN,0,test,lstm,Monday_GAP_001,False,False,Continuous chronological test block,Strict Level 1 Segment Atomicity & Sequence Boundary Isolation
480,20170703_2154,Monday,480,BENIGN,0,test,lstm,Monday_GAP_001,False,False,Continuous chronological test block,Strict Level 1 Segment Atomicity & Sequence Boundary Isolation
481,20170703_2155,Monday,481,BENIGN,0,test,lstm,Monday_GAP_001,False,False,Continuous chronological test block,Strict Level 1 Segment Atomicity & Sequence Boundary Isolation
482,20170703_2156,Monday,482,BENIGN,0,test,lstm,Monday_GAP_001,False,False,Continuous chronological test block,Strict Level 1 Segment Atomicity & Sequence Boundary Isolation
483,20170703_2157,Monday,483,BENIGN,0,test,lstm,Monday_GAP_001,False,False,Continuous chronological test block,Strict Level 1 Segment Atomicity & Sequence Boundary Isolation
484,20170703_2158,Monday,484,BENIGN,0,test,lstm,Monday_GAP_001,False,False,Continuous chronological test block,Strict Level 1 Segment Atomicity & Sequence Boundary Isolation
485,20170703_2159,Monday,485,BENIGN,0,test,lstm,Monday_GAP_001,False,False,Continuous chronological test block,Strict Level 1 Segment Atomicity & Sequence Boundary Isolation
486,20170703_2200,Monday,486,BENIGN,0,test,lstm,Monday_GAP_001,False,False,Continuous chronological test block,Strict Level 1 Segment Atomicity & Sequence Boundary Isolation
487,20170703_2201,Monday,487,BENIGN,0,test,lstm,Monday_GAP_001,False,False,Continuous chronological test block,Strict Level 1 Segment Atomicity & Sequence Boundary Isolation
488,20170704_1353,Tuesday,1,BENIGN,0,train,lstm,Tuesday_GAP_001,False,False,Continuous chronological train block,Strict Level 1 Segment Atomicity & Sequence Boundary Isolation
489,20170704_1354,Tuesday,2,BENIGN,0,train,lstm,Tuesday_GAP_001,False,False,Continuous chronological train block,Strict Level 1 Segment Atomicity & Sequence Boundary Isolation
490,20170704_1355,Tuesday,3,BENIGN,0,train,lstm,Tuesday_GAP_001,False,False,Continuous chronological train block,Strict Level 1 Segment Atomicity & Sequence Boundary Isolation
491,20170704_1356,Tuesday,4,BENIGN,0,train,lstm,Tuesday_GAP_001,False,False,Continuous chronological train block,Strict Level 1 Segment Atomicity & Sequence Boundary Isolation
492,20170704_1357,Tuesday,5,BENIGN,0,train,lstm,Tuesday_GAP_001,False,False,Continuous chronological train block,Strict Level 1 Segment Atomicity & Sequence Boundary Isolation
493,20170704_1358,Tuesday,6,BENIGN,0,train,lstm,Tuesday_GAP_001,False,False,Continuous chronological train block,Strict Level 1 Segment Atomicity & Sequence Boundary Isolation
494,20170704_1359,Tuesday,7,BENIGN,0,train,lstm,Tuesday_GAP_001,False,False,Continuous chronological train block,Strict Level 1 Segment Atomicity & Sequence Boundary Isolation
495,20170704_1400,Tuesday,8,BENIGN,0,train,lstm,Tuesday_GAP_001,False,False,Continuous chronological train block,Strict Level 1 Segment Atomicity & Sequence Boundary Isolation
496,20170704_1401,Tuesday,9,BENIGN,0,train,lstm,Tuesday_GAP_001,False,False,Continuous chronological train block,Strict Level 1 Segment Atomicity & Sequence Boundary Isolation
497,20170704_1402,Tuesday,10,BENIGN,0,train,lstm,Tuesday_GAP_001,False,False,Continuous chronological train block,Strict Level 1 Segment Atomicity & Sequence Boundary Isolation
498,20170704_1403,Tuesday,11,BENIGN,0,train,lstm,Tuesday_GAP_001,False,False,Continuous chronological train block,Strict Level 1 Segment Atomicity & Sequence Boundary Isolation
499,20170704_1404,Tuesday,12,BENIGN,0,train,lstm,Tuesday_GAP_001,False,False,Continuous chronological train block,Strict Level 1 Segment Atomicity & Sequence Boundary Isolation
500,20170704_1405,Tuesday,13,BENIGN,0,train,lstm,Tuesday_GAP_001,False,False,Continuous chronological train block,Strict Level 1 Segment Atomicity & Sequence Boundary Isolation
501,20170704_1406,Tuesday,14,BENIGN,0,train,lstm,Tuesday_GAP_001,False,False,Continuous chronological train block,Strict Level 1 Segment Atomicity & Sequence Boundary Isolation
502,20170704_1407,Tuesday,15,BENIGN,0,train,lstm,Tuesday_GAP_001,False,False,Continuous chronological train block,Strict Level 1 Segment Atomicity & Sequence Boundary Isolation
503,20170704_1408,Tuesday,16,BENIGN,0,train,lstm,Tuesday_GAP_001,False,False,Continuous chronological train block,Strict Level 1 Segment Atomicity & Sequence Boundary Isolation
504,20170704_1409,Tuesday,17,BENIGN,0,train,lstm,Tuesday_GAP_001,False,False,Continuous chronological train block,Strict Level 1 Segment Atomicity & Sequence Boundary Isolation
505,20170704_1410,Tuesday,18,BENIGN,0,train,lstm,Tuesday_GAP_001,False,False,Continuous chronological train block,Strict Level 1 Segment Atomicity & Sequence Boundary Isolation
506,20170704_1411,Tuesday,19,BENIGN,0,train,lstm,Tuesday_GAP_001,False,False,Continuous chronological train block,Strict Level 1 Segment Atomicity & Sequence Boundary Isolation
507,20170704_1412,Tuesday,20,BENIGN,0,train,lstm,Tuesday_GAP_001,False,False,Continuous chronological train block,Strict Level 1 Segment Atomicity & Sequence Boundary Isolation
508,20170704_1413,Tuesday,21,BENIGN,0,train,lstm,Tuesday_GAP_001,False,False,Continuous chronological train block,Strict Level 1 Segment Atomicity & Sequence Boundary Isolation
509,20170704_1414,Tuesday,22,BENIGN,0,train,lstm,Tuesday_GAP_001,False,False,Continuous chronological train block,Strict Level 1 Segment Atomicity & Sequence Boundary Isolation
510,20170704_1415,Tuesday,23,BENIGN,0,train,lstm,Tuesday_GAP_001,False,False,Continuous chronological train block,Strict Level 1 Segment Atomicity & Sequence Boundary Isolation
511,20170704_1416,Tuesday,24,BENIGN,0,train,lstm,Tuesday_GAP_001,False,False,Continuous chronological train block,Strict Level 1 Segment Atomicity & Sequence Boundary Isolation
512,20170704_1417,Tuesday,25,Brute Force,1,train,lstm,Tuesday_SEG_001,False,False,Continuous chronological train block,Strict Level 1 Segment Atomicity & Sequence Boundary Isolation
513,20170704_1418,Tuesday,26,BENIGN,0,train,lstm,Tuesday_GAP_002,False,False,Continuous chronological train block,Strict Level 1 Segment Atomicity & Sequence Boundary Isolation
514,20170704_1419,Tuesday,27,Brute Force,1,train,lstm,Tuesday_SEG_002,False,False,Continuous chronological train block,Strict Level 1 Segment Atomicity & Sequence Boundary Isolation
515,20170704_1420,Tuesday,28,Brute Force,1,train,lstm,Tuesday_SEG_002,False,False,Continuous chronological train block,Strict Level 1 Segment Atomicity & Sequence Boundary Isolation
516,20170704_1421,Tuesday,29,Brute Force,1,train,lstm,Tuesday_SEG_002,False,False,Continuous chronological train block,Strict Level 1 Segment Atomicity & Sequence Boundary Isolation
517,20170704_1422,Tuesday,30,Brute Force,1,train,lstm,Tuesday_SEG_002,False,False,Continuous chronological train block,Strict Level 1 Segment Atomicity & Sequence Boundary Isolation
518,20170704_1423,Tuesday,31,Brute Force,1,train,lstm,Tuesday_SEG_002,False,False,Continuous chronological train block,Strict Level 1 Segment Atomicity & Sequence Boundary Isolation
519,20170704_1424,Tuesday,32,Brute Force,1,train,lstm,Tuesday_SEG_002,False,False,Continuous chronological train block,Strict Level 1 Segment Atomicity & Sequence Boundary Isolation
520,20170704_1425,Tuesday,33,Brute Force,1,train,lstm,Tuesday_SEG_002,False,False,Continuous chronological train block,Strict Level 1 Segment Atomicity & Sequence Boundary Isolation
521,20170704_1426,Tuesday,34,Brute Force,1,train,lstm,Tuesday_SEG_002,False,False,Continuous chronological train block,Strict Level 1 Segment Atomicity & Sequence Boundary Isolation
522,20170704_1427,Tuesday,35,Brute Force,1,train,lstm,Tuesday_SEG_002,False,False,Continuous chronological train block,Strict Level 1 Segment Atomicity & Sequence Boundary Isolation
523,20170704_1428,Tuesday,36,Brute Force,1,train,lstm,Tuesday_SEG_002,False,False,Continuous chronological train block,Strict Level 1 Segment Atomicity & Sequence Boundary Isolation
524,20170704_1429,Tuesday,37,Brute Force,1,train,lstm,Tuesday_SEG_002,False,False,Continuous chronological train block,Strict Level 1 Segment Atomicity & Sequence Boundary Isolation
525,20170704_1430,Tuesday,38,Brute Force,1,train,lstm,Tuesday_SEG_002,False,False,Continuous chronological train block,Strict Level 1 Segment Atomicity & Sequence Boundary Isolation
526,20170704_1431,Tuesday,39,Brute Force,1,train,lstm,Tuesday_SEG_002,False,False,Continuous chronological train block,Strict Level 1 Segment Atomicity & Sequence Boundary Isolation
527,20170704_1432,Tuesday,40,Brute Force,1,train,lstm,Tuesday_SEG_002,False,False,Continuous chronological train block,Strict Level 1 Segment Atomicity & Sequence Boundary Isolation
528,20170704_1433,Tuesday,41,Brute Force,1,train,lstm,Tuesday_SEG_002,False,False,Continuous chronological train block,Strict Level 1 Segment Atomicity & Sequence Boundary Isolation
529,20170704_1434,Tuesday,42,Brute Force,1,train,lstm,Tuesday_SEG_002,False,False,Continuous chronological train block,Strict Level 1 Segment Atomicity & Sequence Boundary Isolation
530,20170704_1435,Tuesday,43,Brute Force,1,train,lstm,Tuesday_SEG_002,False,False,Continuous chronological train block,Strict Level 1 Segment Atomicity & Sequence Boundary Isolation
531,20170704_1436,Tuesday,44,Brute Force,1,train,lstm,Tuesday_SEG_002,False,False,Continuous chronological train block,Strict Level 1 Segment Atomicity & Sequence Boundary Isolation
532,20170704_1437,Tuesday,45,Brute Force,1,train,lstm,Tuesday_SEG_002,False,False,Continuous chronological train block,Strict Level 1 Segment Atomicity & Sequence Boundary Isolation
533,20170704_1438,Tuesday,46,Brute Force,1,train,lstm,Tuesday_SEG_002,False,False,Continuous chronological train block,Strict Level 1 Segment Atomicity & Sequence Boundary Isolation
534,20170704_1439,Tuesday,47,Brute Force,1,train,lstm,Tuesday_SEG_002,False,False,Continuous chronological train block,Strict Level 1 Segment Atomicity & Sequence Boundary Isolation
535,20170704_1440,Tuesday,48,Brute Force,1,train,lstm,Tuesday_SEG_002,False,False,Continuous chronological train block,Strict Level 1 Segment Atomicity & Sequence Boundary Isolation
536,20170704_1441,Tuesday,49,Brute Force,1,train,lstm,Tuesday_SEG_002,False,False,Continuous chronological train block,Strict Level 1 Segment Atomicity & Sequence Boundary Isolation
537,20170704_1442,Tuesday,50,Brute Force,1,train,lstm,Tuesday_SEG_002,False,False,Continuous chronological train block,Strict Level 1 Segment Atomicity & Sequence Boundary Isolation
538,20170704_1443,Tuesday,51,Brute Force,1,train,lstm,Tuesday_SEG_002,False,False,Continuous chronological train block,Strict Level 1 Segment Atomicity & Sequence Boundary Isolation
539,20170704_1444,Tuesday,52,Brute Force,1,train,lstm,Tuesday_SEG_002,False,False,Continuous chronological train block,Strict Level 1 Segment Atomicity & Sequence Boundary Isolation
540,20170704_1445,Tuesday,53,Brute Force,1,train,lstm,Tuesday_SEG_002,False,False,Continuous chronological train block,Strict Level 1 Segment Atomicity & Sequence Boundary Isolation
541,20170704_1446,Tuesday,54,Brute Force,1,train,lstm,Tuesday_SEG_002,False,False,Continuous chronological train block,Strict Level 1 Segment Atomicity & Sequence Boundary Isolation
542,20170704_1447,Tuesday,55,Brute Force,1,train,lstm,Tuesday_SEG_002,False,False,Continuous chronological train block,Strict Level 1 Segment Atomicity & Sequence Boundary Isolation
543,20170704_1448,Tuesday,56,Brute Force,1,train,lstm,Tuesday_SEG_002,False,False,Continuous chronological train block,Strict Level 1 Segment Atomicity & Sequence Boundary Isolation
544,20170704_1449,Tuesday,57,Brute Force,1,train,lstm,Tuesday_SEG_002,False,False,Continuous chronological train block,Strict Level 1 Segment Atomicity & Sequence Boundary Isolation
545,20170704_1450,Tuesday,58,Brute Force,1,train,lstm,Tuesday_SEG_002,False,False,Continuous chronological train block,Strict Level 1 Segment Atomicity & Sequence Boundary Isolation
546,20170704_1451,Tuesday,59,Brute Force,1,train,lstm,Tuesday_SEG_002,False,False,Continuous chronological train block,Strict Level 1 Segment Atomicity & Sequence Boundary Isolation
547,20170704_1452,Tuesday,60,Brute Force,1,train,lstm,Tuesday_SEG_002,False,False,Continuous chronological train block,Strict Level 1 Segment Atomicity & Sequence Boundary Isolation
548,20170704_1453,Tuesday,61,Brute Force,1,train,lstm,Tuesday_SEG_002,False,False,Continuous chronological train block,Strict Level 1 Segment Atomicity & Sequence Boundary Isolation
549,20170704_1454,Tuesday,62,Brute Force,1,train,lstm,Tuesday_SEG_002,False,False,Continuous chronological train block,Strict Level 1 Segment Atomicity & Sequence Boundary Isolation
550,20170704_1455,Tuesday,63,Brute Force,1,train,lstm,Tuesday_SEG_002,False,False,Continuous chronological train block,Strict Level 1 Segment Atomicity & Sequence Boundary Isolation
551,20170704_1456,Tuesday,64,Brute Force,1,train,lstm,Tuesday_SEG_002,False,False,Continuous chronological train block,Strict Level 1 Segment Atomicity & Sequence Boundary Isolation
552,20170704_1457,Tuesday,65,Brute Force,1,train,lstm,Tuesday_SEG_002,False,False,Continuous chronological train block,Strict Level 1 Segment Atomicity & Sequence Boundary Isolation
553,20170704_1458,Tuesday,66,Brute Force,1,train,lstm,Tuesday_SEG_002,False,False,Continuous chronological train block,Strict Level 1 Segment Atomicity & Sequence Boundary Isolation
554,20170704_1459,Tuesday,67,Brute Force,1,train,lstm,Tuesday_SEG_002,False,False,Continuous chronological train block,Strict Level 1 Segment Atomicity & Sequence Boundary Isolation
555,20170704_1500,Tuesday,68,Brute Force,1,train,lstm,Tuesday_SEG_002,False,False,Continuous chronological train block,Strict Level 1 Segment Atomicity & Sequence Boundary Isolation
556,20170704_1501,Tuesday,69,Brute Force,1,train,lstm,Tuesday_SEG_002,False,False,Continuous chronological train block,Strict Level 1 Segment Atomicity & Sequence Boundary Isolation
557,20170704_1502,Tuesday,70,Brute Force,1,train,lstm,Tuesday_SEG_002,False,False,Continuous chronological train block,Strict Level 1 Segment Atomicity & Sequence Boundary Isolation
558,20170704_1503,Tuesday,71,Brute Force,1,train,lstm,Tuesday_SEG_002,False,False,Continuous chronological train block,Strict Level 1 Segment Atomicity & Sequence Boundary Isolation
559,20170704_1504,Tuesday,72,Brute Force,1,train,lstm,Tuesday_SEG_002,False,False,Continuous chronological train block,Strict Level 1 Segment Atomicity & Sequence Boundary Isolation
560,20170704_1505,Tuesday,73,Brute Force,1,train,lstm,Tuesday_SEG_002,False,False,Continuous chronological train block,Strict Level 1 Segment Atomicity & Sequence Boundary Isolation
561,20170704_1506,Tuesday,74,Brute Force,1,train,lstm,Tuesday_SEG_002,False,False,Continuous chronological train block,Strict Level 1 Segment Atomicity & Sequence Boundary Isolation
562,20170704_1507,Tuesday,75,Brute Force,1,train,lstm,Tuesday_SEG_002,False,False,Continuous chronological train block,Strict Level 1 Segment Atomicity & Sequence Boundary Isolation
563,20170704_1508,Tuesday,76,Brute Force,1,train,lstm,Tuesday_SEG_002,False,False,Continuous chronological train block,Strict Level 1 Segment Atomicity & Sequence Boundary Isolation
564,20170704_1509,Tuesday,77,Brute Force,1,train,lstm,Tuesday_SEG_002,False,False,Continuous chronological train block,Strict Level 1 Segment Atomicity & Sequence Boundary Isolation
565,20170704_1510,Tuesday,78,Brute Force,1,train,lstm,Tuesday_SEG_002,False,False,Continuous chronological train block,Strict Level 1 Segment Atomicity & Sequence Boundary Isolation
566,20170704_1511,Tuesday,79,Brute Force,1,train,lstm,Tuesday_SEG_002,False,False,Continuous chronological train block,Strict Level 1 Segment Atomicity & Sequence Boundary Isolation
567,20170704_1512,Tuesday,80,Brute Force,1,train,lstm,Tuesday_SEG_002,False,False,Continuous chronological train block,Strict Level 1 Segment Atomicity & Sequence Boundary Isolation
568,20170704_1513,Tuesday,81,Brute Force,1,train,lstm,Tuesday_SEG_002,False,False,Continuous chronological train block,Strict Level 1 Segment Atomicity & Sequence Boundary Isolation
569,20170704_1514,Tuesday,82,Brute Force,1,train,lstm,Tuesday_SEG_002,False,False,Continuous chronological train block,Strict Level 1 Segment Atomicity & Sequence Boundary Isolation
570,20170704_1515,Tuesday,83,Brute Force,1,train,lstm,Tuesday_SEG_002,False,False,Continuous chronological train block,Strict Level 1 Segment Atomicity & Sequence Boundary Isolation
571,20170704_1516,Tuesday,84,Brute Force,1,train,lstm,Tuesday_SEG_002,False,False,Continuous chronological train block,Strict Level 1 Segment Atomicity & Sequence Boundary Isolation
572,20170704_1517,Tuesday,85,Brute Force,1,train,lstm,Tuesday_SEG_002,False,False,Continuous chronological train block,Strict Level 1 Segment Atomicity & Sequence Boundary Isolation
573,20170704_1518,Tuesday,86,Brute Force,1,train,lstm,Tuesday_SEG_002,False,False,Continuous chronological train block,Strict Level 1 Segment Atomicity & Sequence Boundary Isolation
574,20170704_1519,Tuesday,87,Brute Force,1,train,lstm,Tuesday_SEG_002,False,False,Continuous chronological train block,Strict Level 1 Segment Atomicity & Sequence Boundary Isolation
575,20170704_1520,Tuesday,88,Brute Force,1,train,lstm,Tuesday_SEG_002,False,False,Continuous chronological train block,Strict Level 1 Segment Atomicity & Sequence Boundary Isolation
576,20170704_1521,Tuesday,89,BENIGN,0,train,lstm,Tuesday_GAP_003,False,False,Continuous chronological train block,Strict Level 1 Segment Atomicity & Sequence Boundary Isolation
577,20170704_1522,Tuesday,90,BENIGN,0,train,lstm,Tuesday_GAP_003,False,False,Continuous chronological train block,Strict Level 1 Segment Atomicity & Sequence Boundary Isolation
578,20170704_1523,Tuesday,91,BENIGN,0,train,lstm,Tuesday_GAP_003,False,False,Continuous chronological train block,Strict Level 1 Segment Atomicity & Sequence Boundary Isolation
579,20170704_1524,Tuesday,92,BENIGN,0,train,lstm,Tuesday_GAP_003,False,False,Continuous chronological train block,Strict Level 1 Segment Atomicity & Sequence Boundary Isolation
580,20170704_1525,Tuesday,93,BENIGN,0,train,lstm,Tuesday_GAP_003,False,False,Continuous chronological train block,Strict Level 1 Segment Atomicity & Sequence Boundary Isolation
581,20170704_1526,Tuesday,94,BENIGN,0,train,lstm,Tuesday_GAP_003,False,False,Continuous chronological train block,Strict Level 1 Segment Atomicity & Sequence Boundary Isolation
582,20170704_1527,Tuesday,95,BENIGN,0,train,lstm,Tuesday_GAP_003,False,False,Continuous chronological train block,Strict Level 1 Segment Atomicity & Sequence Boundary Isolation
583,20170704_1528,Tuesday,96,BENIGN,0,train,lstm,Tuesday_GAP_003,False,False,Continuous chronological train block,Strict Level 1 Segment Atomicity & Sequence Boundary Isolation
584,20170704_1529,Tuesday,97,BENIGN,0,train,lstm,Tuesday_GAP_003,False,False,Continuous chronological train block,Strict Level 1 Segment Atomicity & Sequence Boundary Isolation
585,20170704_1530,Tuesday,98,BENIGN,0,train,lstm,Tuesday_GAP_003,False,False,Continuous chronological train block,Strict Level 1 Segment Atomicity & Sequence Boundary Isolation
586,20170704_1531,Tuesday,99,BENIGN,0,train,lstm,Tuesday_GAP_003,False,False,Continuous chronological train block,Strict Level 1 Segment Atomicity & Sequence Boundary Isolation
587,20170704_1532,Tuesday,100,BENIGN,0,train,lstm,Tuesday_GAP_003,False,False,Continuous chronological train block,Strict Level 1 Segment Atomicity & Sequence Boundary Isolation
588,20170704_1533,Tuesday,101,BENIGN,0,train,lstm,Tuesday_GAP_003,False,False,Continuous chronological train block,Strict Level 1 Segment Atomicity & Sequence Boundary Isolation
589,20170704_1534,Tuesday,102,BENIGN,0,train,lstm,Tuesday_GAP_003,False,False,Continuous chronological train block,Strict Level 1 Segment Atomicity & Sequence Boundary Isolation
590,20170704_1535,Tuesday,103,BENIGN,0,train,lstm,Tuesday_GAP_003,False,False,Continuous chronological train block,Strict Level 1 Segment Atomicity & Sequence Boundary Isolation
591,20170704_1536,Tuesday,104,BENIGN,0,train,lstm,Tuesday_GAP_003,False,False,Continuous chronological train block,Strict Level 1 Segment Atomicity & Sequence Boundary Isolation
592,20170704_1537,Tuesday,105,BENIGN,0,train,lstm,Tuesday_GAP_003,False,False,Continuous chronological train block,Strict Level 1 Segment Atomicity & Sequence Boundary Isolation
593,20170704_1538,Tuesday,106,BENIGN,0,train,lstm,Tuesday_GAP_003,False,False,Continuous chronological train block,Strict Level 1 Segment Atomicity & Sequence Boundary Isolation
594,20170704_1539,Tuesday,107,BENIGN,0,train,lstm,Tuesday_GAP_003,False,False,Continuous chronological train block,Strict Level 1 Segment Atomicity & Sequence Boundary Isolation
595,20170704_1540,Tuesday,108,BENIGN,0,train,lstm,Tuesday_GAP_003,False,False,Continuous chronological train block,Strict Level 1 Segment Atomicity & Sequence Boundary Isolation
596,20170704_1541,Tuesday,109,BENIGN,0,train,lstm,Tuesday_GAP_003,False,False,Continuous chronological train block,Strict Level 1 Segment Atomicity & Sequence Boundary Isolation
597,20170704_1542,Tuesday,110,BENIGN,0,train,lstm,Tuesday_GAP_003,False,False,Continuous chronological train block,Strict Level 1 Segment Atomicity & Sequence Boundary Isolation
598,20170704_1543,Tuesday,111,BENIGN,0,train,lstm,Tuesday_GAP_003,False,False,Continuous chronological train block,Strict Level 1 Segment Atomicity & Sequence Boundary Isolation
599,20170704_1544,Tuesday,112,BENIGN,0,train,lstm,Tuesday_GAP_003,False,False,Continuous chronological train block,Strict Level 1 Segment Atomicity & Sequence Boundary Isolation
600,20170704_1545,Tuesday,113,BENIGN,0,train,lstm,Tuesday_GAP_003,False,False,Continuous chronological train block,Strict Level 1 Segment Atomicity & Sequence Boundary Isolation
601,20170704_1546,Tuesday,114,BENIGN,0,train,lstm,Tuesday_GAP_003,False,False,Continuous chronological train block,Strict Level 1 Segment Atomicity & Sequence Boundary Isolation
602,20170704_1547,Tuesday,115,BENIGN,0,train,lstm,Tuesday_GAP_003,False,False,Continuous chronological train block,Strict Level 1 Segment Atomicity & Sequence Boundary Isolation
603,20170704_1548,Tuesday,116,BENIGN,0,train,lstm,Tuesday_GAP_003,False,False,Continuous chronological train block,Strict Level 1 Segment Atomicity & Sequence Boundary Isolation
604,20170704_1549,Tuesday,117,BENIGN,0,train,lstm,Tuesday_GAP_003,False,False,Continuous chronological train block,Strict Level 1 Segment Atomicity & Sequence Boundary Isolation
605,20170704_1550,Tuesday,118,BENIGN,0,train,lstm,Tuesday_GAP_003,False,False,Continuous chronological train block,Strict Level 1 Segment Atomicity & Sequence Boundary Isolation
606,20170704_1551,Tuesday,119,BENIGN,0,train,lstm,Tuesday_GAP_003,False,False,Continuous chronological train block,Strict Level 1 Segment Atomicity & Sequence Boundary Isolation
607,20170704_1552,Tuesday,120,BENIGN,0,train,lstm,Tuesday_GAP_003,False,False,Continuous chronological train block,Strict Level 1 Segment Atomicity & Sequence Boundary Isolation
608,20170704_1553,Tuesday,121,BENIGN,0,train,lstm,Tuesday_GAP_003,False,False,Continuous chronological train block,Strict Level 1 Segment Atomicity & Sequence Boundary Isolation
609,20170704_1554,Tuesday,122,BENIGN,0,train,lstm,Tuesday_GAP_003,False,False,Continuous chronological train block,Strict Level 1 Segment Atomicity & Sequence Boundary Isolation
610,20170704_1555,Tuesday,123,BENIGN,0,train,lstm,Tuesday_GAP_003,False,False,Continuous chronological train block,Strict Level 1 Segment Atomicity & Sequence Boundary Isolation
611,20170704_1556,Tuesday,124,BENIGN,0,train,lstm,Tuesday_GAP_003,False,False,Continuous chronological train block,Strict Level 1 Segment Atomicity & Sequence Boundary Isolation
612,20170704_1557,Tuesday,125,BENIGN,0,train,lstm,Tuesday_GAP_003,False,False,Continuous chronological train block,Strict Level 1 Segment Atomicity & Sequence Boundary Isolation
613,20170704_1558,Tuesday,126,BENIGN,0,train,lstm,Tuesday_GAP_003,False,False,Continuous chronological train block,Strict Level 1 Segment Atomicity & Sequence Boundary Isolation
614,20170704_1559,Tuesday,127,BENIGN,0,train,lstm,Tuesday_GAP_003,False,False,Continuous chronological train block,Strict Level 1 Segment Atomicity & Sequence Boundary Isolation
615,20170704_1600,Tuesday,128,BENIGN,0,train,lstm,Tuesday_GAP_003,False,False,Continuous chronological train block,Strict Level 1 Segment Atomicity & Sequence Boundary Isolation
616,20170704_1601,Tuesday,129,BENIGN,0,train,lstm,Tuesday_GAP_003,False,False,Continuous chronological train block,Strict Level 1 Segment Atomicity & Sequence Boundary Isolation
617,20170704_1602,Tuesday,130,BENIGN,0,train,lstm,Tuesday_GAP_003,False,False,Continuous chronological train block,Strict Level 1 Segment Atomicity & Sequence Boundary Isolation
618,20170704_1603,Tuesday,131,BENIGN,0,train,lstm,Tuesday_GAP_003,False,False,Continuous chronological train block,Strict Level 1 Segment Atomicity & Sequence Boundary Isolation
619,20170704_1604,Tuesday,132,BENIGN,0,train,lstm,Tuesday_GAP_003,False,False,Continuous chronological train block,Strict Level 1 Segment Atomicity & Sequence Boundary Isolation
620,20170704_1605,Tuesday,133,BENIGN,0,train,lstm,Tuesday_GAP_003,False,False,Continuous chronological train block,Strict Level 1 Segment Atomicity & Sequence Boundary Isolation
621,20170704_1606,Tuesday,134,BENIGN,0,train,lstm,Tuesday_GAP_003,False,False,Continuous chronological train block,Strict Level 1 Segment Atomicity & Sequence Boundary Isolation
622,20170704_1607,Tuesday,135,BENIGN,0,train,lstm,Tuesday_GAP_003,False,False,Continuous chronological train block,Strict Level 1 Segment Atomicity & Sequence Boundary Isolation
623,20170704_1608,Tuesday,136,BENIGN,0,train,lstm,Tuesday_GAP_003,False,False,Continuous chronological train block,Strict Level 1 Segment Atomicity & Sequence Boundary Isolation
624,20170704_1609,Tuesday,137,BENIGN,0,train,lstm,Tuesday_GAP_003,False,False,Continuous chronological train block,Strict Level 1 Segment Atomicity & Sequence Boundary Isolation
625,20170704_1610,Tuesday,138,BENIGN,0,train,lstm,Tuesday_GAP_003,False,False,Continuous chronological train block,Strict Level 1 Segment Atomicity & Sequence Boundary Isolation
626,20170704_1611,Tuesday,139,BENIGN,0,train,lstm,Tuesday_GAP_003,False,False,Continuous chronological train block,Strict Level 1 Segment Atomicity & Sequence Boundary Isolation
627,20170704_1612,Tuesday,140,BENIGN,0,train,lstm,Tuesday_GAP_003,False,False,Continuous chronological train block,Strict Level 1 Segment Atomicity & Sequence Boundary Isolation
628,20170704_1613,Tuesday,141,BENIGN,0,train,lstm,Tuesday_GAP_003,False,False,Continuous chronological train block,Strict Level 1 Segment Atomicity & Sequence Boundary Isolation
629,20170704_1614,Tuesday,142,BENIGN,0,train,lstm,Tuesday_GAP_003,False,False,Continuous chronological train block,Strict Level 1 Segment Atomicity & Sequence Boundary Isolation
630,20170704_1615,Tuesday,143,BENIGN,0,train,lstm,Tuesday_GAP_003,False,False,Continuous chronological train block,Strict Level 1 Segment Atomicity & Sequence Boundary Isolation
631,20170704_1616,Tuesday,144,BENIGN,0,train,lstm,Tuesday_GAP_003,False,False,Continuous chronological train block,Strict Level 1 Segment Atomicity & Sequence Boundary Isolation
632,20170704_1617,Tuesday,145,BENIGN,0,train,lstm,Tuesday_GAP_003,False,False,Continuous chronological train block,Strict Level 1 Segment Atomicity & Sequence Boundary Isolation
633,20170704_1618,Tuesday,146,BENIGN,0,train,lstm,Tuesday_GAP_003,False,False,Continuous chronological train block,Strict Level 1 Segment Atomicity & Sequence Boundary Isolation
634,20170704_1619,Tuesday,147,BENIGN,0,train,lstm,Tuesday_GAP_003,False,False,Continuous chronological train block,Strict Level 1 Segment Atomicity & Sequence Boundary Isolation
635,20170704_1620,Tuesday,148,BENIGN,0,train,lstm,Tuesday_GAP_003,False,False,Continuous chronological train block,Strict Level 1 Segment Atomicity & Sequence Boundary Isolation
636,20170704_1621,Tuesday,149,BENIGN,0,train,lstm,Tuesday_GAP_003,False,False,Continuous chronological train block,Strict Level 1 Segment Atomicity & Sequence Boundary Isolation
637,20170704_1622,Tuesday,150,BENIGN,0,train,lstm,Tuesday_GAP_003,False,False,Continuous chronological train block,Strict Level 1 Segment Atomicity & Sequence Boundary Isolation
638,20170704_1623,Tuesday,151,BENIGN,0,train,lstm,Tuesday_GAP_003,False,False,Continuous chronological train block,Strict Level 1 Segment Atomicity & Sequence Boundary Isolation
639,20170704_1624,Tuesday,152,BENIGN,0,train,lstm,Tuesday_GAP_003,False,False,Continuous chronological train block,Strict Level 1 Segment Atomicity & Sequence Boundary Isolation
640,20170704_1625,Tuesday,153,BENIGN,0,train,lstm,Tuesday_GAP_003,False,False,Continuous chronological train block,Strict Level 1 Segment Atomicity & Sequence Boundary Isolation
641,20170704_1626,Tuesday,154,BENIGN,0,train,lstm,Tuesday_GAP_003,False,False,Continuous chronological train block,Strict Level 1 Segment Atomicity & Sequence Boundary Isolation
642,20170704_1627,Tuesday,155,BENIGN,0,train,lstm,Tuesday_GAP_003,False,False,Continuous chronological train block,Strict Level 1 Segment Atomicity & Sequence Boundary Isolation
643,20170704_1628,Tuesday,156,BENIGN,0,train,lstm,Tuesday_GAP_003,False,False,Continuous chronological train block,Strict Level 1 Segment Atomicity & Sequence Boundary Isolation
644,20170704_1629,Tuesday,157,BENIGN,0,train,lstm,Tuesday_GAP_003,False,False,Continuous chronological train block,Strict Level 1 Segment Atomicity & Sequence Boundary Isolation
645,20170704_1630,Tuesday,158,BENIGN,0,train,lstm,Tuesday_GAP_003,False,False,Continuous chronological train block,Strict Level 1 Segment Atomicity & Sequence Boundary Isolation
646,20170704_1631,Tuesday,159,BENIGN,0,train,lstm,Tuesday_GAP_003,False,False,Continuous chronological train block,Strict Level 1 Segment Atomicity & Sequence Boundary Isolation
647,20170704_1632,Tuesday,160,BENIGN,0,train,lstm,Tuesday_GAP_003,False,False,Continuous chronological train block,Strict Level 1 Segment Atomicity & Sequence Boundary Isolation
648,20170704_1633,Tuesday,161,BENIGN,0,train,lstm,Tuesday_GAP_003,False,False,Continuous chronological train block,Strict Level 1 Segment Atomicity & Sequence Boundary Isolation
649,20170704_1634,Tuesday,162,BENIGN,0,train,lstm,Tuesday_GAP_003,False,False,Continuous chronological train block,Strict Level 1 Segment Atomicity & Sequence Boundary Isolation
650,20170704_1635,Tuesday,163,BENIGN,0,train,lstm,Tuesday_GAP_003,False,False,Continuous chronological train block,Strict Level 1 Segment Atomicity & Sequence Boundary Isolation
651,20170704_1636,Tuesday,164,BENIGN,0,train,lstm,Tuesday_GAP_003,False,False,Continuous chronological train block,Strict Level 1 Segment Atomicity & Sequence Boundary Isolation
652,20170704_1637,Tuesday,165,BENIGN,0,train,lstm,Tuesday_GAP_003,False,False,Continuous chronological train block,Strict Level 1 Segment Atomicity & Sequence Boundary Isolation
653,20170704_1638,Tuesday,166,BENIGN,0,train,lstm,Tuesday_GAP_003,False,False,Continuous chronological train block,Strict Level 1 Segment Atomicity & Sequence Boundary Isolation
654,20170704_1639,Tuesday,167,BENIGN,0,train,lstm,Tuesday_GAP_003,False,False,Continuous chronological train block,Strict Level 1 Segment Atomicity & Sequence Boundary Isolation
655,20170704_1640,Tuesday,168,BENIGN,0,train,lstm,Tuesday_GAP_003,False,False,Continuous chronological train block,Strict Level 1 Segment Atomicity & Sequence Boundary Isolation
656,20170704_1641,Tuesday,169,BENIGN,0,train,lstm,Tuesday_GAP_003,False,False,Continuous chronological train block,Strict Level 1 Segment Atomicity & Sequence Boundary Isolation
657,20170704_1642,Tuesday,170,BENIGN,0,train,lstm,Tuesday_GAP_003,False,False,Continuous chronological train block,Strict Level 1 Segment Atomicity & Sequence Boundary Isolation
658,20170704_1643,Tuesday,171,BENIGN,0,train,lstm,Tuesday_GAP_003,False,False,Continuous chronological train block,Strict Level 1 Segment Atomicity & Sequence Boundary Isolation
659,20170704_1644,Tuesday,172,BENIGN,0,train,lstm,Tuesday_GAP_003,False,False,Continuous chronological train block,Strict Level 1 Segment Atomicity & Sequence Boundary Isolation
660,20170704_1645,Tuesday,173,BENIGN,0,train,lstm,Tuesday_GAP_003,False,False,Continuous chronological train block,Strict Level 1 Segment Atomicity & Sequence Boundary Isolation
661,20170704_1646,Tuesday,174,BENIGN,0,train,lstm,Tuesday_GAP_003,False,False,Continuous chronological train block,Strict Level 1 Segment Atomicity & Sequence Boundary Isolation
662,20170704_1647,Tuesday,175,BENIGN,0,train,lstm,Tuesday_GAP_003,False,False,Continuous chronological train block,Strict Level 1 Segment Atomicity & Sequence Boundary Isolation
663,20170704_1648,Tuesday,176,BENIGN,0,train,lstm,Tuesday_GAP_003,False,False,Continuous chronological train block,Strict Level 1 Segment Atomicity & Sequence Boundary Isolation
664,20170704_1649,Tuesday,177,BENIGN,0,train,lstm,Tuesday_GAP_003,False,False,Continuous chronological train block,Strict Level 1 Segment Atomicity & Sequence Boundary Isolation
665,20170704_1650,Tuesday,178,BENIGN,0,train,lstm,Tuesday_GAP_003,False,False,Continuous chronological train block,Strict Level 1 Segment Atomicity & Sequence Boundary Isolation
666,20170704_1651,Tuesday,179,BENIGN,0,train,lstm,Tuesday_GAP_003,False,False,Continuous chronological train block,Strict Level 1 Segment Atomicity & Sequence Boundary Isolation
667,20170704_1652,Tuesday,180,BENIGN,0,train,lstm,Tuesday_GAP_003,False,False,Continuous chronological train block,Strict Level 1 Segment Atomicity & Sequence Boundary Isolation
668,20170704_1653,Tuesday,181,BENIGN,0,train,lstm,Tuesday_GAP_003,False,False,Continuous chronological train block,Strict Level 1 Segment Atomicity & Sequence Boundary Isolation
669,20170704_1654,Tuesday,182,BENIGN,0,train,lstm,Tuesday_GAP_003,False,False,Continuous chronological train block,Strict Level 1 Segment Atomicity & Sequence Boundary Isolation
670,20170704_1655,Tuesday,183,BENIGN,0,train,lstm,Tuesday_GAP_003,False,False,Continuous chronological train block,Strict Level 1 Segment Atomicity & Sequence Boundary Isolation
671,20170704_1656,Tuesday,184,BENIGN,0,train,lstm,Tuesday_GAP_003,False,False,Continuous chronological train block,Strict Level 1 Segment Atomicity & Sequence Boundary Isolation
672,20170704_1657,Tuesday,185,BENIGN,0,train,lstm,Tuesday_GAP_003,False,False,Continuous chronological train block,Strict Level 1 Segment Atomicity & Sequence Boundary Isolation
673,20170704_1658,Tuesday,186,BENIGN,0,train,lstm,Tuesday_GAP_003,False,False,Continuous chronological train block,Strict Level 1 Segment Atomicity & Sequence Boundary Isolation
674,20170704_1659,Tuesday,187,BENIGN,0,train,lstm,Tuesday_GAP_003,False,False,Continuous chronological train block,Strict Level 1 Segment Atomicity & Sequence Boundary Isolation
675,20170704_1700,Tuesday,188,BENIGN,0,train,lstm,Tuesday_GAP_003,False,False,Continuous chronological train block,Strict Level 1 Segment Atomicity & Sequence Boundary Isolation
676,20170704_1701,Tuesday,189,BENIGN,0,train,lstm,Tuesday_GAP_003,False,False,Continuous chronological train block,Strict Level 1 Segment Atomicity & Sequence Boundary Isolation
677,20170704_1702,Tuesday,190,BENIGN,0,train,lstm,Tuesday_GAP_003,False,False,Continuous chronological train block,Strict Level 1 Segment Atomicity & Sequence Boundary Isolation
678,20170704_1703,Tuesday,191,BENIGN,0,train,lstm,Tuesday_GAP_003,False,False,Continuous chronological train block,Strict Level 1 Segment Atomicity & Sequence Boundary Isolation
679,20170704_1704,Tuesday,192,BENIGN,0,train,lstm,Tuesday_GAP_003,False,False,Continuous chronological train block,Strict Level 1 Segment Atomicity & Sequence Boundary Isolation
680,20170704_1705,Tuesday,193,BENIGN,0,train,lstm,Tuesday_GAP_003,False,False,Continuous chronological train block,Strict Level 1 Segment Atomicity & Sequence Boundary Isolation
681,20170704_1706,Tuesday,194,BENIGN,0,train,lstm,Tuesday_GAP_003,False,False,Continuous chronological train block,Strict Level 1 Segment Atomicity & Sequence Boundary Isolation
682,20170704_1707,Tuesday,195,BENIGN,0,train,lstm,Tuesday_GAP_003,False,False,Continuous chronological train block,Strict Level 1 Segment Atomicity & Sequence Boundary Isolation
683,20170704_1708,Tuesday,196,BENIGN,0,train,lstm,Tuesday_GAP_003,False,False,Continuous chronological train block,Strict Level 1 Segment Atomicity & Sequence Boundary Isolation
684,20170704_1709,Tuesday,197,BENIGN,0,train,lstm,Tuesday_GAP_003,False,False,Continuous chronological train block,Strict Level 1 Segment Atomicity & Sequence Boundary Isolation
685,20170704_1710,Tuesday,198,BENIGN,0,train,lstm,Tuesday_GAP_003,False,False,Continuous chronological train block,Strict Level 1 Segment Atomicity & Sequence Boundary Isolation
686,20170704_1711,Tuesday,199,BENIGN,0,train,lstm,Tuesday_GAP_003,False,False,Continuous chronological train block,Strict Level 1 Segment Atomicity & Sequence Boundary Isolation
687,20170704_1712,Tuesday,200,BENIGN,0,train,lstm,Tuesday_GAP_003,False,False,Continuous chronological train block,Strict Level 1 Segment Atomicity & Sequence Boundary Isolation
688,20170704_1713,Tuesday,201,BENIGN,0,train,lstm,Tuesday_GAP_003,False,False,Continuous chronological train block,Strict Level 1 Segment Atomicity & Sequence Boundary Isolation
689,20170704_1714,Tuesday,202,BENIGN,0,train,lstm,Tuesday_GAP_003,False,False,Continuous chronological train block,Strict Level 1 Segment Atomicity & Sequence Boundary Isolation
690,20170704_1715,Tuesday,203,BENIGN,0,train,lstm,Tuesday_GAP_003,False,False,Continuous chronological train block,Strict Level 1 Segment Atomicity & Sequence Boundary Isolation
691,20170704_1716,Tuesday,204,BENIGN,0,train,lstm,Tuesday_GAP_003,False,False,Continuous chronological train block,Strict Level 1 Segment Atomicity & Sequence Boundary Isolation
692,20170704_1717,Tuesday,205,BENIGN,0,train,lstm,Tuesday_GAP_003,False,False,Continuous chronological train block,Strict Level 1 Segment Atomicity & Sequence Boundary Isolation
693,20170704_1718,Tuesday,206,BENIGN,0,train,lstm,Tuesday_GAP_003,False,False,Continuous chronological train block,Strict Level 1 Segment Atomicity & Sequence Boundary Isolation
694,20170704_1719,Tuesday,207,BENIGN,0,train,lstm,Tuesday_GAP_003,False,False,Continuous chronological train block,Strict Level 1 Segment Atomicity & Sequence Boundary Isolation
695,20170704_1720,Tuesday,208,BENIGN,0,train,lstm,Tuesday_GAP_003,False,False,Continuous chronological train block,Strict Level 1 Segment Atomicity & Sequence Boundary Isolation
696,20170704_1721,Tuesday,209,BENIGN,0,train,lstm,Tuesday_GAP_003,False,False,Continuous chronological train block,Strict Level 1 Segment Atomicity & Sequence Boundary Isolation
697,20170704_1722,Tuesday,210,BENIGN,0,train,lstm,Tuesday_GAP_003,False,False,Continuous chronological train block,Strict Level 1 Segment Atomicity & Sequence Boundary Isolation
698,20170704_1723,Tuesday,211,BENIGN,0,train,lstm,Tuesday_GAP_003,False,False,Continuous chronological train block,Strict Level 1 Segment Atomicity & Sequence Boundary Isolation
699,20170704_1724,Tuesday,212,BENIGN,0,train,lstm,Tuesday_GAP_003,False,False,Continuous chronological train block,Strict Level 1 Segment Atomicity & Sequence Boundary Isolation
700,20170704_1725,Tuesday,213,BENIGN,0,train,lstm,Tuesday_GAP_003,False,False,Continuous chronological train block,Strict Level 1 Segment Atomicity & Sequence Boundary Isolation
701,20170704_1726,Tuesday,214,BENIGN,0,train,lstm,Tuesday_GAP_003,False,False,Continuous chronological train block,Strict Level 1 Segment Atomicity & Sequence Boundary Isolation
702,20170704_1727,Tuesday,215,BENIGN,0,train,lstm,Tuesday_GAP_003,False,False,Continuous chronological train block,Strict Level 1 Segment Atomicity & Sequence Boundary Isolation
703,20170704_1728,Tuesday,216,BENIGN,0,train,lstm,Tuesday_GAP_003,False,False,Continuous chronological train block,Strict Level 1 Segment Atomicity & Sequence Boundary Isolation
704,20170704_1729,Tuesday,217,BENIGN,0,train,lstm,Tuesday_GAP_003,False,False,Continuous chronological train block,Strict Level 1 Segment Atomicity & Sequence Boundary Isolation
705,20170704_1730,Tuesday,218,BENIGN,0,train,lstm,Tuesday_GAP_003,False,False,Continuous chronological train block,Strict Level 1 Segment Atomicity & Sequence Boundary Isolation
706,20170704_1731,Tuesday,219,BENIGN,0,train,lstm,Tuesday_GAP_003,False,False,Continuous chronological train block,Strict Level 1 Segment Atomicity & Sequence Boundary Isolation
707,20170704_1732,Tuesday,220,BENIGN,0,train,lstm,Tuesday_GAP_003,False,False,Continuous chronological train block,Strict Level 1 Segment Atomicity & Sequence Boundary Isolation
708,20170704_1733,Tuesday,221,BENIGN,0,train,lstm,Tuesday_GAP_003,False,False,Continuous chronological train block,Strict Level 1 Segment Atomicity & Sequence Boundary Isolation
709,20170704_1734,Tuesday,222,BENIGN,0,train,lstm,Tuesday_GAP_003,False,False,Continuous chronological train block,Strict Level 1 Segment Atomicity & Sequence Boundary Isolation
710,20170704_1735,Tuesday,223,BENIGN,0,train,lstm,Tuesday_GAP_003,False,False,Continuous chronological train block,Strict Level 1 Segment Atomicity & Sequence Boundary Isolation
711,20170704_1736,Tuesday,224,BENIGN,0,train,lstm,Tuesday_GAP_003,False,False,Continuous chronological train block,Strict Level 1 Segment Atomicity & Sequence Boundary Isolation
712,20170704_1737,Tuesday,225,BENIGN,0,train,lstm,Tuesday_GAP_003,False,False,Continuous chronological train block,Strict Level 1 Segment Atomicity & Sequence Boundary Isolation
713,20170704_1738,Tuesday,226,BENIGN,0,train,lstm,Tuesday_GAP_003,False,False,Continuous chronological train block,Strict Level 1 Segment Atomicity & Sequence Boundary Isolation
714,20170704_1739,Tuesday,227,BENIGN,0,train,lstm,Tuesday_GAP_003,False,False,Continuous chronological train block,Strict Level 1 Segment Atomicity & Sequence Boundary Isolation
715,20170704_1740,Tuesday,228,BENIGN,0,train,lstm,Tuesday_GAP_003,False,False,Continuous chronological train block,Strict Level 1 Segment Atomicity & Sequence Boundary Isolation
716,20170704_1741,Tuesday,229,BENIGN,0,train,lstm,Tuesday_GAP_003,False,False,Continuous chronological train block,Strict Level 1 Segment Atomicity & Sequence Boundary Isolation
717,20170704_1742,Tuesday,230,BENIGN,0,train,lstm,Tuesday_GAP_003,False,False,Continuous chronological train block,Strict Level 1 Segment Atomicity & Sequence Boundary Isolation
718,20170704_1743,Tuesday,231,BENIGN,0,train,lstm,Tuesday_GAP_003,False,False,Continuous chronological train block,Strict Level 1 Segment Atomicity & Sequence Boundary Isolation
719,20170704_1744,Tuesday,232,BENIGN,0,train,lstm,Tuesday_GAP_003,False,False,Continuous chronological train block,Strict Level 1 Segment Atomicity & Sequence Boundary Isolation
720,20170704_1745,Tuesday,233,BENIGN,0,train,lstm,Tuesday_GAP_003,False,False,Continuous chronological train block,Strict Level 1 Segment Atomicity & Sequence Boundary Isolation
721,20170704_1746,Tuesday,234,BENIGN,0,train,lstm,Tuesday_GAP_003,False,False,Continuous chronological train block,Strict Level 1 Segment Atomicity & Sequence Boundary Isolation
722,20170704_1747,Tuesday,235,BENIGN,0,train,lstm,Tuesday_GAP_003,False,False,Continuous chronological train block,Strict Level 1 Segment Atomicity & Sequence Boundary Isolation
723,20170704_1748,Tuesday,236,BENIGN,0,train,lstm,Tuesday_GAP_003,False,False,Continuous chronological train block,Strict Level 1 Segment Atomicity & Sequence Boundary Isolation
724,20170704_1749,Tuesday,237,BENIGN,0,train,lstm,Tuesday_GAP_003,False,False,Continuous chronological train block,Strict Level 1 Segment Atomicity & Sequence Boundary Isolation
725,20170704_1750,Tuesday,238,BENIGN,0,train,lstm,Tuesday_GAP_003,False,False,Continuous chronological train block,Strict Level 1 Segment Atomicity & Sequence Boundary Isolation
726,20170704_1751,Tuesday,239,BENIGN,0,train,lstm,Tuesday_GAP_003,False,False,Continuous chronological train block,Strict Level 1 Segment Atomicity & Sequence Boundary Isolation
727,20170704_1752,Tuesday,240,BENIGN,0,train,lstm,Tuesday_GAP_003,False,False,Continuous chronological train block,Strict Level 1 Segment Atomicity & Sequence Boundary Isolation
728,20170704_1753,Tuesday,241,BENIGN,0,train,lstm,Tuesday_GAP_003,False,False,Continuous chronological train block,Strict Level 1 Segment Atomicity & Sequence Boundary Isolation
729,20170704_1754,Tuesday,242,BENIGN,0,train,lstm,Tuesday_GAP_003,False,False,Continuous chronological train block,Strict Level 1 Segment Atomicity & Sequence Boundary Isolation
730,20170704_1755,Tuesday,243,BENIGN,0,train,lstm,Tuesday_GAP_003,False,False,Continuous chronological train block,Strict Level 1 Segment Atomicity & Sequence Boundary Isolation
731,20170704_1756,Tuesday,244,BENIGN,0,train,lstm,Tuesday_GAP_003,False,False,Continuous chronological train block,Strict Level 1 Segment Atomicity & Sequence Boundary Isolation
732,20170704_1757,Tuesday,245,BENIGN,0,train,lstm,Tuesday_GAP_003,False,False,Continuous chronological train block,Strict Level 1 Segment Atomicity & Sequence Boundary Isolation
733,20170704_1758,Tuesday,246,BENIGN,0,train,lstm,Tuesday_GAP_003,False,False,Continuous chronological train block,Strict Level 1 Segment Atomicity & Sequence Boundary Isolation
734,20170704_1759,Tuesday,247,BENIGN,0,train,lstm,Tuesday_GAP_003,False,False,Continuous chronological train block,Strict Level 1 Segment Atomicity & Sequence Boundary Isolation
735,20170704_1800,Tuesday,248,BENIGN,0,train,lstm,Tuesday_GAP_003,False,False,Continuous chronological train block,Strict Level 1 Segment Atomicity & Sequence Boundary Isolation
736,20170704_1801,Tuesday,249,BENIGN,0,train,lstm,Tuesday_GAP_003,False,False,Continuous chronological train block,Strict Level 1 Segment Atomicity & Sequence Boundary Isolation
737,20170704_1802,Tuesday,250,BENIGN,0,train,lstm,Tuesday_GAP_003,False,False,Continuous chronological train block,Strict Level 1 Segment Atomicity & Sequence Boundary Isolation
738,20170704_1803,Tuesday,251,BENIGN,0,train,lstm,Tuesday_GAP_003,False,False,Continuous chronological train block,Strict Level 1 Segment Atomicity & Sequence Boundary Isolation
739,20170704_1804,Tuesday,252,BENIGN,0,train,lstm,Tuesday_GAP_003,False,False,Continuous chronological train block,Strict Level 1 Segment Atomicity & Sequence Boundary Isolation
740,20170704_1805,Tuesday,253,BENIGN,0,train,lstm,Tuesday_GAP_003,False,False,Continuous chronological train block,Strict Level 1 Segment Atomicity & Sequence Boundary Isolation
741,20170704_1806,Tuesday,254,BENIGN,0,train,lstm,Tuesday_GAP_003,False,False,Continuous chronological train block,Strict Level 1 Segment Atomicity & Sequence Boundary Isolation
742,20170704_1807,Tuesday,255,BENIGN,0,train,lstm,Tuesday_GAP_003,False,False,Continuous chronological train block,Strict Level 1 Segment Atomicity & Sequence Boundary Isolation
743,20170704_1808,Tuesday,256,BENIGN,0,train,lstm,Tuesday_GAP_003,False,False,Continuous chronological train block,Strict Level 1 Segment Atomicity & Sequence Boundary Isolation
744,20170704_1809,Tuesday,257,BENIGN,0,train,lstm,Tuesday_GAP_003,False,False,Continuous chronological train block,Strict Level 1 Segment Atomicity & Sequence Boundary Isolation
745,20170704_1810,Tuesday,258,BENIGN,0,train,lstm,Tuesday_GAP_003,False,False,Continuous chronological train block,Strict Level 1 Segment Atomicity & Sequence Boundary Isolation
746,20170704_1811,Tuesday,259,BENIGN,0,train,lstm,Tuesday_GAP_003,False,False,Continuous chronological train block,Strict Level 1 Segment Atomicity & Sequence Boundary Isolation
747,20170704_1812,Tuesday,260,BENIGN,0,train,lstm,Tuesday_GAP_003,False,False,Continuous chronological train block,Strict Level 1 Segment Atomicity & Sequence Boundary Isolation
748,20170704_1813,Tuesday,261,BENIGN,0,train,lstm,Tuesday_GAP_003,False,False,Continuous chronological train block,Strict Level 1 Segment Atomicity & Sequence Boundary Isolation
749,20170704_1814,Tuesday,262,BENIGN,0,train,lstm,Tuesday_GAP_003,False,False,Continuous chronological train block,Strict Level 1 Segment Atomicity & Sequence Boundary Isolation
750,20170704_1815,Tuesday,263,BENIGN,0,train,lstm,Tuesday_GAP_003,False,False,Continuous chronological train block,Strict Level 1 Segment Atomicity & Sequence Boundary Isolation
751,20170704_1816,Tuesday,264,BENIGN,0,train,lstm,Tuesday_GAP_003,False,False,Continuous chronological train block,Strict Level 1 Segment Atomicity & Sequence Boundary Isolation
752,20170704_1817,Tuesday,265,BENIGN,0,train,lstm,Tuesday_GAP_003,False,False,Continuous chronological train block,Strict Level 1 Segment Atomicity & Sequence Boundary Isolation
753,20170704_1818,Tuesday,266,BENIGN,0,train,lstm,Tuesday_GAP_003,False,False,Continuous chronological train block,Strict Level 1 Segment Atomicity & Sequence Boundary Isolation
754,20170704_1819,Tuesday,267,BENIGN,0,train,lstm,Tuesday_GAP_003,False,False,Continuous chronological train block,Strict Level 1 Segment Atomicity & Sequence Boundary Isolation
755,20170704_1820,Tuesday,268,BENIGN,0,train,lstm,Tuesday_GAP_003,False,False,Continuous chronological train block,Strict Level 1 Segment Atomicity & Sequence Boundary Isolation
756,20170704_1821,Tuesday,269,BENIGN,0,train,lstm,Tuesday_GAP_003,False,False,Continuous chronological train block,Strict Level 1 Segment Atomicity & Sequence Boundary Isolation
757,20170704_1822,Tuesday,270,BENIGN,0,train,lstm,Tuesday_GAP_003,False,False,Continuous chronological train block,Strict Level 1 Segment Atomicity & Sequence Boundary Isolation
758,20170704_1823,Tuesday,271,BENIGN,0,train,lstm,Tuesday_GAP_003,False,False,Continuous chronological train block,Strict Level 1 Segment Atomicity & Sequence Boundary Isolation
759,20170704_1824,Tuesday,272,BENIGN,0,train,lstm,Tuesday_GAP_003,False,False,Continuous chronological train block,Strict Level 1 Segment Atomicity & Sequence Boundary Isolation
760,20170704_1825,Tuesday,273,BENIGN,0,train,lstm,Tuesday_GAP_003,False,False,Continuous chronological train block,Strict Level 1 Segment Atomicity & Sequence Boundary Isolation
761,20170704_1826,Tuesday,274,BENIGN,0,train,lstm,Tuesday_GAP_003,False,False,Continuous chronological train block,Strict Level 1 Segment Atomicity & Sequence Boundary Isolation
762,20170704_1827,Tuesday,275,BENIGN,0,train,lstm,Tuesday_GAP_003,False,False,Continuous chronological train block,Strict Level 1 Segment Atomicity & Sequence Boundary Isolation
763,20170704_1828,Tuesday,276,BENIGN,0,train,lstm,Tuesday_GAP_003,False,False,Continuous chronological train block,Strict Level 1 Segment Atomicity & Sequence Boundary Isolation
764,20170704_1829,Tuesday,277,BENIGN,0,train,lstm,Tuesday_GAP_003,False,False,Continuous chronological train block,Strict Level 1 Segment Atomicity & Sequence Boundary Isolation
765,20170704_1830,Tuesday,278,BENIGN,0,train,lstm,Tuesday_GAP_003,False,False,Continuous chronological train block,Strict Level 1 Segment Atomicity & Sequence Boundary Isolation
766,20170704_1831,Tuesday,279,BENIGN,0,train,lstm,Tuesday_GAP_003,False,False,Continuous chronological train block,Strict Level 1 Segment Atomicity & Sequence Boundary Isolation
767,20170704_1832,Tuesday,280,BENIGN,0,train,lstm,Tuesday_GAP_003,False,False,Continuous chronological train block,Strict Level 1 Segment Atomicity & Sequence Boundary Isolation
768,20170704_1833,Tuesday,281,BENIGN,0,train,lstm,Tuesday_GAP_003,False,False,Continuous chronological train block,Strict Level 1 Segment Atomicity & Sequence Boundary Isolation
769,20170704_1834,Tuesday,282,BENIGN,0,train,lstm,Tuesday_GAP_003,False,False,Continuous chronological train block,Strict Level 1 Segment Atomicity & Sequence Boundary Isolation
770,20170704_1835,Tuesday,283,BENIGN,0,train,lstm,Tuesday_GAP_003,False,False,Continuous chronological train block,Strict Level 1 Segment Atomicity & Sequence Boundary Isolation
771,20170704_1836,Tuesday,284,BENIGN,0,train,lstm,Tuesday_GAP_003,False,False,Continuous chronological train block,Strict Level 1 Segment Atomicity & Sequence Boundary Isolation
772,20170704_1837,Tuesday,285,BENIGN,0,train,lstm,Tuesday_GAP_003,False,False,Continuous chronological train block,Strict Level 1 Segment Atomicity & Sequence Boundary Isolation
773,20170704_1838,Tuesday,286,BENIGN,0,train,lstm,Tuesday_GAP_003,False,False,Continuous chronological train block,Strict Level 1 Segment Atomicity & Sequence Boundary Isolation
774,20170704_1839,Tuesday,287,BENIGN,0,train,lstm,Tuesday_GAP_003,False,False,Continuous chronological train block,Strict Level 1 Segment Atomicity & Sequence Boundary Isolation
775,20170704_1840,Tuesday,288,BENIGN,0,train,lstm,Tuesday_GAP_003,False,False,Continuous chronological train block,Strict Level 1 Segment Atomicity & Sequence Boundary Isolation
776,20170704_1841,Tuesday,289,BENIGN,0,train,lstm,Tuesday_GAP_003,False,False,Continuous chronological train block,Strict Level 1 Segment Atomicity & Sequence Boundary Isolation
777,20170704_1842,Tuesday,290,BENIGN,0,train,lstm,Tuesday_GAP_003,False,False,Continuous chronological train block,Strict Level 1 Segment Atomicity & Sequence Boundary Isolation
778,20170704_1843,Tuesday,291,BENIGN,0,train,lstm,Tuesday_GAP_003,False,False,Continuous chronological train block,Strict Level 1 Segment Atomicity & Sequence Boundary Isolation
779,20170704_1844,Tuesday,292,BENIGN,0,train,lstm,Tuesday_GAP_003,False,False,Continuous chronological train block,Strict Level 1 Segment Atomicity & Sequence Boundary Isolation
780,20170704_1845,Tuesday,293,BENIGN,0,train,lstm,Tuesday_GAP_003,False,False,Continuous chronological train block,Strict Level 1 Segment Atomicity & Sequence Boundary Isolation
781,20170704_1846,Tuesday,294,BENIGN,0,train,lstm,Tuesday_GAP_003,False,False,Continuous chronological train block,Strict Level 1 Segment Atomicity & Sequence Boundary Isolation
782,20170704_1847,Tuesday,295,BENIGN,0,train,lstm,Tuesday_GAP_003,False,False,Continuous chronological train block,Strict Level 1 Segment Atomicity & Sequence Boundary Isolation
783,20170704_1848,Tuesday,296,BENIGN,0,train,lstm,Tuesday_GAP_003,False,False,Continuous chronological train block,Strict Level 1 Segment Atomicity & Sequence Boundary Isolation
784,20170704_1849,Tuesday,297,BENIGN,0,train,lstm,Tuesday_GAP_003,False,False,Continuous chronological train block,Strict Level 1 Segment Atomicity & Sequence Boundary Isolation
785,20170704_1850,Tuesday,298,BENIGN,0,train,lstm,Tuesday_GAP_003,False,False,Continuous chronological train block,Strict Level 1 Segment Atomicity & Sequence Boundary Isolation
786,20170704_1851,Tuesday,299,BENIGN,0,train,lstm,Tuesday_GAP_003,False,False,Continuous chronological train block,Strict Level 1 Segment Atomicity & Sequence Boundary Isolation
787,20170704_1852,Tuesday,300,BENIGN,0,train,lstm,Tuesday_GAP_003,False,False,Continuous chronological train block,Strict Level 1 Segment Atomicity & Sequence Boundary Isolation
788,20170704_1853,Tuesday,301,BENIGN,0,train,lstm,Tuesday_GAP_003,False,False,Continuous chronological train block,Strict Level 1 Segment Atomicity & Sequence Boundary Isolation
789,20170704_1854,Tuesday,302,BENIGN,0,train,lstm,Tuesday_GAP_003,False,False,Continuous chronological train block,Strict Level 1 Segment Atomicity & Sequence Boundary Isolation
790,20170704_1855,Tuesday,303,BENIGN,0,train,lstm,Tuesday_GAP_003,False,False,Continuous chronological train block,Strict Level 1 Segment Atomicity & Sequence Boundary Isolation
791,20170704_1856,Tuesday,304,BENIGN,0,train,lstm,Tuesday_GAP_003,False,False,Continuous chronological train block,Strict Level 1 Segment Atomicity & Sequence Boundary Isolation
792,20170704_1857,Tuesday,305,BENIGN,0,train,lstm,Tuesday_GAP_003,False,False,Continuous chronological train block,Strict Level 1 Segment Atomicity & Sequence Boundary Isolation
793,20170704_1858,Tuesday,306,BENIGN,0,train,lstm,Tuesday_GAP_003,False,False,Continuous chronological train block,Strict Level 1 Segment Atomicity & Sequence Boundary Isolation
794,20170704_1859,Tuesday,307,BENIGN,0,buffer,lstm,Tuesday_GAP_003,True,False,10-window Train/Val boundary exclusion buffer,Strict Level 1 Segment Atomicity & Sequence Boundary Isolation
795,20170704_1900,Tuesday,308,BENIGN,0,buffer,lstm,Tuesday_GAP_003,True,False,10-window Train/Val boundary exclusion buffer,Strict Level 1 Segment Atomicity & Sequence Boundary Isolation
796,20170704_1901,Tuesday,309,BENIGN,0,buffer,lstm,Tuesday_GAP_003,True,False,10-window Train/Val boundary exclusion buffer,Strict Level 1 Segment Atomicity & Sequence Boundary Isolation
797,20170704_1902,Tuesday,310,BENIGN,0,buffer,lstm,Tuesday_GAP_003,True,False,10-window Train/Val boundary exclusion buffer,Strict Level 1 Segment Atomicity & Sequence Boundary Isolation
798,20170704_1903,Tuesday,311,BENIGN,0,buffer,lstm,Tuesday_GAP_003,True,False,10-window Train/Val boundary exclusion buffer,Strict Level 1 Segment Atomicity & Sequence Boundary Isolation
799,20170704_1904,Tuesday,312,BENIGN,0,buffer,lstm,Tuesday_GAP_003,True,False,10-window Train/Val boundary exclusion buffer,Strict Level 1 Segment Atomicity & Sequence Boundary Isolation
800,20170704_1905,Tuesday,313,BENIGN,0,buffer,lstm,Tuesday_GAP_003,True,False,10-window Train/Val boundary exclusion buffer,Strict Level 1 Segment Atomicity & Sequence Boundary Isolation
801,20170704_1906,Tuesday,314,BENIGN,0,buffer,lstm,Tuesday_GAP_003,True,False,10-window Train/Val boundary exclusion buffer,Strict Level 1 Segment Atomicity & Sequence Boundary Isolation
802,20170704_1907,Tuesday,315,BENIGN,0,buffer,lstm,Tuesday_GAP_003,True,False,10-window Train/Val boundary exclusion buffer,Strict Level 1 Segment Atomicity & Sequence Boundary Isolation
803,20170704_1908,Tuesday,316,BENIGN,0,buffer,lstm,Tuesday_GAP_003,True,False,10-window Train/Val boundary exclusion buffer,Strict Level 1 Segment Atomicity & Sequence Boundary Isolation
804,20170704_1909,Tuesday,317,Brute Force,1,validation,lstm,Tuesday_SEG_003,False,False,Continuous chronological validation block,Strict Level 1 Segment Atomicity & Sequence Boundary Isolation
805,20170704_1910,Tuesday,318,Brute Force,1,validation,lstm,Tuesday_SEG_003,False,False,Continuous chronological validation block,Strict Level 1 Segment Atomicity & Sequence Boundary Isolation
806,20170704_1911,Tuesday,319,Brute Force,1,validation,lstm,Tuesday_SEG_003,False,False,Continuous chronological validation block,Strict Level 1 Segment Atomicity & Sequence Boundary Isolation
807,20170704_1912,Tuesday,320,Brute Force,1,validation,lstm,Tuesday_SEG_003,False,False,Continuous chronological validation block,Strict Level 1 Segment Atomicity & Sequence Boundary Isolation
808,20170704_1913,Tuesday,321,Brute Force,1,validation,lstm,Tuesday_SEG_003,False,False,Continuous chronological validation block,Strict Level 1 Segment Atomicity & Sequence Boundary Isolation
809,20170704_1914,Tuesday,322,Brute Force,1,validation,lstm,Tuesday_SEG_003,False,False,Continuous chronological validation block,Strict Level 1 Segment Atomicity & Sequence Boundary Isolation
810,20170704_1915,Tuesday,323,Brute Force,1,validation,lstm,Tuesday_SEG_003,False,False,Continuous chronological validation block,Strict Level 1 Segment Atomicity & Sequence Boundary Isolation
811,20170704_1916,Tuesday,324,Brute Force,1,validation,lstm,Tuesday_SEG_003,False,False,Continuous chronological validation block,Strict Level 1 Segment Atomicity & Sequence Boundary Isolation
812,20170704_1917,Tuesday,325,Brute Force,1,validation,lstm,Tuesday_SEG_003,False,False,Continuous chronological validation block,Strict Level 1 Segment Atomicity & Sequence Boundary Isolation
813,20170704_1918,Tuesday,326,Brute Force,1,validation,lstm,Tuesday_SEG_003,False,False,Continuous chronological validation block,Strict Level 1 Segment Atomicity & Sequence Boundary Isolation
814,20170704_1919,Tuesday,327,Brute Force,1,validation,lstm,Tuesday_SEG_003,False,False,Continuous chronological validation block,Strict Level 1 Segment Atomicity & Sequence Boundary Isolation
815,20170704_1920,Tuesday,328,Brute Force,1,validation,lstm,Tuesday_SEG_003,False,False,Continuous chronological validation block,Strict Level 1 Segment Atomicity & Sequence Boundary Isolation
816,20170704_1921,Tuesday,329,Brute Force,1,validation,lstm,Tuesday_SEG_003,False,False,Continuous chronological validation block,Strict Level 1 Segment Atomicity & Sequence Boundary Isolation
817,20170704_1922,Tuesday,330,Brute Force,1,validation,lstm,Tuesday_SEG_003,False,False,Continuous chronological validation block,Strict Level 1 Segment Atomicity & Sequence Boundary Isolation
818,20170704_1923,Tuesday,331,Brute Force,1,validation,lstm,Tuesday_SEG_003,False,False,Continuous chronological validation block,Strict Level 1 Segment Atomicity & Sequence Boundary Isolation
819,20170704_1924,Tuesday,332,Brute Force,1,validation,lstm,Tuesday_SEG_003,False,False,Continuous chronological validation block,Strict Level 1 Segment Atomicity & Sequence Boundary Isolation
820,20170704_1925,Tuesday,333,Brute Force,1,validation,lstm,Tuesday_SEG_003,False,False,Continuous chronological validation block,Strict Level 1 Segment Atomicity & Sequence Boundary Isolation
821,20170704_1926,Tuesday,334,Brute Force,1,validation,lstm,Tuesday_SEG_003,False,False,Continuous chronological validation block,Strict Level 1 Segment Atomicity & Sequence Boundary Isolation
822,20170704_1927,Tuesday,335,Brute Force,1,validation,lstm,Tuesday_SEG_003,False,False,Continuous chronological validation block,Strict Level 1 Segment Atomicity & Sequence Boundary Isolation
823,20170704_1928,Tuesday,336,Brute Force,1,validation,lstm,Tuesday_SEG_003,False,False,Continuous chronological validation block,Strict Level 1 Segment Atomicity & Sequence Boundary Isolation
824,20170704_1929,Tuesday,337,Brute Force,1,validation,lstm,Tuesday_SEG_003,False,False,Continuous chronological validation block,Strict Level 1 Segment Atomicity & Sequence Boundary Isolation
825,20170704_1930,Tuesday,338,Brute Force,1,validation,lstm,Tuesday_SEG_003,False,False,Continuous chronological validation block,Strict Level 1 Segment Atomicity & Sequence Boundary Isolation
826,20170704_1931,Tuesday,339,Brute Force,1,validation,lstm,Tuesday_SEG_003,False,False,Continuous chronological validation block,Strict Level 1 Segment Atomicity & Sequence Boundary Isolation
827,20170704_1932,Tuesday,340,Brute Force,1,validation,lstm,Tuesday_SEG_003,False,False,Continuous chronological validation block,Strict Level 1 Segment Atomicity & Sequence Boundary Isolation
828,20170704_1933,Tuesday,341,Brute Force,1,validation,lstm,Tuesday_SEG_003,False,False,Continuous chronological validation block,Strict Level 1 Segment Atomicity & Sequence Boundary Isolation
829,20170704_1934,Tuesday,342,Brute Force,1,validation,lstm,Tuesday_SEG_003,False,False,Continuous chronological validation block,Strict Level 1 Segment Atomicity & Sequence Boundary Isolation
830,20170704_1935,Tuesday,343,Brute Force,1,validation,lstm,Tuesday_SEG_003,False,False,Continuous chronological validation block,Strict Level 1 Segment Atomicity & Sequence Boundary Isolation
831,20170704_1936,Tuesday,344,Brute Force,1,validation,lstm,Tuesday_SEG_003,False,False,Continuous chronological validation block,Strict Level 1 Segment Atomicity & Sequence Boundary Isolation
832,20170704_1937,Tuesday,345,Brute Force,1,validation,lstm,Tuesday_SEG_003,False,False,Continuous chronological validation block,Strict Level 1 Segment Atomicity & Sequence Boundary Isolation
833,20170704_1938,Tuesday,346,Brute Force,1,validation,lstm,Tuesday_SEG_003,False,False,Continuous chronological validation block,Strict Level 1 Segment Atomicity & Sequence Boundary Isolation
834,20170704_1939,Tuesday,347,Brute Force,1,validation,lstm,Tuesday_SEG_003,False,False,Continuous chronological validation block,Strict Level 1 Segment Atomicity & Sequence Boundary Isolation
835,20170704_1940,Tuesday,348,Brute Force,1,validation,lstm,Tuesday_SEG_003,False,False,Continuous chronological validation block,Strict Level 1 Segment Atomicity & Sequence Boundary Isolation
836,20170704_1941,Tuesday,349,Brute Force,1,validation,lstm,Tuesday_SEG_003,False,False,Continuous chronological validation block,Strict Level 1 Segment Atomicity & Sequence Boundary Isolation
837,20170704_1942,Tuesday,350,Brute Force,1,validation,lstm,Tuesday_SEG_003,False,False,Continuous chronological validation block,Strict Level 1 Segment Atomicity & Sequence Boundary Isolation
838,20170704_1943,Tuesday,351,Brute Force,1,validation,lstm,Tuesday_SEG_003,False,False,Continuous chronological validation block,Strict Level 1 Segment Atomicity & Sequence Boundary Isolation
839,20170704_1944,Tuesday,352,Brute Force,1,validation,lstm,Tuesday_SEG_003,False,False,Continuous chronological validation block,Strict Level 1 Segment Atomicity & Sequence Boundary Isolation
840,20170704_1945,Tuesday,353,Brute Force,1,validation,lstm,Tuesday_SEG_003,False,False,Continuous chronological validation block,Strict Level 1 Segment Atomicity & Sequence Boundary Isolation
841,20170704_1946,Tuesday,354,Brute Force,1,validation,lstm,Tuesday_SEG_003,False,False,Continuous chronological validation block,Strict Level 1 Segment Atomicity & Sequence Boundary Isolation
842,20170704_1947,Tuesday,355,Brute Force,1,validation,lstm,Tuesday_SEG_003,False,False,Continuous chronological validation block,Strict Level 1 Segment Atomicity & Sequence Boundary Isolation
843,20170704_1948,Tuesday,356,Brute Force,1,validation,lstm,Tuesday_SEG_003,False,False,Continuous chronological validation block,Strict Level 1 Segment Atomicity & Sequence Boundary Isolation
844,20170704_1949,Tuesday,357,Brute Force,1,validation,lstm,Tuesday_SEG_003,False,False,Continuous chronological validation block,Strict Level 1 Segment Atomicity & Sequence Boundary Isolation
845,20170704_1950,Tuesday,358,Brute Force,1,validation,lstm,Tuesday_SEG_003,False,False,Continuous chronological validation block,Strict Level 1 Segment Atomicity & Sequence Boundary Isolation
846,20170704_1951,Tuesday,359,Brute Force,1,validation,lstm,Tuesday_SEG_003,False,False,Continuous chronological validation block,Strict Level 1 Segment Atomicity & Sequence Boundary Isolation
847,20170704_1952,Tuesday,360,Brute Force,1,validation,lstm,Tuesday_SEG_003,False,False,Continuous chronological validation block,Strict Level 1 Segment Atomicity & Sequence Boundary Isolation
848,20170704_1953,Tuesday,361,Brute Force,1,validation,lstm,Tuesday_SEG_003,False,False,Continuous chronological validation block,Strict Level 1 Segment Atomicity & Sequence Boundary Isolation
849,20170704_1954,Tuesday,362,Brute Force,1,validation,lstm,Tuesday_SEG_003,False,False,Continuous chronological validation block,Strict Level 1 Segment Atomicity & Sequence Boundary Isolation
850,20170704_1955,Tuesday,363,Brute Force,1,validation,lstm,Tuesday_SEG_003,False,False,Continuous chronological validation block,Strict Level 1 Segment Atomicity & Sequence Boundary Isolation
851,20170704_1956,Tuesday,364,Brute Force,1,validation,lstm,Tuesday_SEG_003,False,False,Continuous chronological validation block,Strict Level 1 Segment Atomicity & Sequence Boundary Isolation
852,20170704_1957,Tuesday,365,Brute Force,1,validation,lstm,Tuesday_SEG_003,False,False,Continuous chronological validation block,Strict Level 1 Segment Atomicity & Sequence Boundary Isolation
853,20170704_1958,Tuesday,366,Brute Force,1,validation,lstm,Tuesday_SEG_003,False,False,Continuous chronological validation block,Strict Level 1 Segment Atomicity & Sequence Boundary Isolation
854,20170704_1959,Tuesday,367,Brute Force,1,validation,lstm,Tuesday_SEG_003,False,False,Continuous chronological validation block,Strict Level 1 Segment Atomicity & Sequence Boundary Isolation
855,20170704_2000,Tuesday,368,Brute Force,1,validation,lstm,Tuesday_SEG_003,False,False,Continuous chronological validation block,Strict Level 1 Segment Atomicity & Sequence Boundary Isolation
856,20170704_2001,Tuesday,369,Brute Force,1,validation,lstm,Tuesday_SEG_003,False,False,Continuous chronological validation block,Strict Level 1 Segment Atomicity & Sequence Boundary Isolation
857,20170704_2002,Tuesday,370,Brute Force,1,validation,lstm,Tuesday_SEG_003,False,False,Continuous chronological validation block,Strict Level 1 Segment Atomicity & Sequence Boundary Isolation
858,20170704_2003,Tuesday,371,Brute Force,1,validation,lstm,Tuesday_SEG_003,False,False,Continuous chronological validation block,Strict Level 1 Segment Atomicity & Sequence Boundary Isolation
859,20170704_2004,Tuesday,372,Brute Force,1,validation,lstm,Tuesday_SEG_003,False,False,Continuous chronological validation block,Strict Level 1 Segment Atomicity & Sequence Boundary Isolation
860,20170704_2005,Tuesday,373,Brute Force,1,validation,lstm,Tuesday_SEG_003,False,False,Continuous chronological validation block,Strict Level 1 Segment Atomicity & Sequence Boundary Isolation
861,20170704_2006,Tuesday,374,Brute Force,1,validation,lstm,Tuesday_SEG_003,False,False,Continuous chronological validation block,Strict Level 1 Segment Atomicity & Sequence Boundary Isolation
862,20170704_2007,Tuesday,375,Brute Force,1,validation,lstm,Tuesday_SEG_003,False,False,Continuous chronological validation block,Strict Level 1 Segment Atomicity & Sequence Boundary Isolation
863,20170704_2008,Tuesday,376,Brute Force,1,validation,lstm,Tuesday_SEG_003,False,False,Continuous chronological validation block,Strict Level 1 Segment Atomicity & Sequence Boundary Isolation
864,20170704_2009,Tuesday,377,Brute Force,1,validation,lstm,Tuesday_SEG_003,False,False,Continuous chronological validation block,Strict Level 1 Segment Atomicity & Sequence Boundary Isolation
865,20170704_2010,Tuesday,378,Brute Force,1,validation,lstm,Tuesday_SEG_003,False,False,Continuous chronological validation block,Strict Level 1 Segment Atomicity & Sequence Boundary Isolation
866,20170704_2011,Tuesday,379,Brute Force,1,validation,lstm,Tuesday_SEG_003,False,False,Continuous chronological validation block,Strict Level 1 Segment Atomicity & Sequence Boundary Isolation
867,20170704_2012,Tuesday,380,BENIGN,0,validation,lstm,Tuesday_GAP_004,False,False,Continuous chronological validation block,Strict Level 1 Segment Atomicity & Sequence Boundary Isolation
868,20170704_2013,Tuesday,381,BENIGN,0,validation,lstm,Tuesday_GAP_004,False,False,Continuous chronological validation block,Strict Level 1 Segment Atomicity & Sequence Boundary Isolation
869,20170704_2014,Tuesday,382,BENIGN,0,validation,lstm,Tuesday_GAP_004,False,False,Continuous chronological validation block,Strict Level 1 Segment Atomicity & Sequence Boundary Isolation
870,20170704_2015,Tuesday,383,BENIGN,0,validation,lstm,Tuesday_GAP_004,False,False,Continuous chronological validation block,Strict Level 1 Segment Atomicity & Sequence Boundary Isolation
871,20170704_2016,Tuesday,384,BENIGN,0,validation,lstm,Tuesday_GAP_004,False,False,Continuous chronological validation block,Strict Level 1 Segment Atomicity & Sequence Boundary Isolation
872,20170704_2017,Tuesday,385,BENIGN,0,validation,lstm,Tuesday_GAP_004,False,False,Continuous chronological validation block,Strict Level 1 Segment Atomicity & Sequence Boundary Isolation
873,20170704_2018,Tuesday,386,BENIGN,0,validation,lstm,Tuesday_GAP_004,False,False,Continuous chronological validation block,Strict Level 1 Segment Atomicity & Sequence Boundary Isolation
874,20170704_2019,Tuesday,387,BENIGN,0,validation,lstm,Tuesday_GAP_004,False,False,Continuous chronological validation block,Strict Level 1 Segment Atomicity & Sequence Boundary Isolation
875,20170704_2020,Tuesday,388,BENIGN,0,validation,lstm,Tuesday_GAP_004,False,False,Continuous chronological validation block,Strict Level 1 Segment Atomicity & Sequence Boundary Isolation
876,20170704_2021,Tuesday,389,BENIGN,0,validation,lstm,Tuesday_GAP_004,False,False,Continuous chronological validation block,Strict Level 1 Segment Atomicity & Sequence Boundary Isolation
877,20170704_2022,Tuesday,390,BENIGN,0,validation,lstm,Tuesday_GAP_004,False,False,Continuous chronological validation block,Strict Level 1 Segment Atomicity & Sequence Boundary Isolation
878,20170704_2023,Tuesday,391,BENIGN,0,validation,lstm,Tuesday_GAP_004,False,False,Continuous chronological validation block,Strict Level 1 Segment Atomicity & Sequence Boundary Isolation
879,20170704_2024,Tuesday,392,BENIGN,0,validation,lstm,Tuesday_GAP_004,False,False,Continuous chronological validation block,Strict Level 1 Segment Atomicity & Sequence Boundary Isolation
880,20170704_2025,Tuesday,393,BENIGN,0,validation,lstm,Tuesday_GAP_004,False,False,Continuous chronological validation block,Strict Level 1 Segment Atomicity & Sequence Boundary Isolation
881,20170704_2026,Tuesday,394,BENIGN,0,validation,lstm,Tuesday_GAP_004,False,False,Continuous chronological validation block,Strict Level 1 Segment Atomicity & Sequence Boundary Isolation
882,20170704_2027,Tuesday,395,BENIGN,0,validation,lstm,Tuesday_GAP_004,False,False,Continuous chronological validation block,Strict Level 1 Segment Atomicity & Sequence Boundary Isolation
883,20170704_2028,Tuesday,396,BENIGN,0,validation,lstm,Tuesday_GAP_004,False,False,Continuous chronological validation block,Strict Level 1 Segment Atomicity & Sequence Boundary Isolation
884,20170704_2029,Tuesday,397,BENIGN,0,validation,lstm,Tuesday_GAP_004,False,False,Continuous chronological validation block,Strict Level 1 Segment Atomicity & Sequence Boundary Isolation
885,20170704_2030,Tuesday,398,BENIGN,0,validation,lstm,Tuesday_GAP_004,False,False,Continuous chronological validation block,Strict Level 1 Segment Atomicity & Sequence Boundary Isolation
886,20170704_2031,Tuesday,399,BENIGN,0,validation,lstm,Tuesday_GAP_004,False,False,Continuous chronological validation block,Strict Level 1 Segment Atomicity & Sequence Boundary Isolation
887,20170704_2032,Tuesday,400,BENIGN,0,validation,lstm,Tuesday_GAP_004,False,False,Continuous chronological validation block,Strict Level 1 Segment Atomicity & Sequence Boundary Isolation
888,20170704_2033,Tuesday,401,BENIGN,0,validation,lstm,Tuesday_GAP_004,False,False,Continuous chronological validation block,Strict Level 1 Segment Atomicity & Sequence Boundary Isolation
889,20170704_2034,Tuesday,402,BENIGN,0,validation,lstm,Tuesday_GAP_004,False,False,Continuous chronological validation block,Strict Level 1 Segment Atomicity & Sequence Boundary Isolation
890,20170704_2035,Tuesday,403,BENIGN,0,validation,lstm,Tuesday_GAP_004,False,False,Continuous chronological validation block,Strict Level 1 Segment Atomicity & Sequence Boundary Isolation
891,20170704_2036,Tuesday,404,BENIGN,0,validation,lstm,Tuesday_GAP_004,False,False,Continuous chronological validation block,Strict Level 1 Segment Atomicity & Sequence Boundary Isolation
892,20170704_2037,Tuesday,405,BENIGN,0,validation,lstm,Tuesday_GAP_004,False,False,Continuous chronological validation block,Strict Level 1 Segment Atomicity & Sequence Boundary Isolation
893,20170704_2038,Tuesday,406,BENIGN,0,validation,lstm,Tuesday_GAP_004,False,False,Continuous chronological validation block,Strict Level 1 Segment Atomicity & Sequence Boundary Isolation
894,20170704_2039,Tuesday,407,BENIGN,0,validation,lstm,Tuesday_GAP_004,False,False,Continuous chronological validation block,Strict Level 1 Segment Atomicity & Sequence Boundary Isolation
895,20170704_2040,Tuesday,408,BENIGN,0,validation,lstm,Tuesday_GAP_004,False,False,Continuous chronological validation block,Strict Level 1 Segment Atomicity & Sequence Boundary Isolation
896,20170704_2041,Tuesday,409,BENIGN,0,validation,lstm,Tuesday_GAP_004,False,False,Continuous chronological validation block,Strict Level 1 Segment Atomicity & Sequence Boundary Isolation
897,20170704_2042,Tuesday,410,BENIGN,0,validation,lstm,Tuesday_GAP_004,False,False,Continuous chronological validation block,Strict Level 1 Segment Atomicity & Sequence Boundary Isolation
898,20170704_2043,Tuesday,411,BENIGN,0,validation,lstm,Tuesday_GAP_004,False,False,Continuous chronological validation block,Strict Level 1 Segment Atomicity & Sequence Boundary Isolation
899,20170704_2044,Tuesday,412,BENIGN,0,validation,lstm,Tuesday_GAP_004,False,False,Continuous chronological validation block,Strict Level 1 Segment Atomicity & Sequence Boundary Isolation
900,20170704_2045,Tuesday,413,BENIGN,0,validation,lstm,Tuesday_GAP_004,False,False,Continuous chronological validation block,Strict Level 1 Segment Atomicity & Sequence Boundary Isolation
901,20170704_2046,Tuesday,414,BENIGN,0,validation,lstm,Tuesday_GAP_004,False,False,Continuous chronological validation block,Strict Level 1 Segment Atomicity & Sequence Boundary Isolation
902,20170704_2047,Tuesday,415,BENIGN,0,validation,lstm,Tuesday_GAP_004,False,False,Continuous chronological validation block,Strict Level 1 Segment Atomicity & Sequence Boundary Isolation
903,20170704_2048,Tuesday,416,BENIGN,0,validation,lstm,Tuesday_GAP_004,False,False,Continuous chronological validation block,Strict Level 1 Segment Atomicity & Sequence Boundary Isolation
904,20170704_2049,Tuesday,417,BENIGN,0,validation,lstm,Tuesday_GAP_004,False,False,Continuous chronological validation block,Strict Level 1 Segment Atomicity & Sequence Boundary Isolation
905,20170704_2050,Tuesday,418,BENIGN,0,validation,lstm,Tuesday_GAP_004,False,False,Continuous chronological validation block,Strict Level 1 Segment Atomicity & Sequence Boundary Isolation
906,20170704_2051,Tuesday,419,BENIGN,0,validation,lstm,Tuesday_GAP_004,False,False,Continuous chronological validation block,Strict Level 1 Segment Atomicity & Sequence Boundary Isolation
907,20170704_2052,Tuesday,420,BENIGN,0,validation,lstm,Tuesday_GAP_004,False,False,Continuous chronological validation block,Strict Level 1 Segment Atomicity & Sequence Boundary Isolation
908,20170704_2053,Tuesday,421,BENIGN,0,buffer,lstm,Tuesday_GAP_004,True,False,10-window Val/Test boundary exclusion buffer,Strict Level 1 Segment Atomicity & Sequence Boundary Isolation
909,20170704_2054,Tuesday,422,BENIGN,0,buffer,lstm,Tuesday_GAP_004,True,False,10-window Val/Test boundary exclusion buffer,Strict Level 1 Segment Atomicity & Sequence Boundary Isolation
910,20170704_2055,Tuesday,423,BENIGN,0,buffer,lstm,Tuesday_GAP_004,True,False,10-window Val/Test boundary exclusion buffer,Strict Level 1 Segment Atomicity & Sequence Boundary Isolation
911,20170704_2056,Tuesday,424,BENIGN,0,buffer,lstm,Tuesday_GAP_004,True,False,10-window Val/Test boundary exclusion buffer,Strict Level 1 Segment Atomicity & Sequence Boundary Isolation
912,20170704_2057,Tuesday,425,BENIGN,0,buffer,lstm,Tuesday_GAP_004,True,False,10-window Val/Test boundary exclusion buffer,Strict Level 1 Segment Atomicity & Sequence Boundary Isolation
913,20170704_2058,Tuesday,426,BENIGN,0,buffer,lstm,Tuesday_GAP_004,True,False,10-window Val/Test boundary exclusion buffer,Strict Level 1 Segment Atomicity & Sequence Boundary Isolation
914,20170704_2059,Tuesday,427,BENIGN,0,buffer,lstm,Tuesday_GAP_004,True,False,10-window Val/Test boundary exclusion buffer,Strict Level 1 Segment Atomicity & Sequence Boundary Isolation
915,20170704_2100,Tuesday,428,BENIGN,0,buffer,lstm,Tuesday_GAP_004,True,False,10-window Val/Test boundary exclusion buffer,Strict Level 1 Segment Atomicity & Sequence Boundary Isolation
916,20170704_2101,Tuesday,429,BENIGN,0,buffer,lstm,Tuesday_GAP_004,True,False,10-window Val/Test boundary exclusion buffer,Strict Level 1 Segment Atomicity & Sequence Boundary Isolation
917,20170704_2102,Tuesday,430,BENIGN,0,buffer,lstm,Tuesday_GAP_004,True,False,10-window Val/Test boundary exclusion buffer,Strict Level 1 Segment Atomicity & Sequence Boundary Isolation
918,20170704_2103,Tuesday,431,BENIGN,0,test,lstm,Tuesday_GAP_004,False,False,Continuous chronological test block,Strict Level 1 Segment Atomicity & Sequence Boundary Isolation
919,20170704_2104,Tuesday,432,Brute Force,1,test,lstm,Tuesday_SEG_004,False,False,Continuous chronological test block,Strict Level 1 Segment Atomicity & Sequence Boundary Isolation
920,20170704_2105,Tuesday,433,BENIGN,0,test,lstm,Tuesday_GAP_005,False,False,Continuous chronological test block,Strict Level 1 Segment Atomicity & Sequence Boundary Isolation
921,20170704_2106,Tuesday,434,BENIGN,0,test,lstm,Tuesday_GAP_005,False,False,Continuous chronological test block,Strict Level 1 Segment Atomicity & Sequence Boundary Isolation
922,20170704_2107,Tuesday,435,BENIGN,0,test,lstm,Tuesday_GAP_005,False,False,Continuous chronological test block,Strict Level 1 Segment Atomicity & Sequence Boundary Isolation
923,20170704_2108,Tuesday,436,BENIGN,0,test,lstm,Tuesday_GAP_005,False,False,Continuous chronological test block,Strict Level 1 Segment Atomicity & Sequence Boundary Isolation
924,20170704_2109,Tuesday,437,BENIGN,0,test,lstm,Tuesday_GAP_005,False,False,Continuous chronological test block,Strict Level 1 Segment Atomicity & Sequence Boundary Isolation
925,20170704_2110,Tuesday,438,BENIGN,0,test,lstm,Tuesday_GAP_005,False,False,Continuous chronological test block,Strict Level 1 Segment Atomicity & Sequence Boundary Isolation
926,20170704_2111,Tuesday,439,BENIGN,0,test,lstm,Tuesday_GAP_005,False,False,Continuous chronological test block,Strict Level 1 Segment Atomicity & Sequence Boundary Isolation
927,20170704_2112,Tuesday,440,BENIGN,0,test,lstm,Tuesday_GAP_005,False,False,Continuous chronological test block,Strict Level 1 Segment Atomicity & Sequence Boundary Isolation
928,20170704_2113,Tuesday,441,BENIGN,0,test,lstm,Tuesday_GAP_005,False,False,Continuous chronological test block,Strict Level 1 Segment Atomicity & Sequence Boundary Isolation
929,20170704_2114,Tuesday,442,BENIGN,0,test,lstm,Tuesday_GAP_005,False,False,Continuous chronological test block,Strict Level 1 Segment Atomicity & Sequence Boundary Isolation
930,20170704_2115,Tuesday,443,BENIGN,0,test,lstm,Tuesday_GAP_005,False,False,Continuous chronological test block,Strict Level 1 Segment Atomicity & Sequence Boundary Isolation
931,20170704_2116,Tuesday,444,BENIGN,0,test,lstm,Tuesday_GAP_005,False,False,Continuous chronological test block,Strict Level 1 Segment Atomicity & Sequence Boundary Isolation
932,20170704_2117,Tuesday,445,BENIGN,0,test,lstm,Tuesday_GAP_005,False,False,Continuous chronological test block,Strict Level 1 Segment Atomicity & Sequence Boundary Isolation
933,20170704_2118,Tuesday,446,BENIGN,0,test,lstm,Tuesday_GAP_005,False,False,Continuous chronological test block,Strict Level 1 Segment Atomicity & Sequence Boundary Isolation
934,20170704_2119,Tuesday,447,BENIGN,0,test,lstm,Tuesday_GAP_005,False,False,Continuous chronological test block,Strict Level 1 Segment Atomicity & Sequence Boundary Isolation
935,20170704_2120,Tuesday,448,BENIGN,0,test,lstm,Tuesday_GAP_005,False,False,Continuous chronological test block,Strict Level 1 Segment Atomicity & Sequence Boundary Isolation
936,20170704_2121,Tuesday,449,BENIGN,0,test,lstm,Tuesday_GAP_005,False,False,Continuous chronological test block,Strict Level 1 Segment Atomicity & Sequence Boundary Isolation
937,20170704_2122,Tuesday,450,BENIGN,0,test,lstm,Tuesday_GAP_005,False,False,Continuous chronological test block,Strict Level 1 Segment Atomicity & Sequence Boundary Isolation
938,20170704_2123,Tuesday,451,BENIGN,0,test,lstm,Tuesday_GAP_005,False,False,Continuous chronological test block,Strict Level 1 Segment Atomicity & Sequence Boundary Isolation
939,20170704_2124,Tuesday,452,BENIGN,0,test,lstm,Tuesday_GAP_005,False,False,Continuous chronological test block,Strict Level 1 Segment Atomicity & Sequence Boundary Isolation
940,20170704_2125,Tuesday,453,BENIGN,0,test,lstm,Tuesday_GAP_005,False,False,Continuous chronological test block,Strict Level 1 Segment Atomicity & Sequence Boundary Isolation
941,20170704_2126,Tuesday,454,BENIGN,0,test,lstm,Tuesday_GAP_005,False,False,Continuous chronological test block,Strict Level 1 Segment Atomicity & Sequence Boundary Isolation
942,20170704_2127,Tuesday,455,BENIGN,0,test,lstm,Tuesday_GAP_005,False,False,Continuous chronological test block,Strict Level 1 Segment Atomicity & Sequence Boundary Isolation
943,20170704_2128,Tuesday,456,BENIGN,0,test,lstm,Tuesday_GAP_005,False,False,Continuous chronological test block,Strict Level 1 Segment Atomicity & Sequence Boundary Isolation
944,20170704_2129,Tuesday,457,BENIGN,0,test,lstm,Tuesday_GAP_005,False,False,Continuous chronological test block,Strict Level 1 Segment Atomicity & Sequence Boundary Isolation
945,20170704_2130,Tuesday,458,BENIGN,0,test,lstm,Tuesday_GAP_005,False,False,Continuous chronological test block,Strict Level 1 Segment Atomicity & Sequence Boundary Isolation
946,20170704_2131,Tuesday,459,BENIGN,0,test,lstm,Tuesday_GAP_005,False,False,Continuous chronological test block,Strict Level 1 Segment Atomicity & Sequence Boundary Isolation
947,20170704_2132,Tuesday,460,BENIGN,0,test,lstm,Tuesday_GAP_005,False,False,Continuous chronological test block,Strict Level 1 Segment Atomicity & Sequence Boundary Isolation
948,20170704_2133,Tuesday,461,BENIGN,0,test,lstm,Tuesday_GAP_005,False,False,Continuous chronological test block,Strict Level 1 Segment Atomicity & Sequence Boundary Isolation
949,20170704_2134,Tuesday,462,BENIGN,0,test,lstm,Tuesday_GAP_005,False,False,Continuous chronological test block,Strict Level 1 Segment Atomicity & Sequence Boundary Isolation
950,20170704_2135,Tuesday,463,BENIGN,0,test,lstm,Tuesday_GAP_005,False,False,Continuous chronological test block,Strict Level 1 Segment Atomicity & Sequence Boundary Isolation
951,20170704_2136,Tuesday,464,BENIGN,0,test,lstm,Tuesday_GAP_005,False,False,Continuous chronological test block,Strict Level 1 Segment Atomicity & Sequence Boundary Isolation
952,20170704_2137,Tuesday,465,BENIGN,0,test,lstm,Tuesday_GAP_005,False,False,Continuous chronological test block,Strict Level 1 Segment Atomicity & Sequence Boundary Isolation
953,20170704_2138,Tuesday,466,BENIGN,0,test,lstm,Tuesday_GAP_005,False,False,Continuous chronological test block,Strict Level 1 Segment Atomicity & Sequence Boundary Isolation
954,20170704_2139,Tuesday,467,BENIGN,0,test,lstm,Tuesday_GAP_005,False,False,Continuous chronological test block,Strict Level 1 Segment Atomicity & Sequence Boundary Isolation
955,20170704_2140,Tuesday,468,BENIGN,0,test,lstm,Tuesday_GAP_005,False,False,Continuous chronological test block,Strict Level 1 Segment Atomicity & Sequence Boundary Isolation
956,20170704_2141,Tuesday,469,BENIGN,0,test,lstm,Tuesday_GAP_005,False,False,Continuous chronological test block,Strict Level 1 Segment Atomicity & Sequence Boundary Isolation
957,20170704_2142,Tuesday,470,BENIGN,0,test,lstm,Tuesday_GAP_005,False,False,Continuous chronological test block,Strict Level 1 Segment Atomicity & Sequence Boundary Isolation
958,20170704_2143,Tuesday,471,BENIGN,0,test,lstm,Tuesday_GAP_005,False,False,Continuous chronological test block,Strict Level 1 Segment Atomicity & Sequence Boundary Isolation
959,20170704_2144,Tuesday,472,BENIGN,0,test,lstm,Tuesday_GAP_005,False,False,Continuous chronological test block,Strict Level 1 Segment Atomicity & Sequence Boundary Isolation
960,20170704_2145,Tuesday,473,BENIGN,0,test,lstm,Tuesday_GAP_005,False,False,Continuous chronological test block,Strict Level 1 Segment Atomicity & Sequence Boundary Isolation
961,20170704_2146,Tuesday,474,BENIGN,0,test,lstm,Tuesday_GAP_005,False,False,Continuous chronological test block,Strict Level 1 Segment Atomicity & Sequence Boundary Isolation
962,20170704_2147,Tuesday,475,BENIGN,0,test,lstm,Tuesday_GAP_005,False,False,Continuous chronological test block,Strict Level 1 Segment Atomicity & Sequence Boundary Isolation
963,20170704_2148,Tuesday,476,BENIGN,0,test,lstm,Tuesday_GAP_005,False,False,Continuous chronological test block,Strict Level 1 Segment Atomicity & Sequence Boundary Isolation
964,20170704_2149,Tuesday,477,BENIGN,0,test,lstm,Tuesday_GAP_005,False,False,Continuous chronological test block,Strict Level 1 Segment Atomicity & Sequence Boundary Isolation
965,20170704_2150,Tuesday,478,BENIGN,0,test,lstm,Tuesday_GAP_005,False,False,Continuous chronological test block,Strict Level 1 Segment Atomicity & Sequence Boundary Isolation
966,20170704_2151,Tuesday,479,BENIGN,0,test,lstm,Tuesday_GAP_005,False,False,Continuous chronological test block,Strict Level 1 Segment Atomicity & Sequence Boundary Isolation
967,20170704_2152,Tuesday,480,BENIGN,0,test,lstm,Tuesday_GAP_005,False,False,Continuous chronological test block,Strict Level 1 Segment Atomicity & Sequence Boundary Isolation
968,20170704_2153,Tuesday,481,BENIGN,0,test,lstm,Tuesday_GAP_005,False,False,Continuous chronological test block,Strict Level 1 Segment Atomicity & Sequence Boundary Isolation
969,20170704_2154,Tuesday,482,BENIGN,0,test,lstm,Tuesday_GAP_005,False,False,Continuous chronological test block,Strict Level 1 Segment Atomicity & Sequence Boundary Isolation
970,20170704_2155,Tuesday,483,BENIGN,0,test,lstm,Tuesday_GAP_005,False,False,Continuous chronological test block,Strict Level 1 Segment Atomicity & Sequence Boundary Isolation
971,20170704_2156,Tuesday,484,BENIGN,0,test,lstm,Tuesday_GAP_005,False,False,Continuous chronological test block,Strict Level 1 Segment Atomicity & Sequence Boundary Isolation
972,20170704_2157,Tuesday,485,BENIGN,0,test,lstm,Tuesday_GAP_005,False,False,Continuous chronological test block,Strict Level 1 Segment Atomicity & Sequence Boundary Isolation
973,20170704_2158,Tuesday,486,BENIGN,0,test,lstm,Tuesday_GAP_005,False,False,Continuous chronological test block,Strict Level 1 Segment Atomicity & Sequence Boundary Isolation
974,20170704_2159,Tuesday,487,BENIGN,0,test,lstm,Tuesday_GAP_005,False,False,Continuous chronological test block,Strict Level 1 Segment Atomicity & Sequence Boundary Isolation
975,20170704_2200,Tuesday,488,BENIGN,0,test,lstm,Tuesday_GAP_005,False,False,Continuous chronological test block,Strict Level 1 Segment Atomicity & Sequence Boundary Isolation
976,20170705_1342,Wednesday,1,BENIGN,0,train,lstm,Wednesday_GAP_001,False,False,Continuous chronological train block,Strict Level 1 Segment Atomicity & Sequence Boundary Isolation
977,20170705_1343,Wednesday,2,BENIGN,0,train,lstm,Wednesday_GAP_001,False,False,Continuous chronological train block,Strict Level 1 Segment Atomicity & Sequence Boundary Isolation
978,20170705_1344,Wednesday,3,BENIGN,0,train,lstm,Wednesday_GAP_001,False,False,Continuous chronological train block,Strict Level 1 Segment Atomicity & Sequence Boundary Isolation
979,20170705_1345,Wednesday,4,BENIGN,0,train,lstm,Wednesday_GAP_001,False,False,Continuous chronological train block,Strict Level 1 Segment Atomicity & Sequence Boundary Isolation
980,20170705_1346,Wednesday,5,BENIGN,0,train,lstm,Wednesday_GAP_001,False,False,Continuous chronological train block,Strict Level 1 Segment Atomicity & Sequence Boundary Isolation
981,20170705_1347,Wednesday,6,BENIGN,0,train,lstm,Wednesday_GAP_001,False,False,Continuous chronological train block,Strict Level 1 Segment Atomicity & Sequence Boundary Isolation
982,20170705_1348,Wednesday,7,BENIGN,0,train,lstm,Wednesday_GAP_001,False,False,Continuous chronological train block,Strict Level 1 Segment Atomicity & Sequence Boundary Isolation
983,20170705_1349,Wednesday,8,BENIGN,0,train,lstm,Wednesday_GAP_001,False,False,Continuous chronological train block,Strict Level 1 Segment Atomicity & Sequence Boundary Isolation
984,20170705_1350,Wednesday,9,BENIGN,0,train,lstm,Wednesday_GAP_001,False,False,Continuous chronological train block,Strict Level 1 Segment Atomicity & Sequence Boundary Isolation
985,20170705_1351,Wednesday,10,BENIGN,0,train,lstm,Wednesday_GAP_001,False,False,Continuous chronological train block,Strict Level 1 Segment Atomicity & Sequence Boundary Isolation
986,20170705_1352,Wednesday,11,BENIGN,0,train,lstm,Wednesday_GAP_001,False,False,Continuous chronological train block,Strict Level 1 Segment Atomicity & Sequence Boundary Isolation
987,20170705_1353,Wednesday,12,BENIGN,0,train,lstm,Wednesday_GAP_001,False,False,Continuous chronological train block,Strict Level 1 Segment Atomicity & Sequence Boundary Isolation
988,20170705_1354,Wednesday,13,BENIGN,0,train,lstm,Wednesday_GAP_001,False,False,Continuous chronological train block,Strict Level 1 Segment Atomicity & Sequence Boundary Isolation
989,20170705_1355,Wednesday,14,BENIGN,0,train,lstm,Wednesday_GAP_001,False,False,Continuous chronological train block,Strict Level 1 Segment Atomicity & Sequence Boundary Isolation
990,20170705_1356,Wednesday,15,BENIGN,0,train,lstm,Wednesday_GAP_001,False,False,Continuous chronological train block,Strict Level 1 Segment Atomicity & Sequence Boundary Isolation
991,20170705_1357,Wednesday,16,BENIGN,0,train,lstm,Wednesday_GAP_001,False,False,Continuous chronological train block,Strict Level 1 Segment Atomicity & Sequence Boundary Isolation
992,20170705_1358,Wednesday,17,BENIGN,0,train,lstm,Wednesday_GAP_001,False,False,Continuous chronological train block,Strict Level 1 Segment Atomicity & Sequence Boundary Isolation
993,20170705_1359,Wednesday,18,BENIGN,0,train,lstm,Wednesday_GAP_001,False,False,Continuous chronological train block,Strict Level 1 Segment Atomicity & Sequence Boundary Isolation
994,20170705_1400,Wednesday,19,BENIGN,0,train,lstm,Wednesday_GAP_001,False,False,Continuous chronological train block,Strict Level 1 Segment Atomicity & Sequence Boundary Isolation
995,20170705_1401,Wednesday,20,DoS,1,train,lstm,Wednesday_SEG_001,False,False,Continuous chronological train block,Strict Level 1 Segment Atomicity & Sequence Boundary Isolation
996,20170705_1402,Wednesday,21,BENIGN,0,train,lstm,Wednesday_GAP_002,False,False,Continuous chronological train block,Strict Level 1 Segment Atomicity & Sequence Boundary Isolation
997,20170705_1403,Wednesday,22,BENIGN,0,train,lstm,Wednesday_GAP_002,False,False,Continuous chronological train block,Strict Level 1 Segment Atomicity & Sequence Boundary Isolation
998,20170705_1404,Wednesday,23,BENIGN,0,train,lstm,Wednesday_GAP_002,False,False,Continuous chronological train block,Strict Level 1 Segment Atomicity & Sequence Boundary Isolation
999,20170705_1405,Wednesday,24,BENIGN,0,train,lstm,Wednesday_GAP_002,False,False,Continuous chronological train block,Strict Level 1 Segment Atomicity & Sequence Boundary Isolation
1000,20170705_1406,Wednesday,25,BENIGN,0,train,lstm,Wednesday_GAP_002,False,False,Continuous chronological train block,Strict Level 1 Segment Atomicity & Sequence Boundary Isolation
1001,20170705_1407,Wednesday,26,BENIGN,0,train,lstm,Wednesday_GAP_002,False,False,Continuous chronological train block,Strict Level 1 Segment Atomicity & Sequence Boundary Isolation
1002,20170705_1408,Wednesday,27,BENIGN,0,train,lstm,Wednesday_GAP_002,False,False,Continuous chronological train block,Strict Level 1 Segment Atomicity & Sequence Boundary Isolation
1003,20170705_1409,Wednesday,28,BENIGN,0,train,lstm,Wednesday_GAP_002,False,False,Continuous chronological train block,Strict Level 1 Segment Atomicity & Sequence Boundary Isolation
1004,20170705_1410,Wednesday,29,BENIGN,0,train,lstm,Wednesday_GAP_002,False,False,Continuous chronological train block,Strict Level 1 Segment Atomicity & Sequence Boundary Isolation
1005,20170705_1411,Wednesday,30,BENIGN,0,train,lstm,Wednesday_GAP_002,False,False,Continuous chronological train block,Strict Level 1 Segment Atomicity & Sequence Boundary Isolation
1006,20170705_1412,Wednesday,31,BENIGN,0,train,lstm,Wednesday_GAP_002,False,False,Continuous chronological train block,Strict Level 1 Segment Atomicity & Sequence Boundary Isolation
1007,20170705_1413,Wednesday,32,BENIGN,0,train,lstm,Wednesday_GAP_002,False,False,Continuous chronological train block,Strict Level 1 Segment Atomicity & Sequence Boundary Isolation
1008,20170705_1414,Wednesday,33,BENIGN,0,train,lstm,Wednesday_GAP_002,False,False,Continuous chronological train block,Strict Level 1 Segment Atomicity & Sequence Boundary Isolation
1009,20170705_1415,Wednesday,34,BENIGN,0,train,lstm,Wednesday_GAP_002,False,False,Continuous chronological train block,Strict Level 1 Segment Atomicity & Sequence Boundary Isolation
1010,20170705_1416,Wednesday,35,BENIGN,0,train,lstm,Wednesday_GAP_002,False,False,Continuous chronological train block,Strict Level 1 Segment Atomicity & Sequence Boundary Isolation
1011,20170705_1417,Wednesday,36,BENIGN,0,train,lstm,Wednesday_GAP_002,False,False,Continuous chronological train block,Strict Level 1 Segment Atomicity & Sequence Boundary Isolation
1012,20170705_1418,Wednesday,37,BENIGN,0,train,lstm,Wednesday_GAP_002,False,False,Continuous chronological train block,Strict Level 1 Segment Atomicity & Sequence Boundary Isolation
1013,20170705_1419,Wednesday,38,BENIGN,0,train,lstm,Wednesday_GAP_002,False,False,Continuous chronological train block,Strict Level 1 Segment Atomicity & Sequence Boundary Isolation
1014,20170705_1420,Wednesday,39,BENIGN,0,train,lstm,Wednesday_GAP_002,False,False,Continuous chronological train block,Strict Level 1 Segment Atomicity & Sequence Boundary Isolation
1015,20170705_1421,Wednesday,40,BENIGN,0,train,lstm,Wednesday_GAP_002,False,False,Continuous chronological train block,Strict Level 1 Segment Atomicity & Sequence Boundary Isolation
1016,20170705_1422,Wednesday,41,BENIGN,0,train,lstm,Wednesday_GAP_002,False,False,Continuous chronological train block,Strict Level 1 Segment Atomicity & Sequence Boundary Isolation
1017,20170705_1423,Wednesday,42,BENIGN,0,train,lstm,Wednesday_GAP_002,False,False,Continuous chronological train block,Strict Level 1 Segment Atomicity & Sequence Boundary Isolation
1018,20170705_1424,Wednesday,43,BENIGN,0,train,lstm,Wednesday_GAP_002,False,False,Continuous chronological train block,Strict Level 1 Segment Atomicity & Sequence Boundary Isolation
1019,20170705_1425,Wednesday,44,BENIGN,0,train,lstm,Wednesday_GAP_002,False,False,Continuous chronological train block,Strict Level 1 Segment Atomicity & Sequence Boundary Isolation
1020,20170705_1426,Wednesday,45,BENIGN,0,train,lstm,Wednesday_GAP_002,False,False,Continuous chronological train block,Strict Level 1 Segment Atomicity & Sequence Boundary Isolation
1021,20170705_1427,Wednesday,46,BENIGN,0,train,lstm,Wednesday_GAP_002,False,False,Continuous chronological train block,Strict Level 1 Segment Atomicity & Sequence Boundary Isolation
1022,20170705_1428,Wednesday,47,BENIGN,0,train,lstm,Wednesday_GAP_002,False,False,Continuous chronological train block,Strict Level 1 Segment Atomicity & Sequence Boundary Isolation
1023,20170705_1429,Wednesday,48,BENIGN,0,train,lstm,Wednesday_GAP_002,False,False,Continuous chronological train block,Strict Level 1 Segment Atomicity & Sequence Boundary Isolation
1024,20170705_1430,Wednesday,49,BENIGN,0,train,lstm,Wednesday_GAP_002,False,False,Continuous chronological train block,Strict Level 1 Segment Atomicity & Sequence Boundary Isolation
1025,20170705_1431,Wednesday,50,BENIGN,0,train,lstm,Wednesday_GAP_002,False,False,Continuous chronological train block,Strict Level 1 Segment Atomicity & Sequence Boundary Isolation
1026,20170705_1432,Wednesday,51,BENIGN,0,train,lstm,Wednesday_GAP_002,False,False,Continuous chronological train block,Strict Level 1 Segment Atomicity & Sequence Boundary Isolation
1027,20170705_1433,Wednesday,52,BENIGN,0,train,lstm,Wednesday_GAP_002,False,False,Continuous chronological train block,Strict Level 1 Segment Atomicity & Sequence Boundary Isolation
1028,20170705_1434,Wednesday,53,BENIGN,0,train,lstm,Wednesday_GAP_002,False,False,Continuous chronological train block,Strict Level 1 Segment Atomicity & Sequence Boundary Isolation
1029,20170705_1435,Wednesday,54,BENIGN,0,train,lstm,Wednesday_GAP_002,False,False,Continuous chronological train block,Strict Level 1 Segment Atomicity & Sequence Boundary Isolation
1030,20170705_1436,Wednesday,55,BENIGN,0,train,lstm,Wednesday_GAP_002,False,False,Continuous chronological train block,Strict Level 1 Segment Atomicity & Sequence Boundary Isolation
1031,20170705_1437,Wednesday,56,BENIGN,0,train,lstm,Wednesday_GAP_002,False,False,Continuous chronological train block,Strict Level 1 Segment Atomicity & Sequence Boundary Isolation
1032,20170705_1438,Wednesday,57,BENIGN,0,train,lstm,Wednesday_GAP_002,False,False,Continuous chronological train block,Strict Level 1 Segment Atomicity & Sequence Boundary Isolation
1033,20170705_1439,Wednesday,58,BENIGN,0,train,lstm,Wednesday_GAP_002,False,False,Continuous chronological train block,Strict Level 1 Segment Atomicity & Sequence Boundary Isolation
1034,20170705_1440,Wednesday,59,BENIGN,0,train,lstm,Wednesday_GAP_002,False,False,Continuous chronological train block,Strict Level 1 Segment Atomicity & Sequence Boundary Isolation
1035,20170705_1441,Wednesday,60,BENIGN,0,train,lstm,Wednesday_GAP_002,False,False,Continuous chronological train block,Strict Level 1 Segment Atomicity & Sequence Boundary Isolation
1036,20170705_1442,Wednesday,61,BENIGN,0,train,lstm,Wednesday_GAP_002,False,False,Continuous chronological train block,Strict Level 1 Segment Atomicity & Sequence Boundary Isolation
1037,20170705_1443,Wednesday,62,BENIGN,0,train,lstm,Wednesday_GAP_002,False,False,Continuous chronological train block,Strict Level 1 Segment Atomicity & Sequence Boundary Isolation
1038,20170705_1444,Wednesday,63,BENIGN,0,train,lstm,Wednesday_GAP_002,False,False,Continuous chronological train block,Strict Level 1 Segment Atomicity & Sequence Boundary Isolation
1039,20170705_1445,Wednesday,64,BENIGN,0,train,lstm,Wednesday_GAP_002,False,False,Continuous chronological train block,Strict Level 1 Segment Atomicity & Sequence Boundary Isolation
1040,20170705_1446,Wednesday,65,BENIGN,0,train,lstm,Wednesday_GAP_002,False,False,Continuous chronological train block,Strict Level 1 Segment Atomicity & Sequence Boundary Isolation
1041,20170705_1447,Wednesday,66,BENIGN,0,train,lstm,Wednesday_GAP_002,False,False,Continuous chronological train block,Strict Level 1 Segment Atomicity & Sequence Boundary Isolation
1042,20170705_1448,Wednesday,67,DoS,1,train,lstm,Wednesday_SEG_002,False,False,Continuous chronological train block,Strict Level 1 Segment Atomicity & Sequence Boundary Isolation
1043,20170705_1449,Wednesday,68,DoS,1,train,lstm,Wednesday_SEG_002,False,False,Continuous chronological train block,Strict Level 1 Segment Atomicity & Sequence Boundary Isolation
1044,20170705_1450,Wednesday,69,DoS,1,train,lstm,Wednesday_SEG_002,False,False,Continuous chronological train block,Strict Level 1 Segment Atomicity & Sequence Boundary Isolation
1045,20170705_1451,Wednesday,70,DoS,1,train,lstm,Wednesday_SEG_002,False,False,Continuous chronological train block,Strict Level 1 Segment Atomicity & Sequence Boundary Isolation
1046,20170705_1452,Wednesday,71,DoS,1,train,lstm,Wednesday_SEG_002,False,False,Continuous chronological train block,Strict Level 1 Segment Atomicity & Sequence Boundary Isolation
1047,20170705_1453,Wednesday,72,DoS,1,train,lstm,Wednesday_SEG_002,False,False,Continuous chronological train block,Strict Level 1 Segment Atomicity & Sequence Boundary Isolation
1048,20170705_1454,Wednesday,73,DoS,1,train,lstm,Wednesday_SEG_002,False,False,Continuous chronological train block,Strict Level 1 Segment Atomicity & Sequence Boundary Isolation
1049,20170705_1455,Wednesday,74,DoS,1,train,lstm,Wednesday_SEG_002,False,False,Continuous chronological train block,Strict Level 1 Segment Atomicity & Sequence Boundary Isolation
1050,20170705_1456,Wednesday,75,DoS,1,train,lstm,Wednesday_SEG_002,False,False,Continuous chronological train block,Strict Level 1 Segment Atomicity & Sequence Boundary Isolation
1051,20170705_1457,Wednesday,76,DoS,1,train,lstm,Wednesday_SEG_002,False,False,Continuous chronological train block,Strict Level 1 Segment Atomicity & Sequence Boundary Isolation
1052,20170705_1458,Wednesday,77,DoS,1,train,lstm,Wednesday_SEG_002,False,False,Continuous chronological train block,Strict Level 1 Segment Atomicity & Sequence Boundary Isolation
1053,20170705_1459,Wednesday,78,DoS,1,train,lstm,Wednesday_SEG_002,False,False,Continuous chronological train block,Strict Level 1 Segment Atomicity & Sequence Boundary Isolation
1054,20170705_1500,Wednesday,79,DoS,1,train,lstm,Wednesday_SEG_002,False,False,Continuous chronological train block,Strict Level 1 Segment Atomicity & Sequence Boundary Isolation
1055,20170705_1501,Wednesday,80,DoS,1,train,lstm,Wednesday_SEG_002,False,False,Continuous chronological train block,Strict Level 1 Segment Atomicity & Sequence Boundary Isolation
1056,20170705_1502,Wednesday,81,DoS,1,train,lstm,Wednesday_SEG_002,False,False,Continuous chronological train block,Strict Level 1 Segment Atomicity & Sequence Boundary Isolation
1057,20170705_1503,Wednesday,82,DoS,1,train,lstm,Wednesday_SEG_002,False,False,Continuous chronological train block,Strict Level 1 Segment Atomicity & Sequence Boundary Isolation
1058,20170705_1504,Wednesday,83,DoS,1,train,lstm,Wednesday_SEG_002,False,False,Continuous chronological train block,Strict Level 1 Segment Atomicity & Sequence Boundary Isolation
1059,20170705_1505,Wednesday,84,DoS,1,train,lstm,Wednesday_SEG_002,False,False,Continuous chronological train block,Strict Level 1 Segment Atomicity & Sequence Boundary Isolation
1060,20170705_1506,Wednesday,85,DoS,1,train,lstm,Wednesday_SEG_002,False,False,Continuous chronological train block,Strict Level 1 Segment Atomicity & Sequence Boundary Isolation
1061,20170705_1507,Wednesday,86,DoS,1,train,lstm,Wednesday_SEG_002,False,False,Continuous chronological train block,Strict Level 1 Segment Atomicity & Sequence Boundary Isolation
1062,20170705_1508,Wednesday,87,DoS,1,train,lstm,Wednesday_SEG_002,False,False,Continuous chronological train block,Strict Level 1 Segment Atomicity & Sequence Boundary Isolation
1063,20170705_1509,Wednesday,88,DoS,1,train,lstm,Wednesday_SEG_002,False,False,Continuous chronological train block,Strict Level 1 Segment Atomicity & Sequence Boundary Isolation
1064,20170705_1510,Wednesday,89,DoS,1,train,lstm,Wednesday_SEG_002,False,False,Continuous chronological train block,Strict Level 1 Segment Atomicity & Sequence Boundary Isolation
1065,20170705_1511,Wednesday,90,BENIGN,0,train,lstm,Wednesday_GAP_003,False,False,Continuous chronological train block,Strict Level 1 Segment Atomicity & Sequence Boundary Isolation
1066,20170705_1512,Wednesday,91,BENIGN,0,train,lstm,Wednesday_GAP_003,False,False,Continuous chronological train block,Strict Level 1 Segment Atomicity & Sequence Boundary Isolation
1067,20170705_1513,Wednesday,92,BENIGN,0,train,lstm,Wednesday_GAP_003,False,False,Continuous chronological train block,Strict Level 1 Segment Atomicity & Sequence Boundary Isolation
1068,20170705_1514,Wednesday,93,BENIGN,0,train,lstm,Wednesday_GAP_003,False,False,Continuous chronological train block,Strict Level 1 Segment Atomicity & Sequence Boundary Isolation
1069,20170705_1515,Wednesday,94,DoS,1,train,lstm,Wednesday_SEG_003,False,False,Continuous chronological train block,Strict Level 1 Segment Atomicity & Sequence Boundary Isolation
1070,20170705_1516,Wednesday,95,DoS,1,train,lstm,Wednesday_SEG_003,False,False,Continuous chronological train block,Strict Level 1 Segment Atomicity & Sequence Boundary Isolation
1071,20170705_1517,Wednesday,96,DoS,1,train,lstm,Wednesday_SEG_003,False,False,Continuous chronological train block,Strict Level 1 Segment Atomicity & Sequence Boundary Isolation
1072,20170705_1518,Wednesday,97,DoS,1,train,lstm,Wednesday_SEG_003,False,False,Continuous chronological train block,Strict Level 1 Segment Atomicity & Sequence Boundary Isolation
1073,20170705_1519,Wednesday,98,DoS,1,train,lstm,Wednesday_SEG_003,False,False,Continuous chronological train block,Strict Level 1 Segment Atomicity & Sequence Boundary Isolation
1074,20170705_1520,Wednesday,99,BENIGN,0,train,lstm,Wednesday_GAP_004,False,False,Continuous chronological train block,Strict Level 1 Segment Atomicity & Sequence Boundary Isolation
1075,20170705_1521,Wednesday,100,BENIGN,0,train,lstm,Wednesday_GAP_004,False,False,Continuous chronological train block,Strict Level 1 Segment Atomicity & Sequence Boundary Isolation
1076,20170705_1522,Wednesday,101,DoS,1,train,lstm,Wednesday_SEG_004,False,False,Continuous chronological train block,Strict Level 1 Segment Atomicity & Sequence Boundary Isolation
1077,20170705_1523,Wednesday,102,DoS,1,train,lstm,Wednesday_SEG_004,False,False,Continuous chronological train block,Strict Level 1 Segment Atomicity & Sequence Boundary Isolation
1078,20170705_1524,Wednesday,103,DoS,1,train,lstm,Wednesday_SEG_004,False,False,Continuous chronological train block,Strict Level 1 Segment Atomicity & Sequence Boundary Isolation
1079,20170705_1525,Wednesday,104,DoS,1,train,lstm,Wednesday_SEG_004,False,False,Continuous chronological train block,Strict Level 1 Segment Atomicity & Sequence Boundary Isolation
1080,20170705_1526,Wednesday,105,DoS,1,train,lstm,Wednesday_SEG_004,False,False,Continuous chronological train block,Strict Level 1 Segment Atomicity & Sequence Boundary Isolation
1081,20170705_1527,Wednesday,106,DoS,1,train,lstm,Wednesday_SEG_004,False,False,Continuous chronological train block,Strict Level 1 Segment Atomicity & Sequence Boundary Isolation
1082,20170705_1528,Wednesday,107,DoS,1,train,lstm,Wednesday_SEG_004,False,False,Continuous chronological train block,Strict Level 1 Segment Atomicity & Sequence Boundary Isolation
1083,20170705_1529,Wednesday,108,DoS,1,train,lstm,Wednesday_SEG_004,False,False,Continuous chronological train block,Strict Level 1 Segment Atomicity & Sequence Boundary Isolation
1084,20170705_1530,Wednesday,109,BENIGN,0,train,lstm,Wednesday_GAP_005,False,False,Continuous chronological train block,Strict Level 1 Segment Atomicity & Sequence Boundary Isolation
1085,20170705_1531,Wednesday,110,BENIGN,0,train,lstm,Wednesday_GAP_005,False,False,Continuous chronological train block,Strict Level 1 Segment Atomicity & Sequence Boundary Isolation
1086,20170705_1532,Wednesday,111,DoS,1,train,lstm,Wednesday_SEG_005,False,False,Continuous chronological train block,Strict Level 1 Segment Atomicity & Sequence Boundary Isolation
1087,20170705_1533,Wednesday,112,DoS,1,train,lstm,Wednesday_SEG_005,False,False,Continuous chronological train block,Strict Level 1 Segment Atomicity & Sequence Boundary Isolation
1088,20170705_1534,Wednesday,113,DoS,1,train,lstm,Wednesday_SEG_005,False,False,Continuous chronological train block,Strict Level 1 Segment Atomicity & Sequence Boundary Isolation
1089,20170705_1535,Wednesday,114,DoS,1,train,lstm,Wednesday_SEG_005,False,False,Continuous chronological train block,Strict Level 1 Segment Atomicity & Sequence Boundary Isolation
1090,20170705_1536,Wednesday,115,BENIGN,0,train,lstm,Wednesday_GAP_006,False,False,Continuous chronological train block,Strict Level 1 Segment Atomicity & Sequence Boundary Isolation
1091,20170705_1537,Wednesday,116,DoS,1,train,lstm,Wednesday_SEG_006,False,False,Continuous chronological train block,Strict Level 1 Segment Atomicity & Sequence Boundary Isolation
1092,20170705_1538,Wednesday,117,BENIGN,0,train,lstm,Wednesday_GAP_007,False,False,Continuous chronological train block,Strict Level 1 Segment Atomicity & Sequence Boundary Isolation
1093,20170705_1539,Wednesday,118,BENIGN,0,train,lstm,Wednesday_GAP_007,False,False,Continuous chronological train block,Strict Level 1 Segment Atomicity & Sequence Boundary Isolation
1094,20170705_1540,Wednesday,119,BENIGN,0,train,lstm,Wednesday_GAP_007,False,False,Continuous chronological train block,Strict Level 1 Segment Atomicity & Sequence Boundary Isolation
1095,20170705_1541,Wednesday,120,BENIGN,0,train,lstm,Wednesday_GAP_007,False,False,Continuous chronological train block,Strict Level 1 Segment Atomicity & Sequence Boundary Isolation
1096,20170705_1542,Wednesday,121,BENIGN,0,train,lstm,Wednesday_GAP_007,False,False,Continuous chronological train block,Strict Level 1 Segment Atomicity & Sequence Boundary Isolation
1097,20170705_1543,Wednesday,122,DoS,1,train,lstm,Wednesday_SEG_007,False,False,Continuous chronological train block,Strict Level 1 Segment Atomicity & Sequence Boundary Isolation
1098,20170705_1544,Wednesday,123,DoS,1,train,lstm,Wednesday_SEG_007,False,False,Continuous chronological train block,Strict Level 1 Segment Atomicity & Sequence Boundary Isolation
1099,20170705_1545,Wednesday,124,DoS,1,train,lstm,Wednesday_SEG_007,False,False,Continuous chronological train block,Strict Level 1 Segment Atomicity & Sequence Boundary Isolation
1100,20170705_1546,Wednesday,125,DoS,1,train,lstm,Wednesday_SEG_007,False,False,Continuous chronological train block,Strict Level 1 Segment Atomicity & Sequence Boundary Isolation
1101,20170705_1547,Wednesday,126,DoS,1,train,lstm,Wednesday_SEG_007,False,False,Continuous chronological train block,Strict Level 1 Segment Atomicity & Sequence Boundary Isolation
1102,20170705_1548,Wednesday,127,DoS,1,train,lstm,Wednesday_SEG_007,False,False,Continuous chronological train block,Strict Level 1 Segment Atomicity & Sequence Boundary Isolation
1103,20170705_1549,Wednesday,128,DoS,1,train,lstm,Wednesday_SEG_007,False,False,Continuous chronological train block,Strict Level 1 Segment Atomicity & Sequence Boundary Isolation
1104,20170705_1550,Wednesday,129,DoS,1,train,lstm,Wednesday_SEG_007,False,False,Continuous chronological train block,Strict Level 1 Segment Atomicity & Sequence Boundary Isolation
1105,20170705_1551,Wednesday,130,DoS,1,train,lstm,Wednesday_SEG_007,False,False,Continuous chronological train block,Strict Level 1 Segment Atomicity & Sequence Boundary Isolation
1106,20170705_1552,Wednesday,131,DoS,1,train,lstm,Wednesday_SEG_007,False,False,Continuous chronological train block,Strict Level 1 Segment Atomicity & Sequence Boundary Isolation
1107,20170705_1553,Wednesday,132,DoS,1,train,lstm,Wednesday_SEG_007,False,False,Continuous chronological train block,Strict Level 1 Segment Atomicity & Sequence Boundary Isolation
1108,20170705_1554,Wednesday,133,DoS,1,train,lstm,Wednesday_SEG_007,False,False,Continuous chronological train block,Strict Level 1 Segment Atomicity & Sequence Boundary Isolation
1109,20170705_1555,Wednesday,134,DoS,1,train,lstm,Wednesday_SEG_007,False,False,Continuous chronological train block,Strict Level 1 Segment Atomicity & Sequence Boundary Isolation
1110,20170705_1556,Wednesday,135,DoS,1,train,lstm,Wednesday_SEG_007,False,False,Continuous chronological train block,Strict Level 1 Segment Atomicity & Sequence Boundary Isolation
1111,20170705_1557,Wednesday,136,DoS,1,train,lstm,Wednesday_SEG_007,False,False,Continuous chronological train block,Strict Level 1 Segment Atomicity & Sequence Boundary Isolation
1112,20170705_1558,Wednesday,137,DoS,1,train,lstm,Wednesday_SEG_007,False,False,Continuous chronological train block,Strict Level 1 Segment Atomicity & Sequence Boundary Isolation
1113,20170705_1559,Wednesday,138,DoS,1,train,lstm,Wednesday_SEG_007,False,False,Continuous chronological train block,Strict Level 1 Segment Atomicity & Sequence Boundary Isolation
1114,20170705_1600,Wednesday,139,DoS,1,train,lstm,Wednesday_SEG_007,False,False,Continuous chronological train block,Strict Level 1 Segment Atomicity & Sequence Boundary Isolation
1115,20170705_1601,Wednesday,140,DoS,1,train,lstm,Wednesday_SEG_007,False,False,Continuous chronological train block,Strict Level 1 Segment Atomicity & Sequence Boundary Isolation
1116,20170705_1602,Wednesday,141,BENIGN,0,train,lstm,Wednesday_GAP_008,False,False,Continuous chronological train block,Strict Level 1 Segment Atomicity & Sequence Boundary Isolation
1117,20170705_1603,Wednesday,142,BENIGN,0,train,lstm,Wednesday_GAP_008,False,False,Continuous chronological train block,Strict Level 1 Segment Atomicity & Sequence Boundary Isolation
1118,20170705_1604,Wednesday,143,BENIGN,0,train,lstm,Wednesday_GAP_008,False,False,Continuous chronological train block,Strict Level 1 Segment Atomicity & Sequence Boundary Isolation
1119,20170705_1605,Wednesday,144,BENIGN,0,train,lstm,Wednesday_GAP_008,False,False,Continuous chronological train block,Strict Level 1 Segment Atomicity & Sequence Boundary Isolation
1120,20170705_1606,Wednesday,145,DoS,1,train,lstm,Wednesday_SEG_008,False,False,Continuous chronological train block,Strict Level 1 Segment Atomicity & Sequence Boundary Isolation
1121,20170705_1607,Wednesday,146,DoS,1,train,lstm,Wednesday_SEG_008,False,False,Continuous chronological train block,Strict Level 1 Segment Atomicity & Sequence Boundary Isolation
1122,20170705_1608,Wednesday,147,BENIGN,0,train,lstm,Wednesday_GAP_009,False,False,Continuous chronological train block,Strict Level 1 Segment Atomicity & Sequence Boundary Isolation
1123,20170705_1609,Wednesday,148,BENIGN,0,train,lstm,Wednesday_GAP_009,False,False,Continuous chronological train block,Strict Level 1 Segment Atomicity & Sequence Boundary Isolation
1124,20170705_1610,Wednesday,149,DoS,1,train,lstm,Wednesday_SEG_009,False,False,Continuous chronological train block,Strict Level 1 Segment Atomicity & Sequence Boundary Isolation
1125,20170705_1611,Wednesday,150,DoS,1,train,lstm,Wednesday_SEG_009,False,False,Continuous chronological train block,Strict Level 1 Segment Atomicity & Sequence Boundary Isolation
1126,20170705_1612,Wednesday,151,DoS,1,train,lstm,Wednesday_SEG_009,False,False,Continuous chronological train block,Strict Level 1 Segment Atomicity & Sequence Boundary Isolation
1127,20170705_1613,Wednesday,152,DoS,1,train,lstm,Wednesday_SEG_009,False,False,Continuous chronological train block,Strict Level 1 Segment Atomicity & Sequence Boundary Isolation
1128,20170705_1614,Wednesday,153,DoS,1,train,lstm,Wednesday_SEG_009,False,False,Continuous chronological train block,Strict Level 1 Segment Atomicity & Sequence Boundary Isolation
1129,20170705_1615,Wednesday,154,BENIGN,0,train,lstm,Wednesday_GAP_010,False,False,Continuous chronological train block,Strict Level 1 Segment Atomicity & Sequence Boundary Isolation
1130,20170705_1616,Wednesday,155,BENIGN,0,train,lstm,Wednesday_GAP_010,False,False,Continuous chronological train block,Strict Level 1 Segment Atomicity & Sequence Boundary Isolation
1131,20170705_1617,Wednesday,156,DoS,1,train,lstm,Wednesday_SEG_010,False,False,Continuous chronological train block,Strict Level 1 Segment Atomicity & Sequence Boundary Isolation
1132,20170705_1618,Wednesday,157,DoS,1,train,lstm,Wednesday_SEG_010,False,False,Continuous chronological train block,Strict Level 1 Segment Atomicity & Sequence Boundary Isolation
1133,20170705_1619,Wednesday,158,DoS,1,train,lstm,Wednesday_SEG_010,False,False,Continuous chronological train block,Strict Level 1 Segment Atomicity & Sequence Boundary Isolation
1134,20170705_1620,Wednesday,159,BENIGN,0,train,lstm,Wednesday_GAP_011,False,False,Continuous chronological train block,Strict Level 1 Segment Atomicity & Sequence Boundary Isolation
1135,20170705_1621,Wednesday,160,BENIGN,0,train,lstm,Wednesday_GAP_011,False,False,Continuous chronological train block,Strict Level 1 Segment Atomicity & Sequence Boundary Isolation
1136,20170705_1622,Wednesday,161,BENIGN,0,train,lstm,Wednesday_GAP_011,False,False,Continuous chronological train block,Strict Level 1 Segment Atomicity & Sequence Boundary Isolation
1137,20170705_1623,Wednesday,162,BENIGN,0,train,lstm,Wednesday_GAP_011,False,False,Continuous chronological train block,Strict Level 1 Segment Atomicity & Sequence Boundary Isolation
1138,20170705_1624,Wednesday,163,BENIGN,0,train,lstm,Wednesday_GAP_011,False,False,Continuous chronological train block,Strict Level 1 Segment Atomicity & Sequence Boundary Isolation
1139,20170705_1625,Wednesday,164,BENIGN,0,train,lstm,Wednesday_GAP_011,False,False,Continuous chronological train block,Strict Level 1 Segment Atomicity & Sequence Boundary Isolation
1140,20170705_1626,Wednesday,165,BENIGN,0,train,lstm,Wednesday_GAP_011,False,False,Continuous chronological train block,Strict Level 1 Segment Atomicity & Sequence Boundary Isolation
1141,20170705_1627,Wednesday,166,BENIGN,0,train,lstm,Wednesday_GAP_011,False,False,Continuous chronological train block,Strict Level 1 Segment Atomicity & Sequence Boundary Isolation
1142,20170705_1628,Wednesday,167,BENIGN,0,train,lstm,Wednesday_GAP_011,False,False,Continuous chronological train block,Strict Level 1 Segment Atomicity & Sequence Boundary Isolation
1143,20170705_1629,Wednesday,168,BENIGN,0,train,lstm,Wednesday_GAP_011,False,False,Continuous chronological train block,Strict Level 1 Segment Atomicity & Sequence Boundary Isolation
1144,20170705_1630,Wednesday,169,BENIGN,0,train,lstm,Wednesday_GAP_011,False,False,Continuous chronological train block,Strict Level 1 Segment Atomicity & Sequence Boundary Isolation
1145,20170705_1631,Wednesday,170,BENIGN,0,train,lstm,Wednesday_GAP_011,False,False,Continuous chronological train block,Strict Level 1 Segment Atomicity & Sequence Boundary Isolation
1146,20170705_1632,Wednesday,171,BENIGN,0,train,lstm,Wednesday_GAP_011,False,False,Continuous chronological train block,Strict Level 1 Segment Atomicity & Sequence Boundary Isolation
1147,20170705_1633,Wednesday,172,BENIGN,0,train,lstm,Wednesday_GAP_011,False,False,Continuous chronological train block,Strict Level 1 Segment Atomicity & Sequence Boundary Isolation
1148,20170705_1634,Wednesday,173,BENIGN,0,train,lstm,Wednesday_GAP_011,False,False,Continuous chronological train block,Strict Level 1 Segment Atomicity & Sequence Boundary Isolation
1149,20170705_1635,Wednesday,174,BENIGN,0,train,lstm,Wednesday_GAP_011,False,False,Continuous chronological train block,Strict Level 1 Segment Atomicity & Sequence Boundary Isolation
1150,20170705_1636,Wednesday,175,BENIGN,0,train,lstm,Wednesday_GAP_011,False,False,Continuous chronological train block,Strict Level 1 Segment Atomicity & Sequence Boundary Isolation
1151,20170705_1637,Wednesday,176,BENIGN,0,train,lstm,Wednesday_GAP_011,False,False,Continuous chronological train block,Strict Level 1 Segment Atomicity & Sequence Boundary Isolation
1152,20170705_1638,Wednesday,177,BENIGN,0,train,lstm,Wednesday_GAP_011,False,False,Continuous chronological train block,Strict Level 1 Segment Atomicity & Sequence Boundary Isolation
1153,20170705_1639,Wednesday,178,BENIGN,0,train,lstm,Wednesday_GAP_011,False,False,Continuous chronological train block,Strict Level 1 Segment Atomicity & Sequence Boundary Isolation
1154,20170705_1640,Wednesday,179,BENIGN,0,train,lstm,Wednesday_GAP_011,False,False,Continuous chronological train block,Strict Level 1 Segment Atomicity & Sequence Boundary Isolation
1155,20170705_1641,Wednesday,180,BENIGN,0,train,lstm,Wednesday_GAP_011,False,False,Continuous chronological train block,Strict Level 1 Segment Atomicity & Sequence Boundary Isolation
1156,20170705_1642,Wednesday,181,BENIGN,0,train,lstm,Wednesday_GAP_011,False,False,Continuous chronological train block,Strict Level 1 Segment Atomicity & Sequence Boundary Isolation
1157,20170705_1643,Wednesday,182,BENIGN,0,train,lstm,Wednesday_GAP_011,False,False,Continuous chronological train block,Strict Level 1 Segment Atomicity & Sequence Boundary Isolation
1158,20170705_1644,Wednesday,183,BENIGN,0,train,lstm,Wednesday_GAP_011,False,False,Continuous chronological train block,Strict Level 1 Segment Atomicity & Sequence Boundary Isolation
1159,20170705_1645,Wednesday,184,BENIGN,0,train,lstm,Wednesday_GAP_011,False,False,Continuous chronological train block,Strict Level 1 Segment Atomicity & Sequence Boundary Isolation
1160,20170705_1646,Wednesday,185,BENIGN,0,train,lstm,Wednesday_GAP_011,False,False,Continuous chronological train block,Strict Level 1 Segment Atomicity & Sequence Boundary Isolation
1161,20170705_1647,Wednesday,186,BENIGN,0,train,lstm,Wednesday_GAP_011,False,False,Continuous chronological train block,Strict Level 1 Segment Atomicity & Sequence Boundary Isolation
1162,20170705_1648,Wednesday,187,BENIGN,0,train,lstm,Wednesday_GAP_011,False,False,Continuous chronological train block,Strict Level 1 Segment Atomicity & Sequence Boundary Isolation
1163,20170705_1649,Wednesday,188,BENIGN,0,train,lstm,Wednesday_GAP_011,False,False,Continuous chronological train block,Strict Level 1 Segment Atomicity & Sequence Boundary Isolation
1164,20170705_1650,Wednesday,189,BENIGN,0,train,lstm,Wednesday_GAP_011,False,False,Continuous chronological train block,Strict Level 1 Segment Atomicity & Sequence Boundary Isolation
1165,20170705_1651,Wednesday,190,BENIGN,0,train,lstm,Wednesday_GAP_011,False,False,Continuous chronological train block,Strict Level 1 Segment Atomicity & Sequence Boundary Isolation
1166,20170705_1652,Wednesday,191,BENIGN,0,train,lstm,Wednesday_GAP_011,False,False,Continuous chronological train block,Strict Level 1 Segment Atomicity & Sequence Boundary Isolation
1167,20170705_1653,Wednesday,192,BENIGN,0,train,lstm,Wednesday_GAP_011,False,False,Continuous chronological train block,Strict Level 1 Segment Atomicity & Sequence Boundary Isolation
1168,20170705_1654,Wednesday,193,BENIGN,0,train,lstm,Wednesday_GAP_011,False,False,Continuous chronological train block,Strict Level 1 Segment Atomicity & Sequence Boundary Isolation
1169,20170705_1655,Wednesday,194,BENIGN,0,train,lstm,Wednesday_GAP_011,False,False,Continuous chronological train block,Strict Level 1 Segment Atomicity & Sequence Boundary Isolation
1170,20170705_1656,Wednesday,195,BENIGN,0,train,lstm,Wednesday_GAP_011,False,False,Continuous chronological train block,Strict Level 1 Segment Atomicity & Sequence Boundary Isolation
1171,20170705_1657,Wednesday,196,BENIGN,0,train,lstm,Wednesday_GAP_011,False,False,Continuous chronological train block,Strict Level 1 Segment Atomicity & Sequence Boundary Isolation
1172,20170705_1658,Wednesday,197,BENIGN,0,train,lstm,Wednesday_GAP_011,False,False,Continuous chronological train block,Strict Level 1 Segment Atomicity & Sequence Boundary Isolation
1173,20170705_1659,Wednesday,198,BENIGN,0,train,lstm,Wednesday_GAP_011,False,False,Continuous chronological train block,Strict Level 1 Segment Atomicity & Sequence Boundary Isolation
1174,20170705_1700,Wednesday,199,BENIGN,0,train,lstm,Wednesday_GAP_011,False,False,Continuous chronological train block,Strict Level 1 Segment Atomicity & Sequence Boundary Isolation
1175,20170705_1701,Wednesday,200,BENIGN,0,train,lstm,Wednesday_GAP_011,False,False,Continuous chronological train block,Strict Level 1 Segment Atomicity & Sequence Boundary Isolation
1176,20170705_1702,Wednesday,201,BENIGN,0,train,lstm,Wednesday_GAP_011,False,False,Continuous chronological train block,Strict Level 1 Segment Atomicity & Sequence Boundary Isolation
1177,20170705_1703,Wednesday,202,BENIGN,0,train,lstm,Wednesday_GAP_011,False,False,Continuous chronological train block,Strict Level 1 Segment Atomicity & Sequence Boundary Isolation
1178,20170705_1704,Wednesday,203,BENIGN,0,train,lstm,Wednesday_GAP_011,False,False,Continuous chronological train block,Strict Level 1 Segment Atomicity & Sequence Boundary Isolation
1179,20170705_1705,Wednesday,204,BENIGN,0,train,lstm,Wednesday_GAP_011,False,False,Continuous chronological train block,Strict Level 1 Segment Atomicity & Sequence Boundary Isolation
1180,20170705_1706,Wednesday,205,BENIGN,0,train,lstm,Wednesday_GAP_011,False,False,Continuous chronological train block,Strict Level 1 Segment Atomicity & Sequence Boundary Isolation
1181,20170705_1707,Wednesday,206,BENIGN,0,train,lstm,Wednesday_GAP_011,False,False,Continuous chronological train block,Strict Level 1 Segment Atomicity & Sequence Boundary Isolation
1182,20170705_1708,Wednesday,207,BENIGN,0,train,lstm,Wednesday_GAP_011,False,False,Continuous chronological train block,Strict Level 1 Segment Atomicity & Sequence Boundary Isolation
1183,20170705_1709,Wednesday,208,BENIGN,0,train,lstm,Wednesday_GAP_011,False,False,Continuous chronological train block,Strict Level 1 Segment Atomicity & Sequence Boundary Isolation
1184,20170705_1710,Wednesday,209,BENIGN,0,train,lstm,Wednesday_GAP_011,False,False,Continuous chronological train block,Strict Level 1 Segment Atomicity & Sequence Boundary Isolation
1185,20170705_1711,Wednesday,210,BENIGN,0,train,lstm,Wednesday_GAP_011,False,False,Continuous chronological train block,Strict Level 1 Segment Atomicity & Sequence Boundary Isolation
1186,20170705_1712,Wednesday,211,BENIGN,0,train,lstm,Wednesday_GAP_011,False,False,Continuous chronological train block,Strict Level 1 Segment Atomicity & Sequence Boundary Isolation
1187,20170705_1713,Wednesday,212,BENIGN,0,train,lstm,Wednesday_GAP_011,False,False,Continuous chronological train block,Strict Level 1 Segment Atomicity & Sequence Boundary Isolation
1188,20170705_1714,Wednesday,213,BENIGN,0,train,lstm,Wednesday_GAP_011,False,False,Continuous chronological train block,Strict Level 1 Segment Atomicity & Sequence Boundary Isolation
1189,20170705_1715,Wednesday,214,BENIGN,0,train,lstm,Wednesday_GAP_011,False,False,Continuous chronological train block,Strict Level 1 Segment Atomicity & Sequence Boundary Isolation
1190,20170705_1716,Wednesday,215,BENIGN,0,train,lstm,Wednesday_GAP_011,False,False,Continuous chronological train block,Strict Level 1 Segment Atomicity & Sequence Boundary Isolation
1191,20170705_1717,Wednesday,216,BENIGN,0,train,lstm,Wednesday_GAP_011,False,False,Continuous chronological train block,Strict Level 1 Segment Atomicity & Sequence Boundary Isolation
1192,20170705_1718,Wednesday,217,BENIGN,0,train,lstm,Wednesday_GAP_011,False,False,Continuous chronological train block,Strict Level 1 Segment Atomicity & Sequence Boundary Isolation
1193,20170705_1719,Wednesday,218,BENIGN,0,train,lstm,Wednesday_GAP_011,False,False,Continuous chronological train block,Strict Level 1 Segment Atomicity & Sequence Boundary Isolation
1194,20170705_1720,Wednesday,219,BENIGN,0,train,lstm,Wednesday_GAP_011,False,False,Continuous chronological train block,Strict Level 1 Segment Atomicity & Sequence Boundary Isolation
1195,20170705_1721,Wednesday,220,BENIGN,0,train,lstm,Wednesday_GAP_011,False,False,Continuous chronological train block,Strict Level 1 Segment Atomicity & Sequence Boundary Isolation
1196,20170705_1722,Wednesday,221,BENIGN,0,train,lstm,Wednesday_GAP_011,False,False,Continuous chronological train block,Strict Level 1 Segment Atomicity & Sequence Boundary Isolation
1197,20170705_1723,Wednesday,222,BENIGN,0,train,lstm,Wednesday_GAP_011,False,False,Continuous chronological train block,Strict Level 1 Segment Atomicity & Sequence Boundary Isolation
1198,20170705_1724,Wednesday,223,BENIGN,0,train,lstm,Wednesday_GAP_011,False,False,Continuous chronological train block,Strict Level 1 Segment Atomicity & Sequence Boundary Isolation
1199,20170705_1725,Wednesday,224,BENIGN,0,train,lstm,Wednesday_GAP_011,False,False,Continuous chronological train block,Strict Level 1 Segment Atomicity & Sequence Boundary Isolation
1200,20170705_1726,Wednesday,225,BENIGN,0,train,lstm,Wednesday_GAP_011,False,False,Continuous chronological train block,Strict Level 1 Segment Atomicity & Sequence Boundary Isolation
1201,20170705_1727,Wednesday,226,BENIGN,0,train,lstm,Wednesday_GAP_011,False,False,Continuous chronological train block,Strict Level 1 Segment Atomicity & Sequence Boundary Isolation
1202,20170705_1728,Wednesday,227,BENIGN,0,train,lstm,Wednesday_GAP_011,False,False,Continuous chronological train block,Strict Level 1 Segment Atomicity & Sequence Boundary Isolation
1203,20170705_1729,Wednesday,228,BENIGN,0,train,lstm,Wednesday_GAP_011,False,False,Continuous chronological train block,Strict Level 1 Segment Atomicity & Sequence Boundary Isolation
1204,20170705_1730,Wednesday,229,BENIGN,0,train,lstm,Wednesday_GAP_011,False,False,Continuous chronological train block,Strict Level 1 Segment Atomicity & Sequence Boundary Isolation
1205,20170705_1731,Wednesday,230,BENIGN,0,train,lstm,Wednesday_GAP_011,False,False,Continuous chronological train block,Strict Level 1 Segment Atomicity & Sequence Boundary Isolation
1206,20170705_1732,Wednesday,231,BENIGN,0,train,lstm,Wednesday_GAP_011,False,False,Continuous chronological train block,Strict Level 1 Segment Atomicity & Sequence Boundary Isolation
1207,20170705_1733,Wednesday,232,BENIGN,0,train,lstm,Wednesday_GAP_011,False,False,Continuous chronological train block,Strict Level 1 Segment Atomicity & Sequence Boundary Isolation
1208,20170705_1734,Wednesday,233,BENIGN,0,train,lstm,Wednesday_GAP_011,False,False,Continuous chronological train block,Strict Level 1 Segment Atomicity & Sequence Boundary Isolation
1209,20170705_1735,Wednesday,234,BENIGN,0,train,lstm,Wednesday_GAP_011,False,False,Continuous chronological train block,Strict Level 1 Segment Atomicity & Sequence Boundary Isolation
1210,20170705_1736,Wednesday,235,BENIGN,0,train,lstm,Wednesday_GAP_011,False,False,Continuous chronological train block,Strict Level 1 Segment Atomicity & Sequence Boundary Isolation
1211,20170705_1737,Wednesday,236,BENIGN,0,train,lstm,Wednesday_GAP_011,False,False,Continuous chronological train block,Strict Level 1 Segment Atomicity & Sequence Boundary Isolation
1212,20170705_1738,Wednesday,237,BENIGN,0,train,lstm,Wednesday_GAP_011,False,False,Continuous chronological train block,Strict Level 1 Segment Atomicity & Sequence Boundary Isolation
1213,20170705_1739,Wednesday,238,BENIGN,0,train,lstm,Wednesday_GAP_011,False,False,Continuous chronological train block,Strict Level 1 Segment Atomicity & Sequence Boundary Isolation
1214,20170705_1740,Wednesday,239,BENIGN,0,train,lstm,Wednesday_GAP_011,False,False,Continuous chronological train block,Strict Level 1 Segment Atomicity & Sequence Boundary Isolation
1215,20170705_1741,Wednesday,240,BENIGN,0,train,lstm,Wednesday_GAP_011,False,False,Continuous chronological train block,Strict Level 1 Segment Atomicity & Sequence Boundary Isolation
1216,20170705_1742,Wednesday,241,BENIGN,0,train,lstm,Wednesday_GAP_011,False,False,Continuous chronological train block,Strict Level 1 Segment Atomicity & Sequence Boundary Isolation
1217,20170705_1743,Wednesday,242,BENIGN,0,train,lstm,Wednesday_GAP_011,False,False,Continuous chronological train block,Strict Level 1 Segment Atomicity & Sequence Boundary Isolation
1218,20170705_1744,Wednesday,243,BENIGN,0,train,lstm,Wednesday_GAP_011,False,False,Continuous chronological train block,Strict Level 1 Segment Atomicity & Sequence Boundary Isolation
1219,20170705_1745,Wednesday,244,BENIGN,0,train,lstm,Wednesday_GAP_011,False,False,Continuous chronological train block,Strict Level 1 Segment Atomicity & Sequence Boundary Isolation
1220,20170705_1746,Wednesday,245,BENIGN,0,train,lstm,Wednesday_GAP_011,False,False,Continuous chronological train block,Strict Level 1 Segment Atomicity & Sequence Boundary Isolation
1221,20170705_1747,Wednesday,246,BENIGN,0,train,lstm,Wednesday_GAP_011,False,False,Continuous chronological train block,Strict Level 1 Segment Atomicity & Sequence Boundary Isolation
1222,20170705_1748,Wednesday,247,BENIGN,0,train,lstm,Wednesday_GAP_011,False,False,Continuous chronological train block,Strict Level 1 Segment Atomicity & Sequence Boundary Isolation
1223,20170705_1749,Wednesday,248,BENIGN,0,train,lstm,Wednesday_GAP_011,False,False,Continuous chronological train block,Strict Level 1 Segment Atomicity & Sequence Boundary Isolation
1224,20170705_1750,Wednesday,249,BENIGN,0,train,lstm,Wednesday_GAP_011,False,False,Continuous chronological train block,Strict Level 1 Segment Atomicity & Sequence Boundary Isolation
1225,20170705_1751,Wednesday,250,BENIGN,0,train,lstm,Wednesday_GAP_011,False,False,Continuous chronological train block,Strict Level 1 Segment Atomicity & Sequence Boundary Isolation
1226,20170705_1752,Wednesday,251,BENIGN,0,train,lstm,Wednesday_GAP_011,False,False,Continuous chronological train block,Strict Level 1 Segment Atomicity & Sequence Boundary Isolation
1227,20170705_1753,Wednesday,252,BENIGN,0,train,lstm,Wednesday_GAP_011,False,False,Continuous chronological train block,Strict Level 1 Segment Atomicity & Sequence Boundary Isolation
1228,20170705_1754,Wednesday,253,BENIGN,0,train,lstm,Wednesday_GAP_011,False,False,Continuous chronological train block,Strict Level 1 Segment Atomicity & Sequence Boundary Isolation
1229,20170705_1755,Wednesday,254,BENIGN,0,train,lstm,Wednesday_GAP_011,False,False,Continuous chronological train block,Strict Level 1 Segment Atomicity & Sequence Boundary Isolation
1230,20170705_1756,Wednesday,255,BENIGN,0,train,lstm,Wednesday_GAP_011,False,False,Continuous chronological train block,Strict Level 1 Segment Atomicity & Sequence Boundary Isolation
1231,20170705_1757,Wednesday,256,BENIGN,0,train,lstm,Wednesday_GAP_011,False,False,Continuous chronological train block,Strict Level 1 Segment Atomicity & Sequence Boundary Isolation
1232,20170705_1758,Wednesday,257,BENIGN,0,train,lstm,Wednesday_GAP_011,False,False,Continuous chronological train block,Strict Level 1 Segment Atomicity & Sequence Boundary Isolation
1233,20170705_1759,Wednesday,258,BENIGN,0,train,lstm,Wednesday_GAP_011,False,False,Continuous chronological train block,Strict Level 1 Segment Atomicity & Sequence Boundary Isolation
1234,20170705_1800,Wednesday,259,BENIGN,0,train,lstm,Wednesday_GAP_011,False,False,Continuous chronological train block,Strict Level 1 Segment Atomicity & Sequence Boundary Isolation
1235,20170705_1801,Wednesday,260,BENIGN,0,train,lstm,Wednesday_GAP_011,False,False,Continuous chronological train block,Strict Level 1 Segment Atomicity & Sequence Boundary Isolation
1236,20170705_1802,Wednesday,261,BENIGN,0,train,lstm,Wednesday_GAP_011,False,False,Continuous chronological train block,Strict Level 1 Segment Atomicity & Sequence Boundary Isolation
1237,20170705_1803,Wednesday,262,BENIGN,0,train,lstm,Wednesday_GAP_011,False,False,Continuous chronological train block,Strict Level 1 Segment Atomicity & Sequence Boundary Isolation
1238,20170705_1804,Wednesday,263,BENIGN,0,train,lstm,Wednesday_GAP_011,False,False,Continuous chronological train block,Strict Level 1 Segment Atomicity & Sequence Boundary Isolation
1239,20170705_1805,Wednesday,264,BENIGN,0,train,lstm,Wednesday_GAP_011,False,False,Continuous chronological train block,Strict Level 1 Segment Atomicity & Sequence Boundary Isolation
1240,20170705_1806,Wednesday,265,BENIGN,0,train,lstm,Wednesday_GAP_011,False,False,Continuous chronological train block,Strict Level 1 Segment Atomicity & Sequence Boundary Isolation
1241,20170705_1807,Wednesday,266,BENIGN,0,train,lstm,Wednesday_GAP_011,False,False,Continuous chronological train block,Strict Level 1 Segment Atomicity & Sequence Boundary Isolation
1242,20170705_1808,Wednesday,267,BENIGN,0,train,lstm,Wednesday_GAP_011,False,False,Continuous chronological train block,Strict Level 1 Segment Atomicity & Sequence Boundary Isolation
1243,20170705_1809,Wednesday,268,BENIGN,0,train,lstm,Wednesday_GAP_011,False,False,Continuous chronological train block,Strict Level 1 Segment Atomicity & Sequence Boundary Isolation
1244,20170705_1810,Wednesday,269,BENIGN,0,train,lstm,Wednesday_GAP_011,False,False,Continuous chronological train block,Strict Level 1 Segment Atomicity & Sequence Boundary Isolation
1245,20170705_1811,Wednesday,270,BENIGN,0,train,lstm,Wednesday_GAP_011,False,False,Continuous chronological train block,Strict Level 1 Segment Atomicity & Sequence Boundary Isolation
1246,20170705_1812,Wednesday,271,BENIGN,0,train,lstm,Wednesday_GAP_011,False,False,Continuous chronological train block,Strict Level 1 Segment Atomicity & Sequence Boundary Isolation
1247,20170705_1813,Wednesday,272,BENIGN,0,train,lstm,Wednesday_GAP_011,False,False,Continuous chronological train block,Strict Level 1 Segment Atomicity & Sequence Boundary Isolation
1248,20170705_1814,Wednesday,273,BENIGN,0,train,lstm,Wednesday_GAP_011,False,False,Continuous chronological train block,Strict Level 1 Segment Atomicity & Sequence Boundary Isolation
1249,20170705_1815,Wednesday,274,BENIGN,0,train,lstm,Wednesday_GAP_011,False,False,Continuous chronological train block,Strict Level 1 Segment Atomicity & Sequence Boundary Isolation
1250,20170705_1816,Wednesday,275,BENIGN,0,train,lstm,Wednesday_GAP_011,False,False,Continuous chronological train block,Strict Level 1 Segment Atomicity & Sequence Boundary Isolation
1251,20170705_1817,Wednesday,276,BENIGN,0,train,lstm,Wednesday_GAP_011,False,False,Continuous chronological train block,Strict Level 1 Segment Atomicity & Sequence Boundary Isolation
1252,20170705_1818,Wednesday,277,BENIGN,0,train,lstm,Wednesday_GAP_011,False,False,Continuous chronological train block,Strict Level 1 Segment Atomicity & Sequence Boundary Isolation
1253,20170705_1819,Wednesday,278,BENIGN,0,train,lstm,Wednesday_GAP_011,False,False,Continuous chronological train block,Strict Level 1 Segment Atomicity & Sequence Boundary Isolation
1254,20170705_1820,Wednesday,279,BENIGN,0,train,lstm,Wednesday_GAP_011,False,False,Continuous chronological train block,Strict Level 1 Segment Atomicity & Sequence Boundary Isolation
1255,20170705_1821,Wednesday,280,BENIGN,0,train,lstm,Wednesday_GAP_011,False,False,Continuous chronological train block,Strict Level 1 Segment Atomicity & Sequence Boundary Isolation
1256,20170705_1822,Wednesday,281,BENIGN,0,train,lstm,Wednesday_GAP_011,False,False,Continuous chronological train block,Strict Level 1 Segment Atomicity & Sequence Boundary Isolation
1257,20170705_1823,Wednesday,282,BENIGN,0,train,lstm,Wednesday_GAP_011,False,False,Continuous chronological train block,Strict Level 1 Segment Atomicity & Sequence Boundary Isolation
1258,20170705_1824,Wednesday,283,BENIGN,0,train,lstm,Wednesday_GAP_011,False,False,Continuous chronological train block,Strict Level 1 Segment Atomicity & Sequence Boundary Isolation
1259,20170705_1825,Wednesday,284,BENIGN,0,train,lstm,Wednesday_GAP_011,False,False,Continuous chronological train block,Strict Level 1 Segment Atomicity & Sequence Boundary Isolation
1260,20170705_1826,Wednesday,285,BENIGN,0,train,lstm,Wednesday_GAP_011,False,False,Continuous chronological train block,Strict Level 1 Segment Atomicity & Sequence Boundary Isolation
1261,20170705_1827,Wednesday,286,BENIGN,0,train,lstm,Wednesday_GAP_011,False,False,Continuous chronological train block,Strict Level 1 Segment Atomicity & Sequence Boundary Isolation
1262,20170705_1828,Wednesday,287,BENIGN,0,train,lstm,Wednesday_GAP_011,False,False,Continuous chronological train block,Strict Level 1 Segment Atomicity & Sequence Boundary Isolation
1263,20170705_1829,Wednesday,288,BENIGN,0,train,lstm,Wednesday_GAP_011,False,False,Continuous chronological train block,Strict Level 1 Segment Atomicity & Sequence Boundary Isolation
1264,20170705_1830,Wednesday,289,BENIGN,0,train,lstm,Wednesday_GAP_011,False,False,Continuous chronological train block,Strict Level 1 Segment Atomicity & Sequence Boundary Isolation
1265,20170705_1831,Wednesday,290,BENIGN,0,train,lstm,Wednesday_GAP_011,False,False,Continuous chronological train block,Strict Level 1 Segment Atomicity & Sequence Boundary Isolation
1266,20170705_1832,Wednesday,291,BENIGN,0,train,lstm,Wednesday_GAP_011,False,False,Continuous chronological train block,Strict Level 1 Segment Atomicity & Sequence Boundary Isolation
1267,20170705_1833,Wednesday,292,BENIGN,0,train,lstm,Wednesday_GAP_011,False,False,Continuous chronological train block,Strict Level 1 Segment Atomicity & Sequence Boundary Isolation
1268,20170705_1834,Wednesday,293,BENIGN,0,train,lstm,Wednesday_GAP_011,False,False,Continuous chronological train block,Strict Level 1 Segment Atomicity & Sequence Boundary Isolation
1269,20170705_1835,Wednesday,294,BENIGN,0,train,lstm,Wednesday_GAP_011,False,False,Continuous chronological train block,Strict Level 1 Segment Atomicity & Sequence Boundary Isolation
1270,20170705_1836,Wednesday,295,BENIGN,0,train,lstm,Wednesday_GAP_011,False,False,Continuous chronological train block,Strict Level 1 Segment Atomicity & Sequence Boundary Isolation
1271,20170705_1837,Wednesday,296,BENIGN,0,train,lstm,Wednesday_GAP_011,False,False,Continuous chronological train block,Strict Level 1 Segment Atomicity & Sequence Boundary Isolation
1272,20170705_1838,Wednesday,297,BENIGN,0,train,lstm,Wednesday_GAP_011,False,False,Continuous chronological train block,Strict Level 1 Segment Atomicity & Sequence Boundary Isolation
1273,20170705_1839,Wednesday,298,BENIGN,0,train,lstm,Wednesday_GAP_011,False,False,Continuous chronological train block,Strict Level 1 Segment Atomicity & Sequence Boundary Isolation
1274,20170705_1840,Wednesday,299,BENIGN,0,train,lstm,Wednesday_GAP_011,False,False,Continuous chronological train block,Strict Level 1 Segment Atomicity & Sequence Boundary Isolation
1275,20170705_1841,Wednesday,300,BENIGN,0,train,lstm,Wednesday_GAP_011,False,False,Continuous chronological train block,Strict Level 1 Segment Atomicity & Sequence Boundary Isolation
1276,20170705_1842,Wednesday,301,BENIGN,0,train,lstm,Wednesday_GAP_011,False,False,Continuous chronological train block,Strict Level 1 Segment Atomicity & Sequence Boundary Isolation
1277,20170705_1843,Wednesday,302,BENIGN,0,train,lstm,Wednesday_GAP_011,False,False,Continuous chronological train block,Strict Level 1 Segment Atomicity & Sequence Boundary Isolation
1278,20170705_1844,Wednesday,303,BENIGN,0,train,lstm,Wednesday_GAP_011,False,False,Continuous chronological train block,Strict Level 1 Segment Atomicity & Sequence Boundary Isolation
1279,20170705_1845,Wednesday,304,BENIGN,0,train,lstm,Wednesday_GAP_011,False,False,Continuous chronological train block,Strict Level 1 Segment Atomicity & Sequence Boundary Isolation
1280,20170705_1846,Wednesday,305,BENIGN,0,train,lstm,Wednesday_GAP_011,False,False,Continuous chronological train block,Strict Level 1 Segment Atomicity & Sequence Boundary Isolation
1281,20170705_1847,Wednesday,306,BENIGN,0,train,lstm,Wednesday_GAP_011,False,False,Continuous chronological train block,Strict Level 1 Segment Atomicity & Sequence Boundary Isolation
1282,20170705_1848,Wednesday,307,BENIGN,0,train,lstm,Wednesday_GAP_011,False,False,Continuous chronological train block,Strict Level 1 Segment Atomicity & Sequence Boundary Isolation
1283,20170705_1849,Wednesday,308,BENIGN,0,train,lstm,Wednesday_GAP_011,False,False,Continuous chronological train block,Strict Level 1 Segment Atomicity & Sequence Boundary Isolation
1284,20170705_1850,Wednesday,309,BENIGN,0,train,lstm,Wednesday_GAP_011,False,False,Continuous chronological train block,Strict Level 1 Segment Atomicity & Sequence Boundary Isolation
1285,20170705_1851,Wednesday,310,BENIGN,0,train,lstm,Wednesday_GAP_011,False,False,Continuous chronological train block,Strict Level 1 Segment Atomicity & Sequence Boundary Isolation
1286,20170705_1852,Wednesday,311,BENIGN,0,train,lstm,Wednesday_GAP_011,False,False,Continuous chronological train block,Strict Level 1 Segment Atomicity & Sequence Boundary Isolation
1287,20170705_1853,Wednesday,312,BENIGN,0,train,lstm,Wednesday_GAP_011,False,False,Continuous chronological train block,Strict Level 1 Segment Atomicity & Sequence Boundary Isolation
1288,20170705_1854,Wednesday,313,BENIGN,0,train,lstm,Wednesday_GAP_011,False,False,Continuous chronological train block,Strict Level 1 Segment Atomicity & Sequence Boundary Isolation
1289,20170705_1855,Wednesday,314,BENIGN,0,train,lstm,Wednesday_GAP_011,False,False,Continuous chronological train block,Strict Level 1 Segment Atomicity & Sequence Boundary Isolation
1290,20170705_1856,Wednesday,315,BENIGN,0,train,lstm,Wednesday_GAP_011,False,False,Continuous chronological train block,Strict Level 1 Segment Atomicity & Sequence Boundary Isolation
1291,20170705_1857,Wednesday,316,BENIGN,0,train,lstm,Wednesday_GAP_011,False,False,Continuous chronological train block,Strict Level 1 Segment Atomicity & Sequence Boundary Isolation
1292,20170705_1858,Wednesday,317,BENIGN,0,train,lstm,Wednesday_GAP_011,False,False,Continuous chronological train block,Strict Level 1 Segment Atomicity & Sequence Boundary Isolation
1293,20170705_1859,Wednesday,318,BENIGN,0,train,lstm,Wednesday_GAP_011,False,False,Continuous chronological train block,Strict Level 1 Segment Atomicity & Sequence Boundary Isolation
1294,20170705_1900,Wednesday,319,BENIGN,0,train,lstm,Wednesday_GAP_011,False,False,Continuous chronological train block,Strict Level 1 Segment Atomicity & Sequence Boundary Isolation
1295,20170705_1901,Wednesday,320,BENIGN,0,train,lstm,Wednesday_GAP_011,False,False,Continuous chronological train block,Strict Level 1 Segment Atomicity & Sequence Boundary Isolation
1296,20170705_1902,Wednesday,321,BENIGN,0,train,lstm,Wednesday_GAP_011,False,False,Continuous chronological train block,Strict Level 1 Segment Atomicity & Sequence Boundary Isolation
1297,20170705_1903,Wednesday,322,BENIGN,0,train,lstm,Wednesday_GAP_011,False,False,Continuous chronological train block,Strict Level 1 Segment Atomicity & Sequence Boundary Isolation
1298,20170705_1904,Wednesday,323,BENIGN,0,train,lstm,Wednesday_GAP_011,False,False,Continuous chronological train block,Strict Level 1 Segment Atomicity & Sequence Boundary Isolation
1299,20170705_1905,Wednesday,324,BENIGN,0,train,lstm,Wednesday_GAP_011,False,False,Continuous chronological train block,Strict Level 1 Segment Atomicity & Sequence Boundary Isolation
1300,20170705_1906,Wednesday,325,BENIGN,0,train,lstm,Wednesday_GAP_011,False,False,Continuous chronological train block,Strict Level 1 Segment Atomicity & Sequence Boundary Isolation
1301,20170705_1907,Wednesday,326,BENIGN,0,train,lstm,Wednesday_GAP_011,False,False,Continuous chronological train block,Strict Level 1 Segment Atomicity & Sequence Boundary Isolation
1302,20170705_1908,Wednesday,327,BENIGN,0,train,lstm,Wednesday_GAP_011,False,False,Continuous chronological train block,Strict Level 1 Segment Atomicity & Sequence Boundary Isolation
1303,20170705_1909,Wednesday,328,BENIGN,0,train,lstm,Wednesday_GAP_011,False,False,Continuous chronological train block,Strict Level 1 Segment Atomicity & Sequence Boundary Isolation
1304,20170705_1910,Wednesday,329,BENIGN,0,train,lstm,Wednesday_GAP_011,False,False,Continuous chronological train block,Strict Level 1 Segment Atomicity & Sequence Boundary Isolation
1305,20170705_1911,Wednesday,330,BENIGN,0,train,lstm,Wednesday_GAP_011,False,False,Continuous chronological train block,Strict Level 1 Segment Atomicity & Sequence Boundary Isolation
1306,20170705_1912,Wednesday,331,BENIGN,0,train,lstm,Wednesday_GAP_011,False,False,Continuous chronological train block,Strict Level 1 Segment Atomicity & Sequence Boundary Isolation
1307,20170705_1913,Wednesday,332,BENIGN,0,train,lstm,Wednesday_GAP_011,False,False,Continuous chronological train block,Strict Level 1 Segment Atomicity & Sequence Boundary Isolation
1308,20170705_1914,Wednesday,333,BENIGN,0,train,lstm,Wednesday_GAP_011,False,False,Continuous chronological train block,Strict Level 1 Segment Atomicity & Sequence Boundary Isolation
1309,20170705_1915,Wednesday,334,BENIGN,0,train,lstm,Wednesday_GAP_011,False,False,Continuous chronological train block,Strict Level 1 Segment Atomicity & Sequence Boundary Isolation
1310,20170705_1916,Wednesday,335,BENIGN,0,train,lstm,Wednesday_GAP_011,False,False,Continuous chronological train block,Strict Level 1 Segment Atomicity & Sequence Boundary Isolation
1311,20170705_1917,Wednesday,336,BENIGN,0,train,lstm,Wednesday_GAP_011,False,False,Continuous chronological train block,Strict Level 1 Segment Atomicity & Sequence Boundary Isolation
1312,20170705_1918,Wednesday,337,BENIGN,0,train,lstm,Wednesday_GAP_011,False,False,Continuous chronological train block,Strict Level 1 Segment Atomicity & Sequence Boundary Isolation
1313,20170705_1919,Wednesday,338,BENIGN,0,train,lstm,Wednesday_GAP_011,False,False,Continuous chronological train block,Strict Level 1 Segment Atomicity & Sequence Boundary Isolation
1314,20170705_1920,Wednesday,339,BENIGN,0,train,lstm,Wednesday_GAP_011,False,False,Continuous chronological train block,Strict Level 1 Segment Atomicity & Sequence Boundary Isolation
1315,20170705_1921,Wednesday,340,BENIGN,0,train,lstm,Wednesday_GAP_011,False,False,Continuous chronological train block,Strict Level 1 Segment Atomicity & Sequence Boundary Isolation
1316,20170705_1922,Wednesday,341,BENIGN,0,train,lstm,Wednesday_GAP_011,False,False,Continuous chronological train block,Strict Level 1 Segment Atomicity & Sequence Boundary Isolation
1317,20170705_1923,Wednesday,342,BENIGN,0,train,lstm,Wednesday_GAP_011,False,False,Continuous chronological train block,Strict Level 1 Segment Atomicity & Sequence Boundary Isolation
1318,20170705_1924,Wednesday,343,BENIGN,0,train,lstm,Wednesday_GAP_011,False,False,Continuous chronological train block,Strict Level 1 Segment Atomicity & Sequence Boundary Isolation
1319,20170705_1925,Wednesday,344,BENIGN,0,train,lstm,Wednesday_GAP_011,False,False,Continuous chronological train block,Strict Level 1 Segment Atomicity & Sequence Boundary Isolation
1320,20170705_1926,Wednesday,345,BENIGN,0,train,lstm,Wednesday_GAP_011,False,False,Continuous chronological train block,Strict Level 1 Segment Atomicity & Sequence Boundary Isolation
1321,20170705_1927,Wednesday,346,BENIGN,0,train,lstm,Wednesday_GAP_011,False,False,Continuous chronological train block,Strict Level 1 Segment Atomicity & Sequence Boundary Isolation
1322,20170705_1928,Wednesday,347,BENIGN,0,buffer,lstm,Wednesday_GAP_011,True,False,10-window Train/Val boundary exclusion buffer,Strict Level 1 Segment Atomicity & Sequence Boundary Isolation
1323,20170705_1929,Wednesday,348,BENIGN,0,buffer,lstm,Wednesday_GAP_011,True,False,10-window Train/Val boundary exclusion buffer,Strict Level 1 Segment Atomicity & Sequence Boundary Isolation
1324,20170705_1930,Wednesday,349,BENIGN,0,buffer,lstm,Wednesday_GAP_011,True,False,10-window Train/Val boundary exclusion buffer,Strict Level 1 Segment Atomicity & Sequence Boundary Isolation
1325,20170705_1931,Wednesday,350,BENIGN,0,buffer,lstm,Wednesday_GAP_011,True,False,10-window Train/Val boundary exclusion buffer,Strict Level 1 Segment Atomicity & Sequence Boundary Isolation
1326,20170705_1932,Wednesday,351,BENIGN,0,buffer,lstm,Wednesday_GAP_011,True,False,10-window Train/Val boundary exclusion buffer,Strict Level 1 Segment Atomicity & Sequence Boundary Isolation
1327,20170705_1933,Wednesday,352,BENIGN,0,buffer,lstm,Wednesday_GAP_011,True,False,10-window Train/Val boundary exclusion buffer,Strict Level 1 Segment Atomicity & Sequence Boundary Isolation
1328,20170705_1934,Wednesday,353,BENIGN,0,buffer,lstm,Wednesday_GAP_011,True,False,10-window Train/Val boundary exclusion buffer,Strict Level 1 Segment Atomicity & Sequence Boundary Isolation
1329,20170705_1935,Wednesday,354,BENIGN,0,buffer,lstm,Wednesday_GAP_011,True,False,10-window Train/Val boundary exclusion buffer,Strict Level 1 Segment Atomicity & Sequence Boundary Isolation
1330,20170705_1936,Wednesday,355,BENIGN,0,buffer,lstm,Wednesday_GAP_011,True,False,10-window Train/Val boundary exclusion buffer,Strict Level 1 Segment Atomicity & Sequence Boundary Isolation
1331,20170705_1937,Wednesday,356,BENIGN,0,buffer,lstm,Wednesday_GAP_011,True,False,10-window Train/Val boundary exclusion buffer,Strict Level 1 Segment Atomicity & Sequence Boundary Isolation
1332,20170705_1938,Wednesday,357,BENIGN,0,validation,lstm,Wednesday_GAP_011,False,False,Continuous chronological validation block,Strict Level 1 Segment Atomicity & Sequence Boundary Isolation
1333,20170705_1939,Wednesday,358,BENIGN,0,validation,lstm,Wednesday_GAP_011,False,False,Continuous chronological validation block,Strict Level 1 Segment Atomicity & Sequence Boundary Isolation
1334,20170705_1940,Wednesday,359,BENIGN,0,validation,lstm,Wednesday_GAP_011,False,False,Continuous chronological validation block,Strict Level 1 Segment Atomicity & Sequence Boundary Isolation
1335,20170705_1941,Wednesday,360,BENIGN,0,validation,lstm,Wednesday_GAP_011,False,False,Continuous chronological validation block,Strict Level 1 Segment Atomicity & Sequence Boundary Isolation
1336,20170705_1942,Wednesday,361,BENIGN,0,validation,lstm,Wednesday_GAP_011,False,False,Continuous chronological validation block,Strict Level 1 Segment Atomicity & Sequence Boundary Isolation
1337,20170705_1943,Wednesday,362,BENIGN,0,validation,lstm,Wednesday_GAP_011,False,False,Continuous chronological validation block,Strict Level 1 Segment Atomicity & Sequence Boundary Isolation
1338,20170705_1944,Wednesday,363,BENIGN,0,validation,lstm,Wednesday_GAP_011,False,False,Continuous chronological validation block,Strict Level 1 Segment Atomicity & Sequence Boundary Isolation
1339,20170705_1945,Wednesday,364,BENIGN,0,validation,lstm,Wednesday_GAP_011,False,False,Continuous chronological validation block,Strict Level 1 Segment Atomicity & Sequence Boundary Isolation
1340,20170705_1946,Wednesday,365,BENIGN,0,validation,lstm,Wednesday_GAP_011,False,False,Continuous chronological validation block,Strict Level 1 Segment Atomicity & Sequence Boundary Isolation
1341,20170705_1947,Wednesday,366,BENIGN,0,validation,lstm,Wednesday_GAP_011,False,False,Continuous chronological validation block,Strict Level 1 Segment Atomicity & Sequence Boundary Isolation
1342,20170705_1948,Wednesday,367,BENIGN,0,validation,lstm,Wednesday_GAP_011,False,False,Continuous chronological validation block,Strict Level 1 Segment Atomicity & Sequence Boundary Isolation
1343,20170705_1949,Wednesday,368,BENIGN,0,validation,lstm,Wednesday_GAP_011,False,False,Continuous chronological validation block,Strict Level 1 Segment Atomicity & Sequence Boundary Isolation
1344,20170705_1950,Wednesday,369,BENIGN,0,validation,lstm,Wednesday_GAP_011,False,False,Continuous chronological validation block,Strict Level 1 Segment Atomicity & Sequence Boundary Isolation
1345,20170705_1951,Wednesday,370,BENIGN,0,validation,lstm,Wednesday_GAP_011,False,False,Continuous chronological validation block,Strict Level 1 Segment Atomicity & Sequence Boundary Isolation
1346,20170705_1952,Wednesday,371,BENIGN,0,validation,lstm,Wednesday_GAP_011,False,False,Continuous chronological validation block,Strict Level 1 Segment Atomicity & Sequence Boundary Isolation
1347,20170705_1953,Wednesday,372,BENIGN,0,validation,lstm,Wednesday_GAP_011,False,False,Continuous chronological validation block,Strict Level 1 Segment Atomicity & Sequence Boundary Isolation
1348,20170705_1954,Wednesday,373,BENIGN,0,validation,lstm,Wednesday_GAP_011,False,False,Continuous chronological validation block,Strict Level 1 Segment Atomicity & Sequence Boundary Isolation
1349,20170705_1955,Wednesday,374,BENIGN,0,validation,lstm,Wednesday_GAP_011,False,False,Continuous chronological validation block,Strict Level 1 Segment Atomicity & Sequence Boundary Isolation
1350,20170705_1956,Wednesday,375,BENIGN,0,validation,lstm,Wednesday_GAP_011,False,False,Continuous chronological validation block,Strict Level 1 Segment Atomicity & Sequence Boundary Isolation
1351,20170705_1957,Wednesday,376,BENIGN,0,validation,lstm,Wednesday_GAP_011,False,False,Continuous chronological validation block,Strict Level 1 Segment Atomicity & Sequence Boundary Isolation
1352,20170705_1958,Wednesday,377,BENIGN,0,validation,lstm,Wednesday_GAP_011,False,False,Continuous chronological validation block,Strict Level 1 Segment Atomicity & Sequence Boundary Isolation
1353,20170705_1959,Wednesday,378,BENIGN,0,validation,lstm,Wednesday_GAP_011,False,False,Continuous chronological validation block,Strict Level 1 Segment Atomicity & Sequence Boundary Isolation
1354,20170705_2000,Wednesday,379,BENIGN,0,validation,lstm,Wednesday_GAP_011,False,False,Continuous chronological validation block,Strict Level 1 Segment Atomicity & Sequence Boundary Isolation
1355,20170705_2001,Wednesday,380,BENIGN,0,validation,lstm,Wednesday_GAP_011,False,False,Continuous chronological validation block,Strict Level 1 Segment Atomicity & Sequence Boundary Isolation
1356,20170705_2002,Wednesday,381,BENIGN,0,validation,lstm,Wednesday_GAP_011,False,False,Continuous chronological validation block,Strict Level 1 Segment Atomicity & Sequence Boundary Isolation
1357,20170705_2003,Wednesday,382,BENIGN,0,validation,lstm,Wednesday_GAP_011,False,False,Continuous chronological validation block,Strict Level 1 Segment Atomicity & Sequence Boundary Isolation
1358,20170705_2004,Wednesday,383,BENIGN,0,validation,lstm,Wednesday_GAP_011,False,False,Continuous chronological validation block,Strict Level 1 Segment Atomicity & Sequence Boundary Isolation
1359,20170705_2005,Wednesday,384,BENIGN,0,validation,lstm,Wednesday_GAP_011,False,False,Continuous chronological validation block,Strict Level 1 Segment Atomicity & Sequence Boundary Isolation
1360,20170705_2006,Wednesday,385,BENIGN,0,validation,lstm,Wednesday_GAP_011,False,False,Continuous chronological validation block,Strict Level 1 Segment Atomicity & Sequence Boundary Isolation
1361,20170705_2007,Wednesday,386,BENIGN,0,validation,lstm,Wednesday_GAP_011,False,False,Continuous chronological validation block,Strict Level 1 Segment Atomicity & Sequence Boundary Isolation
1362,20170705_2008,Wednesday,387,BENIGN,0,validation,lstm,Wednesday_GAP_011,False,False,Continuous chronological validation block,Strict Level 1 Segment Atomicity & Sequence Boundary Isolation
1363,20170705_2009,Wednesday,388,BENIGN,0,validation,lstm,Wednesday_GAP_011,False,False,Continuous chronological validation block,Strict Level 1 Segment Atomicity & Sequence Boundary Isolation
1364,20170705_2010,Wednesday,389,BENIGN,0,validation,lstm,Wednesday_GAP_011,False,False,Continuous chronological validation block,Strict Level 1 Segment Atomicity & Sequence Boundary Isolation
1365,20170705_2011,Wednesday,390,BENIGN,0,validation,lstm,Wednesday_GAP_011,False,False,Continuous chronological validation block,Strict Level 1 Segment Atomicity & Sequence Boundary Isolation
1366,20170705_2012,Wednesday,391,ATTACK,1,validation,lstm,Wednesday_SEG_011,False,False,Continuous chronological validation block,Strict Level 1 Segment Atomicity & Sequence Boundary Isolation
1367,20170705_2013,Wednesday,392,BENIGN,0,validation,lstm,Wednesday_GAP_012,False,False,Continuous chronological validation block,Strict Level 1 Segment Atomicity & Sequence Boundary Isolation
1368,20170705_2014,Wednesday,393,ATTACK,1,validation,lstm,Wednesday_SEG_012,False,False,Continuous chronological validation block,Strict Level 1 Segment Atomicity & Sequence Boundary Isolation
1369,20170705_2015,Wednesday,394,BENIGN,0,validation,lstm,Wednesday_GAP_013,False,False,Continuous chronological validation block,Strict Level 1 Segment Atomicity & Sequence Boundary Isolation
1370,20170705_2016,Wednesday,395,ATTACK,1,validation,lstm,Wednesday_SEG_013,False,False,Continuous chronological validation block,Strict Level 1 Segment Atomicity & Sequence Boundary Isolation
1371,20170705_2017,Wednesday,396,BENIGN,0,validation,lstm,Wednesday_GAP_014,False,False,Continuous chronological validation block,Strict Level 1 Segment Atomicity & Sequence Boundary Isolation
1372,20170705_2018,Wednesday,397,ATTACK,1,validation,lstm,Wednesday_SEG_014,False,False,Continuous chronological validation block,Strict Level 1 Segment Atomicity & Sequence Boundary Isolation
1373,20170705_2019,Wednesday,398,BENIGN,0,validation,lstm,Wednesday_GAP_015,False,False,Continuous chronological validation block,Strict Level 1 Segment Atomicity & Sequence Boundary Isolation
1374,20170705_2020,Wednesday,399,ATTACK,1,validation,lstm,Wednesday_SEG_015,False,False,Continuous chronological validation block,Strict Level 1 Segment Atomicity & Sequence Boundary Isolation
1375,20170705_2021,Wednesday,400,BENIGN,0,validation,lstm,Wednesday_GAP_016,False,False,Continuous chronological validation block,Strict Level 1 Segment Atomicity & Sequence Boundary Isolation
1376,20170705_2022,Wednesday,401,ATTACK,1,validation,lstm,Wednesday_SEG_016,False,False,Continuous chronological validation block,Strict Level 1 Segment Atomicity & Sequence Boundary Isolation
1377,20170705_2023,Wednesday,402,BENIGN,0,validation,lstm,Wednesday_GAP_017,False,False,Continuous chronological validation block,Strict Level 1 Segment Atomicity & Sequence Boundary Isolation
1378,20170705_2024,Wednesday,403,ATTACK,1,validation,lstm,Wednesday_SEG_017,False,False,Continuous chronological validation block,Strict Level 1 Segment Atomicity & Sequence Boundary Isolation
1379,20170705_2025,Wednesday,404,BENIGN,0,validation,lstm,Wednesday_GAP_018,False,False,Continuous chronological validation block,Strict Level 1 Segment Atomicity & Sequence Boundary Isolation
1380,20170705_2026,Wednesday,405,ATTACK,1,validation,lstm,Wednesday_SEG_018,False,False,Continuous chronological validation block,Strict Level 1 Segment Atomicity & Sequence Boundary Isolation
1381,20170705_2027,Wednesday,406,BENIGN,0,validation,lstm,Wednesday_GAP_019,False,False,Continuous chronological validation block,Strict Level 1 Segment Atomicity & Sequence Boundary Isolation
1382,20170705_2028,Wednesday,407,ATTACK,1,validation,lstm,Wednesday_SEG_019,False,False,Continuous chronological validation block,Strict Level 1 Segment Atomicity & Sequence Boundary Isolation
1383,20170705_2029,Wednesday,408,BENIGN,0,validation,lstm,Wednesday_GAP_020,False,False,Continuous chronological validation block,Strict Level 1 Segment Atomicity & Sequence Boundary Isolation
1384,20170705_2030,Wednesday,409,ATTACK,1,validation,lstm,Wednesday_SEG_020,False,False,Continuous chronological validation block,Strict Level 1 Segment Atomicity & Sequence Boundary Isolation
1385,20170705_2031,Wednesday,410,BENIGN,0,validation,lstm,Wednesday_GAP_021,False,False,Continuous chronological validation block,Strict Level 1 Segment Atomicity & Sequence Boundary Isolation
1386,20170705_2032,Wednesday,411,ATTACK,1,validation,lstm,Wednesday_SEG_021,False,False,Continuous chronological validation block,Strict Level 1 Segment Atomicity & Sequence Boundary Isolation
1387,20170705_2033,Wednesday,412,BENIGN,0,validation,lstm,Wednesday_GAP_022,False,False,Continuous chronological validation block,Strict Level 1 Segment Atomicity & Sequence Boundary Isolation
1388,20170705_2034,Wednesday,413,BENIGN,0,validation,lstm,Wednesday_GAP_022,False,False,Continuous chronological validation block,Strict Level 1 Segment Atomicity & Sequence Boundary Isolation
1389,20170705_2035,Wednesday,414,BENIGN,0,validation,lstm,Wednesday_GAP_022,False,False,Continuous chronological validation block,Strict Level 1 Segment Atomicity & Sequence Boundary Isolation
1390,20170705_2036,Wednesday,415,BENIGN,0,validation,lstm,Wednesday_GAP_022,False,False,Continuous chronological validation block,Strict Level 1 Segment Atomicity & Sequence Boundary Isolation
1391,20170705_2037,Wednesday,416,BENIGN,0,validation,lstm,Wednesday_GAP_022,False,False,Continuous chronological validation block,Strict Level 1 Segment Atomicity & Sequence Boundary Isolation
1392,20170705_2038,Wednesday,417,BENIGN,0,validation,lstm,Wednesday_GAP_022,False,False,Continuous chronological validation block,Strict Level 1 Segment Atomicity & Sequence Boundary Isolation
1393,20170705_2039,Wednesday,418,BENIGN,0,validation,lstm,Wednesday_GAP_022,False,False,Continuous chronological validation block,Strict Level 1 Segment Atomicity & Sequence Boundary Isolation
1394,20170705_2040,Wednesday,419,BENIGN,0,validation,lstm,Wednesday_GAP_022,False,False,Continuous chronological validation block,Strict Level 1 Segment Atomicity & Sequence Boundary Isolation
1395,20170705_2041,Wednesday,420,BENIGN,0,validation,lstm,Wednesday_GAP_022,False,False,Continuous chronological validation block,Strict Level 1 Segment Atomicity & Sequence Boundary Isolation
1396,20170705_2042,Wednesday,421,BENIGN,0,validation,lstm,Wednesday_GAP_022,False,False,Continuous chronological validation block,Strict Level 1 Segment Atomicity & Sequence Boundary Isolation
1397,20170705_2043,Wednesday,422,BENIGN,0,buffer,lstm,Wednesday_GAP_022,True,False,10-window Val/Test boundary exclusion buffer,Strict Level 1 Segment Atomicity & Sequence Boundary Isolation
1398,20170705_2044,Wednesday,423,BENIGN,0,buffer,lstm,Wednesday_GAP_022,True,False,10-window Val/Test boundary exclusion buffer,Strict Level 1 Segment Atomicity & Sequence Boundary Isolation
1399,20170705_2045,Wednesday,424,BENIGN,0,buffer,lstm,Wednesday_GAP_022,True,False,10-window Val/Test boundary exclusion buffer,Strict Level 1 Segment Atomicity & Sequence Boundary Isolation
1400,20170705_2046,Wednesday,425,BENIGN,0,buffer,lstm,Wednesday_GAP_022,True,False,10-window Val/Test boundary exclusion buffer,Strict Level 1 Segment Atomicity & Sequence Boundary Isolation
1401,20170705_2047,Wednesday,426,BENIGN,0,buffer,lstm,Wednesday_GAP_022,True,False,10-window Val/Test boundary exclusion buffer,Strict Level 1 Segment Atomicity & Sequence Boundary Isolation
1402,20170705_2048,Wednesday,427,BENIGN,0,buffer,lstm,Wednesday_GAP_022,True,False,10-window Val/Test boundary exclusion buffer,Strict Level 1 Segment Atomicity & Sequence Boundary Isolation
1403,20170705_2049,Wednesday,428,BENIGN,0,buffer,lstm,Wednesday_GAP_022,True,False,10-window Val/Test boundary exclusion buffer,Strict Level 1 Segment Atomicity & Sequence Boundary Isolation
1404,20170705_2050,Wednesday,429,BENIGN,0,buffer,lstm,Wednesday_GAP_022,True,False,10-window Val/Test boundary exclusion buffer,Strict Level 1 Segment Atomicity & Sequence Boundary Isolation
1405,20170705_2051,Wednesday,430,BENIGN,0,buffer,lstm,Wednesday_GAP_022,True,False,10-window Val/Test boundary exclusion buffer,Strict Level 1 Segment Atomicity & Sequence Boundary Isolation
1406,20170705_2052,Wednesday,431,BENIGN,0,buffer,lstm,Wednesday_GAP_022,True,False,10-window Val/Test boundary exclusion buffer,Strict Level 1 Segment Atomicity & Sequence Boundary Isolation
1407,20170705_2053,Wednesday,432,BENIGN,0,test,lstm,Wednesday_GAP_022,False,False,Continuous chronological test block,Strict Level 1 Segment Atomicity & Sequence Boundary Isolation
1408,20170705_2054,Wednesday,433,BENIGN,0,test,lstm,Wednesday_GAP_022,False,False,Continuous chronological test block,Strict Level 1 Segment Atomicity & Sequence Boundary Isolation
1409,20170705_2055,Wednesday,434,BENIGN,0,test,lstm,Wednesday_GAP_022,False,False,Continuous chronological test block,Strict Level 1 Segment Atomicity & Sequence Boundary Isolation
1410,20170705_2056,Wednesday,435,BENIGN,0,test,lstm,Wednesday_GAP_022,False,False,Continuous chronological test block,Strict Level 1 Segment Atomicity & Sequence Boundary Isolation
1411,20170705_2057,Wednesday,436,BENIGN,0,test,lstm,Wednesday_GAP_022,False,False,Continuous chronological test block,Strict Level 1 Segment Atomicity & Sequence Boundary Isolation
1412,20170705_2058,Wednesday,437,BENIGN,0,test,lstm,Wednesday_GAP_022,False,False,Continuous chronological test block,Strict Level 1 Segment Atomicity & Sequence Boundary Isolation
1413,20170705_2059,Wednesday,438,BENIGN,0,test,lstm,Wednesday_GAP_022,False,False,Continuous chronological test block,Strict Level 1 Segment Atomicity & Sequence Boundary Isolation
1414,20170705_2100,Wednesday,439,BENIGN,0,test,lstm,Wednesday_GAP_022,False,False,Continuous chronological test block,Strict Level 1 Segment Atomicity & Sequence Boundary Isolation
1415,20170705_2101,Wednesday,440,BENIGN,0,test,lstm,Wednesday_GAP_022,False,False,Continuous chronological test block,Strict Level 1 Segment Atomicity & Sequence Boundary Isolation
1416,20170705_2102,Wednesday,441,BENIGN,0,test,lstm,Wednesday_GAP_022,False,False,Continuous chronological test block,Strict Level 1 Segment Atomicity & Sequence Boundary Isolation
1417,20170705_2103,Wednesday,442,BENIGN,0,test,lstm,Wednesday_GAP_022,False,False,Continuous chronological test block,Strict Level 1 Segment Atomicity & Sequence Boundary Isolation
1418,20170705_2104,Wednesday,443,BENIGN,0,test,lstm,Wednesday_GAP_022,False,False,Continuous chronological test block,Strict Level 1 Segment Atomicity & Sequence Boundary Isolation
1419,20170705_2105,Wednesday,444,BENIGN,0,test,lstm,Wednesday_GAP_022,False,False,Continuous chronological test block,Strict Level 1 Segment Atomicity & Sequence Boundary Isolation
1420,20170705_2106,Wednesday,445,BENIGN,0,test,lstm,Wednesday_GAP_022,False,False,Continuous chronological test block,Strict Level 1 Segment Atomicity & Sequence Boundary Isolation
1421,20170705_2107,Wednesday,446,BENIGN,0,test,lstm,Wednesday_GAP_022,False,False,Continuous chronological test block,Strict Level 1 Segment Atomicity & Sequence Boundary Isolation
1422,20170705_2108,Wednesday,447,BENIGN,0,test,lstm,Wednesday_GAP_022,False,False,Continuous chronological test block,Strict Level 1 Segment Atomicity & Sequence Boundary Isolation
1423,20170705_2109,Wednesday,448,BENIGN,0,test,lstm,Wednesday_GAP_022,False,False,Continuous chronological test block,Strict Level 1 Segment Atomicity & Sequence Boundary Isolation
1424,20170705_2110,Wednesday,449,BENIGN,0,test,lstm,Wednesday_GAP_022,False,False,Continuous chronological test block,Strict Level 1 Segment Atomicity & Sequence Boundary Isolation
1425,20170705_2111,Wednesday,450,BENIGN,0,test,lstm,Wednesday_GAP_022,False,False,Continuous chronological test block,Strict Level 1 Segment Atomicity & Sequence Boundary Isolation
1426,20170705_2112,Wednesday,451,BENIGN,0,test,lstm,Wednesday_GAP_022,False,False,Continuous chronological test block,Strict Level 1 Segment Atomicity & Sequence Boundary Isolation
1427,20170705_2113,Wednesday,452,BENIGN,0,test,lstm,Wednesday_GAP_022,False,False,Continuous chronological test block,Strict Level 1 Segment Atomicity & Sequence Boundary Isolation
1428,20170705_2114,Wednesday,453,BENIGN,0,test,lstm,Wednesday_GAP_022,False,False,Continuous chronological test block,Strict Level 1 Segment Atomicity & Sequence Boundary Isolation
1429,20170705_2115,Wednesday,454,BENIGN,0,test,lstm,Wednesday_GAP_022,False,False,Continuous chronological test block,Strict Level 1 Segment Atomicity & Sequence Boundary Isolation
1430,20170705_2116,Wednesday,455,BENIGN,0,test,lstm,Wednesday_GAP_022,False,False,Continuous chronological test block,Strict Level 1 Segment Atomicity & Sequence Boundary Isolation
1431,20170705_2117,Wednesday,456,BENIGN,0,test,lstm,Wednesday_GAP_022,False,False,Continuous chronological test block,Strict Level 1 Segment Atomicity & Sequence Boundary Isolation
1432,20170705_2118,Wednesday,457,BENIGN,0,test,lstm,Wednesday_GAP_022,False,False,Continuous chronological test block,Strict Level 1 Segment Atomicity & Sequence Boundary Isolation
1433,20170705_2119,Wednesday,458,BENIGN,0,test,lstm,Wednesday_GAP_022,False,False,Continuous chronological test block,Strict Level 1 Segment Atomicity & Sequence Boundary Isolation
1434,20170705_2120,Wednesday,459,BENIGN,0,test,lstm,Wednesday_GAP_022,False,False,Continuous chronological test block,Strict Level 1 Segment Atomicity & Sequence Boundary Isolation
1435,20170705_2121,Wednesday,460,BENIGN,0,test,lstm,Wednesday_GAP_022,False,False,Continuous chronological test block,Strict Level 1 Segment Atomicity & Sequence Boundary Isolation
1436,20170705_2122,Wednesday,461,BENIGN,0,test,lstm,Wednesday_GAP_022,False,False,Continuous chronological test block,Strict Level 1 Segment Atomicity & Sequence Boundary Isolation
1437,20170705_2123,Wednesday,462,BENIGN,0,test,lstm,Wednesday_GAP_022,False,False,Continuous chronological test block,Strict Level 1 Segment Atomicity & Sequence Boundary Isolation
1438,20170705_2124,Wednesday,463,BENIGN,0,test,lstm,Wednesday_GAP_022,False,False,Continuous chronological test block,Strict Level 1 Segment Atomicity & Sequence Boundary Isolation
1439,20170705_2125,Wednesday,464,BENIGN,0,test,lstm,Wednesday_GAP_022,False,False,Continuous chronological test block,Strict Level 1 Segment Atomicity & Sequence Boundary Isolation
1440,20170705_2126,Wednesday,465,BENIGN,0,test,lstm,Wednesday_GAP_022,False,False,Continuous chronological test block,Strict Level 1 Segment Atomicity & Sequence Boundary Isolation
1441,20170705_2127,Wednesday,466,BENIGN,0,test,lstm,Wednesday_GAP_022,False,False,Continuous chronological test block,Strict Level 1 Segment Atomicity & Sequence Boundary Isolation
1442,20170705_2128,Wednesday,467,BENIGN,0,test,lstm,Wednesday_GAP_022,False,False,Continuous chronological test block,Strict Level 1 Segment Atomicity & Sequence Boundary Isolation
1443,20170705_2129,Wednesday,468,BENIGN,0,test,lstm,Wednesday_GAP_022,False,False,Continuous chronological test block,Strict Level 1 Segment Atomicity & Sequence Boundary Isolation
1444,20170705_2130,Wednesday,469,BENIGN,0,test,lstm,Wednesday_GAP_022,False,False,Continuous chronological test block,Strict Level 1 Segment Atomicity & Sequence Boundary Isolation
1445,20170705_2131,Wednesday,470,BENIGN,0,test,lstm,Wednesday_GAP_022,False,False,Continuous chronological test block,Strict Level 1 Segment Atomicity & Sequence Boundary Isolation
1446,20170705_2132,Wednesday,471,BENIGN,0,test,lstm,Wednesday_GAP_022,False,False,Continuous chronological test block,Strict Level 1 Segment Atomicity & Sequence Boundary Isolation
1447,20170705_2133,Wednesday,472,BENIGN,0,test,lstm,Wednesday_GAP_022,False,False,Continuous chronological test block,Strict Level 1 Segment Atomicity & Sequence Boundary Isolation
1448,20170705_2134,Wednesday,473,BENIGN,0,test,lstm,Wednesday_GAP_022,False,False,Continuous chronological test block,Strict Level 1 Segment Atomicity & Sequence Boundary Isolation
1449,20170705_2135,Wednesday,474,BENIGN,0,test,lstm,Wednesday_GAP_022,False,False,Continuous chronological test block,Strict Level 1 Segment Atomicity & Sequence Boundary Isolation
1450,20170705_2136,Wednesday,475,BENIGN,0,test,lstm,Wednesday_GAP_022,False,False,Continuous chronological test block,Strict Level 1 Segment Atomicity & Sequence Boundary Isolation
1451,20170705_2137,Wednesday,476,BENIGN,0,test,lstm,Wednesday_GAP_022,False,False,Continuous chronological test block,Strict Level 1 Segment Atomicity & Sequence Boundary Isolation
1452,20170705_2138,Wednesday,477,BENIGN,0,test,lstm,Wednesday_GAP_022,False,False,Continuous chronological test block,Strict Level 1 Segment Atomicity & Sequence Boundary Isolation
1453,20170705_2139,Wednesday,478,BENIGN,0,test,lstm,Wednesday_GAP_022,False,False,Continuous chronological test block,Strict Level 1 Segment Atomicity & Sequence Boundary Isolation
1454,20170705_2140,Wednesday,479,BENIGN,0,test,lstm,Wednesday_GAP_022,False,False,Continuous chronological test block,Strict Level 1 Segment Atomicity & Sequence Boundary Isolation
1455,20170705_2141,Wednesday,480,BENIGN,0,test,lstm,Wednesday_GAP_022,False,False,Continuous chronological test block,Strict Level 1 Segment Atomicity & Sequence Boundary Isolation
1456,20170705_2142,Wednesday,481,BENIGN,0,test,lstm,Wednesday_GAP_022,False,False,Continuous chronological test block,Strict Level 1 Segment Atomicity & Sequence Boundary Isolation
1457,20170705_2143,Wednesday,482,BENIGN,0,test,lstm,Wednesday_GAP_022,False,False,Continuous chronological test block,Strict Level 1 Segment Atomicity & Sequence Boundary Isolation
1458,20170705_2144,Wednesday,483,BENIGN,0,test,lstm,Wednesday_GAP_022,False,False,Continuous chronological test block,Strict Level 1 Segment Atomicity & Sequence Boundary Isolation
1459,20170705_2145,Wednesday,484,BENIGN,0,test,lstm,Wednesday_GAP_022,False,False,Continuous chronological test block,Strict Level 1 Segment Atomicity & Sequence Boundary Isolation
1460,20170705_2146,Wednesday,485,BENIGN,0,test,lstm,Wednesday_GAP_022,False,False,Continuous chronological test block,Strict Level 1 Segment Atomicity & Sequence Boundary Isolation
1461,20170705_2147,Wednesday,486,BENIGN,0,test,lstm,Wednesday_GAP_022,False,False,Continuous chronological test block,Strict Level 1 Segment Atomicity & Sequence Boundary Isolation
1462,20170705_2148,Wednesday,487,BENIGN,0,test,lstm,Wednesday_GAP_022,False,False,Continuous chronological test block,Strict Level 1 Segment Atomicity & Sequence Boundary Isolation
1463,20170705_2149,Wednesday,488,BENIGN,0,test,lstm,Wednesday_GAP_022,False,False,Continuous chronological test block,Strict Level 1 Segment Atomicity & Sequence Boundary Isolation
1464,20170705_2150,Wednesday,489,BENIGN,0,test,lstm,Wednesday_GAP_022,False,False,Continuous chronological test block,Strict Level 1 Segment Atomicity & Sequence Boundary Isolation
1465,20170705_2151,Wednesday,490,BENIGN,0,test,lstm,Wednesday_GAP_022,False,False,Continuous chronological test block,Strict Level 1 Segment Atomicity & Sequence Boundary Isolation
1466,20170705_2152,Wednesday,491,BENIGN,0,test,lstm,Wednesday_GAP_022,False,False,Continuous chronological test block,Strict Level 1 Segment Atomicity & Sequence Boundary Isolation
1467,20170705_2153,Wednesday,492,BENIGN,0,test,lstm,Wednesday_GAP_022,False,False,Continuous chronological test block,Strict Level 1 Segment Atomicity & Sequence Boundary Isolation
1468,20170705_2154,Wednesday,493,BENIGN,0,test,lstm,Wednesday_GAP_022,False,False,Continuous chronological test block,Strict Level 1 Segment Atomicity & Sequence Boundary Isolation
1469,20170705_2155,Wednesday,494,BENIGN,0,test,lstm,Wednesday_GAP_022,False,False,Continuous chronological test block,Strict Level 1 Segment Atomicity & Sequence Boundary Isolation
1470,20170705_2156,Wednesday,495,BENIGN,0,test,lstm,Wednesday_GAP_022,False,False,Continuous chronological test block,Strict Level 1 Segment Atomicity & Sequence Boundary Isolation
1471,20170705_2157,Wednesday,496,BENIGN,0,test,lstm,Wednesday_GAP_022,False,False,Continuous chronological test block,Strict Level 1 Segment Atomicity & Sequence Boundary Isolation
1472,20170705_2158,Wednesday,497,BENIGN,0,test,lstm,Wednesday_GAP_022,False,False,Continuous chronological test block,Strict Level 1 Segment Atomicity & Sequence Boundary Isolation
1473,20170705_2159,Wednesday,498,BENIGN,0,test,lstm,Wednesday_GAP_022,False,False,Continuous chronological test block,Strict Level 1 Segment Atomicity & Sequence Boundary Isolation
1474,20170705_2200,Wednesday,499,BENIGN,0,test,lstm,Wednesday_GAP_022,False,False,Continuous chronological test block,Strict Level 1 Segment Atomicity & Sequence Boundary Isolation
1475,20170705_2201,Wednesday,500,BENIGN,0,test,lstm,Wednesday_GAP_022,False,False,Continuous chronological test block,Strict Level 1 Segment Atomicity & Sequence Boundary Isolation
1476,20170705_2202,Wednesday,501,BENIGN,0,test,lstm,Wednesday_GAP_022,False,False,Continuous chronological test block,Strict Level 1 Segment Atomicity & Sequence Boundary Isolation
1477,20170705_2203,Wednesday,502,BENIGN,0,test,lstm,Wednesday_GAP_022,False,False,Continuous chronological test block,Strict Level 1 Segment Atomicity & Sequence Boundary Isolation
1478,20170705_2204,Wednesday,503,BENIGN,0,test,lstm,Wednesday_GAP_022,False,False,Continuous chronological test block,Strict Level 1 Segment Atomicity & Sequence Boundary Isolation
1479,20170705_2205,Wednesday,504,BENIGN,0,test,lstm,Wednesday_GAP_022,False,False,Continuous chronological test block,Strict Level 1 Segment Atomicity & Sequence Boundary Isolation
1480,20170705_2206,Wednesday,505,BENIGN,0,test,lstm,Wednesday_GAP_022,False,False,Continuous chronological test block,Strict Level 1 Segment Atomicity & Sequence Boundary Isolation
1481,20170705_2207,Wednesday,506,BENIGN,0,test,lstm,Wednesday_GAP_022,False,False,Continuous chronological test block,Strict Level 1 Segment Atomicity & Sequence Boundary Isolation
1482,20170705_2208,Wednesday,507,BENIGN,0,test,lstm,Wednesday_GAP_022,False,False,Continuous chronological test block,Strict Level 1 Segment Atomicity & Sequence Boundary Isolation
1483,20170705_2209,Wednesday,508,BENIGN,0,test,lstm,Wednesday_GAP_022,False,False,Continuous chronological test block,Strict Level 1 Segment Atomicity & Sequence Boundary Isolation
1484,20170705_2210,Wednesday,509,BENIGN,0,test,lstm,Wednesday_GAP_022,False,False,Continuous chronological test block,Strict Level 1 Segment Atomicity & Sequence Boundary Isolation
1485,20170706_1359,Thursday,1,BENIGN,0,train,lstm,Thursday_GAP_001,False,False,Continuous chronological train block,Strict Level 1 Segment Atomicity & Sequence Boundary Isolation
1486,20170706_1400,Thursday,2,BENIGN,0,train,lstm,Thursday_GAP_001,False,False,Continuous chronological train block,Strict Level 1 Segment Atomicity & Sequence Boundary Isolation
1487,20170706_1401,Thursday,3,BENIGN,0,train,lstm,Thursday_GAP_001,False,False,Continuous chronological train block,Strict Level 1 Segment Atomicity & Sequence Boundary Isolation
1488,20170706_1402,Thursday,4,BENIGN,0,train,lstm,Thursday_GAP_001,False,False,Continuous chronological train block,Strict Level 1 Segment Atomicity & Sequence Boundary Isolation
1489,20170706_1403,Thursday,5,BENIGN,0,train,lstm,Thursday_GAP_001,False,False,Continuous chronological train block,Strict Level 1 Segment Atomicity & Sequence Boundary Isolation
1490,20170706_1404,Thursday,6,BENIGN,0,train,lstm,Thursday_GAP_001,False,False,Continuous chronological train block,Strict Level 1 Segment Atomicity & Sequence Boundary Isolation
1491,20170706_1405,Thursday,7,BENIGN,0,train,lstm,Thursday_GAP_001,False,False,Continuous chronological train block,Strict Level 1 Segment Atomicity & Sequence Boundary Isolation
1492,20170706_1406,Thursday,8,BENIGN,0,train,lstm,Thursday_GAP_001,False,False,Continuous chronological train block,Strict Level 1 Segment Atomicity & Sequence Boundary Isolation
1493,20170706_1407,Thursday,9,BENIGN,0,train,lstm,Thursday_GAP_001,False,False,Continuous chronological train block,Strict Level 1 Segment Atomicity & Sequence Boundary Isolation
1494,20170706_1408,Thursday,10,BENIGN,0,train,lstm,Thursday_GAP_001,False,False,Continuous chronological train block,Strict Level 1 Segment Atomicity & Sequence Boundary Isolation
1495,20170706_1409,Thursday,11,BENIGN,0,train,lstm,Thursday_GAP_001,False,False,Continuous chronological train block,Strict Level 1 Segment Atomicity & Sequence Boundary Isolation
1496,20170706_1410,Thursday,12,BENIGN,0,train,lstm,Thursday_GAP_001,False,False,Continuous chronological train block,Strict Level 1 Segment Atomicity & Sequence Boundary Isolation
1497,20170706_1411,Thursday,13,BENIGN,0,train,lstm,Thursday_GAP_001,False,False,Continuous chronological train block,Strict Level 1 Segment Atomicity & Sequence Boundary Isolation
1498,20170706_1412,Thursday,14,BENIGN,0,train,lstm,Thursday_GAP_001,False,False,Continuous chronological train block,Strict Level 1 Segment Atomicity & Sequence Boundary Isolation
1499,20170706_1413,Thursday,15,BENIGN,0,train,lstm,Thursday_GAP_001,False,False,Continuous chronological train block,Strict Level 1 Segment Atomicity & Sequence Boundary Isolation
1500,20170706_1414,Thursday,16,BENIGN,0,train,lstm,Thursday_GAP_001,False,False,Continuous chronological train block,Strict Level 1 Segment Atomicity & Sequence Boundary Isolation
1501,20170706_1415,Thursday,17,Brute Force,1,train,lstm,Thursday_SEG_001,False,False,Continuous chronological train block,Strict Level 1 Segment Atomicity & Sequence Boundary Isolation
1502,20170706_1416,Thursday,18,Brute Force,1,train,lstm,Thursday_SEG_001,False,False,Continuous chronological train block,Strict Level 1 Segment Atomicity & Sequence Boundary Isolation
1503,20170706_1417,Thursday,19,BENIGN,0,train,lstm,Thursday_GAP_002,False,False,Continuous chronological train block,Strict Level 1 Segment Atomicity & Sequence Boundary Isolation
1504,20170706_1418,Thursday,20,Brute Force,1,train,lstm,Thursday_SEG_002,False,False,Continuous chronological train block,Strict Level 1 Segment Atomicity & Sequence Boundary Isolation
1505,20170706_1419,Thursday,21,Brute Force,1,train,lstm,Thursday_SEG_002,False,False,Continuous chronological train block,Strict Level 1 Segment Atomicity & Sequence Boundary Isolation
1506,20170706_1420,Thursday,22,BENIGN,0,train,lstm,Thursday_GAP_003,False,False,Continuous chronological train block,Strict Level 1 Segment Atomicity & Sequence Boundary Isolation
1507,20170706_1421,Thursday,23,Brute Force,1,train,lstm,Thursday_SEG_003,False,False,Continuous chronological train block,Strict Level 1 Segment Atomicity & Sequence Boundary Isolation
1508,20170706_1422,Thursday,24,Brute Force,1,train,lstm,Thursday_SEG_003,False,False,Continuous chronological train block,Strict Level 1 Segment Atomicity & Sequence Boundary Isolation
1509,20170706_1423,Thursday,25,Brute Force,1,train,lstm,Thursday_SEG_003,False,False,Continuous chronological train block,Strict Level 1 Segment Atomicity & Sequence Boundary Isolation
1510,20170706_1424,Thursday,26,Brute Force,1,train,lstm,Thursday_SEG_003,False,False,Continuous chronological train block,Strict Level 1 Segment Atomicity & Sequence Boundary Isolation
1511,20170706_1425,Thursday,27,Brute Force,1,train,lstm,Thursday_SEG_003,False,False,Continuous chronological train block,Strict Level 1 Segment Atomicity & Sequence Boundary Isolation
1512,20170706_1426,Thursday,28,Brute Force,1,train,lstm,Thursday_SEG_003,False,False,Continuous chronological train block,Strict Level 1 Segment Atomicity & Sequence Boundary Isolation
1513,20170706_1427,Thursday,29,Brute Force,1,train,lstm,Thursday_SEG_003,False,False,Continuous chronological train block,Strict Level 1 Segment Atomicity & Sequence Boundary Isolation
1514,20170706_1428,Thursday,30,Brute Force,1,train,lstm,Thursday_SEG_003,False,False,Continuous chronological train block,Strict Level 1 Segment Atomicity & Sequence Boundary Isolation
1515,20170706_1429,Thursday,31,Brute Force,1,train,lstm,Thursday_SEG_003,False,False,Continuous chronological train block,Strict Level 1 Segment Atomicity & Sequence Boundary Isolation
1516,20170706_1430,Thursday,32,Brute Force,1,train,lstm,Thursday_SEG_003,False,False,Continuous chronological train block,Strict Level 1 Segment Atomicity & Sequence Boundary Isolation
1517,20170706_1431,Thursday,33,Brute Force,1,train,lstm,Thursday_SEG_003,False,False,Continuous chronological train block,Strict Level 1 Segment Atomicity & Sequence Boundary Isolation
1518,20170706_1432,Thursday,34,Brute Force,1,train,lstm,Thursday_SEG_003,False,False,Continuous chronological train block,Strict Level 1 Segment Atomicity & Sequence Boundary Isolation
1519,20170706_1433,Thursday,35,Brute Force,1,train,lstm,Thursday_SEG_003,False,False,Continuous chronological train block,Strict Level 1 Segment Atomicity & Sequence Boundary Isolation
1520,20170706_1434,Thursday,36,Brute Force,1,train,lstm,Thursday_SEG_003,False,False,Continuous chronological train block,Strict Level 1 Segment Atomicity & Sequence Boundary Isolation
1521,20170706_1435,Thursday,37,Brute Force,1,train,lstm,Thursday_SEG_003,False,False,Continuous chronological train block,Strict Level 1 Segment Atomicity & Sequence Boundary Isolation
1522,20170706_1436,Thursday,38,Brute Force,1,train,lstm,Thursday_SEG_003,False,False,Continuous chronological train block,Strict Level 1 Segment Atomicity & Sequence Boundary Isolation
1523,20170706_1437,Thursday,39,Brute Force,1,train,lstm,Thursday_SEG_003,False,False,Continuous chronological train block,Strict Level 1 Segment Atomicity & Sequence Boundary Isolation
1524,20170706_1438,Thursday,40,Brute Force,1,train,lstm,Thursday_SEG_003,False,False,Continuous chronological train block,Strict Level 1 Segment Atomicity & Sequence Boundary Isolation
1525,20170706_1439,Thursday,41,Brute Force,1,train,lstm,Thursday_SEG_003,False,False,Continuous chronological train block,Strict Level 1 Segment Atomicity & Sequence Boundary Isolation
1526,20170706_1440,Thursday,42,Brute Force,1,train,lstm,Thursday_SEG_003,False,False,Continuous chronological train block,Strict Level 1 Segment Atomicity & Sequence Boundary Isolation
1527,20170706_1441,Thursday,43,Brute Force,1,train,lstm,Thursday_SEG_003,False,False,Continuous chronological train block,Strict Level 1 Segment Atomicity & Sequence Boundary Isolation
1528,20170706_1442,Thursday,44,Brute Force,1,train,lstm,Thursday_SEG_003,False,False,Continuous chronological train block,Strict Level 1 Segment Atomicity & Sequence Boundary Isolation
1529,20170706_1443,Thursday,45,Brute Force,1,train,lstm,Thursday_SEG_003,False,False,Continuous chronological train block,Strict Level 1 Segment Atomicity & Sequence Boundary Isolation
1530,20170706_1444,Thursday,46,Brute Force,1,train,lstm,Thursday_SEG_003,False,False,Continuous chronological train block,Strict Level 1 Segment Atomicity & Sequence Boundary Isolation
1531,20170706_1445,Thursday,47,Brute Force,1,train,lstm,Thursday_SEG_003,False,False,Continuous chronological train block,Strict Level 1 Segment Atomicity & Sequence Boundary Isolation
1532,20170706_1446,Thursday,48,Brute Force,1,train,lstm,Thursday_SEG_003,False,False,Continuous chronological train block,Strict Level 1 Segment Atomicity & Sequence Boundary Isolation
1533,20170706_1447,Thursday,49,Brute Force,1,train,lstm,Thursday_SEG_003,False,False,Continuous chronological train block,Strict Level 1 Segment Atomicity & Sequence Boundary Isolation
1534,20170706_1448,Thursday,50,Brute Force,1,train,lstm,Thursday_SEG_003,False,False,Continuous chronological train block,Strict Level 1 Segment Atomicity & Sequence Boundary Isolation
1535,20170706_1449,Thursday,51,Brute Force,1,train,lstm,Thursday_SEG_003,False,False,Continuous chronological train block,Strict Level 1 Segment Atomicity & Sequence Boundary Isolation
1536,20170706_1450,Thursday,52,Brute Force,1,train,lstm,Thursday_SEG_003,False,False,Continuous chronological train block,Strict Level 1 Segment Atomicity & Sequence Boundary Isolation
1537,20170706_1451,Thursday,53,Brute Force,1,train,lstm,Thursday_SEG_003,False,False,Continuous chronological train block,Strict Level 1 Segment Atomicity & Sequence Boundary Isolation
1538,20170706_1452,Thursday,54,Brute Force,1,train,lstm,Thursday_SEG_003,False,False,Continuous chronological train block,Strict Level 1 Segment Atomicity & Sequence Boundary Isolation
1539,20170706_1453,Thursday,55,Brute Force,1,train,lstm,Thursday_SEG_003,False,False,Continuous chronological train block,Strict Level 1 Segment Atomicity & Sequence Boundary Isolation
1540,20170706_1454,Thursday,56,Brute Force,1,train,lstm,Thursday_SEG_003,False,False,Continuous chronological train block,Strict Level 1 Segment Atomicity & Sequence Boundary Isolation
1541,20170706_1455,Thursday,57,Brute Force,1,train,lstm,Thursday_SEG_003,False,False,Continuous chronological train block,Strict Level 1 Segment Atomicity & Sequence Boundary Isolation
1542,20170706_1456,Thursday,58,Brute Force,1,train,lstm,Thursday_SEG_003,False,False,Continuous chronological train block,Strict Level 1 Segment Atomicity & Sequence Boundary Isolation
1543,20170706_1457,Thursday,59,Brute Force,1,train,lstm,Thursday_SEG_003,False,False,Continuous chronological train block,Strict Level 1 Segment Atomicity & Sequence Boundary Isolation
1544,20170706_1458,Thursday,60,Brute Force,1,train,lstm,Thursday_SEG_003,False,False,Continuous chronological train block,Strict Level 1 Segment Atomicity & Sequence Boundary Isolation
1545,20170706_1459,Thursday,61,Brute Force,1,train,lstm,Thursday_SEG_003,False,False,Continuous chronological train block,Strict Level 1 Segment Atomicity & Sequence Boundary Isolation
1546,20170706_1500,Thursday,62,Brute Force,1,train,lstm,Thursday_SEG_003,False,False,Continuous chronological train block,Strict Level 1 Segment Atomicity & Sequence Boundary Isolation
1547,20170706_1501,Thursday,63,BENIGN,0,train,lstm,Thursday_GAP_004,False,False,Continuous chronological train block,Strict Level 1 Segment Atomicity & Sequence Boundary Isolation
1548,20170706_1502,Thursday,64,BENIGN,0,train,lstm,Thursday_GAP_004,False,False,Continuous chronological train block,Strict Level 1 Segment Atomicity & Sequence Boundary Isolation
1549,20170706_1503,Thursday,65,BENIGN,0,train,lstm,Thursday_GAP_004,False,False,Continuous chronological train block,Strict Level 1 Segment Atomicity & Sequence Boundary Isolation
1550,20170706_1504,Thursday,66,BENIGN,0,train,lstm,Thursday_GAP_004,False,False,Continuous chronological train block,Strict Level 1 Segment Atomicity & Sequence Boundary Isolation
1551,20170706_1505,Thursday,67,BENIGN,0,train,lstm,Thursday_GAP_004,False,False,Continuous chronological train block,Strict Level 1 Segment Atomicity & Sequence Boundary Isolation
1552,20170706_1506,Thursday,68,BENIGN,0,train,lstm,Thursday_GAP_004,False,False,Continuous chronological train block,Strict Level 1 Segment Atomicity & Sequence Boundary Isolation
1553,20170706_1507,Thursday,69,BENIGN,0,train,lstm,Thursday_GAP_004,False,False,Continuous chronological train block,Strict Level 1 Segment Atomicity & Sequence Boundary Isolation
1554,20170706_1508,Thursday,70,BENIGN,0,train,lstm,Thursday_GAP_004,False,False,Continuous chronological train block,Strict Level 1 Segment Atomicity & Sequence Boundary Isolation
1555,20170706_1509,Thursday,71,BENIGN,0,train,lstm,Thursday_GAP_004,False,False,Continuous chronological train block,Strict Level 1 Segment Atomicity & Sequence Boundary Isolation
1556,20170706_1510,Thursday,72,BENIGN,0,train,lstm,Thursday_GAP_004,False,False,Continuous chronological train block,Strict Level 1 Segment Atomicity & Sequence Boundary Isolation
1557,20170706_1511,Thursday,73,BENIGN,0,train,lstm,Thursday_GAP_004,False,False,Continuous chronological train block,Strict Level 1 Segment Atomicity & Sequence Boundary Isolation
1558,20170706_1512,Thursday,74,BENIGN,0,train,lstm,Thursday_GAP_004,False,False,Continuous chronological train block,Strict Level 1 Segment Atomicity & Sequence Boundary Isolation
1559,20170706_1513,Thursday,75,BENIGN,0,train,lstm,Thursday_GAP_004,False,False,Continuous chronological train block,Strict Level 1 Segment Atomicity & Sequence Boundary Isolation
1560,20170706_1514,Thursday,76,BENIGN,0,train,lstm,Thursday_GAP_004,False,False,Continuous chronological train block,Strict Level 1 Segment Atomicity & Sequence Boundary Isolation
1561,20170706_1515,Thursday,77,Web Attack,1,train,lstm,Thursday_SEG_004,False,False,Continuous chronological train block,Strict Level 1 Segment Atomicity & Sequence Boundary Isolation
1562,20170706_1516,Thursday,78,Web Attack,1,train,lstm,Thursday_SEG_004,False,False,Continuous chronological train block,Strict Level 1 Segment Atomicity & Sequence Boundary Isolation
1563,20170706_1517,Thursday,79,Web Attack,1,train,lstm,Thursday_SEG_004,False,False,Continuous chronological train block,Strict Level 1 Segment Atomicity & Sequence Boundary Isolation
1564,20170706_1518,Thursday,80,Web Attack,1,train,lstm,Thursday_SEG_004,False,False,Continuous chronological train block,Strict Level 1 Segment Atomicity & Sequence Boundary Isolation
1565,20170706_1519,Thursday,81,Web Attack,1,train,lstm,Thursday_SEG_004,False,False,Continuous chronological train block,Strict Level 1 Segment Atomicity & Sequence Boundary Isolation
1566,20170706_1520,Thursday,82,Web Attack,1,train,lstm,Thursday_SEG_004,False,False,Continuous chronological train block,Strict Level 1 Segment Atomicity & Sequence Boundary Isolation
1567,20170706_1521,Thursday,83,Web Attack,1,train,lstm,Thursday_SEG_004,False,False,Continuous chronological train block,Strict Level 1 Segment Atomicity & Sequence Boundary Isolation
1568,20170706_1522,Thursday,84,Web Attack,1,train,lstm,Thursday_SEG_004,False,False,Continuous chronological train block,Strict Level 1 Segment Atomicity & Sequence Boundary Isolation
1569,20170706_1523,Thursday,85,Web Attack,1,train,lstm,Thursday_SEG_004,False,False,Continuous chronological train block,Strict Level 1 Segment Atomicity & Sequence Boundary Isolation
1570,20170706_1524,Thursday,86,Web Attack,1,train,lstm,Thursday_SEG_004,False,False,Continuous chronological train block,Strict Level 1 Segment Atomicity & Sequence Boundary Isolation
1571,20170706_1525,Thursday,87,Web Attack,1,train,lstm,Thursday_SEG_004,False,False,Continuous chronological train block,Strict Level 1 Segment Atomicity & Sequence Boundary Isolation
1572,20170706_1526,Thursday,88,Web Attack,1,train,lstm,Thursday_SEG_004,False,False,Continuous chronological train block,Strict Level 1 Segment Atomicity & Sequence Boundary Isolation
1573,20170706_1527,Thursday,89,Web Attack,1,train,lstm,Thursday_SEG_004,False,False,Continuous chronological train block,Strict Level 1 Segment Atomicity & Sequence Boundary Isolation
1574,20170706_1528,Thursday,90,Web Attack,1,train,lstm,Thursday_SEG_004,False,False,Continuous chronological train block,Strict Level 1 Segment Atomicity & Sequence Boundary Isolation
1575,20170706_1529,Thursday,91,Web Attack,1,train,lstm,Thursday_SEG_004,False,False,Continuous chronological train block,Strict Level 1 Segment Atomicity & Sequence Boundary Isolation
1576,20170706_1530,Thursday,92,Web Attack,1,train,lstm,Thursday_SEG_004,False,False,Continuous chronological train block,Strict Level 1 Segment Atomicity & Sequence Boundary Isolation
1577,20170706_1531,Thursday,93,Web Attack,1,train,lstm,Thursday_SEG_004,False,False,Continuous chronological train block,Strict Level 1 Segment Atomicity & Sequence Boundary Isolation
1578,20170706_1532,Thursday,94,Web Attack,1,train,lstm,Thursday_SEG_004,False,False,Continuous chronological train block,Strict Level 1 Segment Atomicity & Sequence Boundary Isolation
1579,20170706_1533,Thursday,95,Web Attack,1,train,lstm,Thursday_SEG_004,False,False,Continuous chronological train block,Strict Level 1 Segment Atomicity & Sequence Boundary Isolation
1580,20170706_1534,Thursday,96,Web Attack,1,train,lstm,Thursday_SEG_004,False,False,Continuous chronological train block,Strict Level 1 Segment Atomicity & Sequence Boundary Isolation
1581,20170706_1535,Thursday,97,Web Attack,1,train,lstm,Thursday_SEG_004,False,False,Continuous chronological train block,Strict Level 1 Segment Atomicity & Sequence Boundary Isolation
1582,20170706_1536,Thursday,98,BENIGN,0,train,lstm,Thursday_GAP_005,False,False,Continuous chronological train block,Strict Level 1 Segment Atomicity & Sequence Boundary Isolation
1583,20170706_1537,Thursday,99,BENIGN,0,train,lstm,Thursday_GAP_005,False,False,Continuous chronological train block,Strict Level 1 Segment Atomicity & Sequence Boundary Isolation
1584,20170706_1538,Thursday,100,BENIGN,0,train,lstm,Thursday_GAP_005,False,False,Continuous chronological train block,Strict Level 1 Segment Atomicity & Sequence Boundary Isolation
1585,20170706_1539,Thursday,101,BENIGN,0,train,lstm,Thursday_GAP_005,False,False,Continuous chronological train block,Strict Level 1 Segment Atomicity & Sequence Boundary Isolation
1586,20170706_1540,Thursday,102,Web Attack,1,train,lstm,Thursday_SEG_005,False,False,Continuous chronological train block,Strict Level 1 Segment Atomicity & Sequence Boundary Isolation
1587,20170706_1541,Thursday,103,Web Attack,1,train,lstm,Thursday_SEG_005,False,False,Continuous chronological train block,Strict Level 1 Segment Atomicity & Sequence Boundary Isolation
1588,20170706_1542,Thursday,104,Web Attack,1,train,lstm,Thursday_SEG_005,False,False,Continuous chronological train block,Strict Level 1 Segment Atomicity & Sequence Boundary Isolation
1589,20170706_1543,Thursday,105,BENIGN,0,train,lstm,Thursday_GAP_006,False,False,Continuous chronological train block,Strict Level 1 Segment Atomicity & Sequence Boundary Isolation
1590,20170706_1544,Thursday,106,BENIGN,0,train,lstm,Thursday_GAP_006,False,False,Continuous chronological train block,Strict Level 1 Segment Atomicity & Sequence Boundary Isolation
1591,20170706_1545,Thursday,107,BENIGN,0,train,lstm,Thursday_GAP_006,False,False,Continuous chronological train block,Strict Level 1 Segment Atomicity & Sequence Boundary Isolation
1592,20170706_1546,Thursday,108,BENIGN,0,train,lstm,Thursday_GAP_006,False,False,Continuous chronological train block,Strict Level 1 Segment Atomicity & Sequence Boundary Isolation
1593,20170706_1547,Thursday,109,BENIGN,0,train,lstm,Thursday_GAP_006,False,False,Continuous chronological train block,Strict Level 1 Segment Atomicity & Sequence Boundary Isolation
1594,20170706_1548,Thursday,110,BENIGN,0,train,lstm,Thursday_GAP_006,False,False,Continuous chronological train block,Strict Level 1 Segment Atomicity & Sequence Boundary Isolation
1595,20170706_1549,Thursday,111,BENIGN,0,train,lstm,Thursday_GAP_006,False,False,Continuous chronological train block,Strict Level 1 Segment Atomicity & Sequence Boundary Isolation
1596,20170706_1550,Thursday,112,BENIGN,0,train,lstm,Thursday_GAP_006,False,False,Continuous chronological train block,Strict Level 1 Segment Atomicity & Sequence Boundary Isolation
1597,20170706_1551,Thursday,113,BENIGN,0,train,lstm,Thursday_GAP_006,False,False,Continuous chronological train block,Strict Level 1 Segment Atomicity & Sequence Boundary Isolation
1598,20170706_1552,Thursday,114,BENIGN,0,train,lstm,Thursday_GAP_006,False,False,Continuous chronological train block,Strict Level 1 Segment Atomicity & Sequence Boundary Isolation
1599,20170706_1553,Thursday,115,BENIGN,0,train,lstm,Thursday_GAP_006,False,False,Continuous chronological train block,Strict Level 1 Segment Atomicity & Sequence Boundary Isolation
1600,20170706_1554,Thursday,116,BENIGN,0,train,lstm,Thursday_GAP_006,False,False,Continuous chronological train block,Strict Level 1 Segment Atomicity & Sequence Boundary Isolation
1601,20170706_1555,Thursday,117,BENIGN,0,train,lstm,Thursday_GAP_006,False,False,Continuous chronological train block,Strict Level 1 Segment Atomicity & Sequence Boundary Isolation
1602,20170706_1556,Thursday,118,BENIGN,0,train,lstm,Thursday_GAP_006,False,False,Continuous chronological train block,Strict Level 1 Segment Atomicity & Sequence Boundary Isolation
1603,20170706_1557,Thursday,119,BENIGN,0,train,lstm,Thursday_GAP_006,False,False,Continuous chronological train block,Strict Level 1 Segment Atomicity & Sequence Boundary Isolation
1604,20170706_1558,Thursday,120,BENIGN,0,train,lstm,Thursday_GAP_006,False,False,Continuous chronological train block,Strict Level 1 Segment Atomicity & Sequence Boundary Isolation
1605,20170706_1559,Thursday,121,BENIGN,0,train,lstm,Thursday_GAP_006,False,False,Continuous chronological train block,Strict Level 1 Segment Atomicity & Sequence Boundary Isolation
1606,20170706_1600,Thursday,122,BENIGN,0,train,lstm,Thursday_GAP_006,False,False,Continuous chronological train block,Strict Level 1 Segment Atomicity & Sequence Boundary Isolation
1607,20170706_1601,Thursday,123,BENIGN,0,train,lstm,Thursday_GAP_006,False,False,Continuous chronological train block,Strict Level 1 Segment Atomicity & Sequence Boundary Isolation
1608,20170706_1602,Thursday,124,BENIGN,0,train,lstm,Thursday_GAP_006,False,False,Continuous chronological train block,Strict Level 1 Segment Atomicity & Sequence Boundary Isolation
1609,20170706_1603,Thursday,125,BENIGN,0,train,lstm,Thursday_GAP_006,False,False,Continuous chronological train block,Strict Level 1 Segment Atomicity & Sequence Boundary Isolation
1610,20170706_1604,Thursday,126,BENIGN,0,train,lstm,Thursday_GAP_006,False,False,Continuous chronological train block,Strict Level 1 Segment Atomicity & Sequence Boundary Isolation
1611,20170706_1605,Thursday,127,BENIGN,0,train,lstm,Thursday_GAP_006,False,False,Continuous chronological train block,Strict Level 1 Segment Atomicity & Sequence Boundary Isolation
1612,20170706_1606,Thursday,128,BENIGN,0,train,lstm,Thursday_GAP_006,False,False,Continuous chronological train block,Strict Level 1 Segment Atomicity & Sequence Boundary Isolation
1613,20170706_1607,Thursday,129,BENIGN,0,train,lstm,Thursday_GAP_006,False,False,Continuous chronological train block,Strict Level 1 Segment Atomicity & Sequence Boundary Isolation
1614,20170706_1608,Thursday,130,BENIGN,0,train,lstm,Thursday_GAP_006,False,False,Continuous chronological train block,Strict Level 1 Segment Atomicity & Sequence Boundary Isolation
1615,20170706_1609,Thursday,131,BENIGN,0,train,lstm,Thursday_GAP_006,False,False,Continuous chronological train block,Strict Level 1 Segment Atomicity & Sequence Boundary Isolation
1616,20170706_1610,Thursday,132,BENIGN,0,train,lstm,Thursday_GAP_006,False,False,Continuous chronological train block,Strict Level 1 Segment Atomicity & Sequence Boundary Isolation
1617,20170706_1611,Thursday,133,BENIGN,0,train,lstm,Thursday_GAP_006,False,False,Continuous chronological train block,Strict Level 1 Segment Atomicity & Sequence Boundary Isolation
1618,20170706_1612,Thursday,134,BENIGN,0,train,lstm,Thursday_GAP_006,False,False,Continuous chronological train block,Strict Level 1 Segment Atomicity & Sequence Boundary Isolation
1619,20170706_1613,Thursday,135,BENIGN,0,train,lstm,Thursday_GAP_006,False,False,Continuous chronological train block,Strict Level 1 Segment Atomicity & Sequence Boundary Isolation
1620,20170706_1614,Thursday,136,BENIGN,0,train,lstm,Thursday_GAP_006,False,False,Continuous chronological train block,Strict Level 1 Segment Atomicity & Sequence Boundary Isolation
1621,20170706_1615,Thursday,137,BENIGN,0,train,lstm,Thursday_GAP_006,False,False,Continuous chronological train block,Strict Level 1 Segment Atomicity & Sequence Boundary Isolation
1622,20170706_1616,Thursday,138,BENIGN,0,train,lstm,Thursday_GAP_006,False,False,Continuous chronological train block,Strict Level 1 Segment Atomicity & Sequence Boundary Isolation
1623,20170706_1617,Thursday,139,BENIGN,0,train,lstm,Thursday_GAP_006,False,False,Continuous chronological train block,Strict Level 1 Segment Atomicity & Sequence Boundary Isolation
1624,20170706_1618,Thursday,140,BENIGN,0,train,lstm,Thursday_GAP_006,False,False,Continuous chronological train block,Strict Level 1 Segment Atomicity & Sequence Boundary Isolation
1625,20170706_1619,Thursday,141,BENIGN,0,train,lstm,Thursday_GAP_006,False,False,Continuous chronological train block,Strict Level 1 Segment Atomicity & Sequence Boundary Isolation
1626,20170706_1620,Thursday,142,BENIGN,0,train,lstm,Thursday_GAP_006,False,False,Continuous chronological train block,Strict Level 1 Segment Atomicity & Sequence Boundary Isolation
1627,20170706_1621,Thursday,143,BENIGN,0,train,lstm,Thursday_GAP_006,False,False,Continuous chronological train block,Strict Level 1 Segment Atomicity & Sequence Boundary Isolation
1628,20170706_1622,Thursday,144,BENIGN,0,train,lstm,Thursday_GAP_006,False,False,Continuous chronological train block,Strict Level 1 Segment Atomicity & Sequence Boundary Isolation
1629,20170706_1623,Thursday,145,BENIGN,0,train,lstm,Thursday_GAP_006,False,False,Continuous chronological train block,Strict Level 1 Segment Atomicity & Sequence Boundary Isolation
1630,20170706_1624,Thursday,146,BENIGN,0,train,lstm,Thursday_GAP_006,False,False,Continuous chronological train block,Strict Level 1 Segment Atomicity & Sequence Boundary Isolation
1631,20170706_1625,Thursday,147,BENIGN,0,train,lstm,Thursday_GAP_006,False,False,Continuous chronological train block,Strict Level 1 Segment Atomicity & Sequence Boundary Isolation
1632,20170706_1626,Thursday,148,BENIGN,0,train,lstm,Thursday_GAP_006,False,False,Continuous chronological train block,Strict Level 1 Segment Atomicity & Sequence Boundary Isolation
1633,20170706_1627,Thursday,149,BENIGN,0,train,lstm,Thursday_GAP_006,False,False,Continuous chronological train block,Strict Level 1 Segment Atomicity & Sequence Boundary Isolation
1634,20170706_1628,Thursday,150,BENIGN,0,train,lstm,Thursday_GAP_006,False,False,Continuous chronological train block,Strict Level 1 Segment Atomicity & Sequence Boundary Isolation
1635,20170706_1629,Thursday,151,BENIGN,0,train,lstm,Thursday_GAP_006,False,False,Continuous chronological train block,Strict Level 1 Segment Atomicity & Sequence Boundary Isolation
1636,20170706_1630,Thursday,152,BENIGN,0,train,lstm,Thursday_GAP_006,False,False,Continuous chronological train block,Strict Level 1 Segment Atomicity & Sequence Boundary Isolation
1637,20170706_1631,Thursday,153,BENIGN,0,train,lstm,Thursday_GAP_006,False,False,Continuous chronological train block,Strict Level 1 Segment Atomicity & Sequence Boundary Isolation
1638,20170706_1632,Thursday,154,BENIGN,0,train,lstm,Thursday_GAP_006,False,False,Continuous chronological train block,Strict Level 1 Segment Atomicity & Sequence Boundary Isolation
1639,20170706_1633,Thursday,155,BENIGN,0,train,lstm,Thursday_GAP_006,False,False,Continuous chronological train block,Strict Level 1 Segment Atomicity & Sequence Boundary Isolation
1640,20170706_1634,Thursday,156,BENIGN,0,train,lstm,Thursday_GAP_006,False,False,Continuous chronological train block,Strict Level 1 Segment Atomicity & Sequence Boundary Isolation
1641,20170706_1635,Thursday,157,BENIGN,0,train,lstm,Thursday_GAP_006,False,False,Continuous chronological train block,Strict Level 1 Segment Atomicity & Sequence Boundary Isolation
1642,20170706_1636,Thursday,158,BENIGN,0,train,lstm,Thursday_GAP_006,False,False,Continuous chronological train block,Strict Level 1 Segment Atomicity & Sequence Boundary Isolation
1643,20170706_1637,Thursday,159,BENIGN,0,train,lstm,Thursday_GAP_006,False,False,Continuous chronological train block,Strict Level 1 Segment Atomicity & Sequence Boundary Isolation
1644,20170706_1638,Thursday,160,BENIGN,0,train,lstm,Thursday_GAP_006,False,False,Continuous chronological train block,Strict Level 1 Segment Atomicity & Sequence Boundary Isolation
1645,20170706_1639,Thursday,161,BENIGN,0,train,lstm,Thursday_GAP_006,False,False,Continuous chronological train block,Strict Level 1 Segment Atomicity & Sequence Boundary Isolation
1646,20170706_1640,Thursday,162,BENIGN,0,train,lstm,Thursday_GAP_006,False,False,Continuous chronological train block,Strict Level 1 Segment Atomicity & Sequence Boundary Isolation
1647,20170706_1641,Thursday,163,BENIGN,0,train,lstm,Thursday_GAP_006,False,False,Continuous chronological train block,Strict Level 1 Segment Atomicity & Sequence Boundary Isolation
1648,20170706_1642,Thursday,164,BENIGN,0,train,lstm,Thursday_GAP_006,False,False,Continuous chronological train block,Strict Level 1 Segment Atomicity & Sequence Boundary Isolation
1649,20170706_1643,Thursday,165,BENIGN,0,train,lstm,Thursday_GAP_006,False,False,Continuous chronological train block,Strict Level 1 Segment Atomicity & Sequence Boundary Isolation
1650,20170706_1644,Thursday,166,BENIGN,0,train,lstm,Thursday_GAP_006,False,False,Continuous chronological train block,Strict Level 1 Segment Atomicity & Sequence Boundary Isolation
1651,20170706_1645,Thursday,167,BENIGN,0,train,lstm,Thursday_GAP_006,False,False,Continuous chronological train block,Strict Level 1 Segment Atomicity & Sequence Boundary Isolation
1652,20170706_1646,Thursday,168,BENIGN,0,train,lstm,Thursday_GAP_006,False,False,Continuous chronological train block,Strict Level 1 Segment Atomicity & Sequence Boundary Isolation
1653,20170706_1647,Thursday,169,BENIGN,0,train,lstm,Thursday_GAP_006,False,False,Continuous chronological train block,Strict Level 1 Segment Atomicity & Sequence Boundary Isolation
1654,20170706_1648,Thursday,170,BENIGN,0,train,lstm,Thursday_GAP_006,False,False,Continuous chronological train block,Strict Level 1 Segment Atomicity & Sequence Boundary Isolation
1655,20170706_1649,Thursday,171,BENIGN,0,train,lstm,Thursday_GAP_006,False,False,Continuous chronological train block,Strict Level 1 Segment Atomicity & Sequence Boundary Isolation
1656,20170706_1650,Thursday,172,BENIGN,0,train,lstm,Thursday_GAP_006,False,False,Continuous chronological train block,Strict Level 1 Segment Atomicity & Sequence Boundary Isolation
1657,20170706_1651,Thursday,173,BENIGN,0,train,lstm,Thursday_GAP_006,False,False,Continuous chronological train block,Strict Level 1 Segment Atomicity & Sequence Boundary Isolation
1658,20170706_1652,Thursday,174,BENIGN,0,train,lstm,Thursday_GAP_006,False,False,Continuous chronological train block,Strict Level 1 Segment Atomicity & Sequence Boundary Isolation
1659,20170706_1653,Thursday,175,BENIGN,0,train,lstm,Thursday_GAP_006,False,False,Continuous chronological train block,Strict Level 1 Segment Atomicity & Sequence Boundary Isolation
1660,20170706_1654,Thursday,176,BENIGN,0,train,lstm,Thursday_GAP_006,False,False,Continuous chronological train block,Strict Level 1 Segment Atomicity & Sequence Boundary Isolation
1661,20170706_1655,Thursday,177,BENIGN,0,train,lstm,Thursday_GAP_006,False,False,Continuous chronological train block,Strict Level 1 Segment Atomicity & Sequence Boundary Isolation
1662,20170706_1656,Thursday,178,BENIGN,0,train,lstm,Thursday_GAP_006,False,False,Continuous chronological train block,Strict Level 1 Segment Atomicity & Sequence Boundary Isolation
1663,20170706_1657,Thursday,179,BENIGN,0,train,lstm,Thursday_GAP_006,False,False,Continuous chronological train block,Strict Level 1 Segment Atomicity & Sequence Boundary Isolation
1664,20170706_1658,Thursday,180,BENIGN,0,train,lstm,Thursday_GAP_006,False,False,Continuous chronological train block,Strict Level 1 Segment Atomicity & Sequence Boundary Isolation
1665,20170706_1659,Thursday,181,BENIGN,0,train,lstm,Thursday_GAP_006,False,False,Continuous chronological train block,Strict Level 1 Segment Atomicity & Sequence Boundary Isolation
1666,20170706_1700,Thursday,182,BENIGN,0,train,lstm,Thursday_GAP_006,False,False,Continuous chronological train block,Strict Level 1 Segment Atomicity & Sequence Boundary Isolation
1667,20170706_1701,Thursday,183,BENIGN,0,train,lstm,Thursday_GAP_006,False,False,Continuous chronological train block,Strict Level 1 Segment Atomicity & Sequence Boundary Isolation
1668,20170706_1702,Thursday,184,BENIGN,0,train,lstm,Thursday_GAP_006,False,False,Continuous chronological train block,Strict Level 1 Segment Atomicity & Sequence Boundary Isolation
1669,20170706_1703,Thursday,185,BENIGN,0,train,lstm,Thursday_GAP_006,False,False,Continuous chronological train block,Strict Level 1 Segment Atomicity & Sequence Boundary Isolation
1670,20170706_1704,Thursday,186,BENIGN,0,train,lstm,Thursday_GAP_006,False,False,Continuous chronological train block,Strict Level 1 Segment Atomicity & Sequence Boundary Isolation
1671,20170706_1705,Thursday,187,BENIGN,0,train,lstm,Thursday_GAP_006,False,False,Continuous chronological train block,Strict Level 1 Segment Atomicity & Sequence Boundary Isolation
1672,20170706_1706,Thursday,188,BENIGN,0,train,lstm,Thursday_GAP_006,False,False,Continuous chronological train block,Strict Level 1 Segment Atomicity & Sequence Boundary Isolation
1673,20170706_1707,Thursday,189,BENIGN,0,train,lstm,Thursday_GAP_006,False,False,Continuous chronological train block,Strict Level 1 Segment Atomicity & Sequence Boundary Isolation
1674,20170706_1708,Thursday,190,BENIGN,0,train,lstm,Thursday_GAP_006,False,False,Continuous chronological train block,Strict Level 1 Segment Atomicity & Sequence Boundary Isolation
1675,20170706_1709,Thursday,191,BENIGN,0,train,lstm,Thursday_GAP_006,False,False,Continuous chronological train block,Strict Level 1 Segment Atomicity & Sequence Boundary Isolation
1676,20170706_1710,Thursday,192,BENIGN,0,train,lstm,Thursday_GAP_006,False,False,Continuous chronological train block,Strict Level 1 Segment Atomicity & Sequence Boundary Isolation
1677,20170706_1711,Thursday,193,BENIGN,0,train,lstm,Thursday_GAP_006,False,False,Continuous chronological train block,Strict Level 1 Segment Atomicity & Sequence Boundary Isolation
1678,20170706_1712,Thursday,194,BENIGN,0,train,lstm,Thursday_GAP_006,False,False,Continuous chronological train block,Strict Level 1 Segment Atomicity & Sequence Boundary Isolation
1679,20170706_1713,Thursday,195,BENIGN,0,train,lstm,Thursday_GAP_006,False,False,Continuous chronological train block,Strict Level 1 Segment Atomicity & Sequence Boundary Isolation
1680,20170706_1714,Thursday,196,BENIGN,0,train,lstm,Thursday_GAP_006,False,False,Continuous chronological train block,Strict Level 1 Segment Atomicity & Sequence Boundary Isolation
1681,20170706_1715,Thursday,197,BENIGN,0,train,lstm,Thursday_GAP_006,False,False,Continuous chronological train block,Strict Level 1 Segment Atomicity & Sequence Boundary Isolation
1682,20170706_1716,Thursday,198,BENIGN,0,train,lstm,Thursday_GAP_006,False,False,Continuous chronological train block,Strict Level 1 Segment Atomicity & Sequence Boundary Isolation
1683,20170706_1717,Thursday,199,BENIGN,0,train,lstm,Thursday_GAP_006,False,False,Continuous chronological train block,Strict Level 1 Segment Atomicity & Sequence Boundary Isolation
1684,20170706_1718,Thursday,200,BENIGN,0,train,lstm,Thursday_GAP_006,False,False,Continuous chronological train block,Strict Level 1 Segment Atomicity & Sequence Boundary Isolation
1685,20170706_1719,Thursday,201,BENIGN,0,train,lstm,Thursday_GAP_006,False,False,Continuous chronological train block,Strict Level 1 Segment Atomicity & Sequence Boundary Isolation
1686,20170706_1720,Thursday,202,BENIGN,0,train,lstm,Thursday_GAP_006,False,False,Continuous chronological train block,Strict Level 1 Segment Atomicity & Sequence Boundary Isolation
1687,20170706_1721,Thursday,203,BENIGN,0,train,lstm,Thursday_GAP_006,False,False,Continuous chronological train block,Strict Level 1 Segment Atomicity & Sequence Boundary Isolation
1688,20170706_1722,Thursday,204,BENIGN,0,train,lstm,Thursday_GAP_006,False,False,Continuous chronological train block,Strict Level 1 Segment Atomicity & Sequence Boundary Isolation
1689,20170706_1723,Thursday,205,BENIGN,0,train,lstm,Thursday_GAP_006,False,False,Continuous chronological train block,Strict Level 1 Segment Atomicity & Sequence Boundary Isolation
1690,20170706_1724,Thursday,206,BENIGN,0,train,lstm,Thursday_GAP_006,False,False,Continuous chronological train block,Strict Level 1 Segment Atomicity & Sequence Boundary Isolation
1691,20170706_1725,Thursday,207,BENIGN,0,train,lstm,Thursday_GAP_006,False,False,Continuous chronological train block,Strict Level 1 Segment Atomicity & Sequence Boundary Isolation
1692,20170706_1726,Thursday,208,BENIGN,0,train,lstm,Thursday_GAP_006,False,False,Continuous chronological train block,Strict Level 1 Segment Atomicity & Sequence Boundary Isolation
1693,20170706_1727,Thursday,209,BENIGN,0,train,lstm,Thursday_GAP_006,False,False,Continuous chronological train block,Strict Level 1 Segment Atomicity & Sequence Boundary Isolation
1694,20170706_1728,Thursday,210,BENIGN,0,train,lstm,Thursday_GAP_006,False,False,Continuous chronological train block,Strict Level 1 Segment Atomicity & Sequence Boundary Isolation
1695,20170706_1729,Thursday,211,BENIGN,0,train,lstm,Thursday_GAP_006,False,False,Continuous chronological train block,Strict Level 1 Segment Atomicity & Sequence Boundary Isolation
1696,20170706_1730,Thursday,212,BENIGN,0,train,lstm,Thursday_GAP_006,False,False,Continuous chronological train block,Strict Level 1 Segment Atomicity & Sequence Boundary Isolation
1697,20170706_1731,Thursday,213,BENIGN,0,train,lstm,Thursday_GAP_006,False,False,Continuous chronological train block,Strict Level 1 Segment Atomicity & Sequence Boundary Isolation
1698,20170706_1732,Thursday,214,BENIGN,0,train,lstm,Thursday_GAP_006,False,False,Continuous chronological train block,Strict Level 1 Segment Atomicity & Sequence Boundary Isolation
1699,20170706_1733,Thursday,215,BENIGN,0,train,lstm,Thursday_GAP_006,False,False,Continuous chronological train block,Strict Level 1 Segment Atomicity & Sequence Boundary Isolation
1700,20170706_1734,Thursday,216,BENIGN,0,train,lstm,Thursday_GAP_006,False,False,Continuous chronological train block,Strict Level 1 Segment Atomicity & Sequence Boundary Isolation
1701,20170706_1735,Thursday,217,BENIGN,0,train,lstm,Thursday_GAP_006,False,False,Continuous chronological train block,Strict Level 1 Segment Atomicity & Sequence Boundary Isolation
1702,20170706_1736,Thursday,218,BENIGN,0,train,lstm,Thursday_GAP_006,False,False,Continuous chronological train block,Strict Level 1 Segment Atomicity & Sequence Boundary Isolation
1703,20170706_1737,Thursday,219,BENIGN,0,train,lstm,Thursday_GAP_006,False,False,Continuous chronological train block,Strict Level 1 Segment Atomicity & Sequence Boundary Isolation
1704,20170706_1738,Thursday,220,BENIGN,0,train,lstm,Thursday_GAP_006,False,False,Continuous chronological train block,Strict Level 1 Segment Atomicity & Sequence Boundary Isolation
1705,20170706_1739,Thursday,221,BENIGN,0,train,lstm,Thursday_GAP_006,False,False,Continuous chronological train block,Strict Level 1 Segment Atomicity & Sequence Boundary Isolation
1706,20170706_1740,Thursday,222,BENIGN,0,train,lstm,Thursday_GAP_006,False,False,Continuous chronological train block,Strict Level 1 Segment Atomicity & Sequence Boundary Isolation
1707,20170706_1741,Thursday,223,BENIGN,0,train,lstm,Thursday_GAP_006,False,False,Continuous chronological train block,Strict Level 1 Segment Atomicity & Sequence Boundary Isolation
1708,20170706_1742,Thursday,224,BENIGN,0,train,lstm,Thursday_GAP_006,False,False,Continuous chronological train block,Strict Level 1 Segment Atomicity & Sequence Boundary Isolation
1709,20170706_1743,Thursday,225,BENIGN,0,train,lstm,Thursday_GAP_006,False,False,Continuous chronological train block,Strict Level 1 Segment Atomicity & Sequence Boundary Isolation
1710,20170706_1744,Thursday,226,BENIGN,0,train,lstm,Thursday_GAP_006,False,False,Continuous chronological train block,Strict Level 1 Segment Atomicity & Sequence Boundary Isolation
1711,20170706_1745,Thursday,227,BENIGN,0,train,lstm,Thursday_GAP_006,False,False,Continuous chronological train block,Strict Level 1 Segment Atomicity & Sequence Boundary Isolation
1712,20170706_1746,Thursday,228,BENIGN,0,train,lstm,Thursday_GAP_006,False,False,Continuous chronological train block,Strict Level 1 Segment Atomicity & Sequence Boundary Isolation
1713,20170706_1747,Thursday,229,BENIGN,0,train,lstm,Thursday_GAP_006,False,False,Continuous chronological train block,Strict Level 1 Segment Atomicity & Sequence Boundary Isolation
1714,20170706_1748,Thursday,230,BENIGN,0,train,lstm,Thursday_GAP_006,False,False,Continuous chronological train block,Strict Level 1 Segment Atomicity & Sequence Boundary Isolation
1715,20170706_1749,Thursday,231,BENIGN,0,train,lstm,Thursday_GAP_006,False,False,Continuous chronological train block,Strict Level 1 Segment Atomicity & Sequence Boundary Isolation
1716,20170706_1750,Thursday,232,BENIGN,0,train,lstm,Thursday_GAP_006,False,False,Continuous chronological train block,Strict Level 1 Segment Atomicity & Sequence Boundary Isolation
1717,20170706_1751,Thursday,233,BENIGN,0,train,lstm,Thursday_GAP_006,False,False,Continuous chronological train block,Strict Level 1 Segment Atomicity & Sequence Boundary Isolation
1718,20170706_1752,Thursday,234,BENIGN,0,train,lstm,Thursday_GAP_006,False,False,Continuous chronological train block,Strict Level 1 Segment Atomicity & Sequence Boundary Isolation
1719,20170706_1753,Thursday,235,BENIGN,0,train,lstm,Thursday_GAP_006,False,False,Continuous chronological train block,Strict Level 1 Segment Atomicity & Sequence Boundary Isolation
1720,20170706_1754,Thursday,236,BENIGN,0,train,lstm,Thursday_GAP_006,False,False,Continuous chronological train block,Strict Level 1 Segment Atomicity & Sequence Boundary Isolation
1721,20170706_1755,Thursday,237,BENIGN,0,train,lstm,Thursday_GAP_006,False,False,Continuous chronological train block,Strict Level 1 Segment Atomicity & Sequence Boundary Isolation
1722,20170706_1756,Thursday,238,BENIGN,0,train,lstm,Thursday_GAP_006,False,False,Continuous chronological train block,Strict Level 1 Segment Atomicity & Sequence Boundary Isolation
1723,20170706_1757,Thursday,239,BENIGN,0,train,lstm,Thursday_GAP_006,False,False,Continuous chronological train block,Strict Level 1 Segment Atomicity & Sequence Boundary Isolation
1724,20170706_1758,Thursday,240,BENIGN,0,train,lstm,Thursday_GAP_006,False,False,Continuous chronological train block,Strict Level 1 Segment Atomicity & Sequence Boundary Isolation
1725,20170706_1759,Thursday,241,BENIGN,0,train,lstm,Thursday_GAP_006,False,False,Continuous chronological train block,Strict Level 1 Segment Atomicity & Sequence Boundary Isolation
1726,20170706_1800,Thursday,242,BENIGN,0,train,lstm,Thursday_GAP_006,False,False,Continuous chronological train block,Strict Level 1 Segment Atomicity & Sequence Boundary Isolation
1727,20170706_1801,Thursday,243,BENIGN,0,train,lstm,Thursday_GAP_006,False,False,Continuous chronological train block,Strict Level 1 Segment Atomicity & Sequence Boundary Isolation
1728,20170706_1802,Thursday,244,BENIGN,0,train,lstm,Thursday_GAP_006,False,False,Continuous chronological train block,Strict Level 1 Segment Atomicity & Sequence Boundary Isolation
1729,20170706_1803,Thursday,245,BENIGN,0,train,lstm,Thursday_GAP_006,False,False,Continuous chronological train block,Strict Level 1 Segment Atomicity & Sequence Boundary Isolation
1730,20170706_1804,Thursday,246,BENIGN,0,train,lstm,Thursday_GAP_006,False,False,Continuous chronological train block,Strict Level 1 Segment Atomicity & Sequence Boundary Isolation
1731,20170706_1805,Thursday,247,BENIGN,0,train,lstm,Thursday_GAP_006,False,False,Continuous chronological train block,Strict Level 1 Segment Atomicity & Sequence Boundary Isolation
1732,20170706_1806,Thursday,248,BENIGN,0,train,lstm,Thursday_GAP_006,False,False,Continuous chronological train block,Strict Level 1 Segment Atomicity & Sequence Boundary Isolation
1733,20170706_1807,Thursday,249,BENIGN,0,train,lstm,Thursday_GAP_006,False,False,Continuous chronological train block,Strict Level 1 Segment Atomicity & Sequence Boundary Isolation
1734,20170706_1808,Thursday,250,BENIGN,0,train,lstm,Thursday_GAP_006,False,False,Continuous chronological train block,Strict Level 1 Segment Atomicity & Sequence Boundary Isolation
1735,20170706_1809,Thursday,251,BENIGN,0,train,lstm,Thursday_GAP_006,False,False,Continuous chronological train block,Strict Level 1 Segment Atomicity & Sequence Boundary Isolation
1736,20170706_1810,Thursday,252,BENIGN,0,train,lstm,Thursday_GAP_006,False,False,Continuous chronological train block,Strict Level 1 Segment Atomicity & Sequence Boundary Isolation
1737,20170706_1811,Thursday,253,BENIGN,0,train,lstm,Thursday_GAP_006,False,False,Continuous chronological train block,Strict Level 1 Segment Atomicity & Sequence Boundary Isolation
1738,20170706_1812,Thursday,254,BENIGN,0,train,lstm,Thursday_GAP_006,False,False,Continuous chronological train block,Strict Level 1 Segment Atomicity & Sequence Boundary Isolation
1739,20170706_1813,Thursday,255,BENIGN,0,train,lstm,Thursday_GAP_006,False,False,Continuous chronological train block,Strict Level 1 Segment Atomicity & Sequence Boundary Isolation
1740,20170706_1814,Thursday,256,BENIGN,0,train,lstm,Thursday_GAP_006,False,False,Continuous chronological train block,Strict Level 1 Segment Atomicity & Sequence Boundary Isolation
1741,20170706_1815,Thursday,257,BENIGN,0,train,lstm,Thursday_GAP_006,False,False,Continuous chronological train block,Strict Level 1 Segment Atomicity & Sequence Boundary Isolation
1742,20170706_1816,Thursday,258,BENIGN,0,train,lstm,Thursday_GAP_006,False,False,Continuous chronological train block,Strict Level 1 Segment Atomicity & Sequence Boundary Isolation
1743,20170706_1817,Thursday,259,BENIGN,0,train,lstm,Thursday_GAP_006,False,False,Continuous chronological train block,Strict Level 1 Segment Atomicity & Sequence Boundary Isolation
1744,20170706_1818,Thursday,260,BENIGN,0,train,lstm,Thursday_GAP_006,False,False,Continuous chronological train block,Strict Level 1 Segment Atomicity & Sequence Boundary Isolation
1745,20170706_1819,Thursday,261,BENIGN,0,train,lstm,Thursday_GAP_006,False,False,Continuous chronological train block,Strict Level 1 Segment Atomicity & Sequence Boundary Isolation
1746,20170706_1820,Thursday,262,BENIGN,0,train,lstm,Thursday_GAP_006,False,False,Continuous chronological train block,Strict Level 1 Segment Atomicity & Sequence Boundary Isolation
1747,20170706_1821,Thursday,263,BENIGN,0,train,lstm,Thursday_GAP_006,False,False,Continuous chronological train block,Strict Level 1 Segment Atomicity & Sequence Boundary Isolation
1748,20170706_1822,Thursday,264,BENIGN,0,train,lstm,Thursday_GAP_006,False,False,Continuous chronological train block,Strict Level 1 Segment Atomicity & Sequence Boundary Isolation
1749,20170706_1823,Thursday,265,BENIGN,0,train,lstm,Thursday_GAP_006,False,False,Continuous chronological train block,Strict Level 1 Segment Atomicity & Sequence Boundary Isolation
1750,20170706_1824,Thursday,266,BENIGN,0,train,lstm,Thursday_GAP_006,False,False,Continuous chronological train block,Strict Level 1 Segment Atomicity & Sequence Boundary Isolation
1751,20170706_1825,Thursday,267,BENIGN,0,train,lstm,Thursday_GAP_006,False,False,Continuous chronological train block,Strict Level 1 Segment Atomicity & Sequence Boundary Isolation
1752,20170706_1826,Thursday,268,BENIGN,0,train,lstm,Thursday_GAP_006,False,False,Continuous chronological train block,Strict Level 1 Segment Atomicity & Sequence Boundary Isolation
1753,20170706_1827,Thursday,269,BENIGN,0,train,lstm,Thursday_GAP_006,False,False,Continuous chronological train block,Strict Level 1 Segment Atomicity & Sequence Boundary Isolation
1754,20170706_1828,Thursday,270,BENIGN,0,train,lstm,Thursday_GAP_006,False,False,Continuous chronological train block,Strict Level 1 Segment Atomicity & Sequence Boundary Isolation
1755,20170706_1829,Thursday,271,BENIGN,0,train,lstm,Thursday_GAP_006,False,False,Continuous chronological train block,Strict Level 1 Segment Atomicity & Sequence Boundary Isolation
1756,20170706_1830,Thursday,272,BENIGN,0,train,lstm,Thursday_GAP_006,False,False,Continuous chronological train block,Strict Level 1 Segment Atomicity & Sequence Boundary Isolation
1757,20170706_1831,Thursday,273,BENIGN,0,train,lstm,Thursday_GAP_006,False,False,Continuous chronological train block,Strict Level 1 Segment Atomicity & Sequence Boundary Isolation
1758,20170706_1832,Thursday,274,BENIGN,0,train,lstm,Thursday_GAP_006,False,False,Continuous chronological train block,Strict Level 1 Segment Atomicity & Sequence Boundary Isolation
1759,20170706_1833,Thursday,275,BENIGN,0,train,lstm,Thursday_GAP_006,False,False,Continuous chronological train block,Strict Level 1 Segment Atomicity & Sequence Boundary Isolation
1760,20170706_1834,Thursday,276,BENIGN,0,train,lstm,Thursday_GAP_006,False,False,Continuous chronological train block,Strict Level 1 Segment Atomicity & Sequence Boundary Isolation
1761,20170706_1835,Thursday,277,BENIGN,0,train,lstm,Thursday_GAP_006,False,False,Continuous chronological train block,Strict Level 1 Segment Atomicity & Sequence Boundary Isolation
1762,20170706_1836,Thursday,278,BENIGN,0,train,lstm,Thursday_GAP_006,False,False,Continuous chronological train block,Strict Level 1 Segment Atomicity & Sequence Boundary Isolation
1763,20170706_1837,Thursday,279,BENIGN,0,train,lstm,Thursday_GAP_006,False,False,Continuous chronological train block,Strict Level 1 Segment Atomicity & Sequence Boundary Isolation
1764,20170706_1838,Thursday,280,BENIGN,0,train,lstm,Thursday_GAP_006,False,False,Continuous chronological train block,Strict Level 1 Segment Atomicity & Sequence Boundary Isolation
1765,20170706_1839,Thursday,281,BENIGN,0,train,lstm,Thursday_GAP_006,False,False,Continuous chronological train block,Strict Level 1 Segment Atomicity & Sequence Boundary Isolation
1766,20170706_1840,Thursday,282,BENIGN,0,train,lstm,Thursday_GAP_006,False,False,Continuous chronological train block,Strict Level 1 Segment Atomicity & Sequence Boundary Isolation
1767,20170706_1841,Thursday,283,BENIGN,0,train,lstm,Thursday_GAP_006,False,False,Continuous chronological train block,Strict Level 1 Segment Atomicity & Sequence Boundary Isolation
1768,20170706_1842,Thursday,284,BENIGN,0,train,lstm,Thursday_GAP_006,False,False,Continuous chronological train block,Strict Level 1 Segment Atomicity & Sequence Boundary Isolation
1769,20170706_1843,Thursday,285,BENIGN,0,train,lstm,Thursday_GAP_006,False,False,Continuous chronological train block,Strict Level 1 Segment Atomicity & Sequence Boundary Isolation
1770,20170706_1844,Thursday,286,BENIGN,0,train,lstm,Thursday_GAP_006,False,False,Continuous chronological train block,Strict Level 1 Segment Atomicity & Sequence Boundary Isolation
1771,20170706_1845,Thursday,287,BENIGN,0,train,lstm,Thursday_GAP_006,False,False,Continuous chronological train block,Strict Level 1 Segment Atomicity & Sequence Boundary Isolation
1772,20170706_1846,Thursday,288,BENIGN,0,train,lstm,Thursday_GAP_006,False,False,Continuous chronological train block,Strict Level 1 Segment Atomicity & Sequence Boundary Isolation
1773,20170706_1847,Thursday,289,BENIGN,0,train,lstm,Thursday_GAP_006,False,False,Continuous chronological train block,Strict Level 1 Segment Atomicity & Sequence Boundary Isolation
1774,20170706_1848,Thursday,290,BENIGN,0,train,lstm,Thursday_GAP_006,False,False,Continuous chronological train block,Strict Level 1 Segment Atomicity & Sequence Boundary Isolation
1775,20170706_1849,Thursday,291,BENIGN,0,train,lstm,Thursday_GAP_006,False,False,Continuous chronological train block,Strict Level 1 Segment Atomicity & Sequence Boundary Isolation
1776,20170706_1850,Thursday,292,BENIGN,0,train,lstm,Thursday_GAP_006,False,False,Continuous chronological train block,Strict Level 1 Segment Atomicity & Sequence Boundary Isolation
1777,20170706_1851,Thursday,293,BENIGN,0,train,lstm,Thursday_GAP_006,False,False,Continuous chronological train block,Strict Level 1 Segment Atomicity & Sequence Boundary Isolation
1778,20170706_1852,Thursday,294,BENIGN,0,train,lstm,Thursday_GAP_006,False,False,Continuous chronological train block,Strict Level 1 Segment Atomicity & Sequence Boundary Isolation
1779,20170706_1853,Thursday,295,BENIGN,0,train,lstm,Thursday_GAP_006,False,False,Continuous chronological train block,Strict Level 1 Segment Atomicity & Sequence Boundary Isolation
1780,20170706_1854,Thursday,296,BENIGN,0,train,lstm,Thursday_GAP_006,False,False,Continuous chronological train block,Strict Level 1 Segment Atomicity & Sequence Boundary Isolation
1781,20170706_1855,Thursday,297,BENIGN,0,train,lstm,Thursday_GAP_006,False,False,Continuous chronological train block,Strict Level 1 Segment Atomicity & Sequence Boundary Isolation
1782,20170706_1856,Thursday,298,BENIGN,0,train,lstm,Thursday_GAP_006,False,False,Continuous chronological train block,Strict Level 1 Segment Atomicity & Sequence Boundary Isolation
1783,20170706_1857,Thursday,299,BENIGN,0,train,lstm,Thursday_GAP_006,False,False,Continuous chronological train block,Strict Level 1 Segment Atomicity & Sequence Boundary Isolation
1784,20170706_1858,Thursday,300,BENIGN,0,train,lstm,Thursday_GAP_006,False,False,Continuous chronological train block,Strict Level 1 Segment Atomicity & Sequence Boundary Isolation
1785,20170706_1859,Thursday,301,BENIGN,0,train,lstm,Thursday_GAP_006,False,False,Continuous chronological train block,Strict Level 1 Segment Atomicity & Sequence Boundary Isolation
1786,20170706_1900,Thursday,302,BENIGN,0,train,lstm,Thursday_GAP_006,False,False,Continuous chronological train block,Strict Level 1 Segment Atomicity & Sequence Boundary Isolation
1787,20170706_1901,Thursday,303,BENIGN,0,train,lstm,Thursday_GAP_006,False,False,Continuous chronological train block,Strict Level 1 Segment Atomicity & Sequence Boundary Isolation
1788,20170706_1902,Thursday,304,BENIGN,0,train,lstm,Thursday_GAP_006,False,False,Continuous chronological train block,Strict Level 1 Segment Atomicity & Sequence Boundary Isolation
1789,20170706_1903,Thursday,305,BENIGN,0,train,lstm,Thursday_GAP_006,False,False,Continuous chronological train block,Strict Level 1 Segment Atomicity & Sequence Boundary Isolation
1790,20170706_1904,Thursday,306,BENIGN,0,train,lstm,Thursday_GAP_006,False,False,Continuous chronological train block,Strict Level 1 Segment Atomicity & Sequence Boundary Isolation
1791,20170706_1905,Thursday,307,BENIGN,0,train,lstm,Thursday_GAP_006,False,False,Continuous chronological train block,Strict Level 1 Segment Atomicity & Sequence Boundary Isolation
1792,20170706_1906,Thursday,308,BENIGN,0,train,lstm,Thursday_GAP_006,False,False,Continuous chronological train block,Strict Level 1 Segment Atomicity & Sequence Boundary Isolation
1793,20170706_1907,Thursday,309,BENIGN,0,train,lstm,Thursday_GAP_006,False,False,Continuous chronological train block,Strict Level 1 Segment Atomicity & Sequence Boundary Isolation
1794,20170706_1908,Thursday,310,BENIGN,0,train,lstm,Thursday_GAP_006,False,False,Continuous chronological train block,Strict Level 1 Segment Atomicity & Sequence Boundary Isolation
1795,20170706_1909,Thursday,311,BENIGN,0,buffer,lstm,Thursday_GAP_006,True,False,10-window Train/Val boundary exclusion buffer,Strict Level 1 Segment Atomicity & Sequence Boundary Isolation
1796,20170706_1910,Thursday,312,BENIGN,0,buffer,lstm,Thursday_GAP_006,True,False,10-window Train/Val boundary exclusion buffer,Strict Level 1 Segment Atomicity & Sequence Boundary Isolation
1797,20170706_1911,Thursday,313,BENIGN,0,buffer,lstm,Thursday_GAP_006,True,False,10-window Train/Val boundary exclusion buffer,Strict Level 1 Segment Atomicity & Sequence Boundary Isolation
1798,20170706_1912,Thursday,314,BENIGN,0,buffer,lstm,Thursday_GAP_006,True,False,10-window Train/Val boundary exclusion buffer,Strict Level 1 Segment Atomicity & Sequence Boundary Isolation
1799,20170706_1913,Thursday,315,BENIGN,0,buffer,lstm,Thursday_GAP_006,True,False,10-window Train/Val boundary exclusion buffer,Strict Level 1 Segment Atomicity & Sequence Boundary Isolation
1800,20170706_1914,Thursday,316,BENIGN,0,buffer,lstm,Thursday_GAP_006,True,False,10-window Train/Val boundary exclusion buffer,Strict Level 1 Segment Atomicity & Sequence Boundary Isolation
1801,20170706_1915,Thursday,317,BENIGN,0,buffer,lstm,Thursday_GAP_006,True,False,10-window Train/Val boundary exclusion buffer,Strict Level 1 Segment Atomicity & Sequence Boundary Isolation
1802,20170706_1916,Thursday,318,BENIGN,0,buffer,lstm,Thursday_GAP_006,True,False,10-window Train/Val boundary exclusion buffer,Strict Level 1 Segment Atomicity & Sequence Boundary Isolation
1803,20170706_1917,Thursday,319,BENIGN,0,buffer,lstm,Thursday_GAP_006,True,False,10-window Train/Val boundary exclusion buffer,Strict Level 1 Segment Atomicity & Sequence Boundary Isolation
1804,20170706_1918,Thursday,320,BENIGN,0,buffer,lstm,Thursday_GAP_006,True,False,10-window Train/Val boundary exclusion buffer,Strict Level 1 Segment Atomicity & Sequence Boundary Isolation
1805,20170706_1919,Thursday,321,Infiltration,1,validation,lstm,Thursday_SEG_006,False,False,Continuous chronological validation block,Strict Level 1 Segment Atomicity & Sequence Boundary Isolation
1806,20170706_1920,Thursday,322,BENIGN,0,validation,lstm,Thursday_GAP_007,False,False,Continuous chronological validation block,Strict Level 1 Segment Atomicity & Sequence Boundary Isolation
1807,20170706_1921,Thursday,323,BENIGN,0,validation,lstm,Thursday_GAP_007,False,False,Continuous chronological validation block,Strict Level 1 Segment Atomicity & Sequence Boundary Isolation
1808,20170706_1922,Thursday,324,BENIGN,0,validation,lstm,Thursday_GAP_007,False,False,Continuous chronological validation block,Strict Level 1 Segment Atomicity & Sequence Boundary Isolation
1809,20170706_1923,Thursday,325,BENIGN,0,validation,lstm,Thursday_GAP_007,False,False,Continuous chronological validation block,Strict Level 1 Segment Atomicity & Sequence Boundary Isolation
1810,20170706_1924,Thursday,326,BENIGN,0,validation,lstm,Thursday_GAP_007,False,False,Continuous chronological validation block,Strict Level 1 Segment Atomicity & Sequence Boundary Isolation
1811,20170706_1925,Thursday,327,BENIGN,0,validation,lstm,Thursday_GAP_007,False,False,Continuous chronological validation block,Strict Level 1 Segment Atomicity & Sequence Boundary Isolation
1812,20170706_1926,Thursday,328,BENIGN,0,validation,lstm,Thursday_GAP_007,False,False,Continuous chronological validation block,Strict Level 1 Segment Atomicity & Sequence Boundary Isolation
1813,20170706_1927,Thursday,329,BENIGN,0,validation,lstm,Thursday_GAP_007,False,False,Continuous chronological validation block,Strict Level 1 Segment Atomicity & Sequence Boundary Isolation
1814,20170706_1928,Thursday,330,Infiltration,1,validation,lstm,Thursday_SEG_007,False,False,Continuous chronological validation block,Strict Level 1 Segment Atomicity & Sequence Boundary Isolation
1815,20170706_1929,Thursday,331,BENIGN,0,validation,lstm,Thursday_GAP_008,False,False,Continuous chronological validation block,Strict Level 1 Segment Atomicity & Sequence Boundary Isolation
1816,20170706_1930,Thursday,332,Infiltration,1,validation,lstm,Thursday_SEG_008,False,False,Continuous chronological validation block,Strict Level 1 Segment Atomicity & Sequence Boundary Isolation
1817,20170706_1931,Thursday,333,BENIGN,0,validation,lstm,Thursday_GAP_009,False,False,Continuous chronological validation block,Strict Level 1 Segment Atomicity & Sequence Boundary Isolation
1818,20170706_1932,Thursday,334,Infiltration,1,validation,lstm,Thursday_SEG_009,False,False,Continuous chronological validation block,Strict Level 1 Segment Atomicity & Sequence Boundary Isolation
1819,20170706_1933,Thursday,335,BENIGN,0,validation,lstm,Thursday_GAP_010,False,False,Continuous chronological validation block,Strict Level 1 Segment Atomicity & Sequence Boundary Isolation
1820,20170706_1934,Thursday,336,Infiltration,1,validation,lstm,Thursday_SEG_010,False,False,Continuous chronological validation block,Strict Level 1 Segment Atomicity & Sequence Boundary Isolation
1821,20170706_1935,Thursday,337,BENIGN,0,validation,lstm,Thursday_GAP_011,False,False,Continuous chronological validation block,Strict Level 1 Segment Atomicity & Sequence Boundary Isolation
1822,20170706_1936,Thursday,338,Infiltration,1,validation,lstm,Thursday_SEG_011,False,False,Continuous chronological validation block,Strict Level 1 Segment Atomicity & Sequence Boundary Isolation
1823,20170706_1937,Thursday,339,BENIGN,0,validation,lstm,Thursday_GAP_012,False,False,Continuous chronological validation block,Strict Level 1 Segment Atomicity & Sequence Boundary Isolation
1824,20170706_1938,Thursday,340,Infiltration,1,validation,lstm,Thursday_SEG_012,False,False,Continuous chronological validation block,Strict Level 1 Segment Atomicity & Sequence Boundary Isolation
1825,20170706_1939,Thursday,341,Infiltration,1,validation,lstm,Thursday_SEG_012,False,False,Continuous chronological validation block,Strict Level 1 Segment Atomicity & Sequence Boundary Isolation
1826,20170706_1940,Thursday,342,Infiltration,1,validation,lstm,Thursday_SEG_012,False,False,Continuous chronological validation block,Strict Level 1 Segment Atomicity & Sequence Boundary Isolation
1827,20170706_1941,Thursday,343,BENIGN,0,validation,lstm,Thursday_GAP_013,False,False,Continuous chronological validation block,Strict Level 1 Segment Atomicity & Sequence Boundary Isolation
1828,20170706_1942,Thursday,344,Infiltration,1,validation,lstm,Thursday_SEG_013,False,False,Continuous chronological validation block,Strict Level 1 Segment Atomicity & Sequence Boundary Isolation
1829,20170706_1943,Thursday,345,BENIGN,0,validation,lstm,Thursday_GAP_014,False,False,Continuous chronological validation block,Strict Level 1 Segment Atomicity & Sequence Boundary Isolation
1830,20170706_1944,Thursday,346,BENIGN,0,validation,lstm,Thursday_GAP_014,False,False,Continuous chronological validation block,Strict Level 1 Segment Atomicity & Sequence Boundary Isolation
1831,20170706_1945,Thursday,347,BENIGN,0,validation,lstm,Thursday_GAP_014,False,False,Continuous chronological validation block,Strict Level 1 Segment Atomicity & Sequence Boundary Isolation
1832,20170706_1946,Thursday,348,BENIGN,0,validation,lstm,Thursday_GAP_014,False,False,Continuous chronological validation block,Strict Level 1 Segment Atomicity & Sequence Boundary Isolation
1833,20170706_1947,Thursday,349,BENIGN,0,validation,lstm,Thursday_GAP_014,False,False,Continuous chronological validation block,Strict Level 1 Segment Atomicity & Sequence Boundary Isolation
1834,20170706_1948,Thursday,350,BENIGN,0,validation,lstm,Thursday_GAP_014,False,False,Continuous chronological validation block,Strict Level 1 Segment Atomicity & Sequence Boundary Isolation
1835,20170706_1949,Thursday,351,BENIGN,0,validation,lstm,Thursday_GAP_014,False,False,Continuous chronological validation block,Strict Level 1 Segment Atomicity & Sequence Boundary Isolation
1836,20170706_1950,Thursday,352,BENIGN,0,validation,lstm,Thursday_GAP_014,False,False,Continuous chronological validation block,Strict Level 1 Segment Atomicity & Sequence Boundary Isolation
1837,20170706_1951,Thursday,353,BENIGN,0,validation,lstm,Thursday_GAP_014,False,False,Continuous chronological validation block,Strict Level 1 Segment Atomicity & Sequence Boundary Isolation
1838,20170706_1952,Thursday,354,BENIGN,0,validation,lstm,Thursday_GAP_014,False,False,Continuous chronological validation block,Strict Level 1 Segment Atomicity & Sequence Boundary Isolation
1839,20170706_1953,Thursday,355,BENIGN,0,validation,lstm,Thursday_GAP_014,False,False,Continuous chronological validation block,Strict Level 1 Segment Atomicity & Sequence Boundary Isolation
1840,20170706_1954,Thursday,356,BENIGN,0,validation,lstm,Thursday_GAP_014,False,False,Continuous chronological validation block,Strict Level 1 Segment Atomicity & Sequence Boundary Isolation
1841,20170706_1955,Thursday,357,BENIGN,0,validation,lstm,Thursday_GAP_014,False,False,Continuous chronological validation block,Strict Level 1 Segment Atomicity & Sequence Boundary Isolation
1842,20170706_1956,Thursday,358,BENIGN,0,validation,lstm,Thursday_GAP_014,False,False,Continuous chronological validation block,Strict Level 1 Segment Atomicity & Sequence Boundary Isolation
1843,20170706_1957,Thursday,359,BENIGN,0,validation,lstm,Thursday_GAP_014,False,False,Continuous chronological validation block,Strict Level 1 Segment Atomicity & Sequence Boundary Isolation
1844,20170706_1958,Thursday,360,BENIGN,0,validation,lstm,Thursday_GAP_014,False,False,Continuous chronological validation block,Strict Level 1 Segment Atomicity & Sequence Boundary Isolation
1845,20170706_1959,Thursday,361,BENIGN,0,validation,lstm,Thursday_GAP_014,False,False,Continuous chronological validation block,Strict Level 1 Segment Atomicity & Sequence Boundary Isolation
1846,20170706_2000,Thursday,362,BENIGN,0,validation,lstm,Thursday_GAP_014,False,False,Continuous chronological validation block,Strict Level 1 Segment Atomicity & Sequence Boundary Isolation
1847,20170706_2001,Thursday,363,BENIGN,0,validation,lstm,Thursday_GAP_014,False,False,Continuous chronological validation block,Strict Level 1 Segment Atomicity & Sequence Boundary Isolation
1848,20170706_2002,Thursday,364,BENIGN,0,validation,lstm,Thursday_GAP_014,False,False,Continuous chronological validation block,Strict Level 1 Segment Atomicity & Sequence Boundary Isolation
1849,20170706_2003,Thursday,365,BENIGN,0,validation,lstm,Thursday_GAP_014,False,False,Continuous chronological validation block,Strict Level 1 Segment Atomicity & Sequence Boundary Isolation
1850,20170706_2004,Thursday,366,Infiltration,1,validation,lstm,Thursday_SEG_014,False,False,Continuous chronological validation block,Strict Level 1 Segment Atomicity & Sequence Boundary Isolation
1851,20170706_2005,Thursday,367,BENIGN,0,validation,lstm,Thursday_GAP_015,False,False,Continuous chronological validation block,Strict Level 1 Segment Atomicity & Sequence Boundary Isolation
1852,20170706_2006,Thursday,368,BENIGN,0,validation,lstm,Thursday_GAP_015,False,False,Continuous chronological validation block,Strict Level 1 Segment Atomicity & Sequence Boundary Isolation
1853,20170706_2007,Thursday,369,Infiltration,1,validation,lstm,Thursday_SEG_015,False,False,Continuous chronological validation block,Strict Level 1 Segment Atomicity & Sequence Boundary Isolation
1854,20170706_2008,Thursday,370,BENIGN,0,validation,lstm,Thursday_GAP_016,False,False,Continuous chronological validation block,Strict Level 1 Segment Atomicity & Sequence Boundary Isolation
1855,20170706_2009,Thursday,371,Infiltration,1,validation,lstm,Thursday_SEG_016,False,False,Continuous chronological validation block,Strict Level 1 Segment Atomicity & Sequence Boundary Isolation
1856,20170706_2010,Thursday,372,BENIGN,0,validation,lstm,Thursday_GAP_017,False,False,Continuous chronological validation block,Strict Level 1 Segment Atomicity & Sequence Boundary Isolation
1857,20170706_2011,Thursday,373,BENIGN,0,validation,lstm,Thursday_GAP_017,False,False,Continuous chronological validation block,Strict Level 1 Segment Atomicity & Sequence Boundary Isolation
1858,20170706_2012,Thursday,374,Infiltration,1,validation,lstm,Thursday_SEG_017,False,False,Continuous chronological validation block,Strict Level 1 Segment Atomicity & Sequence Boundary Isolation
1859,20170706_2013,Thursday,375,BENIGN,0,validation,lstm,Thursday_GAP_018,False,False,Continuous chronological validation block,Strict Level 1 Segment Atomicity & Sequence Boundary Isolation
1860,20170706_2014,Thursday,376,Infiltration,1,validation,lstm,Thursday_SEG_018,False,False,Continuous chronological validation block,Strict Level 1 Segment Atomicity & Sequence Boundary Isolation
1861,20170706_2015,Thursday,377,BENIGN,0,validation,lstm,Thursday_GAP_019,False,False,Continuous chronological validation block,Strict Level 1 Segment Atomicity & Sequence Boundary Isolation
1862,20170706_2016,Thursday,378,Infiltration,1,validation,lstm,Thursday_SEG_019,False,False,Continuous chronological validation block,Strict Level 1 Segment Atomicity & Sequence Boundary Isolation
1863,20170706_2017,Thursday,379,BENIGN,0,validation,lstm,Thursday_GAP_020,False,False,Continuous chronological validation block,Strict Level 1 Segment Atomicity & Sequence Boundary Isolation
1864,20170706_2018,Thursday,380,BENIGN,0,validation,lstm,Thursday_GAP_020,False,False,Continuous chronological validation block,Strict Level 1 Segment Atomicity & Sequence Boundary Isolation
1865,20170706_2019,Thursday,381,Infiltration,1,validation,lstm,Thursday_SEG_020,False,False,Continuous chronological validation block,Strict Level 1 Segment Atomicity & Sequence Boundary Isolation
1866,20170706_2020,Thursday,382,BENIGN,0,validation,lstm,Thursday_GAP_021,False,False,Continuous chronological validation block,Strict Level 1 Segment Atomicity & Sequence Boundary Isolation
1867,20170706_2021,Thursday,383,Infiltration,1,validation,lstm,Thursday_SEG_021,False,False,Continuous chronological validation block,Strict Level 1 Segment Atomicity & Sequence Boundary Isolation
1868,20170706_2022,Thursday,384,BENIGN,0,validation,lstm,Thursday_GAP_022,False,False,Continuous chronological validation block,Strict Level 1 Segment Atomicity & Sequence Boundary Isolation
1869,20170706_2023,Thursday,385,Infiltration,1,validation,lstm,Thursday_SEG_022,False,False,Continuous chronological validation block,Strict Level 1 Segment Atomicity & Sequence Boundary Isolation
1870,20170706_2024,Thursday,386,BENIGN,0,validation,lstm,Thursday_GAP_023,False,False,Continuous chronological validation block,Strict Level 1 Segment Atomicity & Sequence Boundary Isolation
1871,20170706_2025,Thursday,387,BENIGN,0,validation,lstm,Thursday_GAP_023,False,False,Continuous chronological validation block,Strict Level 1 Segment Atomicity & Sequence Boundary Isolation
1872,20170706_2026,Thursday,388,Infiltration,1,validation,lstm,Thursday_SEG_023,False,False,Continuous chronological validation block,Strict Level 1 Segment Atomicity & Sequence Boundary Isolation
1873,20170706_2027,Thursday,389,BENIGN,0,validation,lstm,Thursday_GAP_024,False,False,Continuous chronological validation block,Strict Level 1 Segment Atomicity & Sequence Boundary Isolation
1874,20170706_2028,Thursday,390,Infiltration,1,validation,lstm,Thursday_SEG_024,False,False,Continuous chronological validation block,Strict Level 1 Segment Atomicity & Sequence Boundary Isolation
1875,20170706_2029,Thursday,391,BENIGN,0,validation,lstm,Thursday_GAP_025,False,False,Continuous chronological validation block,Strict Level 1 Segment Atomicity & Sequence Boundary Isolation
1876,20170706_2030,Thursday,392,BENIGN,0,validation,lstm,Thursday_GAP_025,False,False,Continuous chronological validation block,Strict Level 1 Segment Atomicity & Sequence Boundary Isolation
1877,20170706_2031,Thursday,393,Infiltration,1,validation,lstm,Thursday_SEG_025,False,False,Continuous chronological validation block,Strict Level 1 Segment Atomicity & Sequence Boundary Isolation
1878,20170706_2032,Thursday,394,BENIGN,0,validation,lstm,Thursday_GAP_026,False,False,Continuous chronological validation block,Strict Level 1 Segment Atomicity & Sequence Boundary Isolation
1879,20170706_2033,Thursday,395,Infiltration,1,validation,lstm,Thursday_SEG_026,False,False,Continuous chronological validation block,Strict Level 1 Segment Atomicity & Sequence Boundary Isolation
1880,20170706_2034,Thursday,396,BENIGN,0,validation,lstm,Thursday_GAP_027,False,False,Continuous chronological validation block,Strict Level 1 Segment Atomicity & Sequence Boundary Isolation
1881,20170706_2035,Thursday,397,BENIGN,0,validation,lstm,Thursday_GAP_027,False,False,Continuous chronological validation block,Strict Level 1 Segment Atomicity & Sequence Boundary Isolation
1882,20170706_2036,Thursday,398,Infiltration,1,validation,lstm,Thursday_SEG_027,False,False,Continuous chronological validation block,Strict Level 1 Segment Atomicity & Sequence Boundary Isolation
1883,20170706_2037,Thursday,399,BENIGN,0,validation,lstm,Thursday_GAP_028,False,False,Continuous chronological validation block,Strict Level 1 Segment Atomicity & Sequence Boundary Isolation
1884,20170706_2038,Thursday,400,BENIGN,0,validation,lstm,Thursday_GAP_028,False,False,Continuous chronological validation block,Strict Level 1 Segment Atomicity & Sequence Boundary Isolation
1885,20170706_2039,Thursday,401,Infiltration,1,validation,lstm,Thursday_SEG_028,False,False,Continuous chronological validation block,Strict Level 1 Segment Atomicity & Sequence Boundary Isolation
1886,20170706_2040,Thursday,402,BENIGN,0,validation,lstm,Thursday_GAP_029,False,False,Continuous chronological validation block,Strict Level 1 Segment Atomicity & Sequence Boundary Isolation
1887,20170706_2041,Thursday,403,Infiltration,1,validation,lstm,Thursday_SEG_029,False,False,Continuous chronological validation block,Strict Level 1 Segment Atomicity & Sequence Boundary Isolation
1888,20170706_2042,Thursday,404,BENIGN,0,validation,lstm,Thursday_GAP_030,False,False,Continuous chronological validation block,Strict Level 1 Segment Atomicity & Sequence Boundary Isolation
1889,20170706_2043,Thursday,405,BENIGN,0,validation,lstm,Thursday_GAP_030,False,False,Continuous chronological validation block,Strict Level 1 Segment Atomicity & Sequence Boundary Isolation
1890,20170706_2044,Thursday,406,Infiltration,1,validation,lstm,Thursday_SEG_030,False,False,Continuous chronological validation block,Strict Level 1 Segment Atomicity & Sequence Boundary Isolation
1891,20170706_2045,Thursday,407,BENIGN,0,validation,lstm,Thursday_GAP_031,False,False,Continuous chronological validation block,Strict Level 1 Segment Atomicity & Sequence Boundary Isolation
1892,20170706_2046,Thursday,408,BENIGN,0,validation,lstm,Thursday_GAP_031,False,False,Continuous chronological validation block,Strict Level 1 Segment Atomicity & Sequence Boundary Isolation
1893,20170706_2047,Thursday,409,BENIGN,0,validation,lstm,Thursday_GAP_031,False,False,Continuous chronological validation block,Strict Level 1 Segment Atomicity & Sequence Boundary Isolation
1894,20170706_2048,Thursday,410,BENIGN,0,validation,lstm,Thursday_GAP_031,False,False,Continuous chronological validation block,Strict Level 1 Segment Atomicity & Sequence Boundary Isolation
1895,20170706_2049,Thursday,411,BENIGN,0,validation,lstm,Thursday_GAP_031,False,False,Continuous chronological validation block,Strict Level 1 Segment Atomicity & Sequence Boundary Isolation
1896,20170706_2050,Thursday,412,BENIGN,0,validation,lstm,Thursday_GAP_031,False,False,Continuous chronological validation block,Strict Level 1 Segment Atomicity & Sequence Boundary Isolation
1897,20170706_2051,Thursday,413,BENIGN,0,validation,lstm,Thursday_GAP_031,False,False,Continuous chronological validation block,Strict Level 1 Segment Atomicity & Sequence Boundary Isolation
1898,20170706_2052,Thursday,414,BENIGN,0,validation,lstm,Thursday_GAP_031,False,False,Continuous chronological validation block,Strict Level 1 Segment Atomicity & Sequence Boundary Isolation
1899,20170706_2053,Thursday,415,BENIGN,0,validation,lstm,Thursday_GAP_031,False,False,Continuous chronological validation block,Strict Level 1 Segment Atomicity & Sequence Boundary Isolation
1900,20170706_2054,Thursday,416,BENIGN,0,validation,lstm,Thursday_GAP_031,False,False,Continuous chronological validation block,Strict Level 1 Segment Atomicity & Sequence Boundary Isolation
1901,20170706_2055,Thursday,417,BENIGN,0,buffer,lstm,Thursday_GAP_031,True,False,10-window Val/Test boundary exclusion buffer,Strict Level 1 Segment Atomicity & Sequence Boundary Isolation
1902,20170706_2056,Thursday,418,BENIGN,0,buffer,lstm,Thursday_GAP_031,True,False,10-window Val/Test boundary exclusion buffer,Strict Level 1 Segment Atomicity & Sequence Boundary Isolation
1903,20170706_2057,Thursday,419,BENIGN,0,buffer,lstm,Thursday_GAP_031,True,False,10-window Val/Test boundary exclusion buffer,Strict Level 1 Segment Atomicity & Sequence Boundary Isolation
1904,20170706_2058,Thursday,420,BENIGN,0,buffer,lstm,Thursday_GAP_031,True,False,10-window Val/Test boundary exclusion buffer,Strict Level 1 Segment Atomicity & Sequence Boundary Isolation
1905,20170706_2059,Thursday,421,BENIGN,0,buffer,lstm,Thursday_GAP_031,True,False,10-window Val/Test boundary exclusion buffer,Strict Level 1 Segment Atomicity & Sequence Boundary Isolation
1906,20170706_2100,Thursday,422,BENIGN,0,buffer,lstm,Thursday_GAP_031,True,False,10-window Val/Test boundary exclusion buffer,Strict Level 1 Segment Atomicity & Sequence Boundary Isolation
1907,20170706_2101,Thursday,423,BENIGN,0,buffer,lstm,Thursday_GAP_031,True,False,10-window Val/Test boundary exclusion buffer,Strict Level 1 Segment Atomicity & Sequence Boundary Isolation
1908,20170706_2102,Thursday,424,BENIGN,0,buffer,lstm,Thursday_GAP_031,True,False,10-window Val/Test boundary exclusion buffer,Strict Level 1 Segment Atomicity & Sequence Boundary Isolation
1909,20170706_2103,Thursday,425,BENIGN,0,buffer,lstm,Thursday_GAP_031,True,False,10-window Val/Test boundary exclusion buffer,Strict Level 1 Segment Atomicity & Sequence Boundary Isolation
1910,20170706_2104,Thursday,426,BENIGN,0,buffer,lstm,Thursday_GAP_031,True,False,10-window Val/Test boundary exclusion buffer,Strict Level 1 Segment Atomicity & Sequence Boundary Isolation
1911,20170706_2105,Thursday,427,BENIGN,0,test,lstm,Thursday_GAP_031,False,False,Continuous chronological test block,Strict Level 1 Segment Atomicity & Sequence Boundary Isolation
1912,20170706_2106,Thursday,428,BENIGN,0,test,lstm,Thursday_GAP_031,False,False,Continuous chronological test block,Strict Level 1 Segment Atomicity & Sequence Boundary Isolation
1913,20170706_2107,Thursday,429,BENIGN,0,test,lstm,Thursday_GAP_031,False,False,Continuous chronological test block,Strict Level 1 Segment Atomicity & Sequence Boundary Isolation
1914,20170706_2108,Thursday,430,BENIGN,0,test,lstm,Thursday_GAP_031,False,False,Continuous chronological test block,Strict Level 1 Segment Atomicity & Sequence Boundary Isolation
1915,20170706_2109,Thursday,431,BENIGN,0,test,lstm,Thursday_GAP_031,False,False,Continuous chronological test block,Strict Level 1 Segment Atomicity & Sequence Boundary Isolation
1916,20170706_2110,Thursday,432,BENIGN,0,test,lstm,Thursday_GAP_031,False,False,Continuous chronological test block,Strict Level 1 Segment Atomicity & Sequence Boundary Isolation
1917,20170706_2111,Thursday,433,BENIGN,0,test,lstm,Thursday_GAP_031,False,False,Continuous chronological test block,Strict Level 1 Segment Atomicity & Sequence Boundary Isolation
1918,20170706_2112,Thursday,434,BENIGN,0,test,lstm,Thursday_GAP_031,False,False,Continuous chronological test block,Strict Level 1 Segment Atomicity & Sequence Boundary Isolation
1919,20170706_2113,Thursday,435,BENIGN,0,test,lstm,Thursday_GAP_031,False,False,Continuous chronological test block,Strict Level 1 Segment Atomicity & Sequence Boundary Isolation
1920,20170706_2114,Thursday,436,BENIGN,0,test,lstm,Thursday_GAP_031,False,False,Continuous chronological test block,Strict Level 1 Segment Atomicity & Sequence Boundary Isolation
1921,20170706_2115,Thursday,437,BENIGN,0,test,lstm,Thursday_GAP_031,False,False,Continuous chronological test block,Strict Level 1 Segment Atomicity & Sequence Boundary Isolation
1922,20170706_2116,Thursday,438,BENIGN,0,test,lstm,Thursday_GAP_031,False,False,Continuous chronological test block,Strict Level 1 Segment Atomicity & Sequence Boundary Isolation
1923,20170706_2117,Thursday,439,BENIGN,0,test,lstm,Thursday_GAP_031,False,False,Continuous chronological test block,Strict Level 1 Segment Atomicity & Sequence Boundary Isolation
1924,20170706_2118,Thursday,440,BENIGN,0,test,lstm,Thursday_GAP_031,False,False,Continuous chronological test block,Strict Level 1 Segment Atomicity & Sequence Boundary Isolation
1925,20170706_2119,Thursday,441,BENIGN,0,test,lstm,Thursday_GAP_031,False,False,Continuous chronological test block,Strict Level 1 Segment Atomicity & Sequence Boundary Isolation
1926,20170706_2120,Thursday,442,BENIGN,0,test,lstm,Thursday_GAP_031,False,False,Continuous chronological test block,Strict Level 1 Segment Atomicity & Sequence Boundary Isolation
1927,20170706_2121,Thursday,443,BENIGN,0,test,lstm,Thursday_GAP_031,False,False,Continuous chronological test block,Strict Level 1 Segment Atomicity & Sequence Boundary Isolation
1928,20170706_2122,Thursday,444,BENIGN,0,test,lstm,Thursday_GAP_031,False,False,Continuous chronological test block,Strict Level 1 Segment Atomicity & Sequence Boundary Isolation
1929,20170706_2123,Thursday,445,BENIGN,0,test,lstm,Thursday_GAP_031,False,False,Continuous chronological test block,Strict Level 1 Segment Atomicity & Sequence Boundary Isolation
1930,20170706_2124,Thursday,446,BENIGN,0,test,lstm,Thursday_GAP_031,False,False,Continuous chronological test block,Strict Level 1 Segment Atomicity & Sequence Boundary Isolation
1931,20170706_2125,Thursday,447,BENIGN,0,test,lstm,Thursday_GAP_031,False,False,Continuous chronological test block,Strict Level 1 Segment Atomicity & Sequence Boundary Isolation
1932,20170706_2126,Thursday,448,BENIGN,0,test,lstm,Thursday_GAP_031,False,False,Continuous chronological test block,Strict Level 1 Segment Atomicity & Sequence Boundary Isolation
1933,20170706_2127,Thursday,449,BENIGN,0,test,lstm,Thursday_GAP_031,False,False,Continuous chronological test block,Strict Level 1 Segment Atomicity & Sequence Boundary Isolation
1934,20170706_2128,Thursday,450,BENIGN,0,test,lstm,Thursday_GAP_031,False,False,Continuous chronological test block,Strict Level 1 Segment Atomicity & Sequence Boundary Isolation
1935,20170706_2129,Thursday,451,BENIGN,0,test,lstm,Thursday_GAP_031,False,False,Continuous chronological test block,Strict Level 1 Segment Atomicity & Sequence Boundary Isolation
1936,20170706_2130,Thursday,452,BENIGN,0,test,lstm,Thursday_GAP_031,False,False,Continuous chronological test block,Strict Level 1 Segment Atomicity & Sequence Boundary Isolation
1937,20170706_2131,Thursday,453,BENIGN,0,test,lstm,Thursday_GAP_031,False,False,Continuous chronological test block,Strict Level 1 Segment Atomicity & Sequence Boundary Isolation
1938,20170706_2132,Thursday,454,BENIGN,0,test,lstm,Thursday_GAP_031,False,False,Continuous chronological test block,Strict Level 1 Segment Atomicity & Sequence Boundary Isolation
1939,20170706_2133,Thursday,455,BENIGN,0,test,lstm,Thursday_GAP_031,False,False,Continuous chronological test block,Strict Level 1 Segment Atomicity & Sequence Boundary Isolation
1940,20170706_2134,Thursday,456,BENIGN,0,test,lstm,Thursday_GAP_031,False,False,Continuous chronological test block,Strict Level 1 Segment Atomicity & Sequence Boundary Isolation
1941,20170706_2135,Thursday,457,BENIGN,0,test,lstm,Thursday_GAP_031,False,False,Continuous chronological test block,Strict Level 1 Segment Atomicity & Sequence Boundary Isolation
1942,20170706_2136,Thursday,458,BENIGN,0,test,lstm,Thursday_GAP_031,False,False,Continuous chronological test block,Strict Level 1 Segment Atomicity & Sequence Boundary Isolation
1943,20170706_2137,Thursday,459,BENIGN,0,test,lstm,Thursday_GAP_031,False,False,Continuous chronological test block,Strict Level 1 Segment Atomicity & Sequence Boundary Isolation
1944,20170706_2138,Thursday,460,BENIGN,0,test,lstm,Thursday_GAP_031,False,False,Continuous chronological test block,Strict Level 1 Segment Atomicity & Sequence Boundary Isolation
1945,20170706_2139,Thursday,461,BENIGN,0,test,lstm,Thursday_GAP_031,False,False,Continuous chronological test block,Strict Level 1 Segment Atomicity & Sequence Boundary Isolation
1946,20170706_2140,Thursday,462,BENIGN,0,test,lstm,Thursday_GAP_031,False,False,Continuous chronological test block,Strict Level 1 Segment Atomicity & Sequence Boundary Isolation
1947,20170706_2141,Thursday,463,BENIGN,0,test,lstm,Thursday_GAP_031,False,False,Continuous chronological test block,Strict Level 1 Segment Atomicity & Sequence Boundary Isolation
1948,20170706_2142,Thursday,464,BENIGN,0,test,lstm,Thursday_GAP_031,False,False,Continuous chronological test block,Strict Level 1 Segment Atomicity & Sequence Boundary Isolation
1949,20170706_2143,Thursday,465,BENIGN,0,test,lstm,Thursday_GAP_031,False,False,Continuous chronological test block,Strict Level 1 Segment Atomicity & Sequence Boundary Isolation
1950,20170706_2144,Thursday,466,BENIGN,0,test,lstm,Thursday_GAP_031,False,False,Continuous chronological test block,Strict Level 1 Segment Atomicity & Sequence Boundary Isolation
1951,20170706_2145,Thursday,467,BENIGN,0,test,lstm,Thursday_GAP_031,False,False,Continuous chronological test block,Strict Level 1 Segment Atomicity & Sequence Boundary Isolation
1952,20170706_2146,Thursday,468,BENIGN,0,test,lstm,Thursday_GAP_031,False,False,Continuous chronological test block,Strict Level 1 Segment Atomicity & Sequence Boundary Isolation
1953,20170706_2147,Thursday,469,BENIGN,0,test,lstm,Thursday_GAP_031,False,False,Continuous chronological test block,Strict Level 1 Segment Atomicity & Sequence Boundary Isolation
1954,20170706_2148,Thursday,470,BENIGN,0,test,lstm,Thursday_GAP_031,False,False,Continuous chronological test block,Strict Level 1 Segment Atomicity & Sequence Boundary Isolation
1955,20170706_2149,Thursday,471,BENIGN,0,test,lstm,Thursday_GAP_031,False,False,Continuous chronological test block,Strict Level 1 Segment Atomicity & Sequence Boundary Isolation
1956,20170706_2150,Thursday,472,BENIGN,0,test,lstm,Thursday_GAP_031,False,False,Continuous chronological test block,Strict Level 1 Segment Atomicity & Sequence Boundary Isolation
1957,20170706_2151,Thursday,473,BENIGN,0,test,lstm,Thursday_GAP_031,False,False,Continuous chronological test block,Strict Level 1 Segment Atomicity & Sequence Boundary Isolation
1958,20170706_2152,Thursday,474,BENIGN,0,test,lstm,Thursday_GAP_031,False,False,Continuous chronological test block,Strict Level 1 Segment Atomicity & Sequence Boundary Isolation
1959,20170706_2153,Thursday,475,BENIGN,0,test,lstm,Thursday_GAP_031,False,False,Continuous chronological test block,Strict Level 1 Segment Atomicity & Sequence Boundary Isolation
1960,20170706_2154,Thursday,476,BENIGN,0,test,lstm,Thursday_GAP_031,False,False,Continuous chronological test block,Strict Level 1 Segment Atomicity & Sequence Boundary Isolation
1961,20170706_2155,Thursday,477,BENIGN,0,test,lstm,Thursday_GAP_031,False,False,Continuous chronological test block,Strict Level 1 Segment Atomicity & Sequence Boundary Isolation
1962,20170706_2156,Thursday,478,BENIGN,0,test,lstm,Thursday_GAP_031,False,False,Continuous chronological test block,Strict Level 1 Segment Atomicity & Sequence Boundary Isolation
1963,20170706_2157,Thursday,479,BENIGN,0,test,lstm,Thursday_GAP_031,False,False,Continuous chronological test block,Strict Level 1 Segment Atomicity & Sequence Boundary Isolation
1964,20170706_2158,Thursday,480,BENIGN,0,test,lstm,Thursday_GAP_031,False,False,Continuous chronological test block,Strict Level 1 Segment Atomicity & Sequence Boundary Isolation
1965,20170706_2159,Thursday,481,BENIGN,0,test,lstm,Thursday_GAP_031,False,False,Continuous chronological test block,Strict Level 1 Segment Atomicity & Sequence Boundary Isolation
1966,20170706_2200,Thursday,482,BENIGN,0,test,lstm,Thursday_GAP_031,False,False,Continuous chronological test block,Strict Level 1 Segment Atomicity & Sequence Boundary Isolation
1967,20170706_2201,Thursday,483,BENIGN,0,test,lstm,Thursday_GAP_031,False,False,Continuous chronological test block,Strict Level 1 Segment Atomicity & Sequence Boundary Isolation
1968,20170706_2202,Thursday,484,BENIGN,0,test,lstm,Thursday_GAP_031,False,False,Continuous chronological test block,Strict Level 1 Segment Atomicity & Sequence Boundary Isolation
1969,20170706_2203,Thursday,485,BENIGN,0,test,lstm,Thursday_GAP_031,False,False,Continuous chronological test block,Strict Level 1 Segment Atomicity & Sequence Boundary Isolation
1970,20170706_2204,Thursday,486,BENIGN,0,test,lstm,Thursday_GAP_031,False,False,Continuous chronological test block,Strict Level 1 Segment Atomicity & Sequence Boundary Isolation
1971,20170707_1359,Friday,1,BENIGN,0,train,lstm,Friday_GAP_001,False,False,Continuous chronological train block,Strict Level 1 Segment Atomicity & Sequence Boundary Isolation
1972,20170707_1400,Friday,2,BENIGN,0,train,lstm,Friday_GAP_001,False,False,Continuous chronological train block,Strict Level 1 Segment Atomicity & Sequence Boundary Isolation
1973,20170707_1401,Friday,3,BENIGN,0,train,lstm,Friday_GAP_001,False,False,Continuous chronological train block,Strict Level 1 Segment Atomicity & Sequence Boundary Isolation
1974,20170707_1402,Friday,4,BENIGN,0,train,lstm,Friday_GAP_001,False,False,Continuous chronological train block,Strict Level 1 Segment Atomicity & Sequence Boundary Isolation
1975,20170707_1403,Friday,5,BENIGN,0,train,lstm,Friday_GAP_001,False,False,Continuous chronological train block,Strict Level 1 Segment Atomicity & Sequence Boundary Isolation
1976,20170707_1404,Friday,6,BENIGN,0,train,lstm,Friday_GAP_001,False,False,Continuous chronological train block,Strict Level 1 Segment Atomicity & Sequence Boundary Isolation
1977,20170707_1405,Friday,7,BENIGN,0,train,lstm,Friday_GAP_001,False,False,Continuous chronological train block,Strict Level 1 Segment Atomicity & Sequence Boundary Isolation
1978,20170707_1406,Friday,8,BENIGN,0,train,lstm,Friday_GAP_001,False,False,Continuous chronological train block,Strict Level 1 Segment Atomicity & Sequence Boundary Isolation
1979,20170707_1407,Friday,9,BENIGN,0,train,lstm,Friday_GAP_001,False,False,Continuous chronological train block,Strict Level 1 Segment Atomicity & Sequence Boundary Isolation
1980,20170707_1408,Friday,10,BENIGN,0,train,lstm,Friday_GAP_001,False,False,Continuous chronological train block,Strict Level 1 Segment Atomicity & Sequence Boundary Isolation
1981,20170707_1409,Friday,11,BENIGN,0,train,lstm,Friday_GAP_001,False,False,Continuous chronological train block,Strict Level 1 Segment Atomicity & Sequence Boundary Isolation
1982,20170707_1410,Friday,12,BENIGN,0,train,lstm,Friday_GAP_001,False,False,Continuous chronological train block,Strict Level 1 Segment Atomicity & Sequence Boundary Isolation
1983,20170707_1411,Friday,13,BENIGN,0,train,lstm,Friday_GAP_001,False,False,Continuous chronological train block,Strict Level 1 Segment Atomicity & Sequence Boundary Isolation
1984,20170707_1412,Friday,14,BENIGN,0,train,lstm,Friday_GAP_001,False,False,Continuous chronological train block,Strict Level 1 Segment Atomicity & Sequence Boundary Isolation
1985,20170707_1413,Friday,15,BENIGN,0,train,lstm,Friday_GAP_001,False,False,Continuous chronological train block,Strict Level 1 Segment Atomicity & Sequence Boundary Isolation
1986,20170707_1414,Friday,16,BENIGN,0,train,lstm,Friday_GAP_001,False,False,Continuous chronological train block,Strict Level 1 Segment Atomicity & Sequence Boundary Isolation
1987,20170707_1415,Friday,17,BENIGN,0,train,lstm,Friday_GAP_001,False,False,Continuous chronological train block,Strict Level 1 Segment Atomicity & Sequence Boundary Isolation
1988,20170707_1416,Friday,18,BENIGN,0,train,lstm,Friday_GAP_001,False,False,Continuous chronological train block,Strict Level 1 Segment Atomicity & Sequence Boundary Isolation
1989,20170707_1417,Friday,19,BENIGN,0,train,lstm,Friday_GAP_001,False,False,Continuous chronological train block,Strict Level 1 Segment Atomicity & Sequence Boundary Isolation
1990,20170707_1418,Friday,20,BENIGN,0,train,lstm,Friday_GAP_001,False,False,Continuous chronological train block,Strict Level 1 Segment Atomicity & Sequence Boundary Isolation
1991,20170707_1419,Friday,21,BENIGN,0,train,lstm,Friday_GAP_001,False,False,Continuous chronological train block,Strict Level 1 Segment Atomicity & Sequence Boundary Isolation
1992,20170707_1420,Friday,22,BENIGN,0,train,lstm,Friday_GAP_001,False,False,Continuous chronological train block,Strict Level 1 Segment Atomicity & Sequence Boundary Isolation
1993,20170707_1421,Friday,23,BENIGN,0,train,lstm,Friday_GAP_001,False,False,Continuous chronological train block,Strict Level 1 Segment Atomicity & Sequence Boundary Isolation
1994,20170707_1422,Friday,24,BENIGN,0,train,lstm,Friday_GAP_001,False,False,Continuous chronological train block,Strict Level 1 Segment Atomicity & Sequence Boundary Isolation
1995,20170707_1423,Friday,25,BENIGN,0,train,lstm,Friday_GAP_001,False,False,Continuous chronological train block,Strict Level 1 Segment Atomicity & Sequence Boundary Isolation
1996,20170707_1424,Friday,26,BENIGN,0,train,lstm,Friday_GAP_001,False,False,Continuous chronological train block,Strict Level 1 Segment Atomicity & Sequence Boundary Isolation
1997,20170707_1425,Friday,27,BENIGN,0,train,lstm,Friday_GAP_001,False,False,Continuous chronological train block,Strict Level 1 Segment Atomicity & Sequence Boundary Isolation
1998,20170707_1426,Friday,28,BENIGN,0,train,lstm,Friday_GAP_001,False,False,Continuous chronological train block,Strict Level 1 Segment Atomicity & Sequence Boundary Isolation
1999,20170707_1427,Friday,29,BENIGN,0,train,lstm,Friday_GAP_001,False,False,Continuous chronological train block,Strict Level 1 Segment Atomicity & Sequence Boundary Isolation
2000,20170707_1428,Friday,30,BENIGN,0,train,lstm,Friday_GAP_001,False,False,Continuous chronological train block,Strict Level 1 Segment Atomicity & Sequence Boundary Isolation
2001,20170707_1429,Friday,31,BENIGN,0,train,lstm,Friday_GAP_001,False,False,Continuous chronological train block,Strict Level 1 Segment Atomicity & Sequence Boundary Isolation
2002,20170707_1430,Friday,32,BENIGN,0,train,lstm,Friday_GAP_001,False,False,Continuous chronological train block,Strict Level 1 Segment Atomicity & Sequence Boundary Isolation
2003,20170707_1431,Friday,33,BENIGN,0,train,lstm,Friday_GAP_001,False,False,Continuous chronological train block,Strict Level 1 Segment Atomicity & Sequence Boundary Isolation
2004,20170707_1432,Friday,34,BENIGN,0,train,lstm,Friday_GAP_001,False,False,Continuous chronological train block,Strict Level 1 Segment Atomicity & Sequence Boundary Isolation
2005,20170707_1433,Friday,35,BENIGN,0,train,lstm,Friday_GAP_001,False,False,Continuous chronological train block,Strict Level 1 Segment Atomicity & Sequence Boundary Isolation
2006,20170707_1434,Friday,36,Bot,1,train,lstm,Friday_SEG_001,False,False,Continuous chronological train block,Strict Level 1 Segment Atomicity & Sequence Boundary Isolation
2007,20170707_1435,Friday,37,BENIGN,0,train,lstm,Friday_GAP_002,False,False,Continuous chronological train block,Strict Level 1 Segment Atomicity & Sequence Boundary Isolation
2008,20170707_1436,Friday,38,BENIGN,0,train,lstm,Friday_GAP_002,False,False,Continuous chronological train block,Strict Level 1 Segment Atomicity & Sequence Boundary Isolation
2009,20170707_1437,Friday,39,BENIGN,0,train,lstm,Friday_GAP_002,False,False,Continuous chronological train block,Strict Level 1 Segment Atomicity & Sequence Boundary Isolation
2010,20170707_1438,Friday,40,BENIGN,0,train,lstm,Friday_GAP_002,False,False,Continuous chronological train block,Strict Level 1 Segment Atomicity & Sequence Boundary Isolation
2011,20170707_1439,Friday,41,BENIGN,0,train,lstm,Friday_GAP_002,False,False,Continuous chronological train block,Strict Level 1 Segment Atomicity & Sequence Boundary Isolation
2012,20170707_1440,Friday,42,BENIGN,0,train,lstm,Friday_GAP_002,False,False,Continuous chronological train block,Strict Level 1 Segment Atomicity & Sequence Boundary Isolation
2013,20170707_1441,Friday,43,BENIGN,0,train,lstm,Friday_GAP_002,False,False,Continuous chronological train block,Strict Level 1 Segment Atomicity & Sequence Boundary Isolation
2014,20170707_1442,Friday,44,BENIGN,0,train,lstm,Friday_GAP_002,False,False,Continuous chronological train block,Strict Level 1 Segment Atomicity & Sequence Boundary Isolation
2015,20170707_1443,Friday,45,BENIGN,0,train,lstm,Friday_GAP_002,False,False,Continuous chronological train block,Strict Level 1 Segment Atomicity & Sequence Boundary Isolation
2016,20170707_1444,Friday,46,BENIGN,0,train,lstm,Friday_GAP_002,False,False,Continuous chronological train block,Strict Level 1 Segment Atomicity & Sequence Boundary Isolation
2017,20170707_1445,Friday,47,BENIGN,0,train,lstm,Friday_GAP_002,False,False,Continuous chronological train block,Strict Level 1 Segment Atomicity & Sequence Boundary Isolation
2018,20170707_1446,Friday,48,BENIGN,0,train,lstm,Friday_GAP_002,False,False,Continuous chronological train block,Strict Level 1 Segment Atomicity & Sequence Boundary Isolation
2019,20170707_1447,Friday,49,BENIGN,0,train,lstm,Friday_GAP_002,False,False,Continuous chronological train block,Strict Level 1 Segment Atomicity & Sequence Boundary Isolation
2020,20170707_1448,Friday,50,BENIGN,0,train,lstm,Friday_GAP_002,False,False,Continuous chronological train block,Strict Level 1 Segment Atomicity & Sequence Boundary Isolation
2021,20170707_1449,Friday,51,BENIGN,0,train,lstm,Friday_GAP_002,False,False,Continuous chronological train block,Strict Level 1 Segment Atomicity & Sequence Boundary Isolation
2022,20170707_1450,Friday,52,BENIGN,0,train,lstm,Friday_GAP_002,False,False,Continuous chronological train block,Strict Level 1 Segment Atomicity & Sequence Boundary Isolation
2023,20170707_1451,Friday,53,BENIGN,0,train,lstm,Friday_GAP_002,False,False,Continuous chronological train block,Strict Level 1 Segment Atomicity & Sequence Boundary Isolation
2024,20170707_1452,Friday,54,BENIGN,0,train,lstm,Friday_GAP_002,False,False,Continuous chronological train block,Strict Level 1 Segment Atomicity & Sequence Boundary Isolation
2025,20170707_1453,Friday,55,BENIGN,0,train,lstm,Friday_GAP_002,False,False,Continuous chronological train block,Strict Level 1 Segment Atomicity & Sequence Boundary Isolation
2026,20170707_1454,Friday,56,BENIGN,0,train,lstm,Friday_GAP_002,False,False,Continuous chronological train block,Strict Level 1 Segment Atomicity & Sequence Boundary Isolation
2027,20170707_1455,Friday,57,BENIGN,0,train,lstm,Friday_GAP_002,False,False,Continuous chronological train block,Strict Level 1 Segment Atomicity & Sequence Boundary Isolation
2028,20170707_1456,Friday,58,BENIGN,0,train,lstm,Friday_GAP_002,False,False,Continuous chronological train block,Strict Level 1 Segment Atomicity & Sequence Boundary Isolation
2029,20170707_1457,Friday,59,BENIGN,0,train,lstm,Friday_GAP_002,False,False,Continuous chronological train block,Strict Level 1 Segment Atomicity & Sequence Boundary Isolation
2030,20170707_1458,Friday,60,BENIGN,0,train,lstm,Friday_GAP_002,False,False,Continuous chronological train block,Strict Level 1 Segment Atomicity & Sequence Boundary Isolation
2031,20170707_1459,Friday,61,BENIGN,0,train,lstm,Friday_GAP_002,False,False,Continuous chronological train block,Strict Level 1 Segment Atomicity & Sequence Boundary Isolation
2032,20170707_1500,Friday,62,BENIGN,0,train,lstm,Friday_GAP_002,False,False,Continuous chronological train block,Strict Level 1 Segment Atomicity & Sequence Boundary Isolation
2033,20170707_1501,Friday,63,BENIGN,0,train,lstm,Friday_GAP_002,False,False,Continuous chronological train block,Strict Level 1 Segment Atomicity & Sequence Boundary Isolation
2034,20170707_1502,Friday,64,BENIGN,0,train,lstm,Friday_GAP_002,False,False,Continuous chronological train block,Strict Level 1 Segment Atomicity & Sequence Boundary Isolation
2035,20170707_1503,Friday,65,BENIGN,0,train,lstm,Friday_GAP_002,False,False,Continuous chronological train block,Strict Level 1 Segment Atomicity & Sequence Boundary Isolation
2036,20170707_1504,Friday,66,Bot,1,train,lstm,Friday_SEG_002,False,False,Continuous chronological train block,Strict Level 1 Segment Atomicity & Sequence Boundary Isolation
2037,20170707_1505,Friday,67,Bot,1,train,lstm,Friday_SEG_002,False,False,Continuous chronological train block,Strict Level 1 Segment Atomicity & Sequence Boundary Isolation
2038,20170707_1506,Friday,68,Bot,1,train,lstm,Friday_SEG_002,False,False,Continuous chronological train block,Strict Level 1 Segment Atomicity & Sequence Boundary Isolation
2039,20170707_1507,Friday,69,Bot,1,train,lstm,Friday_SEG_002,False,False,Continuous chronological train block,Strict Level 1 Segment Atomicity & Sequence Boundary Isolation
2040,20170707_1508,Friday,70,Bot,1,train,lstm,Friday_SEG_002,False,False,Continuous chronological train block,Strict Level 1 Segment Atomicity & Sequence Boundary Isolation
2041,20170707_1509,Friday,71,Bot,1,train,lstm,Friday_SEG_002,False,False,Continuous chronological train block,Strict Level 1 Segment Atomicity & Sequence Boundary Isolation
2042,20170707_1510,Friday,72,Bot,1,train,lstm,Friday_SEG_002,False,False,Continuous chronological train block,Strict Level 1 Segment Atomicity & Sequence Boundary Isolation
2043,20170707_1511,Friday,73,Bot,1,train,lstm,Friday_SEG_002,False,False,Continuous chronological train block,Strict Level 1 Segment Atomicity & Sequence Boundary Isolation
2044,20170707_1512,Friday,74,Bot,1,train,lstm,Friday_SEG_002,False,False,Continuous chronological train block,Strict Level 1 Segment Atomicity & Sequence Boundary Isolation
2045,20170707_1513,Friday,75,Bot,1,train,lstm,Friday_SEG_002,False,False,Continuous chronological train block,Strict Level 1 Segment Atomicity & Sequence Boundary Isolation
2046,20170707_1514,Friday,76,Bot,1,train,lstm,Friday_SEG_002,False,False,Continuous chronological train block,Strict Level 1 Segment Atomicity & Sequence Boundary Isolation
2047,20170707_1515,Friday,77,Bot,1,train,lstm,Friday_SEG_002,False,False,Continuous chronological train block,Strict Level 1 Segment Atomicity & Sequence Boundary Isolation
2048,20170707_1516,Friday,78,Bot,1,train,lstm,Friday_SEG_002,False,False,Continuous chronological train block,Strict Level 1 Segment Atomicity & Sequence Boundary Isolation
2049,20170707_1517,Friday,79,Bot,1,train,lstm,Friday_SEG_002,False,False,Continuous chronological train block,Strict Level 1 Segment Atomicity & Sequence Boundary Isolation
2050,20170707_1518,Friday,80,Bot,1,train,lstm,Friday_SEG_002,False,False,Continuous chronological train block,Strict Level 1 Segment Atomicity & Sequence Boundary Isolation
2051,20170707_1519,Friday,81,Bot,1,train,lstm,Friday_SEG_002,False,False,Continuous chronological train block,Strict Level 1 Segment Atomicity & Sequence Boundary Isolation
2052,20170707_1520,Friday,82,Bot,1,train,lstm,Friday_SEG_002,False,False,Continuous chronological train block,Strict Level 1 Segment Atomicity & Sequence Boundary Isolation
2053,20170707_1521,Friday,83,Bot,1,train,lstm,Friday_SEG_002,False,False,Continuous chronological train block,Strict Level 1 Segment Atomicity & Sequence Boundary Isolation
2054,20170707_1522,Friday,84,Bot,1,train,lstm,Friday_SEG_002,False,False,Continuous chronological train block,Strict Level 1 Segment Atomicity & Sequence Boundary Isolation
2055,20170707_1523,Friday,85,Bot,1,train,lstm,Friday_SEG_002,False,False,Continuous chronological train block,Strict Level 1 Segment Atomicity & Sequence Boundary Isolation
2056,20170707_1524,Friday,86,Bot,1,train,lstm,Friday_SEG_002,False,False,Continuous chronological train block,Strict Level 1 Segment Atomicity & Sequence Boundary Isolation
2057,20170707_1525,Friday,87,Bot,1,train,lstm,Friday_SEG_002,False,False,Continuous chronological train block,Strict Level 1 Segment Atomicity & Sequence Boundary Isolation
2058,20170707_1526,Friday,88,Bot,1,train,lstm,Friday_SEG_002,False,False,Continuous chronological train block,Strict Level 1 Segment Atomicity & Sequence Boundary Isolation
2059,20170707_1527,Friday,89,Bot,1,train,lstm,Friday_SEG_002,False,False,Continuous chronological train block,Strict Level 1 Segment Atomicity & Sequence Boundary Isolation
2060,20170707_1528,Friday,90,Bot,1,train,lstm,Friday_SEG_002,False,False,Continuous chronological train block,Strict Level 1 Segment Atomicity & Sequence Boundary Isolation
2061,20170707_1529,Friday,91,Bot,1,train,lstm,Friday_SEG_002,False,False,Continuous chronological train block,Strict Level 1 Segment Atomicity & Sequence Boundary Isolation
2062,20170707_1530,Friday,92,Bot,1,train,lstm,Friday_SEG_002,False,False,Continuous chronological train block,Strict Level 1 Segment Atomicity & Sequence Boundary Isolation
2063,20170707_1531,Friday,93,Bot,1,train,lstm,Friday_SEG_002,False,False,Continuous chronological train block,Strict Level 1 Segment Atomicity & Sequence Boundary Isolation
2064,20170707_1532,Friday,94,Bot,1,train,lstm,Friday_SEG_002,False,False,Continuous chronological train block,Strict Level 1 Segment Atomicity & Sequence Boundary Isolation
2065,20170707_1533,Friday,95,Bot,1,train,lstm,Friday_SEG_002,False,False,Continuous chronological train block,Strict Level 1 Segment Atomicity & Sequence Boundary Isolation
2066,20170707_1534,Friday,96,Bot,1,train,lstm,Friday_SEG_002,False,False,Continuous chronological train block,Strict Level 1 Segment Atomicity & Sequence Boundary Isolation
2067,20170707_1535,Friday,97,Bot,1,train,lstm,Friday_SEG_002,False,False,Continuous chronological train block,Strict Level 1 Segment Atomicity & Sequence Boundary Isolation
2068,20170707_1536,Friday,98,Bot,1,train,lstm,Friday_SEG_002,False,False,Continuous chronological train block,Strict Level 1 Segment Atomicity & Sequence Boundary Isolation
2069,20170707_1537,Friday,99,Bot,1,train,lstm,Friday_SEG_002,False,False,Continuous chronological train block,Strict Level 1 Segment Atomicity & Sequence Boundary Isolation
2070,20170707_1538,Friday,100,Bot,1,train,lstm,Friday_SEG_002,False,False,Continuous chronological train block,Strict Level 1 Segment Atomicity & Sequence Boundary Isolation
2071,20170707_1539,Friday,101,Bot,1,train,lstm,Friday_SEG_002,False,False,Continuous chronological train block,Strict Level 1 Segment Atomicity & Sequence Boundary Isolation
2072,20170707_1540,Friday,102,Bot,1,train,lstm,Friday_SEG_002,False,False,Continuous chronological train block,Strict Level 1 Segment Atomicity & Sequence Boundary Isolation
2073,20170707_1541,Friday,103,Bot,1,train,lstm,Friday_SEG_002,False,False,Continuous chronological train block,Strict Level 1 Segment Atomicity & Sequence Boundary Isolation
2074,20170707_1542,Friday,104,Bot,1,train,lstm,Friday_SEG_002,False,False,Continuous chronological train block,Strict Level 1 Segment Atomicity & Sequence Boundary Isolation
2075,20170707_1543,Friday,105,Bot,1,train,lstm,Friday_SEG_002,False,False,Continuous chronological train block,Strict Level 1 Segment Atomicity & Sequence Boundary Isolation
2076,20170707_1544,Friday,106,Bot,1,train,lstm,Friday_SEG_002,False,False,Continuous chronological train block,Strict Level 1 Segment Atomicity & Sequence Boundary Isolation
2077,20170707_1545,Friday,107,Bot,1,train,lstm,Friday_SEG_002,False,False,Continuous chronological train block,Strict Level 1 Segment Atomicity & Sequence Boundary Isolation
2078,20170707_1546,Friday,108,Bot,1,train,lstm,Friday_SEG_002,False,False,Continuous chronological train block,Strict Level 1 Segment Atomicity & Sequence Boundary Isolation
2079,20170707_1547,Friday,109,Bot,1,train,lstm,Friday_SEG_002,False,False,Continuous chronological train block,Strict Level 1 Segment Atomicity & Sequence Boundary Isolation
2080,20170707_1548,Friday,110,Bot,1,train,lstm,Friday_SEG_002,False,False,Continuous chronological train block,Strict Level 1 Segment Atomicity & Sequence Boundary Isolation
2081,20170707_1549,Friday,111,Bot,1,train,lstm,Friday_SEG_002,False,False,Continuous chronological train block,Strict Level 1 Segment Atomicity & Sequence Boundary Isolation
2082,20170707_1550,Friday,112,Bot,1,train,lstm,Friday_SEG_002,False,False,Continuous chronological train block,Strict Level 1 Segment Atomicity & Sequence Boundary Isolation
2083,20170707_1551,Friday,113,Bot,1,train,lstm,Friday_SEG_002,False,False,Continuous chronological train block,Strict Level 1 Segment Atomicity & Sequence Boundary Isolation
2084,20170707_1552,Friday,114,Bot,1,train,lstm,Friday_SEG_002,False,False,Continuous chronological train block,Strict Level 1 Segment Atomicity & Sequence Boundary Isolation
2085,20170707_1553,Friday,115,Bot,1,train,lstm,Friday_SEG_002,False,False,Continuous chronological train block,Strict Level 1 Segment Atomicity & Sequence Boundary Isolation
2086,20170707_1554,Friday,116,Bot,1,train,lstm,Friday_SEG_002,False,False,Continuous chronological train block,Strict Level 1 Segment Atomicity & Sequence Boundary Isolation
2087,20170707_1555,Friday,117,Bot,1,train,lstm,Friday_SEG_002,False,False,Continuous chronological train block,Strict Level 1 Segment Atomicity & Sequence Boundary Isolation
2088,20170707_1556,Friday,118,Bot,1,train,lstm,Friday_SEG_002,False,False,Continuous chronological train block,Strict Level 1 Segment Atomicity & Sequence Boundary Isolation
2089,20170707_1557,Friday,119,Bot,1,train,lstm,Friday_SEG_002,False,False,Continuous chronological train block,Strict Level 1 Segment Atomicity & Sequence Boundary Isolation
2090,20170707_1558,Friday,120,Bot,1,train,lstm,Friday_SEG_002,False,False,Continuous chronological train block,Strict Level 1 Segment Atomicity & Sequence Boundary Isolation
2091,20170707_1559,Friday,121,Bot,1,train,lstm,Friday_SEG_002,False,False,Continuous chronological train block,Strict Level 1 Segment Atomicity & Sequence Boundary Isolation
2092,20170707_1600,Friday,122,Bot,1,train,lstm,Friday_SEG_002,False,False,Continuous chronological train block,Strict Level 1 Segment Atomicity & Sequence Boundary Isolation
2093,20170707_1601,Friday,123,Bot,1,train,lstm,Friday_SEG_002,False,False,Continuous chronological train block,Strict Level 1 Segment Atomicity & Sequence Boundary Isolation
2094,20170707_1602,Friday,124,Bot,1,train,lstm,Friday_SEG_002,False,False,Continuous chronological train block,Strict Level 1 Segment Atomicity & Sequence Boundary Isolation
2095,20170707_1603,Friday,125,Bot,1,train,lstm,Friday_SEG_002,False,False,Continuous chronological train block,Strict Level 1 Segment Atomicity & Sequence Boundary Isolation
2096,20170707_1604,Friday,126,Bot,1,train,lstm,Friday_SEG_002,False,False,Continuous chronological train block,Strict Level 1 Segment Atomicity & Sequence Boundary Isolation
2097,20170707_1605,Friday,127,Bot,1,train,lstm,Friday_SEG_002,False,False,Continuous chronological train block,Strict Level 1 Segment Atomicity & Sequence Boundary Isolation
2098,20170707_1606,Friday,128,Bot,1,train,lstm,Friday_SEG_002,False,False,Continuous chronological train block,Strict Level 1 Segment Atomicity & Sequence Boundary Isolation
2099,20170707_1607,Friday,129,Bot,1,train,lstm,Friday_SEG_002,False,False,Continuous chronological train block,Strict Level 1 Segment Atomicity & Sequence Boundary Isolation
2100,20170707_1608,Friday,130,Bot,1,train,lstm,Friday_SEG_002,False,False,Continuous chronological train block,Strict Level 1 Segment Atomicity & Sequence Boundary Isolation
2101,20170707_1609,Friday,131,Bot,1,train,lstm,Friday_SEG_002,False,False,Continuous chronological train block,Strict Level 1 Segment Atomicity & Sequence Boundary Isolation
2102,20170707_1610,Friday,132,Bot,1,train,lstm,Friday_SEG_002,False,False,Continuous chronological train block,Strict Level 1 Segment Atomicity & Sequence Boundary Isolation
2103,20170707_1611,Friday,133,Bot,1,train,lstm,Friday_SEG_002,False,False,Continuous chronological train block,Strict Level 1 Segment Atomicity & Sequence Boundary Isolation
2104,20170707_1612,Friday,134,Bot,1,train,lstm,Friday_SEG_002,False,False,Continuous chronological train block,Strict Level 1 Segment Atomicity & Sequence Boundary Isolation
2105,20170707_1613,Friday,135,Bot,1,train,lstm,Friday_SEG_002,False,False,Continuous chronological train block,Strict Level 1 Segment Atomicity & Sequence Boundary Isolation
2106,20170707_1614,Friday,136,BENIGN,0,train,lstm,Friday_GAP_003,False,False,Continuous chronological train block,Strict Level 1 Segment Atomicity & Sequence Boundary Isolation
2107,20170707_1615,Friday,137,Bot,1,train,lstm,Friday_SEG_003,False,False,Continuous chronological train block,Strict Level 1 Segment Atomicity & Sequence Boundary Isolation
2108,20170707_1616,Friday,138,Bot,1,train,lstm,Friday_SEG_003,False,False,Continuous chronological train block,Strict Level 1 Segment Atomicity & Sequence Boundary Isolation
2109,20170707_1617,Friday,139,Bot,1,train,lstm,Friday_SEG_003,False,False,Continuous chronological train block,Strict Level 1 Segment Atomicity & Sequence Boundary Isolation
2110,20170707_1618,Friday,140,Bot,1,train,lstm,Friday_SEG_003,False,False,Continuous chronological train block,Strict Level 1 Segment Atomicity & Sequence Boundary Isolation
2111,20170707_1619,Friday,141,BENIGN,0,train,lstm,Friday_GAP_004,False,False,Continuous chronological train block,Strict Level 1 Segment Atomicity & Sequence Boundary Isolation
2112,20170707_1620,Friday,142,Bot,1,train,lstm,Friday_SEG_004,False,False,Continuous chronological train block,Strict Level 1 Segment Atomicity & Sequence Boundary Isolation
2113,20170707_1621,Friday,143,Bot,1,train,lstm,Friday_SEG_004,False,False,Continuous chronological train block,Strict Level 1 Segment Atomicity & Sequence Boundary Isolation
2114,20170707_1622,Friday,144,Bot,1,train,lstm,Friday_SEG_004,False,False,Continuous chronological train block,Strict Level 1 Segment Atomicity & Sequence Boundary Isolation
2115,20170707_1623,Friday,145,Bot,1,train,lstm,Friday_SEG_004,False,False,Continuous chronological train block,Strict Level 1 Segment Atomicity & Sequence Boundary Isolation
2116,20170707_1624,Friday,146,BENIGN,0,train,lstm,Friday_GAP_005,False,False,Continuous chronological train block,Strict Level 1 Segment Atomicity & Sequence Boundary Isolation
2117,20170707_1625,Friday,147,Bot,1,train,lstm,Friday_SEG_005,False,False,Continuous chronological train block,Strict Level 1 Segment Atomicity & Sequence Boundary Isolation
2118,20170707_1626,Friday,148,Bot,1,train,lstm,Friday_SEG_005,False,False,Continuous chronological train block,Strict Level 1 Segment Atomicity & Sequence Boundary Isolation
2119,20170707_1627,Friday,149,Bot,1,train,lstm,Friday_SEG_005,False,False,Continuous chronological train block,Strict Level 1 Segment Atomicity & Sequence Boundary Isolation
2120,20170707_1628,Friday,150,Bot,1,train,lstm,Friday_SEG_005,False,False,Continuous chronological train block,Strict Level 1 Segment Atomicity & Sequence Boundary Isolation
2121,20170707_1629,Friday,151,BENIGN,0,train,lstm,Friday_GAP_006,False,False,Continuous chronological train block,Strict Level 1 Segment Atomicity & Sequence Boundary Isolation
2122,20170707_1630,Friday,152,Bot,1,train,lstm,Friday_SEG_006,False,False,Continuous chronological train block,Strict Level 1 Segment Atomicity & Sequence Boundary Isolation
2123,20170707_1631,Friday,153,Bot,1,train,lstm,Friday_SEG_006,False,False,Continuous chronological train block,Strict Level 1 Segment Atomicity & Sequence Boundary Isolation
2124,20170707_1632,Friday,154,Bot,1,train,lstm,Friday_SEG_006,False,False,Continuous chronological train block,Strict Level 1 Segment Atomicity & Sequence Boundary Isolation
2125,20170707_1633,Friday,155,Bot,1,train,lstm,Friday_SEG_006,False,False,Continuous chronological train block,Strict Level 1 Segment Atomicity & Sequence Boundary Isolation
2126,20170707_1634,Friday,156,Bot,1,train,lstm,Friday_SEG_006,False,False,Continuous chronological train block,Strict Level 1 Segment Atomicity & Sequence Boundary Isolation
2127,20170707_1635,Friday,157,Bot,1,train,lstm,Friday_SEG_006,False,False,Continuous chronological train block,Strict Level 1 Segment Atomicity & Sequence Boundary Isolation
2128,20170707_1636,Friday,158,Bot,1,train,lstm,Friday_SEG_006,False,False,Continuous chronological train block,Strict Level 1 Segment Atomicity & Sequence Boundary Isolation
2129,20170707_1637,Friday,159,Bot,1,train,lstm,Friday_SEG_006,False,False,Continuous chronological train block,Strict Level 1 Segment Atomicity & Sequence Boundary Isolation
2130,20170707_1638,Friday,160,Bot,1,train,lstm,Friday_SEG_006,False,False,Continuous chronological train block,Strict Level 1 Segment Atomicity & Sequence Boundary Isolation
2131,20170707_1639,Friday,161,Bot,1,train,lstm,Friday_SEG_006,False,False,Continuous chronological train block,Strict Level 1 Segment Atomicity & Sequence Boundary Isolation
2132,20170707_1640,Friday,162,Bot,1,train,lstm,Friday_SEG_006,False,False,Continuous chronological train block,Strict Level 1 Segment Atomicity & Sequence Boundary Isolation
2133,20170707_1641,Friday,163,Bot,1,train,lstm,Friday_SEG_006,False,False,Continuous chronological train block,Strict Level 1 Segment Atomicity & Sequence Boundary Isolation
2134,20170707_1642,Friday,164,Bot,1,train,lstm,Friday_SEG_006,False,False,Continuous chronological train block,Strict Level 1 Segment Atomicity & Sequence Boundary Isolation
2135,20170707_1643,Friday,165,Bot,1,train,lstm,Friday_SEG_006,False,False,Continuous chronological train block,Strict Level 1 Segment Atomicity & Sequence Boundary Isolation
2136,20170707_1644,Friday,166,Bot,1,train,lstm,Friday_SEG_006,False,False,Continuous chronological train block,Strict Level 1 Segment Atomicity & Sequence Boundary Isolation
2137,20170707_1645,Friday,167,Bot,1,train,lstm,Friday_SEG_006,False,False,Continuous chronological train block,Strict Level 1 Segment Atomicity & Sequence Boundary Isolation
2138,20170707_1646,Friday,168,BENIGN,0,train,lstm,Friday_GAP_007,False,False,Continuous chronological train block,Strict Level 1 Segment Atomicity & Sequence Boundary Isolation
2139,20170707_1647,Friday,169,Bot,1,train,lstm,Friday_SEG_007,False,False,Continuous chronological train block,Strict Level 1 Segment Atomicity & Sequence Boundary Isolation
2140,20170707_1648,Friday,170,Bot,1,train,lstm,Friday_SEG_007,False,False,Continuous chronological train block,Strict Level 1 Segment Atomicity & Sequence Boundary Isolation
2141,20170707_1649,Friday,171,Bot,1,train,lstm,Friday_SEG_007,False,False,Continuous chronological train block,Strict Level 1 Segment Atomicity & Sequence Boundary Isolation
2142,20170707_1650,Friday,172,Bot,1,train,lstm,Friday_SEG_007,False,False,Continuous chronological train block,Strict Level 1 Segment Atomicity & Sequence Boundary Isolation
2143,20170707_1651,Friday,173,BENIGN,0,train,lstm,Friday_GAP_008,False,False,Continuous chronological train block,Strict Level 1 Segment Atomicity & Sequence Boundary Isolation
2144,20170707_1652,Friday,174,Bot,1,train,lstm,Friday_SEG_008,False,False,Continuous chronological train block,Strict Level 1 Segment Atomicity & Sequence Boundary Isolation
2145,20170707_1653,Friday,175,Bot,1,train,lstm,Friday_SEG_008,False,False,Continuous chronological train block,Strict Level 1 Segment Atomicity & Sequence Boundary Isolation
2146,20170707_1654,Friday,176,Bot,1,train,lstm,Friday_SEG_008,False,False,Continuous chronological train block,Strict Level 1 Segment Atomicity & Sequence Boundary Isolation
2147,20170707_1655,Friday,177,Bot,1,train,lstm,Friday_SEG_008,False,False,Continuous chronological train block,Strict Level 1 Segment Atomicity & Sequence Boundary Isolation
2148,20170707_1656,Friday,178,BENIGN,0,train,lstm,Friday_GAP_009,False,False,Continuous chronological train block,Strict Level 1 Segment Atomicity & Sequence Boundary Isolation
2149,20170707_1657,Friday,179,Bot,1,train,lstm,Friday_SEG_009,False,False,Continuous chronological train block,Strict Level 1 Segment Atomicity & Sequence Boundary Isolation
2150,20170707_1658,Friday,180,Bot,1,train,lstm,Friday_SEG_009,False,False,Continuous chronological train block,Strict Level 1 Segment Atomicity & Sequence Boundary Isolation
2151,20170707_1659,Friday,181,Bot,1,train,lstm,Friday_SEG_009,False,False,Continuous chronological train block,Strict Level 1 Segment Atomicity & Sequence Boundary Isolation
2152,20170707_1700,Friday,182,Bot,1,train,lstm,Friday_SEG_009,False,False,Continuous chronological train block,Strict Level 1 Segment Atomicity & Sequence Boundary Isolation
2153,20170707_1701,Friday,183,BENIGN,0,train,lstm,Friday_GAP_010,False,False,Continuous chronological train block,Strict Level 1 Segment Atomicity & Sequence Boundary Isolation
2154,20170707_1702,Friday,184,Bot,1,train,lstm,Friday_SEG_010,False,False,Continuous chronological train block,Strict Level 1 Segment Atomicity & Sequence Boundary Isolation
2155,20170707_1703,Friday,185,Bot,1,train,lstm,Friday_SEG_010,False,False,Continuous chronological train block,Strict Level 1 Segment Atomicity & Sequence Boundary Isolation
2156,20170707_1704,Friday,186,Bot,1,train,lstm,Friday_SEG_010,False,False,Continuous chronological train block,Strict Level 1 Segment Atomicity & Sequence Boundary Isolation
2157,20170707_1705,Friday,187,Bot,1,train,lstm,Friday_SEG_010,False,False,Continuous chronological train block,Strict Level 1 Segment Atomicity & Sequence Boundary Isolation
2158,20170707_1706,Friday,188,Bot,1,train,lstm,Friday_SEG_010,False,False,Continuous chronological train block,Strict Level 1 Segment Atomicity & Sequence Boundary Isolation
2159,20170707_1707,Friday,189,Bot,1,train,lstm,Friday_SEG_010,False,False,Continuous chronological train block,Strict Level 1 Segment Atomicity & Sequence Boundary Isolation
2160,20170707_1708,Friday,190,Bot,1,train,lstm,Friday_SEG_010,False,False,Continuous chronological train block,Strict Level 1 Segment Atomicity & Sequence Boundary Isolation
2161,20170707_1709,Friday,191,Bot,1,train,lstm,Friday_SEG_010,False,False,Continuous chronological train block,Strict Level 1 Segment Atomicity & Sequence Boundary Isolation
2162,20170707_1710,Friday,192,Bot,1,train,lstm,Friday_SEG_010,False,False,Continuous chronological train block,Strict Level 1 Segment Atomicity & Sequence Boundary Isolation
2163,20170707_1711,Friday,193,Bot,1,train,lstm,Friday_SEG_010,False,False,Continuous chronological train block,Strict Level 1 Segment Atomicity & Sequence Boundary Isolation
2164,20170707_1712,Friday,194,Bot,1,train,lstm,Friday_SEG_010,False,False,Continuous chronological train block,Strict Level 1 Segment Atomicity & Sequence Boundary Isolation
2165,20170707_1713,Friday,195,Bot,1,train,lstm,Friday_SEG_010,False,False,Continuous chronological train block,Strict Level 1 Segment Atomicity & Sequence Boundary Isolation
2166,20170707_1714,Friday,196,Bot,1,train,lstm,Friday_SEG_010,False,False,Continuous chronological train block,Strict Level 1 Segment Atomicity & Sequence Boundary Isolation
2167,20170707_1715,Friday,197,Bot,1,train,lstm,Friday_SEG_010,False,False,Continuous chronological train block,Strict Level 1 Segment Atomicity & Sequence Boundary Isolation
2168,20170707_1716,Friday,198,Bot,1,train,lstm,Friday_SEG_010,False,False,Continuous chronological train block,Strict Level 1 Segment Atomicity & Sequence Boundary Isolation
2169,20170707_1717,Friday,199,Bot,1,train,lstm,Friday_SEG_010,False,False,Continuous chronological train block,Strict Level 1 Segment Atomicity & Sequence Boundary Isolation
2170,20170707_1718,Friday,200,BENIGN,0,train,lstm,Friday_GAP_011,False,False,Continuous chronological train block,Strict Level 1 Segment Atomicity & Sequence Boundary Isolation
2171,20170707_1719,Friday,201,Bot,1,train,lstm,Friday_SEG_011,False,False,Continuous chronological train block,Strict Level 1 Segment Atomicity & Sequence Boundary Isolation
2172,20170707_1720,Friday,202,Bot,1,train,lstm,Friday_SEG_011,False,False,Continuous chronological train block,Strict Level 1 Segment Atomicity & Sequence Boundary Isolation
2173,20170707_1721,Friday,203,Bot,1,train,lstm,Friday_SEG_011,False,False,Continuous chronological train block,Strict Level 1 Segment Atomicity & Sequence Boundary Isolation
2174,20170707_1722,Friday,204,Bot,1,train,lstm,Friday_SEG_011,False,False,Continuous chronological train block,Strict Level 1 Segment Atomicity & Sequence Boundary Isolation
2175,20170707_1723,Friday,205,BENIGN,0,train,lstm,Friday_GAP_012,False,False,Continuous chronological train block,Strict Level 1 Segment Atomicity & Sequence Boundary Isolation
2176,20170707_1724,Friday,206,Bot,1,train,lstm,Friday_SEG_012,False,False,Continuous chronological train block,Strict Level 1 Segment Atomicity & Sequence Boundary Isolation
2177,20170707_1725,Friday,207,Bot,1,train,lstm,Friday_SEG_012,False,False,Continuous chronological train block,Strict Level 1 Segment Atomicity & Sequence Boundary Isolation
2178,20170707_1726,Friday,208,Bot,1,train,lstm,Friday_SEG_012,False,False,Continuous chronological train block,Strict Level 1 Segment Atomicity & Sequence Boundary Isolation
2179,20170707_1727,Friday,209,Bot,1,train,lstm,Friday_SEG_012,False,False,Continuous chronological train block,Strict Level 1 Segment Atomicity & Sequence Boundary Isolation
2180,20170707_1728,Friday,210,BENIGN,0,train,lstm,Friday_GAP_013,False,False,Continuous chronological train block,Strict Level 1 Segment Atomicity & Sequence Boundary Isolation
2181,20170707_1729,Friday,211,Bot,1,train,lstm,Friday_SEG_013,False,False,Continuous chronological train block,Strict Level 1 Segment Atomicity & Sequence Boundary Isolation
2182,20170707_1730,Friday,212,Bot,1,train,lstm,Friday_SEG_013,False,False,Continuous chronological train block,Strict Level 1 Segment Atomicity & Sequence Boundary Isolation
2183,20170707_1731,Friday,213,Bot,1,train,lstm,Friday_SEG_013,False,False,Continuous chronological train block,Strict Level 1 Segment Atomicity & Sequence Boundary Isolation
2184,20170707_1732,Friday,214,Bot,1,train,lstm,Friday_SEG_013,False,False,Continuous chronological train block,Strict Level 1 Segment Atomicity & Sequence Boundary Isolation
2185,20170707_1733,Friday,215,BENIGN,0,train,lstm,Friday_GAP_014,False,False,Continuous chronological train block,Strict Level 1 Segment Atomicity & Sequence Boundary Isolation
2186,20170707_1734,Friday,216,Bot,1,train,lstm,Friday_SEG_014,False,False,Continuous chronological train block,Strict Level 1 Segment Atomicity & Sequence Boundary Isolation
2187,20170707_1735,Friday,217,Bot,1,train,lstm,Friday_SEG_014,False,False,Continuous chronological train block,Strict Level 1 Segment Atomicity & Sequence Boundary Isolation
2188,20170707_1736,Friday,218,Bot,1,train,lstm,Friday_SEG_014,False,False,Continuous chronological train block,Strict Level 1 Segment Atomicity & Sequence Boundary Isolation
2189,20170707_1737,Friday,219,Bot,1,train,lstm,Friday_SEG_014,False,False,Continuous chronological train block,Strict Level 1 Segment Atomicity & Sequence Boundary Isolation
2190,20170707_1738,Friday,220,Bot,1,train,lstm,Friday_SEG_014,False,False,Continuous chronological train block,Strict Level 1 Segment Atomicity & Sequence Boundary Isolation
2191,20170707_1739,Friday,221,Bot,1,train,lstm,Friday_SEG_014,False,False,Continuous chronological train block,Strict Level 1 Segment Atomicity & Sequence Boundary Isolation
2192,20170707_1740,Friday,222,Bot,1,train,lstm,Friday_SEG_014,False,False,Continuous chronological train block,Strict Level 1 Segment Atomicity & Sequence Boundary Isolation
2193,20170707_1741,Friday,223,Bot,1,train,lstm,Friday_SEG_014,False,False,Continuous chronological train block,Strict Level 1 Segment Atomicity & Sequence Boundary Isolation
2194,20170707_1742,Friday,224,Bot,1,train,lstm,Friday_SEG_014,False,False,Continuous chronological train block,Strict Level 1 Segment Atomicity & Sequence Boundary Isolation
2195,20170707_1743,Friday,225,Bot,1,train,lstm,Friday_SEG_014,False,False,Continuous chronological train block,Strict Level 1 Segment Atomicity & Sequence Boundary Isolation
2196,20170707_1744,Friday,226,Bot,1,train,lstm,Friday_SEG_014,False,False,Continuous chronological train block,Strict Level 1 Segment Atomicity & Sequence Boundary Isolation
2197,20170707_1745,Friday,227,Bot,1,train,lstm,Friday_SEG_014,False,False,Continuous chronological train block,Strict Level 1 Segment Atomicity & Sequence Boundary Isolation
2198,20170707_1746,Friday,228,Bot,1,train,lstm,Friday_SEG_014,False,False,Continuous chronological train block,Strict Level 1 Segment Atomicity & Sequence Boundary Isolation
2199,20170707_1747,Friday,229,Bot,1,train,lstm,Friday_SEG_014,False,False,Continuous chronological train block,Strict Level 1 Segment Atomicity & Sequence Boundary Isolation
2200,20170707_1748,Friday,230,Bot,1,train,lstm,Friday_SEG_014,False,False,Continuous chronological train block,Strict Level 1 Segment Atomicity & Sequence Boundary Isolation
2201,20170707_1749,Friday,231,Bot,1,train,lstm,Friday_SEG_014,False,False,Continuous chronological train block,Strict Level 1 Segment Atomicity & Sequence Boundary Isolation
2202,20170707_1750,Friday,232,BENIGN,0,train,lstm,Friday_GAP_015,False,False,Continuous chronological train block,Strict Level 1 Segment Atomicity & Sequence Boundary Isolation
2203,20170707_1751,Friday,233,Bot,1,train,lstm,Friday_SEG_015,False,False,Continuous chronological train block,Strict Level 1 Segment Atomicity & Sequence Boundary Isolation
2204,20170707_1752,Friday,234,Bot,1,train,lstm,Friday_SEG_015,False,False,Continuous chronological train block,Strict Level 1 Segment Atomicity & Sequence Boundary Isolation
2205,20170707_1753,Friday,235,Bot,1,train,lstm,Friday_SEG_015,False,False,Continuous chronological train block,Strict Level 1 Segment Atomicity & Sequence Boundary Isolation
2206,20170707_1754,Friday,236,Bot,1,train,lstm,Friday_SEG_015,False,False,Continuous chronological train block,Strict Level 1 Segment Atomicity & Sequence Boundary Isolation
2207,20170707_1755,Friday,237,BENIGN,0,train,lstm,Friday_GAP_016,False,False,Continuous chronological train block,Strict Level 1 Segment Atomicity & Sequence Boundary Isolation
2208,20170707_1756,Friday,238,Bot,1,train,lstm,Friday_SEG_016,False,False,Continuous chronological train block,Strict Level 1 Segment Atomicity & Sequence Boundary Isolation
2209,20170707_1757,Friday,239,Bot,1,train,lstm,Friday_SEG_016,False,False,Continuous chronological train block,Strict Level 1 Segment Atomicity & Sequence Boundary Isolation
2210,20170707_1758,Friday,240,Bot,1,train,lstm,Friday_SEG_016,False,False,Continuous chronological train block,Strict Level 1 Segment Atomicity & Sequence Boundary Isolation
2211,20170707_1759,Friday,241,Bot,1,train,lstm,Friday_SEG_016,False,False,Continuous chronological train block,Strict Level 1 Segment Atomicity & Sequence Boundary Isolation
2212,20170707_1800,Friday,242,BENIGN,0,train,lstm,Friday_GAP_017,False,False,Continuous chronological train block,Strict Level 1 Segment Atomicity & Sequence Boundary Isolation
2213,20170707_1801,Friday,243,BENIGN,0,train,lstm,Friday_GAP_017,False,False,Continuous chronological train block,Strict Level 1 Segment Atomicity & Sequence Boundary Isolation
2214,20170707_1802,Friday,244,BENIGN,0,train,lstm,Friday_GAP_017,False,False,Continuous chronological train block,Strict Level 1 Segment Atomicity & Sequence Boundary Isolation
2215,20170707_1803,Friday,245,BENIGN,0,train,lstm,Friday_GAP_017,False,False,Continuous chronological train block,Strict Level 1 Segment Atomicity & Sequence Boundary Isolation
2216,20170707_1804,Friday,246,BENIGN,0,train,lstm,Friday_GAP_017,False,False,Continuous chronological train block,Strict Level 1 Segment Atomicity & Sequence Boundary Isolation
2217,20170707_1805,Friday,247,PortScan,1,train,lstm,Friday_SEG_017,False,False,Continuous chronological train block,Strict Level 1 Segment Atomicity & Sequence Boundary Isolation
2218,20170707_1806,Friday,248,PortScan,1,train,lstm,Friday_SEG_017,False,False,Continuous chronological train block,Strict Level 1 Segment Atomicity & Sequence Boundary Isolation
2219,20170707_1807,Friday,249,BENIGN,0,train,lstm,Friday_GAP_018,False,False,Continuous chronological train block,Strict Level 1 Segment Atomicity & Sequence Boundary Isolation
2220,20170707_1808,Friday,250,BENIGN,0,train,lstm,Friday_GAP_018,False,False,Continuous chronological train block,Strict Level 1 Segment Atomicity & Sequence Boundary Isolation
2221,20170707_1809,Friday,251,BENIGN,0,train,lstm,Friday_GAP_018,False,False,Continuous chronological train block,Strict Level 1 Segment Atomicity & Sequence Boundary Isolation
2222,20170707_1810,Friday,252,BENIGN,0,train,lstm,Friday_GAP_018,False,False,Continuous chronological train block,Strict Level 1 Segment Atomicity & Sequence Boundary Isolation
2223,20170707_1811,Friday,253,BENIGN,0,train,lstm,Friday_GAP_018,False,False,Continuous chronological train block,Strict Level 1 Segment Atomicity & Sequence Boundary Isolation
2224,20170707_1812,Friday,254,BENIGN,0,train,lstm,Friday_GAP_018,False,False,Continuous chronological train block,Strict Level 1 Segment Atomicity & Sequence Boundary Isolation
2225,20170707_1813,Friday,255,BENIGN,0,train,lstm,Friday_GAP_018,False,False,Continuous chronological train block,Strict Level 1 Segment Atomicity & Sequence Boundary Isolation
2226,20170707_1814,Friday,256,BENIGN,0,train,lstm,Friday_GAP_018,False,False,Continuous chronological train block,Strict Level 1 Segment Atomicity & Sequence Boundary Isolation
2227,20170707_1815,Friday,257,BENIGN,0,train,lstm,Friday_GAP_018,False,False,Continuous chronological train block,Strict Level 1 Segment Atomicity & Sequence Boundary Isolation
2228,20170707_1816,Friday,258,BENIGN,0,train,lstm,Friday_GAP_018,False,False,Continuous chronological train block,Strict Level 1 Segment Atomicity & Sequence Boundary Isolation
2229,20170707_1817,Friday,259,BENIGN,0,train,lstm,Friday_GAP_018,False,False,Continuous chronological train block,Strict Level 1 Segment Atomicity & Sequence Boundary Isolation
2230,20170707_1818,Friday,260,BENIGN,0,train,lstm,Friday_GAP_018,False,False,Continuous chronological train block,Strict Level 1 Segment Atomicity & Sequence Boundary Isolation
2231,20170707_1819,Friday,261,BENIGN,0,train,lstm,Friday_GAP_018,False,False,Continuous chronological train block,Strict Level 1 Segment Atomicity & Sequence Boundary Isolation
2232,20170707_1820,Friday,262,BENIGN,0,train,lstm,Friday_GAP_018,False,False,Continuous chronological train block,Strict Level 1 Segment Atomicity & Sequence Boundary Isolation
2233,20170707_1821,Friday,263,BENIGN,0,train,lstm,Friday_GAP_018,False,False,Continuous chronological train block,Strict Level 1 Segment Atomicity & Sequence Boundary Isolation
2234,20170707_1822,Friday,264,BENIGN,0,train,lstm,Friday_GAP_018,False,False,Continuous chronological train block,Strict Level 1 Segment Atomicity & Sequence Boundary Isolation
2235,20170707_1823,Friday,265,BENIGN,0,train,lstm,Friday_GAP_018,False,False,Continuous chronological train block,Strict Level 1 Segment Atomicity & Sequence Boundary Isolation
2236,20170707_1824,Friday,266,BENIGN,0,train,lstm,Friday_GAP_018,False,False,Continuous chronological train block,Strict Level 1 Segment Atomicity & Sequence Boundary Isolation
2237,20170707_1825,Friday,267,BENIGN,0,train,lstm,Friday_GAP_018,False,False,Continuous chronological train block,Strict Level 1 Segment Atomicity & Sequence Boundary Isolation
2238,20170707_1826,Friday,268,BENIGN,0,train,lstm,Friday_GAP_018,False,False,Continuous chronological train block,Strict Level 1 Segment Atomicity & Sequence Boundary Isolation
2239,20170707_1827,Friday,269,BENIGN,0,train,lstm,Friday_GAP_018,False,False,Continuous chronological train block,Strict Level 1 Segment Atomicity & Sequence Boundary Isolation
2240,20170707_1828,Friday,270,BENIGN,0,train,lstm,Friday_GAP_018,False,False,Continuous chronological train block,Strict Level 1 Segment Atomicity & Sequence Boundary Isolation
2241,20170707_1829,Friday,271,BENIGN,0,train,lstm,Friday_GAP_018,False,False,Continuous chronological train block,Strict Level 1 Segment Atomicity & Sequence Boundary Isolation
2242,20170707_1830,Friday,272,BENIGN,0,train,lstm,Friday_GAP_018,False,False,Continuous chronological train block,Strict Level 1 Segment Atomicity & Sequence Boundary Isolation
2243,20170707_1831,Friday,273,BENIGN,0,train,lstm,Friday_GAP_018,False,False,Continuous chronological train block,Strict Level 1 Segment Atomicity & Sequence Boundary Isolation
2244,20170707_1832,Friday,274,BENIGN,0,train,lstm,Friday_GAP_018,False,False,Continuous chronological train block,Strict Level 1 Segment Atomicity & Sequence Boundary Isolation
2245,20170707_1833,Friday,275,BENIGN,0,train,lstm,Friday_GAP_018,False,False,Continuous chronological train block,Strict Level 1 Segment Atomicity & Sequence Boundary Isolation
2246,20170707_1834,Friday,276,BENIGN,0,train,lstm,Friday_GAP_018,False,False,Continuous chronological train block,Strict Level 1 Segment Atomicity & Sequence Boundary Isolation
2247,20170707_1835,Friday,277,BENIGN,0,train,lstm,Friday_GAP_018,False,False,Continuous chronological train block,Strict Level 1 Segment Atomicity & Sequence Boundary Isolation
2248,20170707_1836,Friday,278,BENIGN,0,train,lstm,Friday_GAP_018,False,False,Continuous chronological train block,Strict Level 1 Segment Atomicity & Sequence Boundary Isolation
2249,20170707_1837,Friday,279,BENIGN,0,train,lstm,Friday_GAP_018,False,False,Continuous chronological train block,Strict Level 1 Segment Atomicity & Sequence Boundary Isolation
2250,20170707_1838,Friday,280,BENIGN,0,train,lstm,Friday_GAP_018,False,False,Continuous chronological train block,Strict Level 1 Segment Atomicity & Sequence Boundary Isolation
2251,20170707_1839,Friday,281,BENIGN,0,train,lstm,Friday_GAP_018,False,False,Continuous chronological train block,Strict Level 1 Segment Atomicity & Sequence Boundary Isolation
2252,20170707_1840,Friday,282,BENIGN,0,train,lstm,Friday_GAP_018,False,False,Continuous chronological train block,Strict Level 1 Segment Atomicity & Sequence Boundary Isolation
2253,20170707_1841,Friday,283,BENIGN,0,train,lstm,Friday_GAP_018,False,False,Continuous chronological train block,Strict Level 1 Segment Atomicity & Sequence Boundary Isolation
2254,20170707_1842,Friday,284,BENIGN,0,buffer,lstm,Friday_GAP_018,True,False,10-window Train/Val boundary exclusion buffer,Strict Level 1 Segment Atomicity & Sequence Boundary Isolation
2255,20170707_1843,Friday,285,BENIGN,0,buffer,lstm,Friday_GAP_018,True,False,10-window Train/Val boundary exclusion buffer,Strict Level 1 Segment Atomicity & Sequence Boundary Isolation
2256,20170707_1844,Friday,286,BENIGN,0,buffer,lstm,Friday_GAP_018,True,False,10-window Train/Val boundary exclusion buffer,Strict Level 1 Segment Atomicity & Sequence Boundary Isolation
2257,20170707_1845,Friday,287,BENIGN,0,buffer,lstm,Friday_GAP_018,True,False,10-window Train/Val boundary exclusion buffer,Strict Level 1 Segment Atomicity & Sequence Boundary Isolation
2258,20170707_1846,Friday,288,BENIGN,0,buffer,lstm,Friday_GAP_018,True,False,10-window Train/Val boundary exclusion buffer,Strict Level 1 Segment Atomicity & Sequence Boundary Isolation
2259,20170707_1847,Friday,289,BENIGN,0,buffer,lstm,Friday_GAP_018,True,False,10-window Train/Val boundary exclusion buffer,Strict Level 1 Segment Atomicity & Sequence Boundary Isolation
2260,20170707_1848,Friday,290,BENIGN,0,buffer,lstm,Friday_GAP_018,True,False,10-window Train/Val boundary exclusion buffer,Strict Level 1 Segment Atomicity & Sequence Boundary Isolation
2261,20170707_1849,Friday,291,BENIGN,0,buffer,lstm,Friday_GAP_018,True,False,10-window Train/Val boundary exclusion buffer,Strict Level 1 Segment Atomicity & Sequence Boundary Isolation
2262,20170707_1850,Friday,292,BENIGN,0,buffer,lstm,Friday_GAP_018,True,False,10-window Train/Val boundary exclusion buffer,Strict Level 1 Segment Atomicity & Sequence Boundary Isolation
2263,20170707_1851,Friday,293,BENIGN,0,buffer,lstm,Friday_GAP_018,True,False,10-window Train/Val boundary exclusion buffer,Strict Level 1 Segment Atomicity & Sequence Boundary Isolation
2264,20170707_1852,Friday,294,PortScan,1,validation,lstm,Friday_SEG_018,False,False,Continuous chronological validation block,Strict Level 1 Segment Atomicity & Sequence Boundary Isolation
2265,20170707_1853,Friday,295,BENIGN,0,validation,lstm,Friday_GAP_019,False,False,Continuous chronological validation block,Strict Level 1 Segment Atomicity & Sequence Boundary Isolation
2266,20170707_1854,Friday,296,BENIGN,0,validation,lstm,Friday_GAP_019,False,False,Continuous chronological validation block,Strict Level 1 Segment Atomicity & Sequence Boundary Isolation
2267,20170707_1855,Friday,297,PortScan,1,validation,lstm,Friday_SEG_019,False,False,Continuous chronological validation block,Strict Level 1 Segment Atomicity & Sequence Boundary Isolation
2268,20170707_1856,Friday,298,PortScan,1,validation,lstm,Friday_SEG_019,False,False,Continuous chronological validation block,Strict Level 1 Segment Atomicity & Sequence Boundary Isolation
2269,20170707_1857,Friday,299,PortScan,1,validation,lstm,Friday_SEG_019,False,False,Continuous chronological validation block,Strict Level 1 Segment Atomicity & Sequence Boundary Isolation
2270,20170707_1858,Friday,300,PortScan,1,validation,lstm,Friday_SEG_019,False,False,Continuous chronological validation block,Strict Level 1 Segment Atomicity & Sequence Boundary Isolation
2271,20170707_1859,Friday,301,PortScan,1,validation,lstm,Friday_SEG_019,False,False,Continuous chronological validation block,Strict Level 1 Segment Atomicity & Sequence Boundary Isolation
2272,20170707_1900,Friday,302,PortScan,1,validation,lstm,Friday_SEG_019,False,False,Continuous chronological validation block,Strict Level 1 Segment Atomicity & Sequence Boundary Isolation
2273,20170707_1901,Friday,303,BENIGN,0,validation,lstm,Friday_GAP_020,False,False,Continuous chronological validation block,Strict Level 1 Segment Atomicity & Sequence Boundary Isolation
2274,20170707_1902,Friday,304,BENIGN,0,validation,lstm,Friday_GAP_020,False,False,Continuous chronological validation block,Strict Level 1 Segment Atomicity & Sequence Boundary Isolation
2275,20170707_1903,Friday,305,BENIGN,0,validation,lstm,Friday_GAP_020,False,False,Continuous chronological validation block,Strict Level 1 Segment Atomicity & Sequence Boundary Isolation
2276,20170707_1904,Friday,306,BENIGN,0,validation,lstm,Friday_GAP_020,False,False,Continuous chronological validation block,Strict Level 1 Segment Atomicity & Sequence Boundary Isolation
2277,20170707_1905,Friday,307,BENIGN,0,validation,lstm,Friday_GAP_020,False,False,Continuous chronological validation block,Strict Level 1 Segment Atomicity & Sequence Boundary Isolation
2278,20170707_1906,Friday,308,BENIGN,0,validation,lstm,Friday_GAP_020,False,False,Continuous chronological validation block,Strict Level 1 Segment Atomicity & Sequence Boundary Isolation
2279,20170707_1907,Friday,309,BENIGN,0,validation,lstm,Friday_GAP_020,False,False,Continuous chronological validation block,Strict Level 1 Segment Atomicity & Sequence Boundary Isolation
2280,20170707_1908,Friday,310,BENIGN,0,validation,lstm,Friday_GAP_020,False,False,Continuous chronological validation block,Strict Level 1 Segment Atomicity & Sequence Boundary Isolation
2281,20170707_1909,Friday,311,BENIGN,0,validation,lstm,Friday_GAP_020,False,False,Continuous chronological validation block,Strict Level 1 Segment Atomicity & Sequence Boundary Isolation
2282,20170707_1910,Friday,312,BENIGN,0,validation,lstm,Friday_GAP_020,False,False,Continuous chronological validation block,Strict Level 1 Segment Atomicity & Sequence Boundary Isolation
2283,20170707_1911,Friday,313,BENIGN,0,validation,lstm,Friday_GAP_020,False,False,Continuous chronological validation block,Strict Level 1 Segment Atomicity & Sequence Boundary Isolation
2284,20170707_1912,Friday,314,BENIGN,0,validation,lstm,Friday_GAP_020,False,False,Continuous chronological validation block,Strict Level 1 Segment Atomicity & Sequence Boundary Isolation
2285,20170707_1913,Friday,315,BENIGN,0,validation,lstm,Friday_GAP_020,False,False,Continuous chronological validation block,Strict Level 1 Segment Atomicity & Sequence Boundary Isolation
2286,20170707_1914,Friday,316,PortScan,1,validation,lstm,Friday_SEG_020,False,False,Continuous chronological validation block,Strict Level 1 Segment Atomicity & Sequence Boundary Isolation
2287,20170707_1915,Friday,317,PortScan,1,validation,lstm,Friday_SEG_020,False,False,Continuous chronological validation block,Strict Level 1 Segment Atomicity & Sequence Boundary Isolation
2288,20170707_1916,Friday,318,PortScan,1,validation,lstm,Friday_SEG_020,False,False,Continuous chronological validation block,Strict Level 1 Segment Atomicity & Sequence Boundary Isolation
2289,20170707_1917,Friday,319,BENIGN,0,validation,lstm,Friday_GAP_021,False,False,Continuous chronological validation block,Strict Level 1 Segment Atomicity & Sequence Boundary Isolation
2290,20170707_1918,Friday,320,BENIGN,0,validation,lstm,Friday_GAP_021,False,False,Continuous chronological validation block,Strict Level 1 Segment Atomicity & Sequence Boundary Isolation
2291,20170707_1919,Friday,321,BENIGN,0,validation,lstm,Friday_GAP_021,False,False,Continuous chronological validation block,Strict Level 1 Segment Atomicity & Sequence Boundary Isolation
2292,20170707_1920,Friday,322,BENIGN,0,validation,lstm,Friday_GAP_021,False,False,Continuous chronological validation block,Strict Level 1 Segment Atomicity & Sequence Boundary Isolation
2293,20170707_1921,Friday,323,BENIGN,0,validation,lstm,Friday_GAP_021,False,False,Continuous chronological validation block,Strict Level 1 Segment Atomicity & Sequence Boundary Isolation
2294,20170707_1922,Friday,324,BENIGN,0,validation,lstm,Friday_GAP_021,False,False,Continuous chronological validation block,Strict Level 1 Segment Atomicity & Sequence Boundary Isolation
2295,20170707_1923,Friday,325,BENIGN,0,validation,lstm,Friday_GAP_021,False,False,Continuous chronological validation block,Strict Level 1 Segment Atomicity & Sequence Boundary Isolation
2296,20170707_1924,Friday,326,BENIGN,0,validation,lstm,Friday_GAP_021,False,False,Continuous chronological validation block,Strict Level 1 Segment Atomicity & Sequence Boundary Isolation
2297,20170707_1925,Friday,327,BENIGN,0,validation,lstm,Friday_GAP_021,False,False,Continuous chronological validation block,Strict Level 1 Segment Atomicity & Sequence Boundary Isolation
2298,20170707_1926,Friday,328,BENIGN,0,validation,lstm,Friday_GAP_021,False,False,Continuous chronological validation block,Strict Level 1 Segment Atomicity & Sequence Boundary Isolation
2299,20170707_1927,Friday,329,BENIGN,0,validation,lstm,Friday_GAP_021,False,False,Continuous chronological validation block,Strict Level 1 Segment Atomicity & Sequence Boundary Isolation
2300,20170707_1928,Friday,330,BENIGN,0,validation,lstm,Friday_GAP_021,False,False,Continuous chronological validation block,Strict Level 1 Segment Atomicity & Sequence Boundary Isolation
2301,20170707_1929,Friday,331,BENIGN,0,validation,lstm,Friday_GAP_021,False,False,Continuous chronological validation block,Strict Level 1 Segment Atomicity & Sequence Boundary Isolation
2302,20170707_1930,Friday,332,BENIGN,0,validation,lstm,Friday_GAP_021,False,False,Continuous chronological validation block,Strict Level 1 Segment Atomicity & Sequence Boundary Isolation
2303,20170707_1931,Friday,333,BENIGN,0,validation,lstm,Friday_GAP_021,False,False,Continuous chronological validation block,Strict Level 1 Segment Atomicity & Sequence Boundary Isolation
2304,20170707_1932,Friday,334,BENIGN,0,validation,lstm,Friday_GAP_021,False,False,Continuous chronological validation block,Strict Level 1 Segment Atomicity & Sequence Boundary Isolation
2305,20170707_1933,Friday,335,BENIGN,0,validation,lstm,Friday_GAP_021,False,False,Continuous chronological validation block,Strict Level 1 Segment Atomicity & Sequence Boundary Isolation
2306,20170707_1934,Friday,336,BENIGN,0,validation,lstm,Friday_GAP_021,False,False,Continuous chronological validation block,Strict Level 1 Segment Atomicity & Sequence Boundary Isolation
2307,20170707_1935,Friday,337,BENIGN,0,validation,lstm,Friday_GAP_021,False,False,Continuous chronological validation block,Strict Level 1 Segment Atomicity & Sequence Boundary Isolation
2308,20170707_1936,Friday,338,BENIGN,0,validation,lstm,Friday_GAP_021,False,False,Continuous chronological validation block,Strict Level 1 Segment Atomicity & Sequence Boundary Isolation
2309,20170707_1937,Friday,339,BENIGN,0,validation,lstm,Friday_GAP_021,False,False,Continuous chronological validation block,Strict Level 1 Segment Atomicity & Sequence Boundary Isolation
2310,20170707_1938,Friday,340,BENIGN,0,validation,lstm,Friday_GAP_021,False,False,Continuous chronological validation block,Strict Level 1 Segment Atomicity & Sequence Boundary Isolation
2311,20170707_1939,Friday,341,BENIGN,0,validation,lstm,Friday_GAP_021,False,False,Continuous chronological validation block,Strict Level 1 Segment Atomicity & Sequence Boundary Isolation
2312,20170707_1940,Friday,342,BENIGN,0,validation,lstm,Friday_GAP_021,False,False,Continuous chronological validation block,Strict Level 1 Segment Atomicity & Sequence Boundary Isolation
2313,20170707_1941,Friday,343,BENIGN,0,validation,lstm,Friday_GAP_021,False,False,Continuous chronological validation block,Strict Level 1 Segment Atomicity & Sequence Boundary Isolation
2314,20170707_1942,Friday,344,BENIGN,0,validation,lstm,Friday_GAP_021,False,False,Continuous chronological validation block,Strict Level 1 Segment Atomicity & Sequence Boundary Isolation
2315,20170707_1943,Friday,345,BENIGN,0,validation,lstm,Friday_GAP_021,False,False,Continuous chronological validation block,Strict Level 1 Segment Atomicity & Sequence Boundary Isolation
2316,20170707_1944,Friday,346,BENIGN,0,validation,lstm,Friday_GAP_021,False,False,Continuous chronological validation block,Strict Level 1 Segment Atomicity & Sequence Boundary Isolation
2317,20170707_1945,Friday,347,BENIGN,0,validation,lstm,Friday_GAP_021,False,False,Continuous chronological validation block,Strict Level 1 Segment Atomicity & Sequence Boundary Isolation
2318,20170707_1946,Friday,348,BENIGN,0,validation,lstm,Friday_GAP_021,False,False,Continuous chronological validation block,Strict Level 1 Segment Atomicity & Sequence Boundary Isolation
2319,20170707_1947,Friday,349,BENIGN,0,validation,lstm,Friday_GAP_021,False,False,Continuous chronological validation block,Strict Level 1 Segment Atomicity & Sequence Boundary Isolation
2320,20170707_1948,Friday,350,BENIGN,0,validation,lstm,Friday_GAP_021,False,False,Continuous chronological validation block,Strict Level 1 Segment Atomicity & Sequence Boundary Isolation
2321,20170707_1949,Friday,351,BENIGN,0,validation,lstm,Friday_GAP_021,False,False,Continuous chronological validation block,Strict Level 1 Segment Atomicity & Sequence Boundary Isolation
2322,20170707_1950,Friday,352,BENIGN,0,validation,lstm,Friday_GAP_021,False,False,Continuous chronological validation block,Strict Level 1 Segment Atomicity & Sequence Boundary Isolation
2323,20170707_1951,Friday,353,PortScan,1,validation,lstm,Friday_SEG_021,False,False,Continuous chronological validation block,Strict Level 1 Segment Atomicity & Sequence Boundary Isolation
2324,20170707_1952,Friday,354,PortScan,1,validation,lstm,Friday_SEG_021,False,False,Continuous chronological validation block,Strict Level 1 Segment Atomicity & Sequence Boundary Isolation
2325,20170707_1953,Friday,355,PortScan,1,validation,lstm,Friday_SEG_021,False,False,Continuous chronological validation block,Strict Level 1 Segment Atomicity & Sequence Boundary Isolation
2326,20170707_1954,Friday,356,PortScan,1,validation,lstm,Friday_SEG_021,False,False,Continuous chronological validation block,Strict Level 1 Segment Atomicity & Sequence Boundary Isolation
2327,20170707_1955,Friday,357,PortScan,1,validation,lstm,Friday_SEG_021,False,False,Continuous chronological validation block,Strict Level 1 Segment Atomicity & Sequence Boundary Isolation
2328,20170707_1956,Friday,358,PortScan,1,validation,lstm,Friday_SEG_021,False,False,Continuous chronological validation block,Strict Level 1 Segment Atomicity & Sequence Boundary Isolation
2329,20170707_1957,Friday,359,BENIGN,0,validation,lstm,Friday_GAP_022,False,False,Continuous chronological validation block,Strict Level 1 Segment Atomicity & Sequence Boundary Isolation
2330,20170707_1958,Friday,360,BENIGN,0,validation,lstm,Friday_GAP_022,False,False,Continuous chronological validation block,Strict Level 1 Segment Atomicity & Sequence Boundary Isolation
2331,20170707_1959,Friday,361,BENIGN,0,validation,lstm,Friday_GAP_022,False,False,Continuous chronological validation block,Strict Level 1 Segment Atomicity & Sequence Boundary Isolation
2332,20170707_2000,Friday,362,BENIGN,0,validation,lstm,Friday_GAP_022,False,False,Continuous chronological validation block,Strict Level 1 Segment Atomicity & Sequence Boundary Isolation
2333,20170707_2001,Friday,363,BENIGN,0,validation,lstm,Friday_GAP_022,False,False,Continuous chronological validation block,Strict Level 1 Segment Atomicity & Sequence Boundary Isolation
2334,20170707_2002,Friday,364,BENIGN,0,validation,lstm,Friday_GAP_022,False,False,Continuous chronological validation block,Strict Level 1 Segment Atomicity & Sequence Boundary Isolation
2335,20170707_2003,Friday,365,PortScan,1,validation,lstm,Friday_SEG_022,False,False,Continuous chronological validation block,Strict Level 1 Segment Atomicity & Sequence Boundary Isolation
2336,20170707_2004,Friday,366,BENIGN,0,validation,lstm,Friday_GAP_023,False,False,Continuous chronological validation block,Strict Level 1 Segment Atomicity & Sequence Boundary Isolation
2337,20170707_2005,Friday,367,BENIGN,0,validation,lstm,Friday_GAP_023,False,False,Continuous chronological validation block,Strict Level 1 Segment Atomicity & Sequence Boundary Isolation
2338,20170707_2006,Friday,368,BENIGN,0,validation,lstm,Friday_GAP_023,False,False,Continuous chronological validation block,Strict Level 1 Segment Atomicity & Sequence Boundary Isolation
2339,20170707_2007,Friday,369,BENIGN,0,validation,lstm,Friday_GAP_023,False,False,Continuous chronological validation block,Strict Level 1 Segment Atomicity & Sequence Boundary Isolation
2340,20170707_2008,Friday,370,PortScan,1,validation,lstm,Friday_SEG_023,False,False,Continuous chronological validation block,Strict Level 1 Segment Atomicity & Sequence Boundary Isolation
2341,20170707_2009,Friday,371,PortScan,1,validation,lstm,Friday_SEG_023,False,False,Continuous chronological validation block,Strict Level 1 Segment Atomicity & Sequence Boundary Isolation
2342,20170707_2010,Friday,372,PortScan,1,validation,lstm,Friday_SEG_023,False,False,Continuous chronological validation block,Strict Level 1 Segment Atomicity & Sequence Boundary Isolation
2343,20170707_2011,Friday,373,BENIGN,0,validation,lstm,Friday_GAP_024,False,False,Continuous chronological validation block,Strict Level 1 Segment Atomicity & Sequence Boundary Isolation
2344,20170707_2012,Friday,374,PortScan,1,validation,lstm,Friday_SEG_024,False,False,Continuous chronological validation block,Strict Level 1 Segment Atomicity & Sequence Boundary Isolation
2345,20170707_2013,Friday,375,PortScan,1,validation,lstm,Friday_SEG_024,False,False,Continuous chronological validation block,Strict Level 1 Segment Atomicity & Sequence Boundary Isolation
2346,20170707_2014,Friday,376,BENIGN,0,validation,lstm,Friday_GAP_025,False,False,Continuous chronological validation block,Strict Level 1 Segment Atomicity & Sequence Boundary Isolation
2347,20170707_2015,Friday,377,BENIGN,0,validation,lstm,Friday_GAP_025,False,False,Continuous chronological validation block,Strict Level 1 Segment Atomicity & Sequence Boundary Isolation
2348,20170707_2016,Friday,378,BENIGN,0,validation,lstm,Friday_GAP_025,False,False,Continuous chronological validation block,Strict Level 1 Segment Atomicity & Sequence Boundary Isolation
2349,20170707_2017,Friday,379,BENIGN,0,validation,lstm,Friday_GAP_025,False,False,Continuous chronological validation block,Strict Level 1 Segment Atomicity & Sequence Boundary Isolation
2350,20170707_2018,Friday,380,BENIGN,0,validation,lstm,Friday_GAP_025,False,False,Continuous chronological validation block,Strict Level 1 Segment Atomicity & Sequence Boundary Isolation
2351,20170707_2019,Friday,381,BENIGN,0,validation,lstm,Friday_GAP_025,False,False,Continuous chronological validation block,Strict Level 1 Segment Atomicity & Sequence Boundary Isolation
2352,20170707_2020,Friday,382,BENIGN,0,validation,lstm,Friday_GAP_025,False,False,Continuous chronological validation block,Strict Level 1 Segment Atomicity & Sequence Boundary Isolation
2353,20170707_2021,Friday,383,PortScan,1,validation,lstm,Friday_SEG_025,False,False,Continuous chronological validation block,Strict Level 1 Segment Atomicity & Sequence Boundary Isolation
2354,20170707_2022,Friday,384,PortScan,1,validation,lstm,Friday_SEG_025,False,False,Continuous chronological validation block,Strict Level 1 Segment Atomicity & Sequence Boundary Isolation
2355,20170707_2023,Friday,385,PortScan,1,validation,lstm,Friday_SEG_025,False,False,Continuous chronological validation block,Strict Level 1 Segment Atomicity & Sequence Boundary Isolation
2356,20170707_2024,Friday,386,BENIGN,0,validation,lstm,Friday_GAP_026,False,False,Continuous chronological validation block,Strict Level 1 Segment Atomicity & Sequence Boundary Isolation
2357,20170707_2025,Friday,387,BENIGN,0,validation,lstm,Friday_GAP_026,False,False,Continuous chronological validation block,Strict Level 1 Segment Atomicity & Sequence Boundary Isolation
2358,20170707_2026,Friday,388,BENIGN,0,validation,lstm,Friday_GAP_026,False,False,Continuous chronological validation block,Strict Level 1 Segment Atomicity & Sequence Boundary Isolation
2359,20170707_2027,Friday,389,BENIGN,0,validation,lstm,Friday_GAP_026,False,False,Continuous chronological validation block,Strict Level 1 Segment Atomicity & Sequence Boundary Isolation
2360,20170707_2028,Friday,390,BENIGN,0,validation,lstm,Friday_GAP_026,False,False,Continuous chronological validation block,Strict Level 1 Segment Atomicity & Sequence Boundary Isolation
2361,20170707_2029,Friday,391,BENIGN,0,validation,lstm,Friday_GAP_026,False,False,Continuous chronological validation block,Strict Level 1 Segment Atomicity & Sequence Boundary Isolation
2362,20170707_2030,Friday,392,BENIGN,0,validation,lstm,Friday_GAP_026,False,False,Continuous chronological validation block,Strict Level 1 Segment Atomicity & Sequence Boundary Isolation
2363,20170707_2031,Friday,393,BENIGN,0,validation,lstm,Friday_GAP_026,False,False,Continuous chronological validation block,Strict Level 1 Segment Atomicity & Sequence Boundary Isolation
2364,20170707_2032,Friday,394,BENIGN,0,validation,lstm,Friday_GAP_026,False,False,Continuous chronological validation block,Strict Level 1 Segment Atomicity & Sequence Boundary Isolation
2365,20170707_2033,Friday,395,BENIGN,0,validation,lstm,Friday_GAP_026,False,False,Continuous chronological validation block,Strict Level 1 Segment Atomicity & Sequence Boundary Isolation
2366,20170707_2034,Friday,396,BENIGN,0,validation,lstm,Friday_GAP_026,False,False,Continuous chronological validation block,Strict Level 1 Segment Atomicity & Sequence Boundary Isolation
2367,20170707_2035,Friday,397,BENIGN,0,validation,lstm,Friday_GAP_026,False,False,Continuous chronological validation block,Strict Level 1 Segment Atomicity & Sequence Boundary Isolation
2368,20170707_2036,Friday,398,BENIGN,0,buffer,lstm,Friday_GAP_026,True,False,10-window Val/Test boundary exclusion buffer,Strict Level 1 Segment Atomicity & Sequence Boundary Isolation
2369,20170707_2037,Friday,399,BENIGN,0,buffer,lstm,Friday_GAP_026,True,False,10-window Val/Test boundary exclusion buffer,Strict Level 1 Segment Atomicity & Sequence Boundary Isolation
2370,20170707_2038,Friday,400,BENIGN,0,buffer,lstm,Friday_GAP_026,True,False,10-window Val/Test boundary exclusion buffer,Strict Level 1 Segment Atomicity & Sequence Boundary Isolation
2371,20170707_2039,Friday,401,BENIGN,0,buffer,lstm,Friday_GAP_026,True,False,10-window Val/Test boundary exclusion buffer,Strict Level 1 Segment Atomicity & Sequence Boundary Isolation
2372,20170707_2040,Friday,402,BENIGN,0,buffer,lstm,Friday_GAP_026,True,False,10-window Val/Test boundary exclusion buffer,Strict Level 1 Segment Atomicity & Sequence Boundary Isolation
2373,20170707_2041,Friday,403,BENIGN,0,buffer,lstm,Friday_GAP_026,True,False,10-window Val/Test boundary exclusion buffer,Strict Level 1 Segment Atomicity & Sequence Boundary Isolation
2374,20170707_2042,Friday,404,BENIGN,0,buffer,lstm,Friday_GAP_026,True,False,10-window Val/Test boundary exclusion buffer,Strict Level 1 Segment Atomicity & Sequence Boundary Isolation
2375,20170707_2043,Friday,405,BENIGN,0,buffer,lstm,Friday_GAP_026,True,False,10-window Val/Test boundary exclusion buffer,Strict Level 1 Segment Atomicity & Sequence Boundary Isolation
2376,20170707_2044,Friday,406,BENIGN,0,buffer,lstm,Friday_GAP_026,True,False,10-window Val/Test boundary exclusion buffer,Strict Level 1 Segment Atomicity & Sequence Boundary Isolation
2377,20170707_2045,Friday,407,BENIGN,0,buffer,lstm,Friday_GAP_026,True,False,10-window Val/Test boundary exclusion buffer,Strict Level 1 Segment Atomicity & Sequence Boundary Isolation
2378,20170707_2046,Friday,408,BENIGN,0,test,lstm,Friday_GAP_026,False,False,Continuous chronological test block,Strict Level 1 Segment Atomicity & Sequence Boundary Isolation
2379,20170707_2047,Friday,409,BENIGN,0,test,lstm,Friday_GAP_026,False,False,Continuous chronological test block,Strict Level 1 Segment Atomicity & Sequence Boundary Isolation
2380,20170707_2048,Friday,410,BENIGN,0,test,lstm,Friday_GAP_026,False,False,Continuous chronological test block,Strict Level 1 Segment Atomicity & Sequence Boundary Isolation
2381,20170707_2049,Friday,411,BENIGN,0,test,lstm,Friday_GAP_026,False,False,Continuous chronological test block,Strict Level 1 Segment Atomicity & Sequence Boundary Isolation
2382,20170707_2050,Friday,412,BENIGN,0,test,lstm,Friday_GAP_026,False,False,Continuous chronological test block,Strict Level 1 Segment Atomicity & Sequence Boundary Isolation
2383,20170707_2051,Friday,413,BENIGN,0,test,lstm,Friday_GAP_026,False,False,Continuous chronological test block,Strict Level 1 Segment Atomicity & Sequence Boundary Isolation
2384,20170707_2052,Friday,414,BENIGN,0,test,lstm,Friday_GAP_026,False,False,Continuous chronological test block,Strict Level 1 Segment Atomicity & Sequence Boundary Isolation
2385,20170707_2053,Friday,415,BENIGN,0,test,lstm,Friday_GAP_026,False,False,Continuous chronological test block,Strict Level 1 Segment Atomicity & Sequence Boundary Isolation
2386,20170707_2054,Friday,416,BENIGN,0,test,lstm,Friday_GAP_026,False,False,Continuous chronological test block,Strict Level 1 Segment Atomicity & Sequence Boundary Isolation
2387,20170707_2055,Friday,417,BENIGN,0,test,lstm,Friday_GAP_026,False,False,Continuous chronological test block,Strict Level 1 Segment Atomicity & Sequence Boundary Isolation
2388,20170707_2056,Friday,418,DDoS,1,test,lstm,Friday_SEG_026,False,False,Continuous chronological test block,Strict Level 1 Segment Atomicity & Sequence Boundary Isolation
2389,20170707_2057,Friday,419,DDoS,1,test,lstm,Friday_SEG_026,False,False,Continuous chronological test block,Strict Level 1 Segment Atomicity & Sequence Boundary Isolation
2390,20170707_2058,Friday,420,DDoS,1,test,lstm,Friday_SEG_026,False,False,Continuous chronological test block,Strict Level 1 Segment Atomicity & Sequence Boundary Isolation
2391,20170707_2059,Friday,421,DDoS,1,test,lstm,Friday_SEG_026,False,False,Continuous chronological test block,Strict Level 1 Segment Atomicity & Sequence Boundary Isolation
2392,20170707_2100,Friday,422,DDoS,1,test,lstm,Friday_SEG_026,False,False,Continuous chronological test block,Strict Level 1 Segment Atomicity & Sequence Boundary Isolation
2393,20170707_2101,Friday,423,DDoS,1,test,lstm,Friday_SEG_026,False,False,Continuous chronological test block,Strict Level 1 Segment Atomicity & Sequence Boundary Isolation
2394,20170707_2102,Friday,424,DDoS,1,test,lstm,Friday_SEG_026,False,False,Continuous chronological test block,Strict Level 1 Segment Atomicity & Sequence Boundary Isolation
2395,20170707_2103,Friday,425,DDoS,1,test,lstm,Friday_SEG_026,False,False,Continuous chronological test block,Strict Level 1 Segment Atomicity & Sequence Boundary Isolation
2396,20170707_2104,Friday,426,DDoS,1,test,lstm,Friday_SEG_026,False,False,Continuous chronological test block,Strict Level 1 Segment Atomicity & Sequence Boundary Isolation
2397,20170707_2105,Friday,427,DDoS,1,test,lstm,Friday_SEG_026,False,False,Continuous chronological test block,Strict Level 1 Segment Atomicity & Sequence Boundary Isolation
2398,20170707_2106,Friday,428,DDoS,1,test,lstm,Friday_SEG_026,False,False,Continuous chronological test block,Strict Level 1 Segment Atomicity & Sequence Boundary Isolation
2399,20170707_2107,Friday,429,DDoS,1,test,lstm,Friday_SEG_026,False,False,Continuous chronological test block,Strict Level 1 Segment Atomicity & Sequence Boundary Isolation
2400,20170707_2108,Friday,430,DDoS,1,test,lstm,Friday_SEG_026,False,False,Continuous chronological test block,Strict Level 1 Segment Atomicity & Sequence Boundary Isolation
2401,20170707_2109,Friday,431,DDoS,1,test,lstm,Friday_SEG_026,False,False,Continuous chronological test block,Strict Level 1 Segment Atomicity & Sequence Boundary Isolation
2402,20170707_2110,Friday,432,DDoS,1,test,lstm,Friday_SEG_026,False,False,Continuous chronological test block,Strict Level 1 Segment Atomicity & Sequence Boundary Isolation
2403,20170707_2111,Friday,433,DDoS,1,test,lstm,Friday_SEG_026,False,False,Continuous chronological test block,Strict Level 1 Segment Atomicity & Sequence Boundary Isolation
2404,20170707_2112,Friday,434,DDoS,1,test,lstm,Friday_SEG_026,False,False,Continuous chronological test block,Strict Level 1 Segment Atomicity & Sequence Boundary Isolation
2405,20170707_2113,Friday,435,DDoS,1,test,lstm,Friday_SEG_026,False,False,Continuous chronological test block,Strict Level 1 Segment Atomicity & Sequence Boundary Isolation
2406,20170707_2114,Friday,436,DDoS,1,test,lstm,Friday_SEG_026,False,False,Continuous chronological test block,Strict Level 1 Segment Atomicity & Sequence Boundary Isolation
2407,20170707_2115,Friday,437,DDoS,1,test,lstm,Friday_SEG_026,False,False,Continuous chronological test block,Strict Level 1 Segment Atomicity & Sequence Boundary Isolation
2408,20170707_2116,Friday,438,DDoS,1,test,lstm,Friday_SEG_026,False,False,Continuous chronological test block,Strict Level 1 Segment Atomicity & Sequence Boundary Isolation
2409,20170707_2117,Friday,439,BENIGN,0,test,lstm,Friday_GAP_027,False,False,Continuous chronological test block,Strict Level 1 Segment Atomicity & Sequence Boundary Isolation
2410,20170707_2118,Friday,440,BENIGN,0,test,lstm,Friday_GAP_027,False,False,Continuous chronological test block,Strict Level 1 Segment Atomicity & Sequence Boundary Isolation
2411,20170707_2119,Friday,441,BENIGN,0,test,lstm,Friday_GAP_027,False,False,Continuous chronological test block,Strict Level 1 Segment Atomicity & Sequence Boundary Isolation
2412,20170707_2120,Friday,442,BENIGN,0,test,lstm,Friday_GAP_027,False,False,Continuous chronological test block,Strict Level 1 Segment Atomicity & Sequence Boundary Isolation
2413,20170707_2121,Friday,443,BENIGN,0,test,lstm,Friday_GAP_027,False,False,Continuous chronological test block,Strict Level 1 Segment Atomicity & Sequence Boundary Isolation
2414,20170707_2122,Friday,444,BENIGN,0,test,lstm,Friday_GAP_027,False,False,Continuous chronological test block,Strict Level 1 Segment Atomicity & Sequence Boundary Isolation
2415,20170707_2123,Friday,445,BENIGN,0,test,lstm,Friday_GAP_027,False,False,Continuous chronological test block,Strict Level 1 Segment Atomicity & Sequence Boundary Isolation
2416,20170707_2124,Friday,446,BENIGN,0,test,lstm,Friday_GAP_027,False,False,Continuous chronological test block,Strict Level 1 Segment Atomicity & Sequence Boundary Isolation
2417,20170707_2125,Friday,447,BENIGN,0,test,lstm,Friday_GAP_027,False,False,Continuous chronological test block,Strict Level 1 Segment Atomicity & Sequence Boundary Isolation
2418,20170707_2126,Friday,448,BENIGN,0,test,lstm,Friday_GAP_027,False,False,Continuous chronological test block,Strict Level 1 Segment Atomicity & Sequence Boundary Isolation
2419,20170707_2127,Friday,449,BENIGN,0,test,lstm,Friday_GAP_027,False,False,Continuous chronological test block,Strict Level 1 Segment Atomicity & Sequence Boundary Isolation
2420,20170707_2128,Friday,450,BENIGN,0,test,lstm,Friday_GAP_027,False,False,Continuous chronological test block,Strict Level 1 Segment Atomicity & Sequence Boundary Isolation
2421,20170707_2129,Friday,451,BENIGN,0,test,lstm,Friday_GAP_027,False,False,Continuous chronological test block,Strict Level 1 Segment Atomicity & Sequence Boundary Isolation
2422,20170707_2130,Friday,452,BENIGN,0,test,lstm,Friday_GAP_027,False,False,Continuous chronological test block,Strict Level 1 Segment Atomicity & Sequence Boundary Isolation
2423,20170707_2131,Friday,453,BENIGN,0,test,lstm,Friday_GAP_027,False,False,Continuous chronological test block,Strict Level 1 Segment Atomicity & Sequence Boundary Isolation
2424,20170707_2132,Friday,454,BENIGN,0,test,lstm,Friday_GAP_027,False,False,Continuous chronological test block,Strict Level 1 Segment Atomicity & Sequence Boundary Isolation
2425,20170707_2133,Friday,455,BENIGN,0,test,lstm,Friday_GAP_027,False,False,Continuous chronological test block,Strict Level 1 Segment Atomicity & Sequence Boundary Isolation
2426,20170707_2134,Friday,456,BENIGN,0,test,lstm,Friday_GAP_027,False,False,Continuous chronological test block,Strict Level 1 Segment Atomicity & Sequence Boundary Isolation
2427,20170707_2135,Friday,457,BENIGN,0,test,lstm,Friday_GAP_027,False,False,Continuous chronological test block,Strict Level 1 Segment Atomicity & Sequence Boundary Isolation
2428,20170707_2136,Friday,458,BENIGN,0,test,lstm,Friday_GAP_027,False,False,Continuous chronological test block,Strict Level 1 Segment Atomicity & Sequence Boundary Isolation
2429,20170707_2137,Friday,459,BENIGN,0,test,lstm,Friday_GAP_027,False,False,Continuous chronological test block,Strict Level 1 Segment Atomicity & Sequence Boundary Isolation
2430,20170707_2138,Friday,460,BENIGN,0,test,lstm,Friday_GAP_027,False,False,Continuous chronological test block,Strict Level 1 Segment Atomicity & Sequence Boundary Isolation
2431,20170707_2139,Friday,461,BENIGN,0,test,lstm,Friday_GAP_027,False,False,Continuous chronological test block,Strict Level 1 Segment Atomicity & Sequence Boundary Isolation
2432,20170707_2140,Friday,462,BENIGN,0,test,lstm,Friday_GAP_027,False,False,Continuous chronological test block,Strict Level 1 Segment Atomicity & Sequence Boundary Isolation
2433,20170707_2141,Friday,463,BENIGN,0,test,lstm,Friday_GAP_027,False,False,Continuous chronological test block,Strict Level 1 Segment Atomicity & Sequence Boundary Isolation
2434,20170707_2142,Friday,464,BENIGN,0,test,lstm,Friday_GAP_027,False,False,Continuous chronological test block,Strict Level 1 Segment Atomicity & Sequence Boundary Isolation
2435,20170707_2143,Friday,465,BENIGN,0,test,lstm,Friday_GAP_027,False,False,Continuous chronological test block,Strict Level 1 Segment Atomicity & Sequence Boundary Isolation
2436,20170707_2144,Friday,466,BENIGN,0,test,lstm,Friday_GAP_027,False,False,Continuous chronological test block,Strict Level 1 Segment Atomicity & Sequence Boundary Isolation
2437,20170707_2145,Friday,467,BENIGN,0,test,lstm,Friday_GAP_027,False,False,Continuous chronological test block,Strict Level 1 Segment Atomicity & Sequence Boundary Isolation
2438,20170707_2146,Friday,468,BENIGN,0,test,lstm,Friday_GAP_027,False,False,Continuous chronological test block,Strict Level 1 Segment Atomicity & Sequence Boundary Isolation
2439,20170707_2147,Friday,469,BENIGN,0,test,lstm,Friday_GAP_027,False,False,Continuous chronological test block,Strict Level 1 Segment Atomicity & Sequence Boundary Isolation
2440,20170707_2148,Friday,470,BENIGN,0,test,lstm,Friday_GAP_027,False,False,Continuous chronological test block,Strict Level 1 Segment Atomicity & Sequence Boundary Isolation
2441,20170707_2149,Friday,471,BENIGN,0,test,lstm,Friday_GAP_027,False,False,Continuous chronological test block,Strict Level 1 Segment Atomicity & Sequence Boundary Isolation
2442,20170707_2150,Friday,472,BENIGN,0,test,lstm,Friday_GAP_027,False,False,Continuous chronological test block,Strict Level 1 Segment Atomicity & Sequence Boundary Isolation
2443,20170707_2151,Friday,473,BENIGN,0,test,lstm,Friday_GAP_027,False,False,Continuous chronological test block,Strict Level 1 Segment Atomicity & Sequence Boundary Isolation
2444,20170707_2152,Friday,474,BENIGN,0,test,lstm,Friday_GAP_027,False,False,Continuous chronological test block,Strict Level 1 Segment Atomicity & Sequence Boundary Isolation
2445,20170707_2153,Friday,475,BENIGN,0,test,lstm,Friday_GAP_027,False,False,Continuous chronological test block,Strict Level 1 Segment Atomicity & Sequence Boundary Isolation
2446,20170707_2154,Friday,476,BENIGN,0,test,lstm,Friday_GAP_027,False,False,Continuous chronological test block,Strict Level 1 Segment Atomicity & Sequence Boundary Isolation
2447,20170707_2155,Friday,477,BENIGN,0,test,lstm,Friday_GAP_027,False,False,Continuous chronological test block,Strict Level 1 Segment Atomicity & Sequence Boundary Isolation
2448,20170707_2156,Friday,478,BENIGN,0,test,lstm,Friday_GAP_027,False,False,Continuous chronological test block,Strict Level 1 Segment Atomicity & Sequence Boundary Isolation
2449,20170707_2157,Friday,479,BENIGN,0,test,lstm,Friday_GAP_027,False,False,Continuous chronological test block,Strict Level 1 Segment Atomicity & Sequence Boundary Isolation
2450,20170707_2158,Friday,480,BENIGN,0,test,lstm,Friday_GAP_027,False,False,Continuous chronological test block,Strict Level 1 Segment Atomicity & Sequence Boundary Isolation
2451,20170707_2159,Friday,481,BENIGN,0,test,lstm,Friday_GAP_027,False,False,Continuous chronological test block,Strict Level 1 Segment Atomicity & Sequence Boundary Isolation
2452,20170707_2200,Friday,482,BENIGN,0,test,lstm,Friday_GAP_027,False,False,Continuous chronological test block,Strict Level 1 Segment Atomicity & Sequence Boundary Isolation
2453,20170707_2201,Friday,483,BENIGN,0,test,lstm,Friday_GAP_027,False,False,Continuous chronological test block,Strict Level 1 Segment Atomicity & Sequence Boundary Isolation
2454,20170707_2202,Friday,484,BENIGN,0,test,lstm,Friday_GAP_027,False,False,Continuous chronological test block,Strict Level 1 Segment Atomicity & Sequence Boundary Isolation
