global_position,window_id,dataset_day,attack_category,is_attack,split,model,segment_id,is_exception,allocation_reason,notes
1,20170703_1355,Monday,BENIGN,0,train,xgboost,Monday_GAP_001,False,Benign background traffic allocation (train),Level 2 Preferred Segment Atomicity
2,20170703_1356,Monday,BENIGN,0,train,xgboost,Monday_GAP_001,False,Benign background traffic allocation (train),Level 2 Preferred Segment Atomicity
3,20170703_1357,Monday,BENIGN,0,train,xgboost,Monday_GAP_001,False,Benign background traffic allocation (train),Level 2 Preferred Segment Atomicity
4,20170703_1358,Monday,BENIGN,0,train,xgboost,Monday_GAP_001,False,Benign background traffic allocation (train),Level 2 Preferred Segment Atomicity
5,20170703_1359,Monday,BENIGN,0,train,xgboost,Monday_GAP_001,False,Benign background traffic allocation (train),Level 2 Preferred Segment Atomicity
6,20170703_1400,Monday,BENIGN,0,train,xgboost,Monday_GAP_001,False,Benign background traffic allocation (train),Level 2 Preferred Segment Atomicity
7,20170703_1401,Monday,BENIGN,0,train,xgboost,Monday_GAP_001,False,Benign background traffic allocation (train),Level 2 Preferred Segment Atomicity
8,20170703_1402,Monday,BENIGN,0,train,xgboost,Monday_GAP_001,False,Benign background traffic allocation (train),Level 2 Preferred Segment Atomicity
9,20170703_1403,Monday,BENIGN,0,train,xgboost,Monday_GAP_001,False,Benign background traffic allocation (train),Level 2 Preferred Segment Atomicity
10,20170703_1404,Monday,BENIGN,0,train,xgboost,Monday_GAP_001,False,Benign background traffic allocation (train),Level 2 Preferred Segment Atomicity
11,20170703_1405,Monday,BENIGN,0,train,xgboost,Monday_GAP_001,False,Benign background traffic allocation (train),Level 2 Preferred Segment Atomicity
12,20170703_1406,Monday,BENIGN,0,train,xgboost,Monday_GAP_001,False,Benign background traffic allocation (train),Level 2 Preferred Segment Atomicity
13,20170703_1407,Monday,BENIGN,0,train,xgboost,Monday_GAP_001,False,Benign background traffic allocation (train),Level 2 Preferred Segment Atomicity
14,20170703_1408,Monday,BENIGN,0,train,xgboost,Monday_GAP_001,False,Benign background traffic allocation (train),Level 2 Preferred Segment Atomicity
15,20170703_1409,Monday,BENIGN,0,train,xgboost,Monday_GAP_001,False,Benign background traffic allocation (train),Level 2 Preferred Segment Atomicity
16,20170703_1410,Monday,BENIGN,0,train,xgboost,Monday_GAP_001,False,Benign background traffic allocation (train),Level 2 Preferred Segment Atomicity
17,20170703_1411,Monday,BENIGN,0,train,xgboost,Monday_GAP_001,False,Benign background traffic allocation (train),Level 2 Preferred Segment Atomicity
18,20170703_1412,Monday,BENIGN,0,train,xgboost,Monday_GAP_001,False,Benign background traffic allocation (train),Level 2 Preferred Segment Atomicity
19,20170703_1413,Monday,BENIGN,0,train,xgboost,Monday_GAP_001,False,Benign background traffic allocation (train),Level 2 Preferred Segment Atomicity
20,20170703_1414,Monday,BENIGN,0,train,xgboost,Monday_GAP_001,False,Benign background traffic allocation (train),Level 2 Preferred Segment Atomicity
21,20170703_1415,Monday,BENIGN,0,train,xgboost,Monday_GAP_001,False,Benign background traffic allocation (train),Level 2 Preferred Segment Atomicity
22,20170703_1416,Monday,BENIGN,0,train,xgboost,Monday_GAP_001,False,Benign background traffic allocation (train),Level 2 Preferred Segment Atomicity
23,20170703_1417,Monday,BENIGN,0,train,xgboost,Monday_GAP_001,False,Benign background traffic allocation (train),Level 2 Preferred Segment Atomicity
24,20170703_1418,Monday,BENIGN,0,train,xgboost,Monday_GAP_001,False,Benign background traffic allocation (train),Level 2 Preferred Segment Atomicity
25,20170703_1419,Monday,BENIGN,0,train,xgboost,Monday_GAP_001,False,Benign background traffic allocation (train),Level 2 Preferred Segment Atomicity
26,20170703_1420,Monday,BENIGN,0,train,xgboost,Monday_GAP_001,False,Benign background traffic allocation (train),Level 2 Preferred Segment Atomicity
27,20170703_1421,Monday,BENIGN,0,train,xgboost,Monday_GAP_001,False,Benign background traffic allocation (train),Level 2 Preferred Segment Atomicity
28,20170703_1422,Monday,BENIGN,0,train,xgboost,Monday_GAP_001,False,Benign background traffic allocation (train),Level 2 Preferred Segment Atomicity
29,20170703_1423,Monday,BENIGN,0,train,xgboost,Monday_GAP_001,False,Benign background traffic allocation (train),Level 2 Preferred Segment Atomicity
30,20170703_1424,Monday,BENIGN,0,train,xgboost,Monday_GAP_001,False,Benign background traffic allocation (train),Level 2 Preferred Segment Atomicity
31,20170703_1425,Monday,BENIGN,0,train,xgboost,Monday_GAP_001,False,Benign background traffic allocation (train),Level 2 Preferred Segment Atomicity
32,20170703_1426,Monday,BENIGN,0,train,xgboost,Monday_GAP_001,False,Benign background traffic allocation (train),Level 2 Preferred Segment Atomicity
33,20170703_1427,Monday,BENIGN,0,train,xgboost,Monday_GAP_001,False,Benign background traffic allocation (train),Level 2 Preferred Segment Atomicity
34,20170703_1428,Monday,BENIGN,0,train,xgboost,Monday_GAP_001,False,Benign background traffic allocation (train),Level 2 Preferred Segment Atomicity
35,20170703_1429,Monday,BENIGN,0,train,xgboost,Monday_GAP_001,False,Benign background traffic allocation (train),Level 2 Preferred Segment Atomicity
36,20170703_1430,Monday,BENIGN,0,train,xgboost,Monday_GAP_001,False,Benign background traffic allocation (train),Level 2 Preferred Segment Atomicity
37,20170703_1431,Monday,BENIGN,0,train,xgboost,Monday_GAP_001,False,Benign background traffic allocation (train),Level 2 Preferred Segment Atomicity
38,20170703_1432,Monday,BENIGN,0,train,xgboost,Monday_GAP_001,False,Benign background traffic allocation (train),Level 2 Preferred Segment Atomicity
39,20170703_1433,Monday,BENIGN,0,train,xgboost,Monday_GAP_001,False,Benign background traffic allocation (train),Level 2 Preferred Segment Atomicity
40,20170703_1434,Monday,BENIGN,0,train,xgboost,Monday_GAP_001,False,Benign background traffic allocation (train),Level 2 Preferred Segment Atomicity
41,20170703_1435,Monday,BENIGN,0,train,xgboost,Monday_GAP_001,False,Benign background traffic allocation (train),Level 2 Preferred Segment Atomicity
42,20170703_1436,Monday,BENIGN,0,train,xgboost,Monday_GAP_001,False,Benign background traffic allocation (train),Level 2 Preferred Segment Atomicity
43,20170703_1437,Monday,BENIGN,0,train,xgboost,Monday_GAP_001,False,Benign background traffic allocation (train),Level 2 Preferred Segment Atomicity
44,20170703_1438,Monday,BENIGN,0,train,xgboost,Monday_GAP_001,False,Benign background traffic allocation (train),Level 2 Preferred Segment Atomicity
45,20170703_1439,Monday,BENIGN,0,train,xgboost,Monday_GAP_001,False,Benign background traffic allocation (train),Level 2 Preferred Segment Atomicity
46,20170703_1440,Monday,BENIGN,0,train,xgboost,Monday_GAP_001,False,Benign background traffic allocation (train),Level 2 Preferred Segment Atomicity
47,20170703_1441,Monday,BENIGN,0,train,xgboost,Monday_GAP_001,False,Benign background traffic allocation (train),Level 2 Preferred Segment Atomicity
48,20170703_1442,Monday,BENIGN,0,train,xgboost,Monday_GAP_001,False,Benign background traffic allocation (train),Level 2 Preferred Segment Atomicity
49,20170703_1443,Monday,BENIGN,0,train,xgboost,Monday_GAP_001,False,Benign background traffic allocation (train),Level 2 Preferred Segment Atomicity
50,20170703_1444,Monday,BENIGN,0,train,xgboost,Monday_GAP_001,False,Benign background traffic allocation (train),Level 2 Preferred Segment Atomicity
51,20170703_1445,Monday,BENIGN,0,train,xgboost,Monday_GAP_001,False,Benign background traffic allocation (train),Level 2 Preferred Segment Atomicity
52,20170703_1446,Monday,BENIGN,0,train,xgboost,Monday_GAP_001,False,Benign background traffic allocation (train),Level 2 Preferred Segment Atomicity
53,20170703_1447,Monday,BENIGN,0,train,xgboost,Monday_GAP_001,False,Benign background traffic allocation (train),Level 2 Preferred Segment Atomicity
54,20170703_1448,Monday,BENIGN,0,train,xgboost,Monday_GAP_001,False,Benign background traffic allocation (train),Level 2 Preferred Segment Atomicity
55,20170703_1449,Monday,BENIGN,0,train,xgboost,Monday_GAP_001,False,Benign background traffic allocation (train),Level 2 Preferred Segment Atomicity
56,20170703_1450,Monday,BENIGN,0,train,xgboost,Monday_GAP_001,False,Benign background traffic allocation (train),Level 2 Preferred Segment Atomicity
57,20170703_1451,Monday,BENIGN,0,train,xgboost,Monday_GAP_001,False,Benign background traffic allocation (train),Level 2 Preferred Segment Atomicity
58,20170703_1452,Monday,BENIGN,0,train,xgboost,Monday_GAP_001,False,Benign background traffic allocation (train),Level 2 Preferred Segment Atomicity
59,20170703_1453,Monday,BENIGN,0,train,xgboost,Monday_GAP_001,False,Benign background traffic allocation (train),Level 2 Preferred Segment Atomicity
60,20170703_1454,Monday,BENIGN,0,train,xgboost,Monday_GAP_001,False,Benign background traffic allocation (train),Level 2 Preferred Segment Atomicity
61,20170703_1455,Monday,BENIGN,0,train,xgboost,Monday_GAP_001,False,Benign background traffic allocation (train),Level 2 Preferred Segment Atomicity
62,20170703_1456,Monday,BENIGN,0,train,xgboost,Monday_GAP_001,False,Benign background traffic allocation (train),Level 2 Preferred Segment Atomicity
63,20170703_1457,Monday,BENIGN,0,train,xgboost,Monday_GAP_001,False,Benign background traffic allocation (train),Level 2 Preferred Segment Atomicity
64,20170703_1458,Monday,BENIGN,0,train,xgboost,Monday_GAP_001,False,Benign background traffic allocation (train),Level 2 Preferred Segment Atomicity
65,20170703_1459,Monday,BENIGN,0,train,xgboost,Monday_GAP_001,False,Benign background traffic allocation (train),Level 2 Preferred Segment Atomicity
66,20170703_1500,Monday,BENIGN,0,train,xgboost,Monday_GAP_001,False,Benign background traffic allocation (train),Level 2 Preferred Segment Atomicity
67,20170703_1501,Monday,BENIGN,0,train,xgboost,Monday_GAP_001,False,Benign background traffic allocation (train),Level 2 Preferred Segment Atomicity
68,20170703_1502,Monday,BENIGN,0,train,xgboost,Monday_GAP_001,False,Benign background traffic allocation (train),Level 2 Preferred Segment Atomicity
69,20170703_1503,Monday,BENIGN,0,train,xgboost,Monday_GAP_001,False,Benign background traffic allocation (train),Level 2 Preferred Segment Atomicity
70,20170703_1504,Monday,BENIGN,0,train,xgboost,Monday_GAP_001,False,Benign background traffic allocation (train),Level 2 Preferred Segment Atomicity
71,20170703_1505,Monday,BENIGN,0,train,xgboost,Monday_GAP_001,False,Benign background traffic allocation (train),Level 2 Preferred Segment Atomicity
72,20170703_1506,Monday,BENIGN,0,train,xgboost,Monday_GAP_001,False,Benign background traffic allocation (train),Level 2 Preferred Segment Atomicity
73,20170703_1507,Monday,BENIGN,0,train,xgboost,Monday_GAP_001,False,Benign background traffic allocation (train),Level 2 Preferred Segment Atomicity
74,20170703_1508,Monday,BENIGN,0,train,xgboost,Monday_GAP_001,False,Benign background traffic allocation (train),Level 2 Preferred Segment Atomicity
75,20170703_1509,Monday,BENIGN,0,train,xgboost,Monday_GAP_001,False,Benign background traffic allocation (train),Level 2 Preferred Segment Atomicity
76,20170703_1510,Monday,BENIGN,0,train,xgboost,Monday_GAP_001,False,Benign background traffic allocation (train),Level 2 Preferred Segment Atomicity
77,20170703_1511,Monday,BENIGN,0,train,xgboost,Monday_GAP_001,False,Benign background traffic allocation (train),Level 2 Preferred Segment Atomicity
78,20170703_1512,Monday,BENIGN,0,train,xgboost,Monday_GAP_001,False,Benign background traffic allocation (train),Level 2 Preferred Segment Atomicity
79,20170703_1513,Monday,BENIGN,0,train,xgboost,Monday_GAP_001,False,Benign background traffic allocation (train),Level 2 Preferred Segment Atomicity
80,20170703_1514,Monday,BENIGN,0,train,xgboost,Monday_GAP_001,False,Benign background traffic allocation (train),Level 2 Preferred Segment Atomicity
81,20170703_1515,Monday,BENIGN,0,train,xgboost,Monday_GAP_001,False,Benign background traffic allocation (train),Level 2 Preferred Segment Atomicity
82,20170703_1516,Monday,BENIGN,0,train,xgboost,Monday_GAP_001,False,Benign background traffic allocation (train),Level 2 Preferred Segment Atomicity
83,20170703_1517,Monday,BENIGN,0,train,xgboost,Monday_GAP_001,False,Benign background traffic allocation (train),Level 2 Preferred Segment Atomicity
84,20170703_1518,Monday,BENIGN,0,train,xgboost,Monday_GAP_001,False,Benign background traffic allocation (train),Level 2 Preferred Segment Atomicity
85,20170703_1519,Monday,BENIGN,0,train,xgboost,Monday_GAP_001,False,Benign background traffic allocation (train),Level 2 Preferred Segment Atomicity
86,20170703_1520,Monday,BENIGN,0,train,xgboost,Monday_GAP_001,False,Benign background traffic allocation (train),Level 2 Preferred Segment Atomicity
87,20170703_1521,Monday,BENIGN,0,train,xgboost,Monday_GAP_001,False,Benign background traffic allocation (train),Level 2 Preferred Segment Atomicity
88,20170703_1522,Monday,BENIGN,0,train,xgboost,Monday_GAP_001,False,Benign background traffic allocation (train),Level 2 Preferred Segment Atomicity
89,20170703_1523,Monday,BENIGN,0,train,xgboost,Monday_GAP_001,False,Benign background traffic allocation (train),Level 2 Preferred Segment Atomicity
90,20170703_1524,Monday,BENIGN,0,train,xgboost,Monday_GAP_001,False,Benign background traffic allocation (train),Level 2 Preferred Segment Atomicity
91,20170703_1525,Monday,BENIGN,0,train,xgboost,Monday_GAP_001,False,Benign background traffic allocation (train),Level 2 Preferred Segment Atomicity
92,20170703_1526,Monday,BENIGN,0,train,xgboost,Monday_GAP_001,False,Benign background traffic allocation (train),Level 2 Preferred Segment Atomicity
93,20170703_1527,Monday,BENIGN,0,train,xgboost,Monday_GAP_001,False,Benign background traffic allocation (train),Level 2 Preferred Segment Atomicity
94,20170703_1528,Monday,BENIGN,0,train,xgboost,Monday_GAP_001,False,Benign background traffic allocation (train),Level 2 Preferred Segment Atomicity
95,20170703_1529,Monday,BENIGN,0,train,xgboost,Monday_GAP_001,False,Benign background traffic allocation (train),Level 2 Preferred Segment Atomicity
96,20170703_1530,Monday,BENIGN,0,train,xgboost,Monday_GAP_001,False,Benign background traffic allocation (train),Level 2 Preferred Segment Atomicity
97,20170703_1531,Monday,BENIGN,0,train,xgboost,Monday_GAP_001,False,Benign background traffic allocation (train),Level 2 Preferred Segment Atomicity
98,20170703_1532,Monday,BENIGN,0,train,xgboost,Monday_GAP_001,False,Benign background traffic allocation (train),Level 2 Preferred Segment Atomicity
99,20170703_1533,Monday,BENIGN,0,train,xgboost,Monday_GAP_001,False,Benign background traffic allocation (train),Level 2 Preferred Segment Atomicity
100,20170703_1534,Monday,BENIGN,0,train,xgboost,Monday_GAP_001,False,Benign background traffic allocation (train),Level 2 Preferred Segment Atomicity
101,20170703_1535,Monday,BENIGN,0,train,xgboost,Monday_GAP_001,False,Benign background traffic allocation (train),Level 2 Preferred Segment Atomicity
102,20170703_1536,Monday,BENIGN,0,train,xgboost,Monday_GAP_001,False,Benign background traffic allocation (train),Level 2 Preferred Segment Atomicity
103,20170703_1537,Monday,BENIGN,0,train,xgboost,Monday_GAP_001,False,Benign background traffic allocation (train),Level 2 Preferred Segment Atomicity
104,20170703_1538,Monday,BENIGN,0,train,xgboost,Monday_GAP_001,False,Benign background traffic allocation (train),Level 2 Preferred Segment Atomicity
105,20170703_1539,Monday,BENIGN,0,train,xgboost,Monday_GAP_001,False,Benign background traffic allocation (train),Level 2 Preferred Segment Atomicity
106,20170703_1540,Monday,BENIGN,0,train,xgboost,Monday_GAP_001,False,Benign background traffic allocation (train),Level 2 Preferred Segment Atomicity
107,20170703_1541,Monday,BENIGN,0,train,xgboost,Monday_GAP_001,False,Benign background traffic allocation (train),Level 2 Preferred Segment Atomicity
108,20170703_1542,Monday,BENIGN,0,train,xgboost,Monday_GAP_001,False,Benign background traffic allocation (train),Level 2 Preferred Segment Atomicity
109,20170703_1543,Monday,BENIGN,0,train,xgboost,Monday_GAP_001,False,Benign background traffic allocation (train),Level 2 Preferred Segment Atomicity
110,20170703_1544,Monday,BENIGN,0,train,xgboost,Monday_GAP_001,False,Benign background traffic allocation (train),Level 2 Preferred Segment Atomicity
111,20170703_1545,Monday,BENIGN,0,train,xgboost,Monday_GAP_001,False,Benign background traffic allocation (train),Level 2 Preferred Segment Atomicity
112,20170703_1546,Monday,BENIGN,0,train,xgboost,Monday_GAP_001,False,Benign background traffic allocation (train),Level 2 Preferred Segment Atomicity
113,20170703_1547,Monday,BENIGN,0,train,xgboost,Monday_GAP_001,False,Benign background traffic allocation (train),Level 2 Preferred Segment Atomicity
114,20170703_1548,Monday,BENIGN,0,train,xgboost,Monday_GAP_001,False,Benign background traffic allocation (train),Level 2 Preferred Segment Atomicity
115,20170703_1549,Monday,BENIGN,0,train,xgboost,Monday_GAP_001,False,Benign background traffic allocation (train),Level 2 Preferred Segment Atomicity
116,20170703_1550,Monday,BENIGN,0,train,xgboost,Monday_GAP_001,False,Benign background traffic allocation (train),Level 2 Preferred Segment Atomicity
117,20170703_1551,Monday,BENIGN,0,train,xgboost,Monday_GAP_001,False,Benign background traffic allocation (train),Level 2 Preferred Segment Atomicity
118,20170703_1552,Monday,BENIGN,0,train,xgboost,Monday_GAP_001,False,Benign background traffic allocation (train),Level 2 Preferred Segment Atomicity
119,20170703_1553,Monday,BENIGN,0,train,xgboost,Monday_GAP_001,False,Benign background traffic allocation (train),Level 2 Preferred Segment Atomicity
120,20170703_1554,Monday,BENIGN,0,train,xgboost,Monday_GAP_001,False,Benign background traffic allocation (train),Level 2 Preferred Segment Atomicity
121,20170703_1555,Monday,BENIGN,0,train,xgboost,Monday_GAP_001,False,Benign background traffic allocation (train),Level 2 Preferred Segment Atomicity
122,20170703_1556,Monday,BENIGN,0,train,xgboost,Monday_GAP_001,False,Benign background traffic allocation (train),Level 2 Preferred Segment Atomicity
123,20170703_1557,Monday,BENIGN,0,train,xgboost,Monday_GAP_001,False,Benign background traffic allocation (train),Level 2 Preferred Segment Atomicity
124,20170703_1558,Monday,BENIGN,0,train,xgboost,Monday_GAP_001,False,Benign background traffic allocation (train),Level 2 Preferred Segment Atomicity
125,20170703_1559,Monday,BENIGN,0,train,xgboost,Monday_GAP_001,False,Benign background traffic allocation (train),Level 2 Preferred Segment Atomicity
126,20170703_1600,Monday,BENIGN,0,train,xgboost,Monday_GAP_001,False,Benign background traffic allocation (train),Level 2 Preferred Segment Atomicity
127,20170703_1601,Monday,BENIGN,0,train,xgboost,Monday_GAP_001,False,Benign background traffic allocation (train),Level 2 Preferred Segment Atomicity
128,20170703_1602,Monday,BENIGN,0,train,xgboost,Monday_GAP_001,False,Benign background traffic allocation (train),Level 2 Preferred Segment Atomicity
129,20170703_1603,Monday,BENIGN,0,train,xgboost,Monday_GAP_001,False,Benign background traffic allocation (train),Level 2 Preferred Segment Atomicity
130,20170703_1604,Monday,BENIGN,0,train,xgboost,Monday_GAP_001,False,Benign background traffic allocation (train),Level 2 Preferred Segment Atomicity
131,20170703_1605,Monday,BENIGN,0,train,xgboost,Monday_GAP_001,False,Benign background traffic allocation (train),Level 2 Preferred Segment Atomicity
132,20170703_1606,Monday,BENIGN,0,train,xgboost,Monday_GAP_001,False,Benign background traffic allocation (train),Level 2 Preferred Segment Atomicity
133,20170703_1607,Monday,BENIGN,0,train,xgboost,Monday_GAP_001,False,Benign background traffic allocation (train),Level 2 Preferred Segment Atomicity
134,20170703_1608,Monday,BENIGN,0,train,xgboost,Monday_GAP_001,False,Benign background traffic allocation (train),Level 2 Preferred Segment Atomicity
135,20170703_1609,Monday,BENIGN,0,train,xgboost,Monday_GAP_001,False,Benign background traffic allocation (train),Level 2 Preferred Segment Atomicity
136,20170703_1610,Monday,BENIGN,0,train,xgboost,Monday_GAP_001,False,Benign background traffic allocation (train),Level 2 Preferred Segment Atomicity
137,20170703_1611,Monday,BENIGN,0,train,xgboost,Monday_GAP_001,False,Benign background traffic allocation (train),Level 2 Preferred Segment Atomicity
138,20170703_1612,Monday,BENIGN,0,train,xgboost,Monday_GAP_001,False,Benign background traffic allocation (train),Level 2 Preferred Segment Atomicity
139,20170703_1613,Monday,BENIGN,0,train,xgboost,Monday_GAP_001,False,Benign background traffic allocation (train),Level 2 Preferred Segment Atomicity
140,20170703_1614,Monday,BENIGN,0,train,xgboost,Monday_GAP_001,False,Benign background traffic allocation (train),Level 2 Preferred Segment Atomicity
141,20170703_1615,Monday,BENIGN,0,train,xgboost,Monday_GAP_001,False,Benign background traffic allocation (train),Level 2 Preferred Segment Atomicity
142,20170703_1616,Monday,BENIGN,0,train,xgboost,Monday_GAP_001,False,Benign background traffic allocation (train),Level 2 Preferred Segment Atomicity
143,20170703_1617,Monday,BENIGN,0,train,xgboost,Monday_GAP_001,False,Benign background traffic allocation (train),Level 2 Preferred Segment Atomicity
144,20170703_1618,Monday,BENIGN,0,train,xgboost,Monday_GAP_001,False,Benign background traffic allocation (train),Level 2 Preferred Segment Atomicity
145,20170703_1619,Monday,BENIGN,0,train,xgboost,Monday_GAP_001,False,Benign background traffic allocation (train),Level 2 Preferred Segment Atomicity
146,20170703_1620,Monday,BENIGN,0,train,xgboost,Monday_GAP_001,False,Benign background traffic allocation (train),Level 2 Preferred Segment Atomicity
147,20170703_1621,Monday,BENIGN,0,train,xgboost,Monday_GAP_001,False,Benign background traffic allocation (train),Level 2 Preferred Segment Atomicity
148,20170703_1622,Monday,BENIGN,0,train,xgboost,Monday_GAP_001,False,Benign background traffic allocation (train),Level 2 Preferred Segment Atomicity
149,20170703_1623,Monday,BENIGN,0,train,xgboost,Monday_GAP_001,False,Benign background traffic allocation (train),Level 2 Preferred Segment Atomicity
150,20170703_1624,Monday,BENIGN,0,train,xgboost,Monday_GAP_001,False,Benign background traffic allocation (train),Level 2 Preferred Segment Atomicity
151,20170703_1625,Monday,BENIGN,0,train,xgboost,Monday_GAP_001,False,Benign background traffic allocation (train),Level 2 Preferred Segment Atomicity
152,20170703_1626,Monday,BENIGN,0,train,xgboost,Monday_GAP_001,False,Benign background traffic allocation (train),Level 2 Preferred Segment Atomicity
153,20170703_1627,Monday,BENIGN,0,train,xgboost,Monday_GAP_001,False,Benign background traffic allocation (train),Level 2 Preferred Segment Atomicity
154,20170703_1628,Monday,BENIGN,0,train,xgboost,Monday_GAP_001,False,Benign background traffic allocation (train),Level 2 Preferred Segment Atomicity
155,20170703_1629,Monday,BENIGN,0,train,xgboost,Monday_GAP_001,False,Benign background traffic allocation (train),Level 2 Preferred Segment Atomicity
156,20170703_1630,Monday,BENIGN,0,train,xgboost,Monday_GAP_001,False,Benign background traffic allocation (train),Level 2 Preferred Segment Atomicity
157,20170703_1631,Monday,BENIGN,0,train,xgboost,Monday_GAP_001,False,Benign background traffic allocation (train),Level 2 Preferred Segment Atomicity
158,20170703_1632,Monday,BENIGN,0,train,xgboost,Monday_GAP_001,False,Benign background traffic allocation (train),Level 2 Preferred Segment Atomicity
159,20170703_1633,Monday,BENIGN,0,train,xgboost,Monday_GAP_001,False,Benign background traffic allocation (train),Level 2 Preferred Segment Atomicity
160,20170703_1634,Monday,BENIGN,0,train,xgboost,Monday_GAP_001,False,Benign background traffic allocation (train),Level 2 Preferred Segment Atomicity
161,20170703_1635,Monday,BENIGN,0,train,xgboost,Monday_GAP_001,False,Benign background traffic allocation (train),Level 2 Preferred Segment Atomicity
162,20170703_1636,Monday,BENIGN,0,train,xgboost,Monday_GAP_001,False,Benign background traffic allocation (train),Level 2 Preferred Segment Atomicity
163,20170703_1637,Monday,BENIGN,0,train,xgboost,Monday_GAP_001,False,Benign background traffic allocation (train),Level 2 Preferred Segment Atomicity
164,20170703_1638,Monday,BENIGN,0,train,xgboost,Monday_GAP_001,False,Benign background traffic allocation (train),Level 2 Preferred Segment Atomicity
165,20170703_1639,Monday,BENIGN,0,train,xgboost,Monday_GAP_001,False,Benign background traffic allocation (train),Level 2 Preferred Segment Atomicity
166,20170703_1640,Monday,BENIGN,0,train,xgboost,Monday_GAP_001,False,Benign background traffic allocation (train),Level 2 Preferred Segment Atomicity
167,20170703_1641,Monday,BENIGN,0,train,xgboost,Monday_GAP_001,False,Benign background traffic allocation (train),Level 2 Preferred Segment Atomicity
168,20170703_1642,Monday,BENIGN,0,train,xgboost,Monday_GAP_001,False,Benign background traffic allocation (train),Level 2 Preferred Segment Atomicity
169,20170703_1643,Monday,BENIGN,0,train,xgboost,Monday_GAP_001,False,Benign background traffic allocation (train),Level 2 Preferred Segment Atomicity
170,20170703_1644,Monday,BENIGN,0,train,xgboost,Monday_GAP_001,False,Benign background traffic allocation (train),Level 2 Preferred Segment Atomicity
171,20170703_1645,Monday,BENIGN,0,train,xgboost,Monday_GAP_001,False,Benign background traffic allocation (train),Level 2 Preferred Segment Atomicity
172,20170703_1646,Monday,BENIGN,0,train,xgboost,Monday_GAP_001,False,Benign background traffic allocation (train),Level 2 Preferred Segment Atomicity
173,20170703_1647,Monday,BENIGN,0,train,xgboost,Monday_GAP_001,False,Benign background traffic allocation (train),Level 2 Preferred Segment Atomicity
174,20170703_1648,Monday,BENIGN,0,train,xgboost,Monday_GAP_001,False,Benign background traffic allocation (train),Level 2 Preferred Segment Atomicity
175,20170703_1649,Monday,BENIGN,0,train,xgboost,Monday_GAP_001,False,Benign background traffic allocation (train),Level 2 Preferred Segment Atomicity
176,20170703_1650,Monday,BENIGN,0,train,xgboost,Monday_GAP_001,False,Benign background traffic allocation (train),Level 2 Preferred Segment Atomicity
177,20170703_1651,Monday,BENIGN,0,train,xgboost,Monday_GAP_001,False,Benign background traffic allocation (train),Level 2 Preferred Segment Atomicity
178,20170703_1652,Monday,BENIGN,0,train,xgboost,Monday_GAP_001,False,Benign background traffic allocation (train),Level 2 Preferred Segment Atomicity
179,20170703_1653,Monday,BENIGN,0,train,xgboost,Monday_GAP_001,False,Benign background traffic allocation (train),Level 2 Preferred Segment Atomicity
180,20170703_1654,Monday,BENIGN,0,train,xgboost,Monday_GAP_001,False,Benign background traffic allocation (train),Level 2 Preferred Segment Atomicity
181,20170703_1655,Monday,BENIGN,0,train,xgboost,Monday_GAP_001,False,Benign background traffic allocation (train),Level 2 Preferred Segment Atomicity
182,20170703_1656,Monday,BENIGN,0,train,xgboost,Monday_GAP_001,False,Benign background traffic allocation (train),Level 2 Preferred Segment Atomicity
183,20170703_1657,Monday,BENIGN,0,train,xgboost,Monday_GAP_001,False,Benign background traffic allocation (train),Level 2 Preferred Segment Atomicity
184,20170703_1658,Monday,BENIGN,0,train,xgboost,Monday_GAP_001,False,Benign background traffic allocation (train),Level 2 Preferred Segment Atomicity
185,20170703_1659,Monday,BENIGN,0,train,xgboost,Monday_GAP_001,False,Benign background traffic allocation (train),Level 2 Preferred Segment Atomicity
186,20170703_1700,Monday,BENIGN,0,train,xgboost,Monday_GAP_001,False,Benign background traffic allocation (train),Level 2 Preferred Segment Atomicity
187,20170703_1701,Monday,BENIGN,0,train,xgboost,Monday_GAP_001,False,Benign background traffic allocation (train),Level 2 Preferred Segment Atomicity
188,20170703_1702,Monday,BENIGN,0,train,xgboost,Monday_GAP_001,False,Benign background traffic allocation (train),Level 2 Preferred Segment Atomicity
189,20170703_1703,Monday,BENIGN,0,train,xgboost,Monday_GAP_001,False,Benign background traffic allocation (train),Level 2 Preferred Segment Atomicity
190,20170703_1704,Monday,BENIGN,0,train,xgboost,Monday_GAP_001,False,Benign background traffic allocation (train),Level 2 Preferred Segment Atomicity
191,20170703_1705,Monday,BENIGN,0,train,xgboost,Monday_GAP_001,False,Benign background traffic allocation (train),Level 2 Preferred Segment Atomicity
192,20170703_1706,Monday,BENIGN,0,train,xgboost,Monday_GAP_001,False,Benign background traffic allocation (train),Level 2 Preferred Segment Atomicity
193,20170703_1707,Monday,BENIGN,0,train,xgboost,Monday_GAP_001,False,Benign background traffic allocation (train),Level 2 Preferred Segment Atomicity
194,20170703_1708,Monday,BENIGN,0,train,xgboost,Monday_GAP_001,False,Benign background traffic allocation (train),Level 2 Preferred Segment Atomicity
195,20170703_1709,Monday,BENIGN,0,train,xgboost,Monday_GAP_001,False,Benign background traffic allocation (train),Level 2 Preferred Segment Atomicity
196,20170703_1710,Monday,BENIGN,0,train,xgboost,Monday_GAP_001,False,Benign background traffic allocation (train),Level 2 Preferred Segment Atomicity
197,20170703_1711,Monday,BENIGN,0,train,xgboost,Monday_GAP_001,False,Benign background traffic allocation (train),Level 2 Preferred Segment Atomicity
198,20170703_1712,Monday,BENIGN,0,train,xgboost,Monday_GAP_001,False,Benign background traffic allocation (train),Level 2 Preferred Segment Atomicity
199,20170703_1713,Monday,BENIGN,0,train,xgboost,Monday_GAP_001,False,Benign background traffic allocation (train),Level 2 Preferred Segment Atomicity
200,20170703_1714,Monday,BENIGN,0,train,xgboost,Monday_GAP_001,False,Benign background traffic allocation (train),Level 2 Preferred Segment Atomicity
201,20170703_1715,Monday,BENIGN,0,train,xgboost,Monday_GAP_001,False,Benign background traffic allocation (train),Level 2 Preferred Segment Atomicity
202,20170703_1716,Monday,BENIGN,0,train,xgboost,Monday_GAP_001,False,Benign background traffic allocation (train),Level 2 Preferred Segment Atomicity
203,20170703_1717,Monday,BENIGN,0,train,xgboost,Monday_GAP_001,False,Benign background traffic allocation (train),Level 2 Preferred Segment Atomicity
204,20170703_1718,Monday,BENIGN,0,train,xgboost,Monday_GAP_001,False,Benign background traffic allocation (train),Level 2 Preferred Segment Atomicity
205,20170703_1719,Monday,BENIGN,0,train,xgboost,Monday_GAP_001,False,Benign background traffic allocation (train),Level 2 Preferred Segment Atomicity
206,20170703_1720,Monday,BENIGN,0,train,xgboost,Monday_GAP_001,False,Benign background traffic allocation (train),Level 2 Preferred Segment Atomicity
207,20170703_1721,Monday,BENIGN,0,train,xgboost,Monday_GAP_001,False,Benign background traffic allocation (train),Level 2 Preferred Segment Atomicity
208,20170703_1722,Monday,BENIGN,0,train,xgboost,Monday_GAP_001,False,Benign background traffic allocation (train),Level 2 Preferred Segment Atomicity
209,20170703_1723,Monday,BENIGN,0,train,xgboost,Monday_GAP_001,False,Benign background traffic allocation (train),Level 2 Preferred Segment Atomicity
210,20170703_1724,Monday,BENIGN,0,train,xgboost,Monday_GAP_001,False,Benign background traffic allocation (train),Level 2 Preferred Segment Atomicity
211,20170703_1725,Monday,BENIGN,0,train,xgboost,Monday_GAP_001,False,Benign background traffic allocation (train),Level 2 Preferred Segment Atomicity
212,20170703_1726,Monday,BENIGN,0,train,xgboost,Monday_GAP_001,False,Benign background traffic allocation (train),Level 2 Preferred Segment Atomicity
213,20170703_1727,Monday,BENIGN,0,train,xgboost,Monday_GAP_001,False,Benign background traffic allocation (train),Level 2 Preferred Segment Atomicity
214,20170703_1728,Monday,BENIGN,0,train,xgboost,Monday_GAP_001,False,Benign background traffic allocation (train),Level 2 Preferred Segment Atomicity
215,20170703_1729,Monday,BENIGN,0,train,xgboost,Monday_GAP_001,False,Benign background traffic allocation (train),Level 2 Preferred Segment Atomicity
216,20170703_1730,Monday,BENIGN,0,train,xgboost,Monday_GAP_001,False,Benign background traffic allocation (train),Level 2 Preferred Segment Atomicity
217,20170703_1731,Monday,BENIGN,0,train,xgboost,Monday_GAP_001,False,Benign background traffic allocation (train),Level 2 Preferred Segment Atomicity
218,20170703_1732,Monday,BENIGN,0,train,xgboost,Monday_GAP_001,False,Benign background traffic allocation (train),Level 2 Preferred Segment Atomicity
219,20170703_1733,Monday,BENIGN,0,train,xgboost,Monday_GAP_001,False,Benign background traffic allocation (train),Level 2 Preferred Segment Atomicity
220,20170703_1734,Monday,BENIGN,0,train,xgboost,Monday_GAP_001,False,Benign background traffic allocation (train),Level 2 Preferred Segment Atomicity
221,20170703_1735,Monday,BENIGN,0,train,xgboost,Monday_GAP_001,False,Benign background traffic allocation (train),Level 2 Preferred Segment Atomicity
222,20170703_1736,Monday,BENIGN,0,train,xgboost,Monday_GAP_001,False,Benign background traffic allocation (train),Level 2 Preferred Segment Atomicity
223,20170703_1737,Monday,BENIGN,0,train,xgboost,Monday_GAP_001,False,Benign background traffic allocation (train),Level 2 Preferred Segment Atomicity
224,20170703_1738,Monday,BENIGN,0,train,xgboost,Monday_GAP_001,False,Benign background traffic allocation (train),Level 2 Preferred Segment Atomicity
225,20170703_1739,Monday,BENIGN,0,train,xgboost,Monday_GAP_001,False,Benign background traffic allocation (train),Level 2 Preferred Segment Atomicity
226,20170703_1740,Monday,BENIGN,0,train,xgboost,Monday_GAP_001,False,Benign background traffic allocation (train),Level 2 Preferred Segment Atomicity
227,20170703_1741,Monday,BENIGN,0,train,xgboost,Monday_GAP_001,False,Benign background traffic allocation (train),Level 2 Preferred Segment Atomicity
228,20170703_1742,Monday,BENIGN,0,train,xgboost,Monday_GAP_001,False,Benign background traffic allocation (train),Level 2 Preferred Segment Atomicity
229,20170703_1743,Monday,BENIGN,0,train,xgboost,Monday_GAP_001,False,Benign background traffic allocation (train),Level 2 Preferred Segment Atomicity
230,20170703_1744,Monday,BENIGN,0,train,xgboost,Monday_GAP_001,False,Benign background traffic allocation (train),Level 2 Preferred Segment Atomicity
231,20170703_1745,Monday,BENIGN,0,train,xgboost,Monday_GAP_001,False,Benign background traffic allocation (train),Level 2 Preferred Segment Atomicity
232,20170703_1746,Monday,BENIGN,0,train,xgboost,Monday_GAP_001,False,Benign background traffic allocation (train),Level 2 Preferred Segment Atomicity
233,20170703_1747,Monday,BENIGN,0,train,xgboost,Monday_GAP_001,False,Benign background traffic allocation (train),Level 2 Preferred Segment Atomicity
234,20170703_1748,Monday,BENIGN,0,train,xgboost,Monday_GAP_001,False,Benign background traffic allocation (train),Level 2 Preferred Segment Atomicity
235,20170703_1749,Monday,BENIGN,0,train,xgboost,Monday_GAP_001,False,Benign background traffic allocation (train),Level 2 Preferred Segment Atomicity
236,20170703_1750,Monday,BENIGN,0,train,xgboost,Monday_GAP_001,False,Benign background traffic allocation (train),Level 2 Preferred Segment Atomicity
237,20170703_1751,Monday,BENIGN,0,train,xgboost,Monday_GAP_001,False,Benign background traffic allocation (train),Level 2 Preferred Segment Atomicity
238,20170703_1752,Monday,BENIGN,0,train,xgboost,Monday_GAP_001,False,Benign background traffic allocation (train),Level 2 Preferred Segment Atomicity
239,20170703_1753,Monday,BENIGN,0,train,xgboost,Monday_GAP_001,False,Benign background traffic allocation (train),Level 2 Preferred Segment Atomicity
240,20170703_1754,Monday,BENIGN,0,train,xgboost,Monday_GAP_001,False,Benign background traffic allocation (train),Level 2 Preferred Segment Atomicity
241,20170703_1755,Monday,BENIGN,0,train,xgboost,Monday_GAP_001,False,Benign background traffic allocation (train),Level 2 Preferred Segment Atomicity
242,20170703_1756,Monday,BENIGN,0,train,xgboost,Monday_GAP_001,False,Benign background traffic allocation (train),Level 2 Preferred Segment Atomicity
243,20170703_1757,Monday,BENIGN,0,train,xgboost,Monday_GAP_001,False,Benign background traffic allocation (train),Level 2 Preferred Segment Atomicity
244,20170703_1758,Monday,BENIGN,0,train,xgboost,Monday_GAP_001,False,Benign background traffic allocation (train),Level 2 Preferred Segment Atomicity
245,20170703_1759,Monday,BENIGN,0,train,xgboost,Monday_GAP_001,False,Benign background traffic allocation (train),Level 2 Preferred Segment Atomicity
246,20170703_1800,Monday,BENIGN,0,train,xgboost,Monday_GAP_001,False,Benign background traffic allocation (train),Level 2 Preferred Segment Atomicity
247,20170703_1801,Monday,BENIGN,0,train,xgboost,Monday_GAP_001,False,Benign background traffic allocation (train),Level 2 Preferred Segment Atomicity
248,20170703_1802,Monday,BENIGN,0,train,xgboost,Monday_GAP_001,False,Benign background traffic allocation (train),Level 2 Preferred Segment Atomicity
249,20170703_1803,Monday,BENIGN,0,train,xgboost,Monday_GAP_001,False,Benign background traffic allocation (train),Level 2 Preferred Segment Atomicity
250,20170703_1804,Monday,BENIGN,0,train,xgboost,Monday_GAP_001,False,Benign background traffic allocation (train),Level 2 Preferred Segment Atomicity
251,20170703_1805,Monday,BENIGN,0,train,xgboost,Monday_GAP_001,False,Benign background traffic allocation (train),Level 2 Preferred Segment Atomicity
252,20170703_1806,Monday,BENIGN,0,train,xgboost,Monday_GAP_001,False,Benign background traffic allocation (train),Level 2 Preferred Segment Atomicity
253,20170703_1807,Monday,BENIGN,0,train,xgboost,Monday_GAP_001,False,Benign background traffic allocation (train),Level 2 Preferred Segment Atomicity
254,20170703_1808,Monday,BENIGN,0,train,xgboost,Monday_GAP_001,False,Benign background traffic allocation (train),Level 2 Preferred Segment Atomicity
255,20170703_1809,Monday,BENIGN,0,train,xgboost,Monday_GAP_001,False,Benign background traffic allocation (train),Level 2 Preferred Segment Atomicity
256,20170703_1810,Monday,BENIGN,0,train,xgboost,Monday_GAP_001,False,Benign background traffic allocation (train),Level 2 Preferred Segment Atomicity
257,20170703_1811,Monday,BENIGN,0,train,xgboost,Monday_GAP_001,False,Benign background traffic allocation (train),Level 2 Preferred Segment Atomicity
258,20170703_1812,Monday,BENIGN,0,train,xgboost,Monday_GAP_001,False,Benign background traffic allocation (train),Level 2 Preferred Segment Atomicity
259,20170703_1813,Monday,BENIGN,0,train,xgboost,Monday_GAP_001,False,Benign background traffic allocation (train),Level 2 Preferred Segment Atomicity
260,20170703_1814,Monday,BENIGN,0,train,xgboost,Monday_GAP_001,False,Benign background traffic allocation (train),Level 2 Preferred Segment Atomicity
261,20170703_1815,Monday,BENIGN,0,train,xgboost,Monday_GAP_001,False,Benign background traffic allocation (train),Level 2 Preferred Segment Atomicity
262,20170703_1816,Monday,BENIGN,0,train,xgboost,Monday_GAP_001,False,Benign background traffic allocation (train),Level 2 Preferred Segment Atomicity
263,20170703_1817,Monday,BENIGN,0,train,xgboost,Monday_GAP_001,False,Benign background traffic allocation (train),Level 2 Preferred Segment Atomicity
264,20170703_1818,Monday,BENIGN,0,train,xgboost,Monday_GAP_001,False,Benign background traffic allocation (train),Level 2 Preferred Segment Atomicity
265,20170703_1819,Monday,BENIGN,0,train,xgboost,Monday_GAP_001,False,Benign background traffic allocation (train),Level 2 Preferred Segment Atomicity
266,20170703_1820,Monday,BENIGN,0,train,xgboost,Monday_GAP_001,False,Benign background traffic allocation (train),Level 2 Preferred Segment Atomicity
267,20170703_1821,Monday,BENIGN,0,train,xgboost,Monday_GAP_001,False,Benign background traffic allocation (train),Level 2 Preferred Segment Atomicity
268,20170703_1822,Monday,BENIGN,0,train,xgboost,Monday_GAP_001,False,Benign background traffic allocation (train),Level 2 Preferred Segment Atomicity
269,20170703_1823,Monday,BENIGN,0,train,xgboost,Monday_GAP_001,False,Benign background traffic allocation (train),Level 2 Preferred Segment Atomicity
270,20170703_1824,Monday,BENIGN,0,train,xgboost,Monday_GAP_001,False,Benign background traffic allocation (train),Level 2 Preferred Segment Atomicity
271,20170703_1825,Monday,BENIGN,0,train,xgboost,Monday_GAP_001,False,Benign background traffic allocation (train),Level 2 Preferred Segment Atomicity
272,20170703_1826,Monday,BENIGN,0,train,xgboost,Monday_GAP_001,False,Benign background traffic allocation (train),Level 2 Preferred Segment Atomicity
273,20170703_1827,Monday,BENIGN,0,train,xgboost,Monday_GAP_001,False,Benign background traffic allocation (train),Level 2 Preferred Segment Atomicity
274,20170703_1828,Monday,BENIGN,0,train,xgboost,Monday_GAP_001,False,Benign background traffic allocation (train),Level 2 Preferred Segment Atomicity
275,20170703_1829,Monday,BENIGN,0,train,xgboost,Monday_GAP_001,False,Benign background traffic allocation (train),Level 2 Preferred Segment Atomicity
276,20170703_1830,Monday,BENIGN,0,train,xgboost,Monday_GAP_001,False,Benign background traffic allocation (train),Level 2 Preferred Segment Atomicity
277,20170703_1831,Monday,BENIGN,0,train,xgboost,Monday_GAP_001,False,Benign background traffic allocation (train),Level 2 Preferred Segment Atomicity
278,20170703_1832,Monday,BENIGN,0,train,xgboost,Monday_GAP_001,False,Benign background traffic allocation (train),Level 2 Preferred Segment Atomicity
279,20170703_1833,Monday,BENIGN,0,train,xgboost,Monday_GAP_001,False,Benign background traffic allocation (train),Level 2 Preferred Segment Atomicity
280,20170703_1834,Monday,BENIGN,0,train,xgboost,Monday_GAP_001,False,Benign background traffic allocation (train),Level 2 Preferred Segment Atomicity
281,20170703_1835,Monday,BENIGN,0,train,xgboost,Monday_GAP_001,False,Benign background traffic allocation (train),Level 2 Preferred Segment Atomicity
282,20170703_1836,Monday,BENIGN,0,train,xgboost,Monday_GAP_001,False,Benign background traffic allocation (train),Level 2 Preferred Segment Atomicity
283,20170703_1837,Monday,BENIGN,0,train,xgboost,Monday_GAP_001,False,Benign background traffic allocation (train),Level 2 Preferred Segment Atomicity
284,20170703_1838,Monday,BENIGN,0,train,xgboost,Monday_GAP_001,False,Benign background traffic allocation (train),Level 2 Preferred Segment Atomicity
285,20170703_1839,Monday,BENIGN,0,train,xgboost,Monday_GAP_001,False,Benign background traffic allocation (train),Level 2 Preferred Segment Atomicity
286,20170703_1840,Monday,BENIGN,0,train,xgboost,Monday_GAP_001,False,Benign background traffic allocation (train),Level 2 Preferred Segment Atomicity
287,20170703_1841,Monday,BENIGN,0,train,xgboost,Monday_GAP_001,False,Benign background traffic allocation (train),Level 2 Preferred Segment Atomicity
288,20170703_1842,Monday,BENIGN,0,train,xgboost,Monday_GAP_001,False,Benign background traffic allocation (train),Level 2 Preferred Segment Atomicity
289,20170703_1843,Monday,BENIGN,0,train,xgboost,Monday_GAP_001,False,Benign background traffic allocation (train),Level 2 Preferred Segment Atomicity
290,20170703_1844,Monday,BENIGN,0,train,xgboost,Monday_GAP_001,False,Benign background traffic allocation (train),Level 2 Preferred Segment Atomicity
291,20170703_1845,Monday,BENIGN,0,train,xgboost,Monday_GAP_001,False,Benign background traffic allocation (train),Level 2 Preferred Segment Atomicity
292,20170703_1846,Monday,BENIGN,0,train,xgboost,Monday_GAP_001,False,Benign background traffic allocation (train),Level 2 Preferred Segment Atomicity
293,20170703_1847,Monday,BENIGN,0,train,xgboost,Monday_GAP_001,False,Benign background traffic allocation (train),Level 2 Preferred Segment Atomicity
294,20170703_1848,Monday,BENIGN,0,train,xgboost,Monday_GAP_001,False,Benign background traffic allocation (train),Level 2 Preferred Segment Atomicity
295,20170703_1849,Monday,BENIGN,0,train,xgboost,Monday_GAP_001,False,Benign background traffic allocation (train),Level 2 Preferred Segment Atomicity
296,20170703_1850,Monday,BENIGN,0,train,xgboost,Monday_GAP_001,False,Benign background traffic allocation (train),Level 2 Preferred Segment Atomicity
297,20170703_1851,Monday,BENIGN,0,train,xgboost,Monday_GAP_001,False,Benign background traffic allocation (train),Level 2 Preferred Segment Atomicity
298,20170703_1852,Monday,BENIGN,0,train,xgboost,Monday_GAP_001,False,Benign background traffic allocation (train),Level 2 Preferred Segment Atomicity
299,20170703_1853,Monday,BENIGN,0,train,xgboost,Monday_GAP_001,False,Benign background traffic allocation (train),Level 2 Preferred Segment Atomicity
300,20170703_1854,Monday,BENIGN,0,train,xgboost,Monday_GAP_001,False,Benign background traffic allocation (train),Level 2 Preferred Segment Atomicity
301,20170703_1855,Monday,BENIGN,0,train,xgboost,Monday_GAP_001,False,Benign background traffic allocation (train),Level 2 Preferred Segment Atomicity
302,20170703_1856,Monday,BENIGN,0,train,xgboost,Monday_GAP_001,False,Benign background traffic allocation (train),Level 2 Preferred Segment Atomicity
303,20170703_1857,Monday,BENIGN,0,train,xgboost,Monday_GAP_001,False,Benign background traffic allocation (train),Level 2 Preferred Segment Atomicity
304,20170703_1858,Monday,BENIGN,0,train,xgboost,Monday_GAP_001,False,Benign background traffic allocation (train),Level 2 Preferred Segment Atomicity
305,20170703_1859,Monday,BENIGN,0,train,xgboost,Monday_GAP_001,False,Benign background traffic allocation (train),Level 2 Preferred Segment Atomicity
306,20170703_1900,Monday,BENIGN,0,train,xgboost,Monday_GAP_001,False,Benign background traffic allocation (train),Level 2 Preferred Segment Atomicity
307,20170703_1901,Monday,BENIGN,0,train,xgboost,Monday_GAP_001,False,Benign background traffic allocation (train),Level 2 Preferred Segment Atomicity
308,20170703_1902,Monday,BENIGN,0,train,xgboost,Monday_GAP_001,False,Benign background traffic allocation (train),Level 2 Preferred Segment Atomicity
309,20170703_1903,Monday,BENIGN,0,train,xgboost,Monday_GAP_001,False,Benign background traffic allocation (train),Level 2 Preferred Segment Atomicity
310,20170703_1904,Monday,BENIGN,0,train,xgboost,Monday_GAP_001,False,Benign background traffic allocation (train),Level 2 Preferred Segment Atomicity
311,20170703_1905,Monday,BENIGN,0,train,xgboost,Monday_GAP_001,False,Benign background traffic allocation (train),Level 2 Preferred Segment Atomicity
312,20170703_1906,Monday,BENIGN,0,train,xgboost,Monday_GAP_001,False,Benign background traffic allocation (train),Level 2 Preferred Segment Atomicity
313,20170703_1907,Monday,BENIGN,0,train,xgboost,Monday_GAP_001,False,Benign background traffic allocation (train),Level 2 Preferred Segment Atomicity
314,20170703_1908,Monday,BENIGN,0,train,xgboost,Monday_GAP_001,False,Benign background traffic allocation (train),Level 2 Preferred Segment Atomicity
315,20170703_1909,Monday,BENIGN,0,train,xgboost,Monday_GAP_001,False,Benign background traffic allocation (train),Level 2 Preferred Segment Atomicity
316,20170703_1910,Monday,BENIGN,0,train,xgboost,Monday_GAP_001,False,Benign background traffic allocation (train),Level 2 Preferred Segment Atomicity
317,20170703_1911,Monday,BENIGN,0,train,xgboost,Monday_GAP_001,False,Benign background traffic allocation (train),Level 2 Preferred Segment Atomicity
318,20170703_1912,Monday,BENIGN,0,train,xgboost,Monday_GAP_001,False,Benign background traffic allocation (train),Level 2 Preferred Segment Atomicity
319,20170703_1913,Monday,BENIGN,0,train,xgboost,Monday_GAP_001,False,Benign background traffic allocation (train),Level 2 Preferred Segment Atomicity
320,20170703_1914,Monday,BENIGN,0,train,xgboost,Monday_GAP_001,False,Benign background traffic allocation (train),Level 2 Preferred Segment Atomicity
321,20170703_1915,Monday,BENIGN,0,train,xgboost,Monday_GAP_001,False,Benign background traffic allocation (train),Level 2 Preferred Segment Atomicity
322,20170703_1916,Monday,BENIGN,0,train,xgboost,Monday_GAP_001,False,Benign background traffic allocation (train),Level 2 Preferred Segment Atomicity
323,20170703_1917,Monday,BENIGN,0,train,xgboost,Monday_GAP_001,False,Benign background traffic allocation (train),Level 2 Preferred Segment Atomicity
324,20170703_1918,Monday,BENIGN,0,train,xgboost,Monday_GAP_001,False,Benign background traffic allocation (train),Level 2 Preferred Segment Atomicity
325,20170703_1919,Monday,BENIGN,0,train,xgboost,Monday_GAP_001,False,Benign background traffic allocation (train),Level 2 Preferred Segment Atomicity
326,20170703_1920,Monday,BENIGN,0,train,xgboost,Monday_GAP_001,False,Benign background traffic allocation (train),Level 2 Preferred Segment Atomicity
327,20170703_1921,Monday,BENIGN,0,train,xgboost,Monday_GAP_001,False,Benign background traffic allocation (train),Level 2 Preferred Segment Atomicity
328,20170703_1922,Monday,BENIGN,0,train,xgboost,Monday_GAP_001,False,Benign background traffic allocation (train),Level 2 Preferred Segment Atomicity
329,20170703_1923,Monday,BENIGN,0,train,xgboost,Monday_GAP_001,False,Benign background traffic allocation (train),Level 2 Preferred Segment Atomicity
330,20170703_1924,Monday,BENIGN,0,train,xgboost,Monday_GAP_001,False,Benign background traffic allocation (train),Level 2 Preferred Segment Atomicity
331,20170703_1925,Monday,BENIGN,0,train,xgboost,Monday_GAP_001,False,Benign background traffic allocation (train),Level 2 Preferred Segment Atomicity
332,20170703_1926,Monday,BENIGN,0,train,xgboost,Monday_GAP_001,False,Benign background traffic allocation (train),Level 2 Preferred Segment Atomicity
333,20170703_1927,Monday,BENIGN,0,train,xgboost,Monday_GAP_001,False,Benign background traffic allocation (train),Level 2 Preferred Segment Atomicity
334,20170703_1928,Monday,BENIGN,0,train,xgboost,Monday_GAP_001,False,Benign background traffic allocation (train),Level 2 Preferred Segment Atomicity
335,20170703_1929,Monday,BENIGN,0,train,xgboost,Monday_GAP_001,False,Benign background traffic allocation (train),Level 2 Preferred Segment Atomicity
336,20170703_1930,Monday,BENIGN,0,train,xgboost,Monday_GAP_001,False,Benign background traffic allocation (train),Level 2 Preferred Segment Atomicity
337,20170703_1931,Monday,BENIGN,0,train,xgboost,Monday_GAP_001,False,Benign background traffic allocation (train),Level 2 Preferred Segment Atomicity
338,20170703_1932,Monday,BENIGN,0,train,xgboost,Monday_GAP_001,False,Benign background traffic allocation (train),Level 2 Preferred Segment Atomicity
339,20170703_1933,Monday,BENIGN,0,train,xgboost,Monday_GAP_001,False,Benign background traffic allocation (train),Level 2 Preferred Segment Atomicity
340,20170703_1934,Monday,BENIGN,0,train,xgboost,Monday_GAP_001,False,Benign background traffic allocation (train),Level 2 Preferred Segment Atomicity
341,20170703_1935,Monday,BENIGN,0,train,xgboost,Monday_GAP_001,False,Benign background traffic allocation (train),Level 2 Preferred Segment Atomicity
342,20170703_1936,Monday,BENIGN,0,validation,xgboost,Monday_GAP_001,False,Benign background traffic allocation (validation),Level 2 Preferred Segment Atomicity
343,20170703_1937,Monday,BENIGN,0,validation,xgboost,Monday_GAP_001,False,Benign background traffic allocation (validation),Level 2 Preferred Segment Atomicity
344,20170703_1938,Monday,BENIGN,0,validation,xgboost,Monday_GAP_001,False,Benign background traffic allocation (validation),Level 2 Preferred Segment Atomicity
345,20170703_1939,Monday,BENIGN,0,validation,xgboost,Monday_GAP_001,False,Benign background traffic allocation (validation),Level 2 Preferred Segment Atomicity
346,20170703_1940,Monday,BENIGN,0,validation,xgboost,Monday_GAP_001,False,Benign background traffic allocation (validation),Level 2 Preferred Segment Atomicity
347,20170703_1941,Monday,BENIGN,0,validation,xgboost,Monday_GAP_001,False,Benign background traffic allocation (validation),Level 2 Preferred Segment Atomicity
348,20170703_1942,Monday,BENIGN,0,validation,xgboost,Monday_GAP_001,False,Benign background traffic allocation (validation),Level 2 Preferred Segment Atomicity
349,20170703_1943,Monday,BENIGN,0,validation,xgboost,Monday_GAP_001,False,Benign background traffic allocation (validation),Level 2 Preferred Segment Atomicity
350,20170703_1944,Monday,BENIGN,0,validation,xgboost,Monday_GAP_001,False,Benign background traffic allocation (validation),Level 2 Preferred Segment Atomicity
351,20170703_1945,Monday,BENIGN,0,validation,xgboost,Monday_GAP_001,False,Benign background traffic allocation (validation),Level 2 Preferred Segment Atomicity
352,20170703_1946,Monday,BENIGN,0,validation,xgboost,Monday_GAP_001,False,Benign background traffic allocation (validation),Level 2 Preferred Segment Atomicity
353,20170703_1947,Monday,BENIGN,0,validation,xgboost,Monday_GAP_001,False,Benign background traffic allocation (validation),Level 2 Preferred Segment Atomicity
354,20170703_1948,Monday,BENIGN,0,validation,xgboost,Monday_GAP_001,False,Benign background traffic allocation (validation),Level 2 Preferred Segment Atomicity
355,20170703_1949,Monday,BENIGN,0,validation,xgboost,Monday_GAP_001,False,Benign background traffic allocation (validation),Level 2 Preferred Segment Atomicity
356,20170703_1950,Monday,BENIGN,0,validation,xgboost,Monday_GAP_001,False,Benign background traffic allocation (validation),Level 2 Preferred Segment Atomicity
357,20170703_1951,Monday,BENIGN,0,validation,xgboost,Monday_GAP_001,False,Benign background traffic allocation (validation),Level 2 Preferred Segment Atomicity
358,20170703_1952,Monday,BENIGN,0,validation,xgboost,Monday_GAP_001,False,Benign background traffic allocation (validation),Level 2 Preferred Segment Atomicity
359,20170703_1953,Monday,BENIGN,0,validation,xgboost,Monday_GAP_001,False,Benign background traffic allocation (validation),Level 2 Preferred Segment Atomicity
360,20170703_1954,Monday,BENIGN,0,validation,xgboost,Monday_GAP_001,False,Benign background traffic allocation (validation),Level 2 Preferred Segment Atomicity
361,20170703_1955,Monday,BENIGN,0,validation,xgboost,Monday_GAP_001,False,Benign background traffic allocation (validation),Level 2 Preferred Segment Atomicity
362,20170703_1956,Monday,BENIGN,0,validation,xgboost,Monday_GAP_001,False,Benign background traffic allocation (validation),Level 2 Preferred Segment Atomicity
363,20170703_1957,Monday,BENIGN,0,validation,xgboost,Monday_GAP_001,False,Benign background traffic allocation (validation),Level 2 Preferred Segment Atomicity
364,20170703_1958,Monday,BENIGN,0,validation,xgboost,Monday_GAP_001,False,Benign background traffic allocation (validation),Level 2 Preferred Segment Atomicity
365,20170703_1959,Monday,BENIGN,0,validation,xgboost,Monday_GAP_001,False,Benign background traffic allocation (validation),Level 2 Preferred Segment Atomicity
366,20170703_2000,Monday,BENIGN,0,validation,xgboost,Monday_GAP_001,False,Benign background traffic allocation (validation),Level 2 Preferred Segment Atomicity
367,20170703_2001,Monday,BENIGN,0,validation,xgboost,Monday_GAP_001,False,Benign background traffic allocation (validation),Level 2 Preferred Segment Atomicity
368,20170703_2002,Monday,BENIGN,0,validation,xgboost,Monday_GAP_001,False,Benign background traffic allocation (validation),Level 2 Preferred Segment Atomicity
369,20170703_2003,Monday,BENIGN,0,validation,xgboost,Monday_GAP_001,False,Benign background traffic allocation (validation),Level 2 Preferred Segment Atomicity
370,20170703_2004,Monday,BENIGN,0,validation,xgboost,Monday_GAP_001,False,Benign background traffic allocation (validation),Level 2 Preferred Segment Atomicity
371,20170703_2005,Monday,BENIGN,0,validation,xgboost,Monday_GAP_001,False,Benign background traffic allocation (validation),Level 2 Preferred Segment Atomicity
372,20170703_2006,Monday,BENIGN,0,validation,xgboost,Monday_GAP_001,False,Benign background traffic allocation (validation),Level 2 Preferred Segment Atomicity
373,20170703_2007,Monday,BENIGN,0,validation,xgboost,Monday_GAP_001,False,Benign background traffic allocation (validation),Level 2 Preferred Segment Atomicity
374,20170703_2008,Monday,BENIGN,0,validation,xgboost,Monday_GAP_001,False,Benign background traffic allocation (validation),Level 2 Preferred Segment Atomicity
375,20170703_2009,Monday,BENIGN,0,validation,xgboost,Monday_GAP_001,False,Benign background traffic allocation (validation),Level 2 Preferred Segment Atomicity
376,20170703_2010,Monday,BENIGN,0,validation,xgboost,Monday_GAP_001,False,Benign background traffic allocation (validation),Level 2 Preferred Segment Atomicity
377,20170703_2011,Monday,BENIGN,0,validation,xgboost,Monday_GAP_001,False,Benign background traffic allocation (validation),Level 2 Preferred Segment Atomicity
378,20170703_2012,Monday,BENIGN,0,validation,xgboost,Monday_GAP_001,False,Benign background traffic allocation (validation),Level 2 Preferred Segment Atomicity
379,20170703_2013,Monday,BENIGN,0,validation,xgboost,Monday_GAP_001,False,Benign background traffic allocation (validation),Level 2 Preferred Segment Atomicity
380,20170703_2014,Monday,BENIGN,0,validation,xgboost,Monday_GAP_001,False,Benign background traffic allocation (validation),Level 2 Preferred Segment Atomicity
381,20170703_2015,Monday,BENIGN,0,validation,xgboost,Monday_GAP_001,False,Benign background traffic allocation (validation),Level 2 Preferred Segment Atomicity
382,20170703_2016,Monday,BENIGN,0,validation,xgboost,Monday_GAP_001,False,Benign background traffic allocation (validation),Level 2 Preferred Segment Atomicity
383,20170703_2017,Monday,BENIGN,0,validation,xgboost,Monday_GAP_001,False,Benign background traffic allocation (validation),Level 2 Preferred Segment Atomicity
384,20170703_2018,Monday,BENIGN,0,validation,xgboost,Monday_GAP_001,False,Benign background traffic allocation (validation),Level 2 Preferred Segment Atomicity
385,20170703_2019,Monday,BENIGN,0,validation,xgboost,Monday_GAP_001,False,Benign background traffic allocation (validation),Level 2 Preferred Segment Atomicity
386,20170703_2020,Monday,BENIGN,0,validation,xgboost,Monday_GAP_001,False,Benign background traffic allocation (validation),Level 2 Preferred Segment Atomicity
387,20170703_2021,Monday,BENIGN,0,validation,xgboost,Monday_GAP_001,False,Benign background traffic allocation (validation),Level 2 Preferred Segment Atomicity
388,20170703_2022,Monday,BENIGN,0,validation,xgboost,Monday_GAP_001,False,Benign background traffic allocation (validation),Level 2 Preferred Segment Atomicity
389,20170703_2023,Monday,BENIGN,0,validation,xgboost,Monday_GAP_001,False,Benign background traffic allocation (validation),Level 2 Preferred Segment Atomicity
390,20170703_2024,Monday,BENIGN,0,validation,xgboost,Monday_GAP_001,False,Benign background traffic allocation (validation),Level 2 Preferred Segment Atomicity
391,20170703_2025,Monday,BENIGN,0,validation,xgboost,Monday_GAP_001,False,Benign background traffic allocation (validation),Level 2 Preferred Segment Atomicity
392,20170703_2026,Monday,BENIGN,0,validation,xgboost,Monday_GAP_001,False,Benign background traffic allocation (validation),Level 2 Preferred Segment Atomicity
393,20170703_2027,Monday,BENIGN,0,validation,xgboost,Monday_GAP_001,False,Benign background traffic allocation (validation),Level 2 Preferred Segment Atomicity
394,20170703_2028,Monday,BENIGN,0,validation,xgboost,Monday_GAP_001,False,Benign background traffic allocation (validation),Level 2 Preferred Segment Atomicity
395,20170703_2029,Monday,BENIGN,0,validation,xgboost,Monday_GAP_001,False,Benign background traffic allocation (validation),Level 2 Preferred Segment Atomicity
396,20170703_2030,Monday,BENIGN,0,validation,xgboost,Monday_GAP_001,False,Benign background traffic allocation (validation),Level 2 Preferred Segment Atomicity
397,20170703_2031,Monday,BENIGN,0,validation,xgboost,Monday_GAP_001,False,Benign background traffic allocation (validation),Level 2 Preferred Segment Atomicity
398,20170703_2032,Monday,BENIGN,0,validation,xgboost,Monday_GAP_001,False,Benign background traffic allocation (validation),Level 2 Preferred Segment Atomicity
399,20170703_2033,Monday,BENIGN,0,validation,xgboost,Monday_GAP_001,False,Benign background traffic allocation (validation),Level 2 Preferred Segment Atomicity
400,20170703_2034,Monday,BENIGN,0,validation,xgboost,Monday_GAP_001,False,Benign background traffic allocation (validation),Level 2 Preferred Segment Atomicity
401,20170703_2035,Monday,BENIGN,0,validation,xgboost,Monday_GAP_001,False,Benign background traffic allocation (validation),Level 2 Preferred Segment Atomicity
402,20170703_2036,Monday,BENIGN,0,validation,xgboost,Monday_GAP_001,False,Benign background traffic allocation (validation),Level 2 Preferred Segment Atomicity
403,20170703_2037,Monday,BENIGN,0,validation,xgboost,Monday_GAP_001,False,Benign background traffic allocation (validation),Level 2 Preferred Segment Atomicity
404,20170703_2038,Monday,BENIGN,0,validation,xgboost,Monday_GAP_001,False,Benign background traffic allocation (validation),Level 2 Preferred Segment Atomicity
405,20170703_2039,Monday,BENIGN,0,validation,xgboost,Monday_GAP_001,False,Benign background traffic allocation (validation),Level 2 Preferred Segment Atomicity
406,20170703_2040,Monday,BENIGN,0,validation,xgboost,Monday_GAP_001,False,Benign background traffic allocation (validation),Level 2 Preferred Segment Atomicity
407,20170703_2041,Monday,BENIGN,0,validation,xgboost,Monday_GAP_001,False,Benign background traffic allocation (validation),Level 2 Preferred Segment Atomicity
408,20170703_2042,Monday,BENIGN,0,validation,xgboost,Monday_GAP_001,False,Benign background traffic allocation (validation),Level 2 Preferred Segment Atomicity
409,20170703_2043,Monday,BENIGN,0,validation,xgboost,Monday_GAP_001,False,Benign background traffic allocation (validation),Level 2 Preferred Segment Atomicity
410,20170703_2044,Monday,BENIGN,0,validation,xgboost,Monday_GAP_001,False,Benign background traffic allocation (validation),Level 2 Preferred Segment Atomicity
411,20170703_2045,Monday,BENIGN,0,validation,xgboost,Monday_GAP_001,False,Benign background traffic allocation (validation),Level 2 Preferred Segment Atomicity
412,20170703_2046,Monday,BENIGN,0,validation,xgboost,Monday_GAP_001,False,Benign background traffic allocation (validation),Level 2 Preferred Segment Atomicity
413,20170703_2047,Monday,BENIGN,0,validation,xgboost,Monday_GAP_001,False,Benign background traffic allocation (validation),Level 2 Preferred Segment Atomicity
414,20170703_2048,Monday,BENIGN,0,validation,xgboost,Monday_GAP_001,False,Benign background traffic allocation (validation),Level 2 Preferred Segment Atomicity
415,20170703_2049,Monday,BENIGN,0,test,xgboost,Monday_GAP_001,False,Benign background traffic allocation (test),Level 2 Preferred Segment Atomicity
416,20170703_2050,Monday,BENIGN,0,test,xgboost,Monday_GAP_001,False,Benign background traffic allocation (test),Level 2 Preferred Segment Atomicity
417,20170703_2051,Monday,BENIGN,0,test,xgboost,Monday_GAP_001,False,Benign background traffic allocation (test),Level 2 Preferred Segment Atomicity
418,20170703_2052,Monday,BENIGN,0,test,xgboost,Monday_GAP_001,False,Benign background traffic allocation (test),Level 2 Preferred Segment Atomicity
419,20170703_2053,Monday,BENIGN,0,test,xgboost,Monday_GAP_001,False,Benign background traffic allocation (test),Level 2 Preferred Segment Atomicity
420,20170703_2054,Monday,BENIGN,0,test,xgboost,Monday_GAP_001,False,Benign background traffic allocation (test),Level 2 Preferred Segment Atomicity
421,20170703_2055,Monday,BENIGN,0,test,xgboost,Monday_GAP_001,False,Benign background traffic allocation (test),Level 2 Preferred Segment Atomicity
422,20170703_2056,Monday,BENIGN,0,test,xgboost,Monday_GAP_001,False,Benign background traffic allocation (test),Level 2 Preferred Segment Atomicity
423,20170703_2057,Monday,BENIGN,0,test,xgboost,Monday_GAP_001,False,Benign background traffic allocation (test),Level 2 Preferred Segment Atomicity
424,20170703_2058,Monday,BENIGN,0,test,xgboost,Monday_GAP_001,False,Benign background traffic allocation (test),Level 2 Preferred Segment Atomicity
425,20170703_2059,Monday,BENIGN,0,test,xgboost,Monday_GAP_001,False,Benign background traffic allocation (test),Level 2 Preferred Segment Atomicity
426,20170703_2100,Monday,BENIGN,0,test,xgboost,Monday_GAP_001,False,Benign background traffic allocation (test),Level 2 Preferred Segment Atomicity
427,20170703_2101,Monday,BENIGN,0,test,xgboost,Monday_GAP_001,False,Benign background traffic allocation (test),Level 2 Preferred Segment Atomicity
428,20170703_2102,Monday,BENIGN,0,test,xgboost,Monday_GAP_001,False,Benign background traffic allocation (test),Level 2 Preferred Segment Atomicity
429,20170703_2103,Monday,BENIGN,0,test,xgboost,Monday_GAP_001,False,Benign background traffic allocation (test),Level 2 Preferred Segment Atomicity
430,20170703_2104,Monday,BENIGN,0,test,xgboost,Monday_GAP_001,False,Benign background traffic allocation (test),Level 2 Preferred Segment Atomicity
431,20170703_2105,Monday,BENIGN,0,test,xgboost,Monday_GAP_001,False,Benign background traffic allocation (test),Level 2 Preferred Segment Atomicity
432,20170703_2106,Monday,BENIGN,0,test,xgboost,Monday_GAP_001,False,Benign background traffic allocation (test),Level 2 Preferred Segment Atomicity
433,20170703_2107,Monday,BENIGN,0,test,xgboost,Monday_GAP_001,False,Benign background traffic allocation (test),Level 2 Preferred Segment Atomicity
434,20170703_2108,Monday,BENIGN,0,test,xgboost,Monday_GAP_001,False,Benign background traffic allocation (test),Level 2 Preferred Segment Atomicity
435,20170703_2109,Monday,BENIGN,0,test,xgboost,Monday_GAP_001,False,Benign background traffic allocation (test),Level 2 Preferred Segment Atomicity
436,20170703_2110,Monday,BENIGN,0,test,xgboost,Monday_GAP_001,False,Benign background traffic allocation (test),Level 2 Preferred Segment Atomicity
437,20170703_2111,Monday,BENIGN,0,test,xgboost,Monday_GAP_001,False,Benign background traffic allocation (test),Level 2 Preferred Segment Atomicity
438,20170703_2112,Monday,BENIGN,0,test,xgboost,Monday_GAP_001,False,Benign background traffic allocation (test),Level 2 Preferred Segment Atomicity
439,20170703_2113,Monday,BENIGN,0,test,xgboost,Monday_GAP_001,False,Benign background traffic allocation (test),Level 2 Preferred Segment Atomicity
440,20170703_2114,Monday,BENIGN,0,test,xgboost,Monday_GAP_001,False,Benign background traffic allocation (test),Level 2 Preferred Segment Atomicity
441,20170703_2115,Monday,BENIGN,0,test,xgboost,Monday_GAP_001,False,Benign background traffic allocation (test),Level 2 Preferred Segment Atomicity
442,20170703_2116,Monday,BENIGN,0,test,xgboost,Monday_GAP_001,False,Benign background traffic allocation (test),Level 2 Preferred Segment Atomicity
443,20170703_2117,Monday,BENIGN,0,test,xgboost,Monday_GAP_001,False,Benign background traffic allocation (test),Level 2 Preferred Segment Atomicity
444,20170703_2118,Monday,BENIGN,0,test,xgboost,Monday_GAP_001,False,Benign background traffic allocation (test),Level 2 Preferred Segment Atomicity
445,20170703_2119,Monday,BENIGN,0,test,xgboost,Monday_GAP_001,False,Benign background traffic allocation (test),Level 2 Preferred Segment Atomicity
446,20170703_2120,Monday,BENIGN,0,test,xgboost,Monday_GAP_001,False,Benign background traffic allocation (test),Level 2 Preferred Segment Atomicity
447,20170703_2121,Monday,BENIGN,0,test,xgboost,Monday_GAP_001,False,Benign background traffic allocation (test),Level 2 Preferred Segment Atomicity
448,20170703_2122,Monday,BENIGN,0,test,xgboost,Monday_GAP_001,False,Benign background traffic allocation (test),Level 2 Preferred Segment Atomicity
449,20170703_2123,Monday,BENIGN,0,test,xgboost,Monday_GAP_001,False,Benign background traffic allocation (test),Level 2 Preferred Segment Atomicity
450,20170703_2124,Monday,BENIGN,0,test,xgboost,Monday_GAP_001,False,Benign background traffic allocation (test),Level 2 Preferred Segment Atomicity
451,20170703_2125,Monday,BENIGN,0,test,xgboost,Monday_GAP_001,False,Benign background traffic allocation (test),Level 2 Preferred Segment Atomicity
452,20170703_2126,Monday,BENIGN,0,test,xgboost,Monday_GAP_001,False,Benign background traffic allocation (test),Level 2 Preferred Segment Atomicity
453,20170703_2127,Monday,BENIGN,0,test,xgboost,Monday_GAP_001,False,Benign background traffic allocation (test),Level 2 Preferred Segment Atomicity
454,20170703_2128,Monday,BENIGN,0,test,xgboost,Monday_GAP_001,False,Benign background traffic allocation (test),Level 2 Preferred Segment Atomicity
455,20170703_2129,Monday,BENIGN,0,test,xgboost,Monday_GAP_001,False,Benign background traffic allocation (test),Level 2 Preferred Segment Atomicity
456,20170703_2130,Monday,BENIGN,0,test,xgboost,Monday_GAP_001,False,Benign background traffic allocation (test),Level 2 Preferred Segment Atomicity
457,20170703_2131,Monday,BENIGN,0,test,xgboost,Monday_GAP_001,False,Benign background traffic allocation (test),Level 2 Preferred Segment Atomicity
458,20170703_2132,Monday,BENIGN,0,test,xgboost,Monday_GAP_001,False,Benign background traffic allocation (test),Level 2 Preferred Segment Atomicity
459,20170703_2133,Monday,BENIGN,0,test,xgboost,Monday_GAP_001,False,Benign background traffic allocation (test),Level 2 Preferred Segment Atomicity
460,20170703_2134,Monday,BENIGN,0,test,xgboost,Monday_GAP_001,False,Benign background traffic allocation (test),Level 2 Preferred Segment Atomicity
461,20170703_2135,Monday,BENIGN,0,test,xgboost,Monday_GAP_001,False,Benign background traffic allocation (test),Level 2 Preferred Segment Atomicity
462,20170703_2136,Monday,BENIGN,0,test,xgboost,Monday_GAP_001,False,Benign background traffic allocation (test),Level 2 Preferred Segment Atomicity
463,20170703_2137,Monday,BENIGN,0,test,xgboost,Monday_GAP_001,False,Benign background traffic allocation (test),Level 2 Preferred Segment Atomicity
464,20170703_2138,Monday,BENIGN,0,test,xgboost,Monday_GAP_001,False,Benign background traffic allocation (test),Level 2 Preferred Segment Atomicity
465,20170703_2139,Monday,BENIGN,0,test,xgboost,Monday_GAP_001,False,Benign background traffic allocation (test),Level 2 Preferred Segment Atomicity
466,20170703_2140,Monday,BENIGN,0,test,xgboost,Monday_GAP_001,False,Benign background traffic allocation (test),Level 2 Preferred Segment Atomicity
467,20170703_2141,Monday,BENIGN,0,test,xgboost,Monday_GAP_001,False,Benign background traffic allocation (test),Level 2 Preferred Segment Atomicity
468,20170703_2142,Monday,BENIGN,0,test,xgboost,Monday_GAP_001,False,Benign background traffic allocation (test),Level 2 Preferred Segment Atomicity
469,20170703_2143,Monday,BENIGN,0,test,xgboost,Monday_GAP_001,False,Benign background traffic allocation (test),Level 2 Preferred Segment Atomicity
470,20170703_2144,Monday,BENIGN,0,test,xgboost,Monday_GAP_001,False,Benign background traffic allocation (test),Level 2 Preferred Segment Atomicity
471,20170703_2145,Monday,BENIGN,0,test,xgboost,Monday_GAP_001,False,Benign background traffic allocation (test),Level 2 Preferred Segment Atomicity
472,20170703_2146,Monday,BENIGN,0,test,xgboost,Monday_GAP_001,False,Benign background traffic allocation (test),Level 2 Preferred Segment Atomicity
473,20170703_2147,Monday,BENIGN,0,test,xgboost,Monday_GAP_001,False,Benign background traffic allocation (test),Level 2 Preferred Segment Atomicity
474,20170703_2148,Monday,BENIGN,0,test,xgboost,Monday_GAP_001,False,Benign background traffic allocation (test),Level 2 Preferred Segment Atomicity
475,20170703_2149,Monday,BENIGN,0,test,xgboost,Monday_GAP_001,False,Benign background traffic allocation (test),Level 2 Preferred Segment Atomicity
476,20170703_2150,Monday,BENIGN,0,test,xgboost,Monday_GAP_001,False,Benign background traffic allocation (test),Level 2 Preferred Segment Atomicity
477,20170703_2151,Monday,BENIGN,0,test,xgboost,Monday_GAP_001,False,Benign background traffic allocation (test),Level 2 Preferred Segment Atomicity
478,20170703_2152,Monday,BENIGN,0,test,xgboost,Monday_GAP_001,False,Benign background traffic allocation (test),Level 2 Preferred Segment Atomicity
479,20170703_2153,Monday,BENIGN,0,test,xgboost,Monday_GAP_001,False,Benign background traffic allocation (test),Level 2 Preferred Segment Atomicity
480,20170703_2154,Monday,BENIGN,0,test,xgboost,Monday_GAP_001,False,Benign background traffic allocation (test),Level 2 Preferred Segment Atomicity
481,20170703_2155,Monday,BENIGN,0,test,xgboost,Monday_GAP_001,False,Benign background traffic allocation (test),Level 2 Preferred Segment Atomicity
482,20170703_2156,Monday,BENIGN,0,test,xgboost,Monday_GAP_001,False,Benign background traffic allocation (test),Level 2 Preferred Segment Atomicity
483,20170703_2157,Monday,BENIGN,0,test,xgboost,Monday_GAP_001,False,Benign background traffic allocation (test),Level 2 Preferred Segment Atomicity
484,20170703_2158,Monday,BENIGN,0,test,xgboost,Monday_GAP_001,False,Benign background traffic allocation (test),Level 2 Preferred Segment Atomicity
485,20170703_2159,Monday,BENIGN,0,test,xgboost,Monday_GAP_001,False,Benign background traffic allocation (test),Level 2 Preferred Segment Atomicity
486,20170703_2200,Monday,BENIGN,0,test,xgboost,Monday_GAP_001,False,Benign background traffic allocation (test),Level 2 Preferred Segment Atomicity
487,20170703_2201,Monday,BENIGN,0,test,xgboost,Monday_GAP_001,False,Benign background traffic allocation (test),Level 2 Preferred Segment Atomicity
488,20170704_1353,Tuesday,BENIGN,0,train,xgboost,Tuesday_GAP_001,False,Benign background traffic allocation (train),Level 2 Preferred Segment Atomicity
489,20170704_1354,Tuesday,BENIGN,0,train,xgboost,Tuesday_GAP_001,False,Benign background traffic allocation (train),Level 2 Preferred Segment Atomicity
490,20170704_1355,Tuesday,BENIGN,0,train,xgboost,Tuesday_GAP_001,False,Benign background traffic allocation (train),Level 2 Preferred Segment Atomicity
491,20170704_1356,Tuesday,BENIGN,0,train,xgboost,Tuesday_GAP_001,False,Benign background traffic allocation (train),Level 2 Preferred Segment Atomicity
492,20170704_1357,Tuesday,BENIGN,0,train,xgboost,Tuesday_GAP_001,False,Benign background traffic allocation (train),Level 2 Preferred Segment Atomicity
493,20170704_1358,Tuesday,BENIGN,0,train,xgboost,Tuesday_GAP_001,False,Benign background traffic allocation (train),Level 2 Preferred Segment Atomicity
494,20170704_1359,Tuesday,BENIGN,0,train,xgboost,Tuesday_GAP_001,False,Benign background traffic allocation (train),Level 2 Preferred Segment Atomicity
495,20170704_1400,Tuesday,BENIGN,0,train,xgboost,Tuesday_GAP_001,False,Benign background traffic allocation (train),Level 2 Preferred Segment Atomicity
496,20170704_1401,Tuesday,BENIGN,0,train,xgboost,Tuesday_GAP_001,False,Benign background traffic allocation (train),Level 2 Preferred Segment Atomicity
497,20170704_1402,Tuesday,BENIGN,0,train,xgboost,Tuesday_GAP_001,False,Benign background traffic allocation (train),Level 2 Preferred Segment Atomicity
498,20170704_1403,Tuesday,BENIGN,0,train,xgboost,Tuesday_GAP_001,False,Benign background traffic allocation (train),Level 2 Preferred Segment Atomicity
499,20170704_1404,Tuesday,BENIGN,0,train,xgboost,Tuesday_GAP_001,False,Benign background traffic allocation (train),Level 2 Preferred Segment Atomicity
500,20170704_1405,Tuesday,BENIGN,0,train,xgboost,Tuesday_GAP_001,False,Benign background traffic allocation (train),Level 2 Preferred Segment Atomicity
501,20170704_1406,Tuesday,BENIGN,0,train,xgboost,Tuesday_GAP_001,False,Benign background traffic allocation (train),Level 2 Preferred Segment Atomicity
502,20170704_1407,Tuesday,BENIGN,0,train,xgboost,Tuesday_GAP_001,False,Benign background traffic allocation (train),Level 2 Preferred Segment Atomicity
503,20170704_1408,Tuesday,BENIGN,0,train,xgboost,Tuesday_GAP_001,False,Benign background traffic allocation (train),Level 2 Preferred Segment Atomicity
504,20170704_1409,Tuesday,BENIGN,0,train,xgboost,Tuesday_GAP_001,False,Benign background traffic allocation (train),Level 2 Preferred Segment Atomicity
505,20170704_1410,Tuesday,BENIGN,0,validation,xgboost,Tuesday_GAP_001,False,Benign background traffic allocation (validation),Level 2 Preferred Segment Atomicity
506,20170704_1411,Tuesday,BENIGN,0,validation,xgboost,Tuesday_GAP_001,False,Benign background traffic allocation (validation),Level 2 Preferred Segment Atomicity
507,20170704_1412,Tuesday,BENIGN,0,validation,xgboost,Tuesday_GAP_001,False,Benign background traffic allocation (validation),Level 2 Preferred Segment Atomicity
508,20170704_1413,Tuesday,BENIGN,0,validation,xgboost,Tuesday_GAP_001,False,Benign background traffic allocation (validation),Level 2 Preferred Segment Atomicity
509,20170704_1414,Tuesday,BENIGN,0,test,xgboost,Tuesday_GAP_001,False,Benign background traffic allocation (test),Level 2 Preferred Segment Atomicity
510,20170704_1415,Tuesday,BENIGN,0,test,xgboost,Tuesday_GAP_001,False,Benign background traffic allocation (test),Level 2 Preferred Segment Atomicity
511,20170704_1416,Tuesday,BENIGN,0,test,xgboost,Tuesday_GAP_001,False,Benign background traffic allocation (test),Level 2 Preferred Segment Atomicity
512,20170704_1417,Tuesday,Brute Force,1,train,xgboost,Tuesday_SEG_001,False,Whole attack segment allocation (train),Level 2 Preferred Segment Atomicity
513,20170704_1418,Tuesday,BENIGN,0,train,xgboost,Tuesday_GAP_002,False,Benign background traffic allocation (train),Level 2 Preferred Segment Atomicity
514,20170704_1419,Tuesday,Brute Force,1,train,xgboost,Tuesday_SEG_002,False,Whole attack segment allocation (train),Level 2 Preferred Segment Atomicity
515,20170704_1420,Tuesday,Brute Force,1,train,xgboost,Tuesday_SEG_002,False,Whole attack segment allocation (train),Level 2 Preferred Segment Atomicity
516,20170704_1421,Tuesday,Brute Force,1,train,xgboost,Tuesday_SEG_002,False,Whole attack segment allocation (train),Level 2 Preferred Segment Atomicity
517,20170704_1422,Tuesday,Brute Force,1,train,xgboost,Tuesday_SEG_002,False,Whole attack segment allocation (train),Level 2 Preferred Segment Atomicity
518,20170704_1423,Tuesday,Brute Force,1,train,xgboost,Tuesday_SEG_002,False,Whole attack segment allocation (train),Level 2 Preferred Segment Atomicity
519,20170704_1424,Tuesday,Brute Force,1,train,xgboost,Tuesday_SEG_002,False,Whole attack segment allocation (train),Level 2 Preferred Segment Atomicity
520,20170704_1425,Tuesday,Brute Force,1,train,xgboost,Tuesday_SEG_002,False,Whole attack segment allocation (train),Level 2 Preferred Segment Atomicity
521,20170704_1426,Tuesday,Brute Force,1,train,xgboost,Tuesday_SEG_002,False,Whole attack segment allocation (train),Level 2 Preferred Segment Atomicity
522,20170704_1427,Tuesday,Brute Force,1,train,xgboost,Tuesday_SEG_002,False,Whole attack segment allocation (train),Level 2 Preferred Segment Atomicity
523,20170704_1428,Tuesday,Brute Force,1,train,xgboost,Tuesday_SEG_002,False,Whole attack segment allocation (train),Level 2 Preferred Segment Atomicity
524,20170704_1429,Tuesday,Brute Force,1,train,xgboost,Tuesday_SEG_002,False,Whole attack segment allocation (train),Level 2 Preferred Segment Atomicity
525,20170704_1430,Tuesday,Brute Force,1,train,xgboost,Tuesday_SEG_002,False,Whole attack segment allocation (train),Level 2 Preferred Segment Atomicity
526,20170704_1431,Tuesday,Brute Force,1,train,xgboost,Tuesday_SEG_002,False,Whole attack segment allocation (train),Level 2 Preferred Segment Atomicity
527,20170704_1432,Tuesday,Brute Force,1,train,xgboost,Tuesday_SEG_002,False,Whole attack segment allocation (train),Level 2 Preferred Segment Atomicity
528,20170704_1433,Tuesday,Brute Force,1,train,xgboost,Tuesday_SEG_002,False,Whole attack segment allocation (train),Level 2 Preferred Segment Atomicity
529,20170704_1434,Tuesday,Brute Force,1,train,xgboost,Tuesday_SEG_002,False,Whole attack segment allocation (train),Level 2 Preferred Segment Atomicity
530,20170704_1435,Tuesday,Brute Force,1,train,xgboost,Tuesday_SEG_002,False,Whole attack segment allocation (train),Level 2 Preferred Segment Atomicity
531,20170704_1436,Tuesday,Brute Force,1,train,xgboost,Tuesday_SEG_002,False,Whole attack segment allocation (train),Level 2 Preferred Segment Atomicity
532,20170704_1437,Tuesday,Brute Force,1,train,xgboost,Tuesday_SEG_002,False,Whole attack segment allocation (train),Level 2 Preferred Segment Atomicity
533,20170704_1438,Tuesday,Brute Force,1,train,xgboost,Tuesday_SEG_002,False,Whole attack segment allocation (train),Level 2 Preferred Segment Atomicity
534,20170704_1439,Tuesday,Brute Force,1,train,xgboost,Tuesday_SEG_002,False,Whole attack segment allocation (train),Level 2 Preferred Segment Atomicity
535,20170704_1440,Tuesday,Brute Force,1,train,xgboost,Tuesday_SEG_002,False,Whole attack segment allocation (train),Level 2 Preferred Segment Atomicity
536,20170704_1441,Tuesday,Brute Force,1,train,xgboost,Tuesday_SEG_002,False,Whole attack segment allocation (train),Level 2 Preferred Segment Atomicity
537,20170704_1442,Tuesday,Brute Force,1,train,xgboost,Tuesday_SEG_002,False,Whole attack segment allocation (train),Level 2 Preferred Segment Atomicity
538,20170704_1443,Tuesday,Brute Force,1,train,xgboost,Tuesday_SEG_002,False,Whole attack segment allocation (train),Level 2 Preferred Segment Atomicity
539,20170704_1444,Tuesday,Brute Force,1,train,xgboost,Tuesday_SEG_002,False,Whole attack segment allocation (train),Level 2 Preferred Segment Atomicity
540,20170704_1445,Tuesday,Brute Force,1,train,xgboost,Tuesday_SEG_002,False,Whole attack segment allocation (train),Level 2 Preferred Segment Atomicity
541,20170704_1446,Tuesday,Brute Force,1,train,xgboost,Tuesday_SEG_002,False,Whole attack segment allocation (train),Level 2 Preferred Segment Atomicity
542,20170704_1447,Tuesday,Brute Force,1,train,xgboost,Tuesday_SEG_002,False,Whole attack segment allocation (train),Level 2 Preferred Segment Atomicity
543,20170704_1448,Tuesday,Brute Force,1,train,xgboost,Tuesday_SEG_002,False,Whole attack segment allocation (train),Level 2 Preferred Segment Atomicity
544,20170704_1449,Tuesday,Brute Force,1,train,xgboost,Tuesday_SEG_002,False,Whole attack segment allocation (train),Level 2 Preferred Segment Atomicity
545,20170704_1450,Tuesday,Brute Force,1,train,xgboost,Tuesday_SEG_002,False,Whole attack segment allocation (train),Level 2 Preferred Segment Atomicity
546,20170704_1451,Tuesday,Brute Force,1,train,xgboost,Tuesday_SEG_002,False,Whole attack segment allocation (train),Level 2 Preferred Segment Atomicity
547,20170704_1452,Tuesday,Brute Force,1,train,xgboost,Tuesday_SEG_002,False,Whole attack segment allocation (train),Level 2 Preferred Segment Atomicity
548,20170704_1453,Tuesday,Brute Force,1,train,xgboost,Tuesday_SEG_002,False,Whole attack segment allocation (train),Level 2 Preferred Segment Atomicity
549,20170704_1454,Tuesday,Brute Force,1,train,xgboost,Tuesday_SEG_002,False,Whole attack segment allocation (train),Level 2 Preferred Segment Atomicity
550,20170704_1455,Tuesday,Brute Force,1,train,xgboost,Tuesday_SEG_002,False,Whole attack segment allocation (train),Level 2 Preferred Segment Atomicity
551,20170704_1456,Tuesday,Brute Force,1,train,xgboost,Tuesday_SEG_002,False,Whole attack segment allocation (train),Level 2 Preferred Segment Atomicity
552,20170704_1457,Tuesday,Brute Force,1,train,xgboost,Tuesday_SEG_002,False,Whole attack segment allocation (train),Level 2 Preferred Segment Atomicity
553,20170704_1458,Tuesday,Brute Force,1,train,xgboost,Tuesday_SEG_002,False,Whole attack segment allocation (train),Level 2 Preferred Segment Atomicity
554,20170704_1459,Tuesday,Brute Force,1,train,xgboost,Tuesday_SEG_002,False,Whole attack segment allocation (train),Level 2 Preferred Segment Atomicity
555,20170704_1500,Tuesday,Brute Force,1,train,xgboost,Tuesday_SEG_002,False,Whole attack segment allocation (train),Level 2 Preferred Segment Atomicity
556,20170704_1501,Tuesday,Brute Force,1,train,xgboost,Tuesday_SEG_002,False,Whole attack segment allocation (train),Level 2 Preferred Segment Atomicity
557,20170704_1502,Tuesday,Brute Force,1,train,xgboost,Tuesday_SEG_002,False,Whole attack segment allocation (train),Level 2 Preferred Segment Atomicity
558,20170704_1503,Tuesday,Brute Force,1,train,xgboost,Tuesday_SEG_002,False,Whole attack segment allocation (train),Level 2 Preferred Segment Atomicity
559,20170704_1504,Tuesday,Brute Force,1,train,xgboost,Tuesday_SEG_002,False,Whole attack segment allocation (train),Level 2 Preferred Segment Atomicity
560,20170704_1505,Tuesday,Brute Force,1,train,xgboost,Tuesday_SEG_002,False,Whole attack segment allocation (train),Level 2 Preferred Segment Atomicity
561,20170704_1506,Tuesday,Brute Force,1,train,xgboost,Tuesday_SEG_002,False,Whole attack segment allocation (train),Level 2 Preferred Segment Atomicity
562,20170704_1507,Tuesday,Brute Force,1,train,xgboost,Tuesday_SEG_002,False,Whole attack segment allocation (train),Level 2 Preferred Segment Atomicity
563,20170704_1508,Tuesday,Brute Force,1,train,xgboost,Tuesday_SEG_002,False,Whole attack segment allocation (train),Level 2 Preferred Segment Atomicity
564,20170704_1509,Tuesday,Brute Force,1,train,xgboost,Tuesday_SEG_002,False,Whole attack segment allocation (train),Level 2 Preferred Segment Atomicity
565,20170704_1510,Tuesday,Brute Force,1,train,xgboost,Tuesday_SEG_002,False,Whole attack segment allocation (train),Level 2 Preferred Segment Atomicity
566,20170704_1511,Tuesday,Brute Force,1,train,xgboost,Tuesday_SEG_002,False,Whole attack segment allocation (train),Level 2 Preferred Segment Atomicity
567,20170704_1512,Tuesday,Brute Force,1,train,xgboost,Tuesday_SEG_002,False,Whole attack segment allocation (train),Level 2 Preferred Segment Atomicity
568,20170704_1513,Tuesday,Brute Force,1,train,xgboost,Tuesday_SEG_002,False,Whole attack segment allocation (train),Level 2 Preferred Segment Atomicity
569,20170704_1514,Tuesday,Brute Force,1,train,xgboost,Tuesday_SEG_002,False,Whole attack segment allocation (train),Level 2 Preferred Segment Atomicity
570,20170704_1515,Tuesday,Brute Force,1,train,xgboost,Tuesday_SEG_002,False,Whole attack segment allocation (train),Level 2 Preferred Segment Atomicity
571,20170704_1516,Tuesday,Brute Force,1,train,xgboost,Tuesday_SEG_002,False,Whole attack segment allocation (train),Level 2 Preferred Segment Atomicity
572,20170704_1517,Tuesday,Brute Force,1,train,xgboost,Tuesday_SEG_002,False,Whole attack segment allocation (train),Level 2 Preferred Segment Atomicity
573,20170704_1518,Tuesday,Brute Force,1,train,xgboost,Tuesday_SEG_002,False,Whole attack segment allocation (train),Level 2 Preferred Segment Atomicity
574,20170704_1519,Tuesday,Brute Force,1,train,xgboost,Tuesday_SEG_002,False,Whole attack segment allocation (train),Level 2 Preferred Segment Atomicity
575,20170704_1520,Tuesday,Brute Force,1,train,xgboost,Tuesday_SEG_002,False,Whole attack segment allocation (train),Level 2 Preferred Segment Atomicity
576,20170704_1521,Tuesday,BENIGN,0,train,xgboost,Tuesday_GAP_003,False,Benign background traffic allocation (train),Level 2 Preferred Segment Atomicity
577,20170704_1522,Tuesday,BENIGN,0,train,xgboost,Tuesday_GAP_003,False,Benign background traffic allocation (train),Level 2 Preferred Segment Atomicity
578,20170704_1523,Tuesday,BENIGN,0,train,xgboost,Tuesday_GAP_003,False,Benign background traffic allocation (train),Level 2 Preferred Segment Atomicity
579,20170704_1524,Tuesday,BENIGN,0,train,xgboost,Tuesday_GAP_003,False,Benign background traffic allocation (train),Level 2 Preferred Segment Atomicity
580,20170704_1525,Tuesday,BENIGN,0,train,xgboost,Tuesday_GAP_003,False,Benign background traffic allocation (train),Level 2 Preferred Segment Atomicity
581,20170704_1526,Tuesday,BENIGN,0,train,xgboost,Tuesday_GAP_003,False,Benign background traffic allocation (train),Level 2 Preferred Segment Atomicity
582,20170704_1527,Tuesday,BENIGN,0,train,xgboost,Tuesday_GAP_003,False,Benign background traffic allocation (train),Level 2 Preferred Segment Atomicity
583,20170704_1528,Tuesday,BENIGN,0,train,xgboost,Tuesday_GAP_003,False,Benign background traffic allocation (train),Level 2 Preferred Segment Atomicity
584,20170704_1529,Tuesday,BENIGN,0,train,xgboost,Tuesday_GAP_003,False,Benign background traffic allocation (train),Level 2 Preferred Segment Atomicity
585,20170704_1530,Tuesday,BENIGN,0,train,xgboost,Tuesday_GAP_003,False,Benign background traffic allocation (train),Level 2 Preferred Segment Atomicity
586,20170704_1531,Tuesday,BENIGN,0,train,xgboost,Tuesday_GAP_003,False,Benign background traffic allocation (train),Level 2 Preferred Segment Atomicity
587,20170704_1532,Tuesday,BENIGN,0,train,xgboost,Tuesday_GAP_003,False,Benign background traffic allocation (train),Level 2 Preferred Segment Atomicity
588,20170704_1533,Tuesday,BENIGN,0,train,xgboost,Tuesday_GAP_003,False,Benign background traffic allocation (train),Level 2 Preferred Segment Atomicity
589,20170704_1534,Tuesday,BENIGN,0,train,xgboost,Tuesday_GAP_003,False,Benign background traffic allocation (train),Level 2 Preferred Segment Atomicity
590,20170704_1535,Tuesday,BENIGN,0,train,xgboost,Tuesday_GAP_003,False,Benign background traffic allocation (train),Level 2 Preferred Segment Atomicity
591,20170704_1536,Tuesday,BENIGN,0,train,xgboost,Tuesday_GAP_003,False,Benign background traffic allocation (train),Level 2 Preferred Segment Atomicity
592,20170704_1537,Tuesday,BENIGN,0,train,xgboost,Tuesday_GAP_003,False,Benign background traffic allocation (train),Level 2 Preferred Segment Atomicity
593,20170704_1538,Tuesday,BENIGN,0,train,xgboost,Tuesday_GAP_003,False,Benign background traffic allocation (train),Level 2 Preferred Segment Atomicity
594,20170704_1539,Tuesday,BENIGN,0,train,xgboost,Tuesday_GAP_003,False,Benign background traffic allocation (train),Level 2 Preferred Segment Atomicity
595,20170704_1540,Tuesday,BENIGN,0,train,xgboost,Tuesday_GAP_003,False,Benign background traffic allocation (train),Level 2 Preferred Segment Atomicity
596,20170704_1541,Tuesday,BENIGN,0,train,xgboost,Tuesday_GAP_003,False,Benign background traffic allocation (train),Level 2 Preferred Segment Atomicity
597,20170704_1542,Tuesday,BENIGN,0,train,xgboost,Tuesday_GAP_003,False,Benign background traffic allocation (train),Level 2 Preferred Segment Atomicity
598,20170704_1543,Tuesday,BENIGN,0,train,xgboost,Tuesday_GAP_003,False,Benign background traffic allocation (train),Level 2 Preferred Segment Atomicity
599,20170704_1544,Tuesday,BENIGN,0,train,xgboost,Tuesday_GAP_003,False,Benign background traffic allocation (train),Level 2 Preferred Segment Atomicity
600,20170704_1545,Tuesday,BENIGN,0,train,xgboost,Tuesday_GAP_003,False,Benign background traffic allocation (train),Level 2 Preferred Segment Atomicity
601,20170704_1546,Tuesday,BENIGN,0,train,xgboost,Tuesday_GAP_003,False,Benign background traffic allocation (train),Level 2 Preferred Segment Atomicity
602,20170704_1547,Tuesday,BENIGN,0,train,xgboost,Tuesday_GAP_003,False,Benign background traffic allocation (train),Level 2 Preferred Segment Atomicity
603,20170704_1548,Tuesday,BENIGN,0,train,xgboost,Tuesday_GAP_003,False,Benign background traffic allocation (train),Level 2 Preferred Segment Atomicity
604,20170704_1549,Tuesday,BENIGN,0,train,xgboost,Tuesday_GAP_003,False,Benign background traffic allocation (train),Level 2 Preferred Segment Atomicity
605,20170704_1550,Tuesday,BENIGN,0,train,xgboost,Tuesday_GAP_003,False,Benign background traffic allocation (train),Level 2 Preferred Segment Atomicity
606,20170704_1551,Tuesday,BENIGN,0,train,xgboost,Tuesday_GAP_003,False,Benign background traffic allocation (train),Level 2 Preferred Segment Atomicity
607,20170704_1552,Tuesday,BENIGN,0,train,xgboost,Tuesday_GAP_003,False,Benign background traffic allocation (train),Level 2 Preferred Segment Atomicity
608,20170704_1553,Tuesday,BENIGN,0,train,xgboost,Tuesday_GAP_003,False,Benign background traffic allocation (train),Level 2 Preferred Segment Atomicity
609,20170704_1554,Tuesday,BENIGN,0,train,xgboost,Tuesday_GAP_003,False,Benign background traffic allocation (train),Level 2 Preferred Segment Atomicity
610,20170704_1555,Tuesday,BENIGN,0,train,xgboost,Tuesday_GAP_003,False,Benign background traffic allocation (train),Level 2 Preferred Segment Atomicity
611,20170704_1556,Tuesday,BENIGN,0,train,xgboost,Tuesday_GAP_003,False,Benign background traffic allocation (train),Level 2 Preferred Segment Atomicity
612,20170704_1557,Tuesday,BENIGN,0,train,xgboost,Tuesday_GAP_003,False,Benign background traffic allocation (train),Level 2 Preferred Segment Atomicity
613,20170704_1558,Tuesday,BENIGN,0,train,xgboost,Tuesday_GAP_003,False,Benign background traffic allocation (train),Level 2 Preferred Segment Atomicity
614,20170704_1559,Tuesday,BENIGN,0,train,xgboost,Tuesday_GAP_003,False,Benign background traffic allocation (train),Level 2 Preferred Segment Atomicity
615,20170704_1600,Tuesday,BENIGN,0,train,xgboost,Tuesday_GAP_003,False,Benign background traffic allocation (train),Level 2 Preferred Segment Atomicity
616,20170704_1601,Tuesday,BENIGN,0,train,xgboost,Tuesday_GAP_003,False,Benign background traffic allocation (train),Level 2 Preferred Segment Atomicity
617,20170704_1602,Tuesday,BENIGN,0,train,xgboost,Tuesday_GAP_003,False,Benign background traffic allocation (train),Level 2 Preferred Segment Atomicity
618,20170704_1603,Tuesday,BENIGN,0,train,xgboost,Tuesday_GAP_003,False,Benign background traffic allocation (train),Level 2 Preferred Segment Atomicity
619,20170704_1604,Tuesday,BENIGN,0,train,xgboost,Tuesday_GAP_003,False,Benign background traffic allocation (train),Level 2 Preferred Segment Atomicity
620,20170704_1605,Tuesday,BENIGN,0,train,xgboost,Tuesday_GAP_003,False,Benign background traffic allocation (train),Level 2 Preferred Segment Atomicity
621,20170704_1606,Tuesday,BENIGN,0,train,xgboost,Tuesday_GAP_003,False,Benign background traffic allocation (train),Level 2 Preferred Segment Atomicity
622,20170704_1607,Tuesday,BENIGN,0,train,xgboost,Tuesday_GAP_003,False,Benign background traffic allocation (train),Level 2 Preferred Segment Atomicity
623,20170704_1608,Tuesday,BENIGN,0,train,xgboost,Tuesday_GAP_003,False,Benign background traffic allocation (train),Level 2 Preferred Segment Atomicity
624,20170704_1609,Tuesday,BENIGN,0,train,xgboost,Tuesday_GAP_003,False,Benign background traffic allocation (train),Level 2 Preferred Segment Atomicity
625,20170704_1610,Tuesday,BENIGN,0,train,xgboost,Tuesday_GAP_003,False,Benign background traffic allocation (train),Level 2 Preferred Segment Atomicity
626,20170704_1611,Tuesday,BENIGN,0,train,xgboost,Tuesday_GAP_003,False,Benign background traffic allocation (train),Level 2 Preferred Segment Atomicity
627,20170704_1612,Tuesday,BENIGN,0,train,xgboost,Tuesday_GAP_003,False,Benign background traffic allocation (train),Level 2 Preferred Segment Atomicity
628,20170704_1613,Tuesday,BENIGN,0,train,xgboost,Tuesday_GAP_003,False,Benign background traffic allocation (train),Level 2 Preferred Segment Atomicity
629,20170704_1614,Tuesday,BENIGN,0,train,xgboost,Tuesday_GAP_003,False,Benign background traffic allocation (train),Level 2 Preferred Segment Atomicity
630,20170704_1615,Tuesday,BENIGN,0,train,xgboost,Tuesday_GAP_003,False,Benign background traffic allocation (train),Level 2 Preferred Segment Atomicity
631,20170704_1616,Tuesday,BENIGN,0,train,xgboost,Tuesday_GAP_003,False,Benign background traffic allocation (train),Level 2 Preferred Segment Atomicity
632,20170704_1617,Tuesday,BENIGN,0,train,xgboost,Tuesday_GAP_003,False,Benign background traffic allocation (train),Level 2 Preferred Segment Atomicity
633,20170704_1618,Tuesday,BENIGN,0,train,xgboost,Tuesday_GAP_003,False,Benign background traffic allocation (train),Level 2 Preferred Segment Atomicity
634,20170704_1619,Tuesday,BENIGN,0,train,xgboost,Tuesday_GAP_003,False,Benign background traffic allocation (train),Level 2 Preferred Segment Atomicity
635,20170704_1620,Tuesday,BENIGN,0,train,xgboost,Tuesday_GAP_003,False,Benign background traffic allocation (train),Level 2 Preferred Segment Atomicity
636,20170704_1621,Tuesday,BENIGN,0,train,xgboost,Tuesday_GAP_003,False,Benign background traffic allocation (train),Level 2 Preferred Segment Atomicity
637,20170704_1622,Tuesday,BENIGN,0,train,xgboost,Tuesday_GAP_003,False,Benign background traffic allocation (train),Level 2 Preferred Segment Atomicity
638,20170704_1623,Tuesday,BENIGN,0,train,xgboost,Tuesday_GAP_003,False,Benign background traffic allocation (train),Level 2 Preferred Segment Atomicity
639,20170704_1624,Tuesday,BENIGN,0,train,xgboost,Tuesday_GAP_003,False,Benign background traffic allocation (train),Level 2 Preferred Segment Atomicity
640,20170704_1625,Tuesday,BENIGN,0,train,xgboost,Tuesday_GAP_003,False,Benign background traffic allocation (train),Level 2 Preferred Segment Atomicity
641,20170704_1626,Tuesday,BENIGN,0,train,xgboost,Tuesday_GAP_003,False,Benign background traffic allocation (train),Level 2 Preferred Segment Atomicity
642,20170704_1627,Tuesday,BENIGN,0,train,xgboost,Tuesday_GAP_003,False,Benign background traffic allocation (train),Level 2 Preferred Segment Atomicity
643,20170704_1628,Tuesday,BENIGN,0,train,xgboost,Tuesday_GAP_003,False,Benign background traffic allocation (train),Level 2 Preferred Segment Atomicity
644,20170704_1629,Tuesday,BENIGN,0,train,xgboost,Tuesday_GAP_003,False,Benign background traffic allocation (train),Level 2 Preferred Segment Atomicity
645,20170704_1630,Tuesday,BENIGN,0,train,xgboost,Tuesday_GAP_003,False,Benign background traffic allocation (train),Level 2 Preferred Segment Atomicity
646,20170704_1631,Tuesday,BENIGN,0,train,xgboost,Tuesday_GAP_003,False,Benign background traffic allocation (train),Level 2 Preferred Segment Atomicity
647,20170704_1632,Tuesday,BENIGN,0,train,xgboost,Tuesday_GAP_003,False,Benign background traffic allocation (train),Level 2 Preferred Segment Atomicity
648,20170704_1633,Tuesday,BENIGN,0,train,xgboost,Tuesday_GAP_003,False,Benign background traffic allocation (train),Level 2 Preferred Segment Atomicity
649,20170704_1634,Tuesday,BENIGN,0,train,xgboost,Tuesday_GAP_003,False,Benign background traffic allocation (train),Level 2 Preferred Segment Atomicity
650,20170704_1635,Tuesday,BENIGN,0,train,xgboost,Tuesday_GAP_003,False,Benign background traffic allocation (train),Level 2 Preferred Segment Atomicity
651,20170704_1636,Tuesday,BENIGN,0,train,xgboost,Tuesday_GAP_003,False,Benign background traffic allocation (train),Level 2 Preferred Segment Atomicity
652,20170704_1637,Tuesday,BENIGN,0,train,xgboost,Tuesday_GAP_003,False,Benign background traffic allocation (train),Level 2 Preferred Segment Atomicity
653,20170704_1638,Tuesday,BENIGN,0,train,xgboost,Tuesday_GAP_003,False,Benign background traffic allocation (train),Level 2 Preferred Segment Atomicity
654,20170704_1639,Tuesday,BENIGN,0,train,xgboost,Tuesday_GAP_003,False,Benign background traffic allocation (train),Level 2 Preferred Segment Atomicity
655,20170704_1640,Tuesday,BENIGN,0,train,xgboost,Tuesday_GAP_003,False,Benign background traffic allocation (train),Level 2 Preferred Segment Atomicity
656,20170704_1641,Tuesday,BENIGN,0,train,xgboost,Tuesday_GAP_003,False,Benign background traffic allocation (train),Level 2 Preferred Segment Atomicity
657,20170704_1642,Tuesday,BENIGN,0,train,xgboost,Tuesday_GAP_003,False,Benign background traffic allocation (train),Level 2 Preferred Segment Atomicity
658,20170704_1643,Tuesday,BENIGN,0,train,xgboost,Tuesday_GAP_003,False,Benign background traffic allocation (train),Level 2 Preferred Segment Atomicity
659,20170704_1644,Tuesday,BENIGN,0,train,xgboost,Tuesday_GAP_003,False,Benign background traffic allocation (train),Level 2 Preferred Segment Atomicity
660,20170704_1645,Tuesday,BENIGN,0,train,xgboost,Tuesday_GAP_003,False,Benign background traffic allocation (train),Level 2 Preferred Segment Atomicity
661,20170704_1646,Tuesday,BENIGN,0,train,xgboost,Tuesday_GAP_003,False,Benign background traffic allocation (train),Level 2 Preferred Segment Atomicity
662,20170704_1647,Tuesday,BENIGN,0,train,xgboost,Tuesday_GAP_003,False,Benign background traffic allocation (train),Level 2 Preferred Segment Atomicity
663,20170704_1648,Tuesday,BENIGN,0,train,xgboost,Tuesday_GAP_003,False,Benign background traffic allocation (train),Level 2 Preferred Segment Atomicity
664,20170704_1649,Tuesday,BENIGN,0,train,xgboost,Tuesday_GAP_003,False,Benign background traffic allocation (train),Level 2 Preferred Segment Atomicity
665,20170704_1650,Tuesday,BENIGN,0,train,xgboost,Tuesday_GAP_003,False,Benign background traffic allocation (train),Level 2 Preferred Segment Atomicity
666,20170704_1651,Tuesday,BENIGN,0,train,xgboost,Tuesday_GAP_003,False,Benign background traffic allocation (train),Level 2 Preferred Segment Atomicity
667,20170704_1652,Tuesday,BENIGN,0,train,xgboost,Tuesday_GAP_003,False,Benign background traffic allocation (train),Level 2 Preferred Segment Atomicity
668,20170704_1653,Tuesday,BENIGN,0,train,xgboost,Tuesday_GAP_003,False,Benign background traffic allocation (train),Level 2 Preferred Segment Atomicity
669,20170704_1654,Tuesday,BENIGN,0,train,xgboost,Tuesday_GAP_003,False,Benign background traffic allocation (train),Level 2 Preferred Segment Atomicity
670,20170704_1655,Tuesday,BENIGN,0,train,xgboost,Tuesday_GAP_003,False,Benign background traffic allocation (train),Level 2 Preferred Segment Atomicity
671,20170704_1656,Tuesday,BENIGN,0,train,xgboost,Tuesday_GAP_003,False,Benign background traffic allocation (train),Level 2 Preferred Segment Atomicity
672,20170704_1657,Tuesday,BENIGN,0,train,xgboost,Tuesday_GAP_003,False,Benign background traffic allocation (train),Level 2 Preferred Segment Atomicity
673,20170704_1658,Tuesday,BENIGN,0,train,xgboost,Tuesday_GAP_003,False,Benign background traffic allocation (train),Level 2 Preferred Segment Atomicity
674,20170704_1659,Tuesday,BENIGN,0,train,xgboost,Tuesday_GAP_003,False,Benign background traffic allocation (train),Level 2 Preferred Segment Atomicity
675,20170704_1700,Tuesday,BENIGN,0,train,xgboost,Tuesday_GAP_003,False,Benign background traffic allocation (train),Level 2 Preferred Segment Atomicity
676,20170704_1701,Tuesday,BENIGN,0,train,xgboost,Tuesday_GAP_003,False,Benign background traffic allocation (train),Level 2 Preferred Segment Atomicity
677,20170704_1702,Tuesday,BENIGN,0,train,xgboost,Tuesday_GAP_003,False,Benign background traffic allocation (train),Level 2 Preferred Segment Atomicity
678,20170704_1703,Tuesday,BENIGN,0,train,xgboost,Tuesday_GAP_003,False,Benign background traffic allocation (train),Level 2 Preferred Segment Atomicity
679,20170704_1704,Tuesday,BENIGN,0,train,xgboost,Tuesday_GAP_003,False,Benign background traffic allocation (train),Level 2 Preferred Segment Atomicity
680,20170704_1705,Tuesday,BENIGN,0,train,xgboost,Tuesday_GAP_003,False,Benign background traffic allocation (train),Level 2 Preferred Segment Atomicity
681,20170704_1706,Tuesday,BENIGN,0,train,xgboost,Tuesday_GAP_003,False,Benign background traffic allocation (train),Level 2 Preferred Segment Atomicity
682,20170704_1707,Tuesday,BENIGN,0,train,xgboost,Tuesday_GAP_003,False,Benign background traffic allocation (train),Level 2 Preferred Segment Atomicity
683,20170704_1708,Tuesday,BENIGN,0,train,xgboost,Tuesday_GAP_003,False,Benign background traffic allocation (train),Level 2 Preferred Segment Atomicity
684,20170704_1709,Tuesday,BENIGN,0,train,xgboost,Tuesday_GAP_003,False,Benign background traffic allocation (train),Level 2 Preferred Segment Atomicity
685,20170704_1710,Tuesday,BENIGN,0,train,xgboost,Tuesday_GAP_003,False,Benign background traffic allocation (train),Level 2 Preferred Segment Atomicity
686,20170704_1711,Tuesday,BENIGN,0,train,xgboost,Tuesday_GAP_003,False,Benign background traffic allocation (train),Level 2 Preferred Segment Atomicity
687,20170704_1712,Tuesday,BENIGN,0,train,xgboost,Tuesday_GAP_003,False,Benign background traffic allocation (train),Level 2 Preferred Segment Atomicity
688,20170704_1713,Tuesday,BENIGN,0,train,xgboost,Tuesday_GAP_003,False,Benign background traffic allocation (train),Level 2 Preferred Segment Atomicity
689,20170704_1714,Tuesday,BENIGN,0,train,xgboost,Tuesday_GAP_003,False,Benign background traffic allocation (train),Level 2 Preferred Segment Atomicity
690,20170704_1715,Tuesday,BENIGN,0,train,xgboost,Tuesday_GAP_003,False,Benign background traffic allocation (train),Level 2 Preferred Segment Atomicity
691,20170704_1716,Tuesday,BENIGN,0,train,xgboost,Tuesday_GAP_003,False,Benign background traffic allocation (train),Level 2 Preferred Segment Atomicity
692,20170704_1717,Tuesday,BENIGN,0,train,xgboost,Tuesday_GAP_003,False,Benign background traffic allocation (train),Level 2 Preferred Segment Atomicity
693,20170704_1718,Tuesday,BENIGN,0,train,xgboost,Tuesday_GAP_003,False,Benign background traffic allocation (train),Level 2 Preferred Segment Atomicity
694,20170704_1719,Tuesday,BENIGN,0,train,xgboost,Tuesday_GAP_003,False,Benign background traffic allocation (train),Level 2 Preferred Segment Atomicity
695,20170704_1720,Tuesday,BENIGN,0,train,xgboost,Tuesday_GAP_003,False,Benign background traffic allocation (train),Level 2 Preferred Segment Atomicity
696,20170704_1721,Tuesday,BENIGN,0,train,xgboost,Tuesday_GAP_003,False,Benign background traffic allocation (train),Level 2 Preferred Segment Atomicity
697,20170704_1722,Tuesday,BENIGN,0,train,xgboost,Tuesday_GAP_003,False,Benign background traffic allocation (train),Level 2 Preferred Segment Atomicity
698,20170704_1723,Tuesday,BENIGN,0,train,xgboost,Tuesday_GAP_003,False,Benign background traffic allocation (train),Level 2 Preferred Segment Atomicity
699,20170704_1724,Tuesday,BENIGN,0,train,xgboost,Tuesday_GAP_003,False,Benign background traffic allocation (train),Level 2 Preferred Segment Atomicity
700,20170704_1725,Tuesday,BENIGN,0,train,xgboost,Tuesday_GAP_003,False,Benign background traffic allocation (train),Level 2 Preferred Segment Atomicity
701,20170704_1726,Tuesday,BENIGN,0,train,xgboost,Tuesday_GAP_003,False,Benign background traffic allocation (train),Level 2 Preferred Segment Atomicity
702,20170704_1727,Tuesday,BENIGN,0,train,xgboost,Tuesday_GAP_003,False,Benign background traffic allocation (train),Level 2 Preferred Segment Atomicity
703,20170704_1728,Tuesday,BENIGN,0,train,xgboost,Tuesday_GAP_003,False,Benign background traffic allocation (train),Level 2 Preferred Segment Atomicity
704,20170704_1729,Tuesday,BENIGN,0,train,xgboost,Tuesday_GAP_003,False,Benign background traffic allocation (train),Level 2 Preferred Segment Atomicity
705,20170704_1730,Tuesday,BENIGN,0,train,xgboost,Tuesday_GAP_003,False,Benign background traffic allocation (train),Level 2 Preferred Segment Atomicity
706,20170704_1731,Tuesday,BENIGN,0,train,xgboost,Tuesday_GAP_003,False,Benign background traffic allocation (train),Level 2 Preferred Segment Atomicity
707,20170704_1732,Tuesday,BENIGN,0,train,xgboost,Tuesday_GAP_003,False,Benign background traffic allocation (train),Level 2 Preferred Segment Atomicity
708,20170704_1733,Tuesday,BENIGN,0,train,xgboost,Tuesday_GAP_003,False,Benign background traffic allocation (train),Level 2 Preferred Segment Atomicity
709,20170704_1734,Tuesday,BENIGN,0,train,xgboost,Tuesday_GAP_003,False,Benign background traffic allocation (train),Level 2 Preferred Segment Atomicity
710,20170704_1735,Tuesday,BENIGN,0,train,xgboost,Tuesday_GAP_003,False,Benign background traffic allocation (train),Level 2 Preferred Segment Atomicity
711,20170704_1736,Tuesday,BENIGN,0,train,xgboost,Tuesday_GAP_003,False,Benign background traffic allocation (train),Level 2 Preferred Segment Atomicity
712,20170704_1737,Tuesday,BENIGN,0,train,xgboost,Tuesday_GAP_003,False,Benign background traffic allocation (train),Level 2 Preferred Segment Atomicity
713,20170704_1738,Tuesday,BENIGN,0,train,xgboost,Tuesday_GAP_003,False,Benign background traffic allocation (train),Level 2 Preferred Segment Atomicity
714,20170704_1739,Tuesday,BENIGN,0,train,xgboost,Tuesday_GAP_003,False,Benign background traffic allocation (train),Level 2 Preferred Segment Atomicity
715,20170704_1740,Tuesday,BENIGN,0,train,xgboost,Tuesday_GAP_003,False,Benign background traffic allocation (train),Level 2 Preferred Segment Atomicity
716,20170704_1741,Tuesday,BENIGN,0,train,xgboost,Tuesday_GAP_003,False,Benign background traffic allocation (train),Level 2 Preferred Segment Atomicity
717,20170704_1742,Tuesday,BENIGN,0,train,xgboost,Tuesday_GAP_003,False,Benign background traffic allocation (train),Level 2 Preferred Segment Atomicity
718,20170704_1743,Tuesday,BENIGN,0,train,xgboost,Tuesday_GAP_003,False,Benign background traffic allocation (train),Level 2 Preferred Segment Atomicity
719,20170704_1744,Tuesday,BENIGN,0,train,xgboost,Tuesday_GAP_003,False,Benign background traffic allocation (train),Level 2 Preferred Segment Atomicity
720,20170704_1745,Tuesday,BENIGN,0,train,xgboost,Tuesday_GAP_003,False,Benign background traffic allocation (train),Level 2 Preferred Segment Atomicity
721,20170704_1746,Tuesday,BENIGN,0,train,xgboost,Tuesday_GAP_003,False,Benign background traffic allocation (train),Level 2 Preferred Segment Atomicity
722,20170704_1747,Tuesday,BENIGN,0,train,xgboost,Tuesday_GAP_003,False,Benign background traffic allocation (train),Level 2 Preferred Segment Atomicity
723,20170704_1748,Tuesday,BENIGN,0,train,xgboost,Tuesday_GAP_003,False,Benign background traffic allocation (train),Level 2 Preferred Segment Atomicity
724,20170704_1749,Tuesday,BENIGN,0,train,xgboost,Tuesday_GAP_003,False,Benign background traffic allocation (train),Level 2 Preferred Segment Atomicity
725,20170704_1750,Tuesday,BENIGN,0,train,xgboost,Tuesday_GAP_003,False,Benign background traffic allocation (train),Level 2 Preferred Segment Atomicity
726,20170704_1751,Tuesday,BENIGN,0,train,xgboost,Tuesday_GAP_003,False,Benign background traffic allocation (train),Level 2 Preferred Segment Atomicity
727,20170704_1752,Tuesday,BENIGN,0,train,xgboost,Tuesday_GAP_003,False,Benign background traffic allocation (train),Level 2 Preferred Segment Atomicity
728,20170704_1753,Tuesday,BENIGN,0,train,xgboost,Tuesday_GAP_003,False,Benign background traffic allocation (train),Level 2 Preferred Segment Atomicity
729,20170704_1754,Tuesday,BENIGN,0,train,xgboost,Tuesday_GAP_003,False,Benign background traffic allocation (train),Level 2 Preferred Segment Atomicity
730,20170704_1755,Tuesday,BENIGN,0,train,xgboost,Tuesday_GAP_003,False,Benign background traffic allocation (train),Level 2 Preferred Segment Atomicity
731,20170704_1756,Tuesday,BENIGN,0,train,xgboost,Tuesday_GAP_003,False,Benign background traffic allocation (train),Level 2 Preferred Segment Atomicity
732,20170704_1757,Tuesday,BENIGN,0,train,xgboost,Tuesday_GAP_003,False,Benign background traffic allocation (train),Level 2 Preferred Segment Atomicity
733,20170704_1758,Tuesday,BENIGN,0,train,xgboost,Tuesday_GAP_003,False,Benign background traffic allocation (train),Level 2 Preferred Segment Atomicity
734,20170704_1759,Tuesday,BENIGN,0,train,xgboost,Tuesday_GAP_003,False,Benign background traffic allocation (train),Level 2 Preferred Segment Atomicity
735,20170704_1800,Tuesday,BENIGN,0,train,xgboost,Tuesday_GAP_003,False,Benign background traffic allocation (train),Level 2 Preferred Segment Atomicity
736,20170704_1801,Tuesday,BENIGN,0,validation,xgboost,Tuesday_GAP_003,False,Benign background traffic allocation (validation),Level 2 Preferred Segment Atomicity
737,20170704_1802,Tuesday,BENIGN,0,validation,xgboost,Tuesday_GAP_003,False,Benign background traffic allocation (validation),Level 2 Preferred Segment Atomicity
738,20170704_1803,Tuesday,BENIGN,0,validation,xgboost,Tuesday_GAP_003,False,Benign background traffic allocation (validation),Level 2 Preferred Segment Atomicity
739,20170704_1804,Tuesday,BENIGN,0,validation,xgboost,Tuesday_GAP_003,False,Benign background traffic allocation (validation),Level 2 Preferred Segment Atomicity
740,20170704_1805,Tuesday,BENIGN,0,validation,xgboost,Tuesday_GAP_003,False,Benign background traffic allocation (validation),Level 2 Preferred Segment Atomicity
741,20170704_1806,Tuesday,BENIGN,0,validation,xgboost,Tuesday_GAP_003,False,Benign background traffic allocation (validation),Level 2 Preferred Segment Atomicity
742,20170704_1807,Tuesday,BENIGN,0,validation,xgboost,Tuesday_GAP_003,False,Benign background traffic allocation (validation),Level 2 Preferred Segment Atomicity
743,20170704_1808,Tuesday,BENIGN,0,validation,xgboost,Tuesday_GAP_003,False,Benign background traffic allocation (validation),Level 2 Preferred Segment Atomicity
744,20170704_1809,Tuesday,BENIGN,0,validation,xgboost,Tuesday_GAP_003,False,Benign background traffic allocation (validation),Level 2 Preferred Segment Atomicity
745,20170704_1810,Tuesday,BENIGN,0,validation,xgboost,Tuesday_GAP_003,False,Benign background traffic allocation (validation),Level 2 Preferred Segment Atomicity
746,20170704_1811,Tuesday,BENIGN,0,validation,xgboost,Tuesday_GAP_003,False,Benign background traffic allocation (validation),Level 2 Preferred Segment Atomicity
747,20170704_1812,Tuesday,BENIGN,0,validation,xgboost,Tuesday_GAP_003,False,Benign background traffic allocation (validation),Level 2 Preferred Segment Atomicity
748,20170704_1813,Tuesday,BENIGN,0,validation,xgboost,Tuesday_GAP_003,False,Benign background traffic allocation (validation),Level 2 Preferred Segment Atomicity
749,20170704_1814,Tuesday,BENIGN,0,validation,xgboost,Tuesday_GAP_003,False,Benign background traffic allocation (validation),Level 2 Preferred Segment Atomicity
750,20170704_1815,Tuesday,BENIGN,0,validation,xgboost,Tuesday_GAP_003,False,Benign background traffic allocation (validation),Level 2 Preferred Segment Atomicity
751,20170704_1816,Tuesday,BENIGN,0,validation,xgboost,Tuesday_GAP_003,False,Benign background traffic allocation (validation),Level 2 Preferred Segment Atomicity
752,20170704_1817,Tuesday,BENIGN,0,validation,xgboost,Tuesday_GAP_003,False,Benign background traffic allocation (validation),Level 2 Preferred Segment Atomicity
753,20170704_1818,Tuesday,BENIGN,0,validation,xgboost,Tuesday_GAP_003,False,Benign background traffic allocation (validation),Level 2 Preferred Segment Atomicity
754,20170704_1819,Tuesday,BENIGN,0,validation,xgboost,Tuesday_GAP_003,False,Benign background traffic allocation (validation),Level 2 Preferred Segment Atomicity
755,20170704_1820,Tuesday,BENIGN,0,validation,xgboost,Tuesday_GAP_003,False,Benign background traffic allocation (validation),Level 2 Preferred Segment Atomicity
756,20170704_1821,Tuesday,BENIGN,0,validation,xgboost,Tuesday_GAP_003,False,Benign background traffic allocation (validation),Level 2 Preferred Segment Atomicity
757,20170704_1822,Tuesday,BENIGN,0,validation,xgboost,Tuesday_GAP_003,False,Benign background traffic allocation (validation),Level 2 Preferred Segment Atomicity
758,20170704_1823,Tuesday,BENIGN,0,validation,xgboost,Tuesday_GAP_003,False,Benign background traffic allocation (validation),Level 2 Preferred Segment Atomicity
759,20170704_1824,Tuesday,BENIGN,0,validation,xgboost,Tuesday_GAP_003,False,Benign background traffic allocation (validation),Level 2 Preferred Segment Atomicity
760,20170704_1825,Tuesday,BENIGN,0,validation,xgboost,Tuesday_GAP_003,False,Benign background traffic allocation (validation),Level 2 Preferred Segment Atomicity
761,20170704_1826,Tuesday,BENIGN,0,validation,xgboost,Tuesday_GAP_003,False,Benign background traffic allocation (validation),Level 2 Preferred Segment Atomicity
762,20170704_1827,Tuesday,BENIGN,0,validation,xgboost,Tuesday_GAP_003,False,Benign background traffic allocation (validation),Level 2 Preferred Segment Atomicity
763,20170704_1828,Tuesday,BENIGN,0,validation,xgboost,Tuesday_GAP_003,False,Benign background traffic allocation (validation),Level 2 Preferred Segment Atomicity
764,20170704_1829,Tuesday,BENIGN,0,validation,xgboost,Tuesday_GAP_003,False,Benign background traffic allocation (validation),Level 2 Preferred Segment Atomicity
765,20170704_1830,Tuesday,BENIGN,0,validation,xgboost,Tuesday_GAP_003,False,Benign background traffic allocation (validation),Level 2 Preferred Segment Atomicity
766,20170704_1831,Tuesday,BENIGN,0,validation,xgboost,Tuesday_GAP_003,False,Benign background traffic allocation (validation),Level 2 Preferred Segment Atomicity
767,20170704_1832,Tuesday,BENIGN,0,validation,xgboost,Tuesday_GAP_003,False,Benign background traffic allocation (validation),Level 2 Preferred Segment Atomicity
768,20170704_1833,Tuesday,BENIGN,0,validation,xgboost,Tuesday_GAP_003,False,Benign background traffic allocation (validation),Level 2 Preferred Segment Atomicity
769,20170704_1834,Tuesday,BENIGN,0,validation,xgboost,Tuesday_GAP_003,False,Benign background traffic allocation (validation),Level 2 Preferred Segment Atomicity
770,20170704_1835,Tuesday,BENIGN,0,test,xgboost,Tuesday_GAP_003,False,Benign background traffic allocation (test),Level 2 Preferred Segment Atomicity
771,20170704_1836,Tuesday,BENIGN,0,test,xgboost,Tuesday_GAP_003,False,Benign background traffic allocation (test),Level 2 Preferred Segment Atomicity
772,20170704_1837,Tuesday,BENIGN,0,test,xgboost,Tuesday_GAP_003,False,Benign background traffic allocation (test),Level 2 Preferred Segment Atomicity
773,20170704_1838,Tuesday,BENIGN,0,test,xgboost,Tuesday_GAP_003,False,Benign background traffic allocation (test),Level 2 Preferred Segment Atomicity
774,20170704_1839,Tuesday,BENIGN,0,test,xgboost,Tuesday_GAP_003,False,Benign background traffic allocation (test),Level 2 Preferred Segment Atomicity
775,20170704_1840,Tuesday,BENIGN,0,test,xgboost,Tuesday_GAP_003,False,Benign background traffic allocation (test),Level 2 Preferred Segment Atomicity
776,20170704_1841,Tuesday,BENIGN,0,test,xgboost,Tuesday_GAP_003,False,Benign background traffic allocation (test),Level 2 Preferred Segment Atomicity
777,20170704_1842,Tuesday,BENIGN,0,test,xgboost,Tuesday_GAP_003,False,Benign background traffic allocation (test),Level 2 Preferred Segment Atomicity
778,20170704_1843,Tuesday,BENIGN,0,test,xgboost,Tuesday_GAP_003,False,Benign background traffic allocation (test),Level 2 Preferred Segment Atomicity
779,20170704_1844,Tuesday,BENIGN,0,test,xgboost,Tuesday_GAP_003,False,Benign background traffic allocation (test),Level 2 Preferred Segment Atomicity
780,20170704_1845,Tuesday,BENIGN,0,test,xgboost,Tuesday_GAP_003,False,Benign background traffic allocation (test),Level 2 Preferred Segment Atomicity
781,20170704_1846,Tuesday,BENIGN,0,test,xgboost,Tuesday_GAP_003,False,Benign background traffic allocation (test),Level 2 Preferred Segment Atomicity
782,20170704_1847,Tuesday,BENIGN,0,test,xgboost,Tuesday_GAP_003,False,Benign background traffic allocation (test),Level 2 Preferred Segment Atomicity
783,20170704_1848,Tuesday,BENIGN,0,test,xgboost,Tuesday_GAP_003,False,Benign background traffic allocation (test),Level 2 Preferred Segment Atomicity
784,20170704_1849,Tuesday,BENIGN,0,test,xgboost,Tuesday_GAP_003,False,Benign background traffic allocation (test),Level 2 Preferred Segment Atomicity
785,20170704_1850,Tuesday,BENIGN,0,test,xgboost,Tuesday_GAP_003,False,Benign background traffic allocation (test),Level 2 Preferred Segment Atomicity
786,20170704_1851,Tuesday,BENIGN,0,test,xgboost,Tuesday_GAP_003,False,Benign background traffic allocation (test),Level 2 Preferred Segment Atomicity
787,20170704_1852,Tuesday,BENIGN,0,test,xgboost,Tuesday_GAP_003,False,Benign background traffic allocation (test),Level 2 Preferred Segment Atomicity
788,20170704_1853,Tuesday,BENIGN,0,test,xgboost,Tuesday_GAP_003,False,Benign background traffic allocation (test),Level 2 Preferred Segment Atomicity
789,20170704_1854,Tuesday,BENIGN,0,test,xgboost,Tuesday_GAP_003,False,Benign background traffic allocation (test),Level 2 Preferred Segment Atomicity
790,20170704_1855,Tuesday,BENIGN,0,test,xgboost,Tuesday_GAP_003,False,Benign background traffic allocation (test),Level 2 Preferred Segment Atomicity
791,20170704_1856,Tuesday,BENIGN,0,test,xgboost,Tuesday_GAP_003,False,Benign background traffic allocation (test),Level 2 Preferred Segment Atomicity
792,20170704_1857,Tuesday,BENIGN,0,test,xgboost,Tuesday_GAP_003,False,Benign background traffic allocation (test),Level 2 Preferred Segment Atomicity
793,20170704_1858,Tuesday,BENIGN,0,test,xgboost,Tuesday_GAP_003,False,Benign background traffic allocation (test),Level 2 Preferred Segment Atomicity
794,20170704_1859,Tuesday,BENIGN,0,test,xgboost,Tuesday_GAP_003,False,Benign background traffic allocation (test),Level 2 Preferred Segment Atomicity
795,20170704_1900,Tuesday,BENIGN,0,test,xgboost,Tuesday_GAP_003,False,Benign background traffic allocation (test),Level 2 Preferred Segment Atomicity
796,20170704_1901,Tuesday,BENIGN,0,test,xgboost,Tuesday_GAP_003,False,Benign background traffic allocation (test),Level 2 Preferred Segment Atomicity
797,20170704_1902,Tuesday,BENIGN,0,test,xgboost,Tuesday_GAP_003,False,Benign background traffic allocation (test),Level 2 Preferred Segment Atomicity
798,20170704_1903,Tuesday,BENIGN,0,test,xgboost,Tuesday_GAP_003,False,Benign background traffic allocation (test),Level 2 Preferred Segment Atomicity
799,20170704_1904,Tuesday,BENIGN,0,test,xgboost,Tuesday_GAP_003,False,Benign background traffic allocation (test),Level 2 Preferred Segment Atomicity
800,20170704_1905,Tuesday,BENIGN,0,test,xgboost,Tuesday_GAP_003,False,Benign background traffic allocation (test),Level 2 Preferred Segment Atomicity
801,20170704_1906,Tuesday,BENIGN,0,test,xgboost,Tuesday_GAP_003,False,Benign background traffic allocation (test),Level 2 Preferred Segment Atomicity
802,20170704_1907,Tuesday,BENIGN,0,test,xgboost,Tuesday_GAP_003,False,Benign background traffic allocation (test),Level 2 Preferred Segment Atomicity
803,20170704_1908,Tuesday,BENIGN,0,test,xgboost,Tuesday_GAP_003,False,Benign background traffic allocation (test),Level 2 Preferred Segment Atomicity
804,20170704_1909,Tuesday,Brute Force,1,train,xgboost,Tuesday_SEG_003,False,Whole attack segment allocation (train),Level 2 Preferred Segment Atomicity
805,20170704_1910,Tuesday,Brute Force,1,train,xgboost,Tuesday_SEG_003,False,Whole attack segment allocation (train),Level 2 Preferred Segment Atomicity
806,20170704_1911,Tuesday,Brute Force,1,train,xgboost,Tuesday_SEG_003,False,Whole attack segment allocation (train),Level 2 Preferred Segment Atomicity
807,20170704_1912,Tuesday,Brute Force,1,train,xgboost,Tuesday_SEG_003,False,Whole attack segment allocation (train),Level 2 Preferred Segment Atomicity
808,20170704_1913,Tuesday,Brute Force,1,train,xgboost,Tuesday_SEG_003,False,Whole attack segment allocation (train),Level 2 Preferred Segment Atomicity
809,20170704_1914,Tuesday,Brute Force,1,train,xgboost,Tuesday_SEG_003,False,Whole attack segment allocation (train),Level 2 Preferred Segment Atomicity
810,20170704_1915,Tuesday,Brute Force,1,train,xgboost,Tuesday_SEG_003,False,Whole attack segment allocation (train),Level 2 Preferred Segment Atomicity
811,20170704_1916,Tuesday,Brute Force,1,train,xgboost,Tuesday_SEG_003,False,Whole attack segment allocation (train),Level 2 Preferred Segment Atomicity
812,20170704_1917,Tuesday,Brute Force,1,train,xgboost,Tuesday_SEG_003,False,Whole attack segment allocation (train),Level 2 Preferred Segment Atomicity
813,20170704_1918,Tuesday,Brute Force,1,train,xgboost,Tuesday_SEG_003,False,Whole attack segment allocation (train),Level 2 Preferred Segment Atomicity
814,20170704_1919,Tuesday,Brute Force,1,train,xgboost,Tuesday_SEG_003,False,Whole attack segment allocation (train),Level 2 Preferred Segment Atomicity
815,20170704_1920,Tuesday,Brute Force,1,train,xgboost,Tuesday_SEG_003,False,Whole attack segment allocation (train),Level 2 Preferred Segment Atomicity
816,20170704_1921,Tuesday,Brute Force,1,train,xgboost,Tuesday_SEG_003,False,Whole attack segment allocation (train),Level 2 Preferred Segment Atomicity
817,20170704_1922,Tuesday,Brute Force,1,train,xgboost,Tuesday_SEG_003,False,Whole attack segment allocation (train),Level 2 Preferred Segment Atomicity
818,20170704_1923,Tuesday,Brute Force,1,train,xgboost,Tuesday_SEG_003,False,Whole attack segment allocation (train),Level 2 Preferred Segment Atomicity
819,20170704_1924,Tuesday,Brute Force,1,train,xgboost,Tuesday_SEG_003,False,Whole attack segment allocation (train),Level 2 Preferred Segment Atomicity
820,20170704_1925,Tuesday,Brute Force,1,train,xgboost,Tuesday_SEG_003,False,Whole attack segment allocation (train),Level 2 Preferred Segment Atomicity
821,20170704_1926,Tuesday,Brute Force,1,train,xgboost,Tuesday_SEG_003,False,Whole attack segment allocation (train),Level 2 Preferred Segment Atomicity
822,20170704_1927,Tuesday,Brute Force,1,train,xgboost,Tuesday_SEG_003,False,Whole attack segment allocation (train),Level 2 Preferred Segment Atomicity
823,20170704_1928,Tuesday,Brute Force,1,train,xgboost,Tuesday_SEG_003,False,Whole attack segment allocation (train),Level 2 Preferred Segment Atomicity
824,20170704_1929,Tuesday,Brute Force,1,train,xgboost,Tuesday_SEG_003,False,Whole attack segment allocation (train),Level 2 Preferred Segment Atomicity
825,20170704_1930,Tuesday,Brute Force,1,train,xgboost,Tuesday_SEG_003,False,Whole attack segment allocation (train),Level 2 Preferred Segment Atomicity
826,20170704_1931,Tuesday,Brute Force,1,train,xgboost,Tuesday_SEG_003,False,Whole attack segment allocation (train),Level 2 Preferred Segment Atomicity
827,20170704_1932,Tuesday,Brute Force,1,train,xgboost,Tuesday_SEG_003,False,Whole attack segment allocation (train),Level 2 Preferred Segment Atomicity
828,20170704_1933,Tuesday,Brute Force,1,train,xgboost,Tuesday_SEG_003,False,Whole attack segment allocation (train),Level 2 Preferred Segment Atomicity
829,20170704_1934,Tuesday,Brute Force,1,train,xgboost,Tuesday_SEG_003,False,Whole attack segment allocation (train),Level 2 Preferred Segment Atomicity
830,20170704_1935,Tuesday,Brute Force,1,train,xgboost,Tuesday_SEG_003,False,Whole attack segment allocation (train),Level 2 Preferred Segment Atomicity
831,20170704_1936,Tuesday,Brute Force,1,train,xgboost,Tuesday_SEG_003,False,Whole attack segment allocation (train),Level 2 Preferred Segment Atomicity
832,20170704_1937,Tuesday,Brute Force,1,train,xgboost,Tuesday_SEG_003,False,Whole attack segment allocation (train),Level 2 Preferred Segment Atomicity
833,20170704_1938,Tuesday,Brute Force,1,train,xgboost,Tuesday_SEG_003,False,Whole attack segment allocation (train),Level 2 Preferred Segment Atomicity
834,20170704_1939,Tuesday,Brute Force,1,train,xgboost,Tuesday_SEG_003,False,Whole attack segment allocation (train),Level 2 Preferred Segment Atomicity
835,20170704_1940,Tuesday,Brute Force,1,train,xgboost,Tuesday_SEG_003,False,Whole attack segment allocation (train),Level 2 Preferred Segment Atomicity
836,20170704_1941,Tuesday,Brute Force,1,train,xgboost,Tuesday_SEG_003,False,Whole attack segment allocation (train),Level 2 Preferred Segment Atomicity
837,20170704_1942,Tuesday,Brute Force,1,train,xgboost,Tuesday_SEG_003,False,Whole attack segment allocation (train),Level 2 Preferred Segment Atomicity
838,20170704_1943,Tuesday,Brute Force,1,train,xgboost,Tuesday_SEG_003,False,Whole attack segment allocation (train),Level 2 Preferred Segment Atomicity
839,20170704_1944,Tuesday,Brute Force,1,train,xgboost,Tuesday_SEG_003,False,Whole attack segment allocation (train),Level 2 Preferred Segment Atomicity
840,20170704_1945,Tuesday,Brute Force,1,train,xgboost,Tuesday_SEG_003,False,Whole attack segment allocation (train),Level 2 Preferred Segment Atomicity
841,20170704_1946,Tuesday,Brute Force,1,train,xgboost,Tuesday_SEG_003,False,Whole attack segment allocation (train),Level 2 Preferred Segment Atomicity
842,20170704_1947,Tuesday,Brute Force,1,train,xgboost,Tuesday_SEG_003,False,Whole attack segment allocation (train),Level 2 Preferred Segment Atomicity
843,20170704_1948,Tuesday,Brute Force,1,train,xgboost,Tuesday_SEG_003,False,Whole attack segment allocation (train),Level 2 Preferred Segment Atomicity
844,20170704_1949,Tuesday,Brute Force,1,train,xgboost,Tuesday_SEG_003,False,Whole attack segment allocation (train),Level 2 Preferred Segment Atomicity
845,20170704_1950,Tuesday,Brute Force,1,train,xgboost,Tuesday_SEG_003,False,Whole attack segment allocation (train),Level 2 Preferred Segment Atomicity
846,20170704_1951,Tuesday,Brute Force,1,train,xgboost,Tuesday_SEG_003,False,Whole attack segment allocation (train),Level 2 Preferred Segment Atomicity
847,20170704_1952,Tuesday,Brute Force,1,train,xgboost,Tuesday_SEG_003,False,Whole attack segment allocation (train),Level 2 Preferred Segment Atomicity
848,20170704_1953,Tuesday,Brute Force,1,train,xgboost,Tuesday_SEG_003,False,Whole attack segment allocation (train),Level 2 Preferred Segment Atomicity
849,20170704_1954,Tuesday,Brute Force,1,train,xgboost,Tuesday_SEG_003,False,Whole attack segment allocation (train),Level 2 Preferred Segment Atomicity
850,20170704_1955,Tuesday,Brute Force,1,train,xgboost,Tuesday_SEG_003,False,Whole attack segment allocation (train),Level 2 Preferred Segment Atomicity
851,20170704_1956,Tuesday,Brute Force,1,train,xgboost,Tuesday_SEG_003,False,Whole attack segment allocation (train),Level 2 Preferred Segment Atomicity
852,20170704_1957,Tuesday,Brute Force,1,train,xgboost,Tuesday_SEG_003,False,Whole attack segment allocation (train),Level 2 Preferred Segment Atomicity
853,20170704_1958,Tuesday,Brute Force,1,train,xgboost,Tuesday_SEG_003,False,Whole attack segment allocation (train),Level 2 Preferred Segment Atomicity
854,20170704_1959,Tuesday,Brute Force,1,train,xgboost,Tuesday_SEG_003,False,Whole attack segment allocation (train),Level 2 Preferred Segment Atomicity
855,20170704_2000,Tuesday,Brute Force,1,train,xgboost,Tuesday_SEG_003,False,Whole attack segment allocation (train),Level 2 Preferred Segment Atomicity
856,20170704_2001,Tuesday,Brute Force,1,train,xgboost,Tuesday_SEG_003,False,Whole attack segment allocation (train),Level 2 Preferred Segment Atomicity
857,20170704_2002,Tuesday,Brute Force,1,train,xgboost,Tuesday_SEG_003,False,Whole attack segment allocation (train),Level 2 Preferred Segment Atomicity
858,20170704_2003,Tuesday,Brute Force,1,train,xgboost,Tuesday_SEG_003,False,Whole attack segment allocation (train),Level 2 Preferred Segment Atomicity
859,20170704_2004,Tuesday,Brute Force,1,train,xgboost,Tuesday_SEG_003,False,Whole attack segment allocation (train),Level 2 Preferred Segment Atomicity
860,20170704_2005,Tuesday,Brute Force,1,train,xgboost,Tuesday_SEG_003,False,Whole attack segment allocation (train),Level 2 Preferred Segment Atomicity
861,20170704_2006,Tuesday,Brute Force,1,train,xgboost,Tuesday_SEG_003,False,Whole attack segment allocation (train),Level 2 Preferred Segment Atomicity
862,20170704_2007,Tuesday,Brute Force,1,train,xgboost,Tuesday_SEG_003,False,Whole attack segment allocation (train),Level 2 Preferred Segment Atomicity
863,20170704_2008,Tuesday,Brute Force,1,train,xgboost,Tuesday_SEG_003,False,Whole attack segment allocation (train),Level 2 Preferred Segment Atomicity
864,20170704_2009,Tuesday,Brute Force,1,train,xgboost,Tuesday_SEG_003,False,Whole attack segment allocation (train),Level 2 Preferred Segment Atomicity
865,20170704_2010,Tuesday,Brute Force,1,train,xgboost,Tuesday_SEG_003,False,Whole attack segment allocation (train),Level 2 Preferred Segment Atomicity
866,20170704_2011,Tuesday,Brute Force,1,train,xgboost,Tuesday_SEG_003,False,Whole attack segment allocation (train),Level 2 Preferred Segment Atomicity
867,20170704_2012,Tuesday,BENIGN,0,train,xgboost,Tuesday_GAP_004,False,Benign background traffic allocation (train),Level 2 Preferred Segment Atomicity
868,20170704_2013,Tuesday,BENIGN,0,train,xgboost,Tuesday_GAP_004,False,Benign background traffic allocation (train),Level 2 Preferred Segment Atomicity
869,20170704_2014,Tuesday,BENIGN,0,train,xgboost,Tuesday_GAP_004,False,Benign background traffic allocation (train),Level 2 Preferred Segment Atomicity
870,20170704_2015,Tuesday,BENIGN,0,train,xgboost,Tuesday_GAP_004,False,Benign background traffic allocation (train),Level 2 Preferred Segment Atomicity
871,20170704_2016,Tuesday,BENIGN,0,train,xgboost,Tuesday_GAP_004,False,Benign background traffic allocation (train),Level 2 Preferred Segment Atomicity
872,20170704_2017,Tuesday,BENIGN,0,train,xgboost,Tuesday_GAP_004,False,Benign background traffic allocation (train),Level 2 Preferred Segment Atomicity
873,20170704_2018,Tuesday,BENIGN,0,train,xgboost,Tuesday_GAP_004,False,Benign background traffic allocation (train),Level 2 Preferred Segment Atomicity
874,20170704_2019,Tuesday,BENIGN,0,train,xgboost,Tuesday_GAP_004,False,Benign background traffic allocation (train),Level 2 Preferred Segment Atomicity
875,20170704_2020,Tuesday,BENIGN,0,train,xgboost,Tuesday_GAP_004,False,Benign background traffic allocation (train),Level 2 Preferred Segment Atomicity
876,20170704_2021,Tuesday,BENIGN,0,train,xgboost,Tuesday_GAP_004,False,Benign background traffic allocation (train),Level 2 Preferred Segment Atomicity
877,20170704_2022,Tuesday,BENIGN,0,train,xgboost,Tuesday_GAP_004,False,Benign background traffic allocation (train),Level 2 Preferred Segment Atomicity
878,20170704_2023,Tuesday,BENIGN,0,train,xgboost,Tuesday_GAP_004,False,Benign background traffic allocation (train),Level 2 Preferred Segment Atomicity
879,20170704_2024,Tuesday,BENIGN,0,train,xgboost,Tuesday_GAP_004,False,Benign background traffic allocation (train),Level 2 Preferred Segment Atomicity
880,20170704_2025,Tuesday,BENIGN,0,train,xgboost,Tuesday_GAP_004,False,Benign background traffic allocation (train),Level 2 Preferred Segment Atomicity
881,20170704_2026,Tuesday,BENIGN,0,train,xgboost,Tuesday_GAP_004,False,Benign background traffic allocation (train),Level 2 Preferred Segment Atomicity
882,20170704_2027,Tuesday,BENIGN,0,train,xgboost,Tuesday_GAP_004,False,Benign background traffic allocation (train),Level 2 Preferred Segment Atomicity
883,20170704_2028,Tuesday,BENIGN,0,train,xgboost,Tuesday_GAP_004,False,Benign background traffic allocation (train),Level 2 Preferred Segment Atomicity
884,20170704_2029,Tuesday,BENIGN,0,train,xgboost,Tuesday_GAP_004,False,Benign background traffic allocation (train),Level 2 Preferred Segment Atomicity
885,20170704_2030,Tuesday,BENIGN,0,train,xgboost,Tuesday_GAP_004,False,Benign background traffic allocation (train),Level 2 Preferred Segment Atomicity
886,20170704_2031,Tuesday,BENIGN,0,train,xgboost,Tuesday_GAP_004,False,Benign background traffic allocation (train),Level 2 Preferred Segment Atomicity
887,20170704_2032,Tuesday,BENIGN,0,train,xgboost,Tuesday_GAP_004,False,Benign background traffic allocation (train),Level 2 Preferred Segment Atomicity
888,20170704_2033,Tuesday,BENIGN,0,train,xgboost,Tuesday_GAP_004,False,Benign background traffic allocation (train),Level 2 Preferred Segment Atomicity
889,20170704_2034,Tuesday,BENIGN,0,train,xgboost,Tuesday_GAP_004,False,Benign background traffic allocation (train),Level 2 Preferred Segment Atomicity
890,20170704_2035,Tuesday,BENIGN,0,train,xgboost,Tuesday_GAP_004,False,Benign background traffic allocation (train),Level 2 Preferred Segment Atomicity
891,20170704_2036,Tuesday,BENIGN,0,train,xgboost,Tuesday_GAP_004,False,Benign background traffic allocation (train),Level 2 Preferred Segment Atomicity
892,20170704_2037,Tuesday,BENIGN,0,train,xgboost,Tuesday_GAP_004,False,Benign background traffic allocation (train),Level 2 Preferred Segment Atomicity
893,20170704_2038,Tuesday,BENIGN,0,train,xgboost,Tuesday_GAP_004,False,Benign background traffic allocation (train),Level 2 Preferred Segment Atomicity
894,20170704_2039,Tuesday,BENIGN,0,train,xgboost,Tuesday_GAP_004,False,Benign background traffic allocation (train),Level 2 Preferred Segment Atomicity
895,20170704_2040,Tuesday,BENIGN,0,train,xgboost,Tuesday_GAP_004,False,Benign background traffic allocation (train),Level 2 Preferred Segment Atomicity
896,20170704_2041,Tuesday,BENIGN,0,train,xgboost,Tuesday_GAP_004,False,Benign background traffic allocation (train),Level 2 Preferred Segment Atomicity
897,20170704_2042,Tuesday,BENIGN,0,train,xgboost,Tuesday_GAP_004,False,Benign background traffic allocation (train),Level 2 Preferred Segment Atomicity
898,20170704_2043,Tuesday,BENIGN,0,train,xgboost,Tuesday_GAP_004,False,Benign background traffic allocation (train),Level 2 Preferred Segment Atomicity
899,20170704_2044,Tuesday,BENIGN,0,train,xgboost,Tuesday_GAP_004,False,Benign background traffic allocation (train),Level 2 Preferred Segment Atomicity
900,20170704_2045,Tuesday,BENIGN,0,train,xgboost,Tuesday_GAP_004,False,Benign background traffic allocation (train),Level 2 Preferred Segment Atomicity
901,20170704_2046,Tuesday,BENIGN,0,train,xgboost,Tuesday_GAP_004,False,Benign background traffic allocation (train),Level 2 Preferred Segment Atomicity
902,20170704_2047,Tuesday,BENIGN,0,train,xgboost,Tuesday_GAP_004,False,Benign background traffic allocation (train),Level 2 Preferred Segment Atomicity
903,20170704_2048,Tuesday,BENIGN,0,validation,xgboost,Tuesday_GAP_004,False,Benign background traffic allocation (validation),Level 2 Preferred Segment Atomicity
904,20170704_2049,Tuesday,BENIGN,0,validation,xgboost,Tuesday_GAP_004,False,Benign background traffic allocation (validation),Level 2 Preferred Segment Atomicity
905,20170704_2050,Tuesday,BENIGN,0,validation,xgboost,Tuesday_GAP_004,False,Benign background traffic allocation (validation),Level 2 Preferred Segment Atomicity
906,20170704_2051,Tuesday,BENIGN,0,validation,xgboost,Tuesday_GAP_004,False,Benign background traffic allocation (validation),Level 2 Preferred Segment Atomicity
907,20170704_2052,Tuesday,BENIGN,0,validation,xgboost,Tuesday_GAP_004,False,Benign background traffic allocation (validation),Level 2 Preferred Segment Atomicity
908,20170704_2053,Tuesday,BENIGN,0,validation,xgboost,Tuesday_GAP_004,False,Benign background traffic allocation (validation),Level 2 Preferred Segment Atomicity
909,20170704_2054,Tuesday,BENIGN,0,validation,xgboost,Tuesday_GAP_004,False,Benign background traffic allocation (validation),Level 2 Preferred Segment Atomicity
910,20170704_2055,Tuesday,BENIGN,0,validation,xgboost,Tuesday_GAP_004,False,Benign background traffic allocation (validation),Level 2 Preferred Segment Atomicity
911,20170704_2056,Tuesday,BENIGN,0,test,xgboost,Tuesday_GAP_004,False,Benign background traffic allocation (test),Level 2 Preferred Segment Atomicity
912,20170704_2057,Tuesday,BENIGN,0,test,xgboost,Tuesday_GAP_004,False,Benign background traffic allocation (test),Level 2 Preferred Segment Atomicity
913,20170704_2058,Tuesday,BENIGN,0,test,xgboost,Tuesday_GAP_004,False,Benign background traffic allocation (test),Level 2 Preferred Segment Atomicity
914,20170704_2059,Tuesday,BENIGN,0,test,xgboost,Tuesday_GAP_004,False,Benign background traffic allocation (test),Level 2 Preferred Segment Atomicity
915,20170704_2100,Tuesday,BENIGN,0,test,xgboost,Tuesday_GAP_004,False,Benign background traffic allocation (test),Level 2 Preferred Segment Atomicity
916,20170704_2101,Tuesday,BENIGN,0,test,xgboost,Tuesday_GAP_004,False,Benign background traffic allocation (test),Level 2 Preferred Segment Atomicity
917,20170704_2102,Tuesday,BENIGN,0,test,xgboost,Tuesday_GAP_004,False,Benign background traffic allocation (test),Level 2 Preferred Segment Atomicity
918,20170704_2103,Tuesday,BENIGN,0,test,xgboost,Tuesday_GAP_004,False,Benign background traffic allocation (test),Level 2 Preferred Segment Atomicity
919,20170704_2104,Tuesday,Brute Force,1,train,xgboost,Tuesday_SEG_004,False,Whole attack segment allocation (train),Level 2 Preferred Segment Atomicity
920,20170704_2105,Tuesday,BENIGN,0,train,xgboost,Tuesday_GAP_005,False,Benign background traffic allocation (train),Level 2 Preferred Segment Atomicity
921,20170704_2106,Tuesday,BENIGN,0,train,xgboost,Tuesday_GAP_005,False,Benign background traffic allocation (train),Level 2 Preferred Segment Atomicity
922,20170704_2107,Tuesday,BENIGN,0,train,xgboost,Tuesday_GAP_005,False,Benign background traffic allocation (train),Level 2 Preferred Segment Atomicity
923,20170704_2108,Tuesday,BENIGN,0,train,xgboost,Tuesday_GAP_005,False,Benign background traffic allocation (train),Level 2 Preferred Segment Atomicity
924,20170704_2109,Tuesday,BENIGN,0,train,xgboost,Tuesday_GAP_005,False,Benign background traffic allocation (train),Level 2 Preferred Segment Atomicity
925,20170704_2110,Tuesday,BENIGN,0,train,xgboost,Tuesday_GAP_005,False,Benign background traffic allocation (train),Level 2 Preferred Segment Atomicity
926,20170704_2111,Tuesday,BENIGN,0,train,xgboost,Tuesday_GAP_005,False,Benign background traffic allocation (train),Level 2 Preferred Segment Atomicity
927,20170704_2112,Tuesday,BENIGN,0,train,xgboost,Tuesday_GAP_005,False,Benign background traffic allocation (train),Level 2 Preferred Segment Atomicity
928,20170704_2113,Tuesday,BENIGN,0,train,xgboost,Tuesday_GAP_005,False,Benign background traffic allocation (train),Level 2 Preferred Segment Atomicity
929,20170704_2114,Tuesday,BENIGN,0,train,xgboost,Tuesday_GAP_005,False,Benign background traffic allocation (train),Level 2 Preferred Segment Atomicity
930,20170704_2115,Tuesday,BENIGN,0,train,xgboost,Tuesday_GAP_005,False,Benign background traffic allocation (train),Level 2 Preferred Segment Atomicity
931,20170704_2116,Tuesday,BENIGN,0,train,xgboost,Tuesday_GAP_005,False,Benign background traffic allocation (train),Level 2 Preferred Segment Atomicity
932,20170704_2117,Tuesday,BENIGN,0,train,xgboost,Tuesday_GAP_005,False,Benign background traffic allocation (train),Level 2 Preferred Segment Atomicity
933,20170704_2118,Tuesday,BENIGN,0,train,xgboost,Tuesday_GAP_005,False,Benign background traffic allocation (train),Level 2 Preferred Segment Atomicity
934,20170704_2119,Tuesday,BENIGN,0,train,xgboost,Tuesday_GAP_005,False,Benign background traffic allocation (train),Level 2 Preferred Segment Atomicity
935,20170704_2120,Tuesday,BENIGN,0,train,xgboost,Tuesday_GAP_005,False,Benign background traffic allocation (train),Level 2 Preferred Segment Atomicity
936,20170704_2121,Tuesday,BENIGN,0,train,xgboost,Tuesday_GAP_005,False,Benign background traffic allocation (train),Level 2 Preferred Segment Atomicity
937,20170704_2122,Tuesday,BENIGN,0,train,xgboost,Tuesday_GAP_005,False,Benign background traffic allocation (train),Level 2 Preferred Segment Atomicity
938,20170704_2123,Tuesday,BENIGN,0,train,xgboost,Tuesday_GAP_005,False,Benign background traffic allocation (train),Level 2 Preferred Segment Atomicity
939,20170704_2124,Tuesday,BENIGN,0,train,xgboost,Tuesday_GAP_005,False,Benign background traffic allocation (train),Level 2 Preferred Segment Atomicity
940,20170704_2125,Tuesday,BENIGN,0,train,xgboost,Tuesday_GAP_005,False,Benign background traffic allocation (train),Level 2 Preferred Segment Atomicity
941,20170704_2126,Tuesday,BENIGN,0,train,xgboost,Tuesday_GAP_005,False,Benign background traffic allocation (train),Level 2 Preferred Segment Atomicity
942,20170704_2127,Tuesday,BENIGN,0,train,xgboost,Tuesday_GAP_005,False,Benign background traffic allocation (train),Level 2 Preferred Segment Atomicity
943,20170704_2128,Tuesday,BENIGN,0,train,xgboost,Tuesday_GAP_005,False,Benign background traffic allocation (train),Level 2 Preferred Segment Atomicity
944,20170704_2129,Tuesday,BENIGN,0,train,xgboost,Tuesday_GAP_005,False,Benign background traffic allocation (train),Level 2 Preferred Segment Atomicity
945,20170704_2130,Tuesday,BENIGN,0,train,xgboost,Tuesday_GAP_005,False,Benign background traffic allocation (train),Level 2 Preferred Segment Atomicity
946,20170704_2131,Tuesday,BENIGN,0,train,xgboost,Tuesday_GAP_005,False,Benign background traffic allocation (train),Level 2 Preferred Segment Atomicity
947,20170704_2132,Tuesday,BENIGN,0,train,xgboost,Tuesday_GAP_005,False,Benign background traffic allocation (train),Level 2 Preferred Segment Atomicity
948,20170704_2133,Tuesday,BENIGN,0,train,xgboost,Tuesday_GAP_005,False,Benign background traffic allocation (train),Level 2 Preferred Segment Atomicity
949,20170704_2134,Tuesday,BENIGN,0,train,xgboost,Tuesday_GAP_005,False,Benign background traffic allocation (train),Level 2 Preferred Segment Atomicity
950,20170704_2135,Tuesday,BENIGN,0,train,xgboost,Tuesday_GAP_005,False,Benign background traffic allocation (train),Level 2 Preferred Segment Atomicity
951,20170704_2136,Tuesday,BENIGN,0,train,xgboost,Tuesday_GAP_005,False,Benign background traffic allocation (train),Level 2 Preferred Segment Atomicity
952,20170704_2137,Tuesday,BENIGN,0,train,xgboost,Tuesday_GAP_005,False,Benign background traffic allocation (train),Level 2 Preferred Segment Atomicity
953,20170704_2138,Tuesday,BENIGN,0,train,xgboost,Tuesday_GAP_005,False,Benign background traffic allocation (train),Level 2 Preferred Segment Atomicity
954,20170704_2139,Tuesday,BENIGN,0,train,xgboost,Tuesday_GAP_005,False,Benign background traffic allocation (train),Level 2 Preferred Segment Atomicity
955,20170704_2140,Tuesday,BENIGN,0,train,xgboost,Tuesday_GAP_005,False,Benign background traffic allocation (train),Level 2 Preferred Segment Atomicity
956,20170704_2141,Tuesday,BENIGN,0,train,xgboost,Tuesday_GAP_005,False,Benign background traffic allocation (train),Level 2 Preferred Segment Atomicity
957,20170704_2142,Tuesday,BENIGN,0,train,xgboost,Tuesday_GAP_005,False,Benign background traffic allocation (train),Level 2 Preferred Segment Atomicity
958,20170704_2143,Tuesday,BENIGN,0,train,xgboost,Tuesday_GAP_005,False,Benign background traffic allocation (train),Level 2 Preferred Segment Atomicity
959,20170704_2144,Tuesday,BENIGN,0,validation,xgboost,Tuesday_GAP_005,False,Benign background traffic allocation (validation),Level 2 Preferred Segment Atomicity
960,20170704_2145,Tuesday,BENIGN,0,validation,xgboost,Tuesday_GAP_005,False,Benign background traffic allocation (validation),Level 2 Preferred Segment Atomicity
961,20170704_2146,Tuesday,BENIGN,0,validation,xgboost,Tuesday_GAP_005,False,Benign background traffic allocation (validation),Level 2 Preferred Segment Atomicity
962,20170704_2147,Tuesday,BENIGN,0,validation,xgboost,Tuesday_GAP_005,False,Benign background traffic allocation (validation),Level 2 Preferred Segment Atomicity
963,20170704_2148,Tuesday,BENIGN,0,validation,xgboost,Tuesday_GAP_005,False,Benign background traffic allocation (validation),Level 2 Preferred Segment Atomicity
964,20170704_2149,Tuesday,BENIGN,0,validation,xgboost,Tuesday_GAP_005,False,Benign background traffic allocation (validation),Level 2 Preferred Segment Atomicity
965,20170704_2150,Tuesday,BENIGN,0,validation,xgboost,Tuesday_GAP_005,False,Benign background traffic allocation (validation),Level 2 Preferred Segment Atomicity
966,20170704_2151,Tuesday,BENIGN,0,validation,xgboost,Tuesday_GAP_005,False,Benign background traffic allocation (validation),Level 2 Preferred Segment Atomicity
967,20170704_2152,Tuesday,BENIGN,0,test,xgboost,Tuesday_GAP_005,False,Benign background traffic allocation (test),Level 2 Preferred Segment Atomicity
968,20170704_2153,Tuesday,BENIGN,0,test,xgboost,Tuesday_GAP_005,False,Benign background traffic allocation (test),Level 2 Preferred Segment Atomicity
969,20170704_2154,Tuesday,BENIGN,0,test,xgboost,Tuesday_GAP_005,False,Benign background traffic allocation (test),Level 2 Preferred Segment Atomicity
970,20170704_2155,Tuesday,BENIGN,0,test,xgboost,Tuesday_GAP_005,False,Benign background traffic allocation (test),Level 2 Preferred Segment Atomicity
971,20170704_2156,Tuesday,BENIGN,0,test,xgboost,Tuesday_GAP_005,False,Benign background traffic allocation (test),Level 2 Preferred Segment Atomicity
972,20170704_2157,Tuesday,BENIGN,0,test,xgboost,Tuesday_GAP_005,False,Benign background traffic allocation (test),Level 2 Preferred Segment Atomicity
973,20170704_2158,Tuesday,BENIGN,0,test,xgboost,Tuesday_GAP_005,False,Benign background traffic allocation (test),Level 2 Preferred Segment Atomicity
974,20170704_2159,Tuesday,BENIGN,0,test,xgboost,Tuesday_GAP_005,False,Benign background traffic allocation (test),Level 2 Preferred Segment Atomicity
975,20170704_2200,Tuesday,BENIGN,0,test,xgboost,Tuesday_GAP_005,False,Benign background traffic allocation (test),Level 2 Preferred Segment Atomicity
976,20170705_1342,Wednesday,BENIGN,0,train,xgboost,Wednesday_GAP_001,False,Benign background traffic allocation (train),Level 2 Preferred Segment Atomicity
977,20170705_1343,Wednesday,BENIGN,0,train,xgboost,Wednesday_GAP_001,False,Benign background traffic allocation (train),Level 2 Preferred Segment Atomicity
978,20170705_1344,Wednesday,BENIGN,0,train,xgboost,Wednesday_GAP_001,False,Benign background traffic allocation (train),Level 2 Preferred Segment Atomicity
979,20170705_1345,Wednesday,BENIGN,0,train,xgboost,Wednesday_GAP_001,False,Benign background traffic allocation (train),Level 2 Preferred Segment Atomicity
980,20170705_1346,Wednesday,BENIGN,0,train,xgboost,Wednesday_GAP_001,False,Benign background traffic allocation (train),Level 2 Preferred Segment Atomicity
981,20170705_1347,Wednesday,BENIGN,0,train,xgboost,Wednesday_GAP_001,False,Benign background traffic allocation (train),Level 2 Preferred Segment Atomicity
982,20170705_1348,Wednesday,BENIGN,0,train,xgboost,Wednesday_GAP_001,False,Benign background traffic allocation (train),Level 2 Preferred Segment Atomicity
983,20170705_1349,Wednesday,BENIGN,0,train,xgboost,Wednesday_GAP_001,False,Benign background traffic allocation (train),Level 2 Preferred Segment Atomicity
984,20170705_1350,Wednesday,BENIGN,0,train,xgboost,Wednesday_GAP_001,False,Benign background traffic allocation (train),Level 2 Preferred Segment Atomicity
985,20170705_1351,Wednesday,BENIGN,0,train,xgboost,Wednesday_GAP_001,False,Benign background traffic allocation (train),Level 2 Preferred Segment Atomicity
986,20170705_1352,Wednesday,BENIGN,0,train,xgboost,Wednesday_GAP_001,False,Benign background traffic allocation (train),Level 2 Preferred Segment Atomicity
987,20170705_1353,Wednesday,BENIGN,0,train,xgboost,Wednesday_GAP_001,False,Benign background traffic allocation (train),Level 2 Preferred Segment Atomicity
988,20170705_1354,Wednesday,BENIGN,0,train,xgboost,Wednesday_GAP_001,False,Benign background traffic allocation (train),Level 2 Preferred Segment Atomicity
989,20170705_1355,Wednesday,BENIGN,0,validation,xgboost,Wednesday_GAP_001,False,Benign background traffic allocation (validation),Level 2 Preferred Segment Atomicity
990,20170705_1356,Wednesday,BENIGN,0,validation,xgboost,Wednesday_GAP_001,False,Benign background traffic allocation (validation),Level 2 Preferred Segment Atomicity
991,20170705_1357,Wednesday,BENIGN,0,validation,xgboost,Wednesday_GAP_001,False,Benign background traffic allocation (validation),Level 2 Preferred Segment Atomicity
992,20170705_1358,Wednesday,BENIGN,0,test,xgboost,Wednesday_GAP_001,False,Benign background traffic allocation (test),Level 2 Preferred Segment Atomicity
993,20170705_1359,Wednesday,BENIGN,0,test,xgboost,Wednesday_GAP_001,False,Benign background traffic allocation (test),Level 2 Preferred Segment Atomicity
994,20170705_1400,Wednesday,BENIGN,0,test,xgboost,Wednesday_GAP_001,False,Benign background traffic allocation (test),Level 2 Preferred Segment Atomicity
995,20170705_1401,Wednesday,DoS,1,train,xgboost,Wednesday_SEG_001,False,Whole attack segment allocation (train),Level 2 Preferred Segment Atomicity
996,20170705_1402,Wednesday,BENIGN,0,train,xgboost,Wednesday_GAP_002,False,Benign background traffic allocation (train),Level 2 Preferred Segment Atomicity
997,20170705_1403,Wednesday,BENIGN,0,train,xgboost,Wednesday_GAP_002,False,Benign background traffic allocation (train),Level 2 Preferred Segment Atomicity
998,20170705_1404,Wednesday,BENIGN,0,train,xgboost,Wednesday_GAP_002,False,Benign background traffic allocation (train),Level 2 Preferred Segment Atomicity
999,20170705_1405,Wednesday,BENIGN,0,train,xgboost,Wednesday_GAP_002,False,Benign background traffic allocation (train),Level 2 Preferred Segment Atomicity
1000,20170705_1406,Wednesday,BENIGN,0,train,xgboost,Wednesday_GAP_002,False,Benign background traffic allocation (train),Level 2 Preferred Segment Atomicity
1001,20170705_1407,Wednesday,BENIGN,0,train,xgboost,Wednesday_GAP_002,False,Benign background traffic allocation (train),Level 2 Preferred Segment Atomicity
1002,20170705_1408,Wednesday,BENIGN,0,train,xgboost,Wednesday_GAP_002,False,Benign background traffic allocation (train),Level 2 Preferred Segment Atomicity
1003,20170705_1409,Wednesday,BENIGN,0,train,xgboost,Wednesday_GAP_002,False,Benign background traffic allocation (train),Level 2 Preferred Segment Atomicity
1004,20170705_1410,Wednesday,BENIGN,0,train,xgboost,Wednesday_GAP_002,False,Benign background traffic allocation (train),Level 2 Preferred Segment Atomicity
1005,20170705_1411,Wednesday,BENIGN,0,train,xgboost,Wednesday_GAP_002,False,Benign background traffic allocation (train),Level 2 Preferred Segment Atomicity
1006,20170705_1412,Wednesday,BENIGN,0,train,xgboost,Wednesday_GAP_002,False,Benign background traffic allocation (train),Level 2 Preferred Segment Atomicity
1007,20170705_1413,Wednesday,BENIGN,0,train,xgboost,Wednesday_GAP_002,False,Benign background traffic allocation (train),Level 2 Preferred Segment Atomicity
1008,20170705_1414,Wednesday,BENIGN,0,train,xgboost,Wednesday_GAP_002,False,Benign background traffic allocation (train),Level 2 Preferred Segment Atomicity
1009,20170705_1415,Wednesday,BENIGN,0,train,xgboost,Wednesday_GAP_002,False,Benign background traffic allocation (train),Level 2 Preferred Segment Atomicity
1010,20170705_1416,Wednesday,BENIGN,0,train,xgboost,Wednesday_GAP_002,False,Benign background traffic allocation (train),Level 2 Preferred Segment Atomicity
1011,20170705_1417,Wednesday,BENIGN,0,train,xgboost,Wednesday_GAP_002,False,Benign background traffic allocation (train),Level 2 Preferred Segment Atomicity
1012,20170705_1418,Wednesday,BENIGN,0,train,xgboost,Wednesday_GAP_002,False,Benign background traffic allocation (train),Level 2 Preferred Segment Atomicity
1013,20170705_1419,Wednesday,BENIGN,0,train,xgboost,Wednesday_GAP_002,False,Benign background traffic allocation (train),Level 2 Preferred Segment Atomicity
1014,20170705_1420,Wednesday,BENIGN,0,train,xgboost,Wednesday_GAP_002,False,Benign background traffic allocation (train),Level 2 Preferred Segment Atomicity
1015,20170705_1421,Wednesday,BENIGN,0,train,xgboost,Wednesday_GAP_002,False,Benign background traffic allocation (train),Level 2 Preferred Segment Atomicity
1016,20170705_1422,Wednesday,BENIGN,0,train,xgboost,Wednesday_GAP_002,False,Benign background traffic allocation (train),Level 2 Preferred Segment Atomicity
1017,20170705_1423,Wednesday,BENIGN,0,train,xgboost,Wednesday_GAP_002,False,Benign background traffic allocation (train),Level 2 Preferred Segment Atomicity
1018,20170705_1424,Wednesday,BENIGN,0,train,xgboost,Wednesday_GAP_002,False,Benign background traffic allocation (train),Level 2 Preferred Segment Atomicity
1019,20170705_1425,Wednesday,BENIGN,0,train,xgboost,Wednesday_GAP_002,False,Benign background traffic allocation (train),Level 2 Preferred Segment Atomicity
1020,20170705_1426,Wednesday,BENIGN,0,train,xgboost,Wednesday_GAP_002,False,Benign background traffic allocation (train),Level 2 Preferred Segment Atomicity
1021,20170705_1427,Wednesday,BENIGN,0,train,xgboost,Wednesday_GAP_002,False,Benign background traffic allocation (train),Level 2 Preferred Segment Atomicity
1022,20170705_1428,Wednesday,BENIGN,0,train,xgboost,Wednesday_GAP_002,False,Benign background traffic allocation (train),Level 2 Preferred Segment Atomicity
1023,20170705_1429,Wednesday,BENIGN,0,train,xgboost,Wednesday_GAP_002,False,Benign background traffic allocation (train),Level 2 Preferred Segment Atomicity
1024,20170705_1430,Wednesday,BENIGN,0,train,xgboost,Wednesday_GAP_002,False,Benign background traffic allocation (train),Level 2 Preferred Segment Atomicity
1025,20170705_1431,Wednesday,BENIGN,0,train,xgboost,Wednesday_GAP_002,False,Benign background traffic allocation (train),Level 2 Preferred Segment Atomicity
1026,20170705_1432,Wednesday,BENIGN,0,train,xgboost,Wednesday_GAP_002,False,Benign background traffic allocation (train),Level 2 Preferred Segment Atomicity
1027,20170705_1433,Wednesday,BENIGN,0,train,xgboost,Wednesday_GAP_002,False,Benign background traffic allocation (train),Level 2 Preferred Segment Atomicity
1028,20170705_1434,Wednesday,BENIGN,0,validation,xgboost,Wednesday_GAP_002,False,Benign background traffic allocation (validation),Level 2 Preferred Segment Atomicity
1029,20170705_1435,Wednesday,BENIGN,0,validation,xgboost,Wednesday_GAP_002,False,Benign background traffic allocation (validation),Level 2 Preferred Segment Atomicity
1030,20170705_1436,Wednesday,BENIGN,0,validation,xgboost,Wednesday_GAP_002,False,Benign background traffic allocation (validation),Level 2 Preferred Segment Atomicity
1031,20170705_1437,Wednesday,BENIGN,0,validation,xgboost,Wednesday_GAP_002,False,Benign background traffic allocation (validation),Level 2 Preferred Segment Atomicity
1032,20170705_1438,Wednesday,BENIGN,0,validation,xgboost,Wednesday_GAP_002,False,Benign background traffic allocation (validation),Level 2 Preferred Segment Atomicity
1033,20170705_1439,Wednesday,BENIGN,0,validation,xgboost,Wednesday_GAP_002,False,Benign background traffic allocation (validation),Level 2 Preferred Segment Atomicity
1034,20170705_1440,Wednesday,BENIGN,0,validation,xgboost,Wednesday_GAP_002,False,Benign background traffic allocation (validation),Level 2 Preferred Segment Atomicity
1035,20170705_1441,Wednesday,BENIGN,0,test,xgboost,Wednesday_GAP_002,False,Benign background traffic allocation (test),Level 2 Preferred Segment Atomicity
1036,20170705_1442,Wednesday,BENIGN,0,test,xgboost,Wednesday_GAP_002,False,Benign background traffic allocation (test),Level 2 Preferred Segment Atomicity
1037,20170705_1443,Wednesday,BENIGN,0,test,xgboost,Wednesday_GAP_002,False,Benign background traffic allocation (test),Level 2 Preferred Segment Atomicity
1038,20170705_1444,Wednesday,BENIGN,0,test,xgboost,Wednesday_GAP_002,False,Benign background traffic allocation (test),Level 2 Preferred Segment Atomicity
1039,20170705_1445,Wednesday,BENIGN,0,test,xgboost,Wednesday_GAP_002,False,Benign background traffic allocation (test),Level 2 Preferred Segment Atomicity
1040,20170705_1446,Wednesday,BENIGN,0,test,xgboost,Wednesday_GAP_002,False,Benign background traffic allocation (test),Level 2 Preferred Segment Atomicity
1041,20170705_1447,Wednesday,BENIGN,0,test,xgboost,Wednesday_GAP_002,False,Benign background traffic allocation (test),Level 2 Preferred Segment Atomicity
1042,20170705_1448,Wednesday,DoS,1,train,xgboost,Wednesday_SEG_002,False,Whole attack segment allocation (train),Level 2 Preferred Segment Atomicity
1043,20170705_1449,Wednesday,DoS,1,train,xgboost,Wednesday_SEG_002,False,Whole attack segment allocation (train),Level 2 Preferred Segment Atomicity
1044,20170705_1450,Wednesday,DoS,1,train,xgboost,Wednesday_SEG_002,False,Whole attack segment allocation (train),Level 2 Preferred Segment Atomicity
1045,20170705_1451,Wednesday,DoS,1,train,xgboost,Wednesday_SEG_002,False,Whole attack segment allocation (train),Level 2 Preferred Segment Atomicity
1046,20170705_1452,Wednesday,DoS,1,train,xgboost,Wednesday_SEG_002,False,Whole attack segment allocation (train),Level 2 Preferred Segment Atomicity
1047,20170705_1453,Wednesday,DoS,1,train,xgboost,Wednesday_SEG_002,False,Whole attack segment allocation (train),Level 2 Preferred Segment Atomicity
1048,20170705_1454,Wednesday,DoS,1,train,xgboost,Wednesday_SEG_002,False,Whole attack segment allocation (train),Level 2 Preferred Segment Atomicity
1049,20170705_1455,Wednesday,DoS,1,train,xgboost,Wednesday_SEG_002,False,Whole attack segment allocation (train),Level 2 Preferred Segment Atomicity
1050,20170705_1456,Wednesday,DoS,1,train,xgboost,Wednesday_SEG_002,False,Whole attack segment allocation (train),Level 2 Preferred Segment Atomicity
1051,20170705_1457,Wednesday,DoS,1,train,xgboost,Wednesday_SEG_002,False,Whole attack segment allocation (train),Level 2 Preferred Segment Atomicity
1052,20170705_1458,Wednesday,DoS,1,train,xgboost,Wednesday_SEG_002,False,Whole attack segment allocation (train),Level 2 Preferred Segment Atomicity
1053,20170705_1459,Wednesday,DoS,1,train,xgboost,Wednesday_SEG_002,False,Whole attack segment allocation (train),Level 2 Preferred Segment Atomicity
1054,20170705_1500,Wednesday,DoS,1,train,xgboost,Wednesday_SEG_002,False,Whole attack segment allocation (train),Level 2 Preferred Segment Atomicity
1055,20170705_1501,Wednesday,DoS,1,train,xgboost,Wednesday_SEG_002,False,Whole attack segment allocation (train),Level 2 Preferred Segment Atomicity
1056,20170705_1502,Wednesday,DoS,1,train,xgboost,Wednesday_SEG_002,False,Whole attack segment allocation (train),Level 2 Preferred Segment Atomicity
1057,20170705_1503,Wednesday,DoS,1,train,xgboost,Wednesday_SEG_002,False,Whole attack segment allocation (train),Level 2 Preferred Segment Atomicity
1058,20170705_1504,Wednesday,DoS,1,train,xgboost,Wednesday_SEG_002,False,Whole attack segment allocation (train),Level 2 Preferred Segment Atomicity
1059,20170705_1505,Wednesday,DoS,1,train,xgboost,Wednesday_SEG_002,False,Whole attack segment allocation (train),Level 2 Preferred Segment Atomicity
1060,20170705_1506,Wednesday,DoS,1,train,xgboost,Wednesday_SEG_002,False,Whole attack segment allocation (train),Level 2 Preferred Segment Atomicity
1061,20170705_1507,Wednesday,DoS,1,train,xgboost,Wednesday_SEG_002,False,Whole attack segment allocation (train),Level 2 Preferred Segment Atomicity
1062,20170705_1508,Wednesday,DoS,1,train,xgboost,Wednesday_SEG_002,False,Whole attack segment allocation (train),Level 2 Preferred Segment Atomicity
1063,20170705_1509,Wednesday,DoS,1,train,xgboost,Wednesday_SEG_002,False,Whole attack segment allocation (train),Level 2 Preferred Segment Atomicity
1064,20170705_1510,Wednesday,DoS,1,train,xgboost,Wednesday_SEG_002,False,Whole attack segment allocation (train),Level 2 Preferred Segment Atomicity
1065,20170705_1511,Wednesday,BENIGN,0,train,xgboost,Wednesday_GAP_003,False,Benign background traffic allocation (train),Level 2 Preferred Segment Atomicity
1066,20170705_1512,Wednesday,BENIGN,0,train,xgboost,Wednesday_GAP_003,False,Benign background traffic allocation (train),Level 2 Preferred Segment Atomicity
1067,20170705_1513,Wednesday,BENIGN,0,train,xgboost,Wednesday_GAP_003,False,Benign background traffic allocation (train),Level 2 Preferred Segment Atomicity
1068,20170705_1514,Wednesday,BENIGN,0,validation,xgboost,Wednesday_GAP_003,False,Benign background traffic allocation (validation),Level 2 Preferred Segment Atomicity
1069,20170705_1515,Wednesday,DoS,1,train,xgboost,Wednesday_SEG_003,False,Whole attack segment allocation (train),Level 2 Preferred Segment Atomicity
1070,20170705_1516,Wednesday,DoS,1,train,xgboost,Wednesday_SEG_003,False,Whole attack segment allocation (train),Level 2 Preferred Segment Atomicity
1071,20170705_1517,Wednesday,DoS,1,train,xgboost,Wednesday_SEG_003,False,Whole attack segment allocation (train),Level 2 Preferred Segment Atomicity
1072,20170705_1518,Wednesday,DoS,1,train,xgboost,Wednesday_SEG_003,False,Whole attack segment allocation (train),Level 2 Preferred Segment Atomicity
1073,20170705_1519,Wednesday,DoS,1,train,xgboost,Wednesday_SEG_003,False,Whole attack segment allocation (train),Level 2 Preferred Segment Atomicity
1074,20170705_1520,Wednesday,BENIGN,0,train,xgboost,Wednesday_GAP_004,False,Benign background traffic allocation (train),Level 2 Preferred Segment Atomicity
1075,20170705_1521,Wednesday,BENIGN,0,test,xgboost,Wednesday_GAP_004,False,Benign background traffic allocation (test),Level 2 Preferred Segment Atomicity
1076,20170705_1522,Wednesday,DoS,1,train,xgboost,Wednesday_SEG_004,False,Whole attack segment allocation (train),Level 2 Preferred Segment Atomicity
1077,20170705_1523,Wednesday,DoS,1,train,xgboost,Wednesday_SEG_004,False,Whole attack segment allocation (train),Level 2 Preferred Segment Atomicity
1078,20170705_1524,Wednesday,DoS,1,train,xgboost,Wednesday_SEG_004,False,Whole attack segment allocation (train),Level 2 Preferred Segment Atomicity
1079,20170705_1525,Wednesday,DoS,1,train,xgboost,Wednesday_SEG_004,False,Whole attack segment allocation (train),Level 2 Preferred Segment Atomicity
1080,20170705_1526,Wednesday,DoS,1,train,xgboost,Wednesday_SEG_004,False,Whole attack segment allocation (train),Level 2 Preferred Segment Atomicity
1081,20170705_1527,Wednesday,DoS,1,train,xgboost,Wednesday_SEG_004,False,Whole attack segment allocation (train),Level 2 Preferred Segment Atomicity
1082,20170705_1528,Wednesday,DoS,1,train,xgboost,Wednesday_SEG_004,False,Whole attack segment allocation (train),Level 2 Preferred Segment Atomicity
1083,20170705_1529,Wednesday,DoS,1,train,xgboost,Wednesday_SEG_004,False,Whole attack segment allocation (train),Level 2 Preferred Segment Atomicity
1084,20170705_1530,Wednesday,BENIGN,0,train,xgboost,Wednesday_GAP_005,False,Benign background traffic allocation (train),Level 2 Preferred Segment Atomicity
1085,20170705_1531,Wednesday,BENIGN,0,test,xgboost,Wednesday_GAP_005,False,Benign background traffic allocation (test),Level 2 Preferred Segment Atomicity
1086,20170705_1532,Wednesday,DoS,1,train,xgboost,Wednesday_SEG_005,False,Whole attack segment allocation (train),Level 2 Preferred Segment Atomicity
1087,20170705_1533,Wednesday,DoS,1,train,xgboost,Wednesday_SEG_005,False,Whole attack segment allocation (train),Level 2 Preferred Segment Atomicity
1088,20170705_1534,Wednesday,DoS,1,train,xgboost,Wednesday_SEG_005,False,Whole attack segment allocation (train),Level 2 Preferred Segment Atomicity
1089,20170705_1535,Wednesday,DoS,1,train,xgboost,Wednesday_SEG_005,False,Whole attack segment allocation (train),Level 2 Preferred Segment Atomicity
1090,20170705_1536,Wednesday,BENIGN,0,train,xgboost,Wednesday_GAP_006,False,Benign background traffic allocation (train),Level 2 Preferred Segment Atomicity
1091,20170705_1537,Wednesday,DoS,1,train,xgboost,Wednesday_SEG_006,False,Whole attack segment allocation (train),Level 2 Preferred Segment Atomicity
1092,20170705_1538,Wednesday,BENIGN,0,train,xgboost,Wednesday_GAP_007,False,Benign background traffic allocation (train),Level 2 Preferred Segment Atomicity
1093,20170705_1539,Wednesday,BENIGN,0,train,xgboost,Wednesday_GAP_007,False,Benign background traffic allocation (train),Level 2 Preferred Segment Atomicity
1094,20170705_1540,Wednesday,BENIGN,0,train,xgboost,Wednesday_GAP_007,False,Benign background traffic allocation (train),Level 2 Preferred Segment Atomicity
1095,20170705_1541,Wednesday,BENIGN,0,train,xgboost,Wednesday_GAP_007,False,Benign background traffic allocation (train),Level 2 Preferred Segment Atomicity
1096,20170705_1542,Wednesday,BENIGN,0,validation,xgboost,Wednesday_GAP_007,False,Benign background traffic allocation (validation),Level 2 Preferred Segment Atomicity
1097,20170705_1543,Wednesday,DoS,1,train,xgboost,Wednesday_SEG_007,False,Whole attack segment allocation (train),Level 2 Preferred Segment Atomicity
1098,20170705_1544,Wednesday,DoS,1,train,xgboost,Wednesday_SEG_007,False,Whole attack segment allocation (train),Level 2 Preferred Segment Atomicity
1099,20170705_1545,Wednesday,DoS,1,train,xgboost,Wednesday_SEG_007,False,Whole attack segment allocation (train),Level 2 Preferred Segment Atomicity
1100,20170705_1546,Wednesday,DoS,1,train,xgboost,Wednesday_SEG_007,False,Whole attack segment allocation (train),Level 2 Preferred Segment Atomicity
1101,20170705_1547,Wednesday,DoS,1,train,xgboost,Wednesday_SEG_007,False,Whole attack segment allocation (train),Level 2 Preferred Segment Atomicity
1102,20170705_1548,Wednesday,DoS,1,train,xgboost,Wednesday_SEG_007,False,Whole attack segment allocation (train),Level 2 Preferred Segment Atomicity
1103,20170705_1549,Wednesday,DoS,1,train,xgboost,Wednesday_SEG_007,False,Whole attack segment allocation (train),Level 2 Preferred Segment Atomicity
1104,20170705_1550,Wednesday,DoS,1,train,xgboost,Wednesday_SEG_007,False,Whole attack segment allocation (train),Level 2 Preferred Segment Atomicity
1105,20170705_1551,Wednesday,DoS,1,train,xgboost,Wednesday_SEG_007,False,Whole attack segment allocation (train),Level 2 Preferred Segment Atomicity
1106,20170705_1552,Wednesday,DoS,1,train,xgboost,Wednesday_SEG_007,False,Whole attack segment allocation (train),Level 2 Preferred Segment Atomicity
1107,20170705_1553,Wednesday,DoS,1,train,xgboost,Wednesday_SEG_007,False,Whole attack segment allocation (train),Level 2 Preferred Segment Atomicity
1108,20170705_1554,Wednesday,DoS,1,train,xgboost,Wednesday_SEG_007,False,Whole attack segment allocation (train),Level 2 Preferred Segment Atomicity
1109,20170705_1555,Wednesday,DoS,1,train,xgboost,Wednesday_SEG_007,False,Whole attack segment allocation (train),Level 2 Preferred Segment Atomicity
1110,20170705_1556,Wednesday,DoS,1,train,xgboost,Wednesday_SEG_007,False,Whole attack segment allocation (train),Level 2 Preferred Segment Atomicity
1111,20170705_1557,Wednesday,DoS,1,train,xgboost,Wednesday_SEG_007,False,Whole attack segment allocation (train),Level 2 Preferred Segment Atomicity
1112,20170705_1558,Wednesday,DoS,1,train,xgboost,Wednesday_SEG_007,False,Whole attack segment allocation (train),Level 2 Preferred Segment Atomicity
1113,20170705_1559,Wednesday,DoS,1,train,xgboost,Wednesday_SEG_007,False,Whole attack segment allocation (train),Level 2 Preferred Segment Atomicity
1114,20170705_1600,Wednesday,DoS,1,train,xgboost,Wednesday_SEG_007,False,Whole attack segment allocation (train),Level 2 Preferred Segment Atomicity
1115,20170705_1601,Wednesday,DoS,1,train,xgboost,Wednesday_SEG_007,False,Whole attack segment allocation (train),Level 2 Preferred Segment Atomicity
1116,20170705_1602,Wednesday,BENIGN,0,train,xgboost,Wednesday_GAP_008,False,Benign background traffic allocation (train),Level 2 Preferred Segment Atomicity
1117,20170705_1603,Wednesday,BENIGN,0,train,xgboost,Wednesday_GAP_008,False,Benign background traffic allocation (train),Level 2 Preferred Segment Atomicity
1118,20170705_1604,Wednesday,BENIGN,0,train,xgboost,Wednesday_GAP_008,False,Benign background traffic allocation (train),Level 2 Preferred Segment Atomicity
1119,20170705_1605,Wednesday,BENIGN,0,validation,xgboost,Wednesday_GAP_008,False,Benign background traffic allocation (validation),Level 2 Preferred Segment Atomicity
1120,20170705_1606,Wednesday,DoS,1,validation,xgboost,Wednesday_SEG_008,False,Whole attack segment allocation (validation),Level 2 Preferred Segment Atomicity
1121,20170705_1607,Wednesday,DoS,1,validation,xgboost,Wednesday_SEG_008,False,Whole attack segment allocation (validation),Level 2 Preferred Segment Atomicity
1122,20170705_1608,Wednesday,BENIGN,0,train,xgboost,Wednesday_GAP_009,False,Benign background traffic allocation (train),Level 2 Preferred Segment Atomicity
1123,20170705_1609,Wednesday,BENIGN,0,test,xgboost,Wednesday_GAP_009,False,Benign background traffic allocation (test),Level 2 Preferred Segment Atomicity
1124,20170705_1610,Wednesday,DoS,1,validation,xgboost,Wednesday_SEG_009,False,Whole attack segment allocation (validation),Level 2 Preferred Segment Atomicity
1125,20170705_1611,Wednesday,DoS,1,validation,xgboost,Wednesday_SEG_009,False,Whole attack segment allocation (validation),Level 2 Preferred Segment Atomicity
1126,20170705_1612,Wednesday,DoS,1,validation,xgboost,Wednesday_SEG_009,False,Whole attack segment allocation (validation),Level 2 Preferred Segment Atomicity
1127,20170705_1613,Wednesday,DoS,1,validation,xgboost,Wednesday_SEG_009,False,Whole attack segment allocation (validation),Level 2 Preferred Segment Atomicity
1128,20170705_1614,Wednesday,DoS,1,validation,xgboost,Wednesday_SEG_009,False,Whole attack segment allocation (validation),Level 2 Preferred Segment Atomicity
1129,20170705_1615,Wednesday,BENIGN,0,train,xgboost,Wednesday_GAP_010,False,Benign background traffic allocation (train),Level 2 Preferred Segment Atomicity
1130,20170705_1616,Wednesday,BENIGN,0,test,xgboost,Wednesday_GAP_010,False,Benign background traffic allocation (test),Level 2 Preferred Segment Atomicity
1131,20170705_1617,Wednesday,DoS,1,test,xgboost,Wednesday_SEG_010,False,Whole attack segment allocation (test),Level 2 Preferred Segment Atomicity
1132,20170705_1618,Wednesday,DoS,1,test,xgboost,Wednesday_SEG_010,False,Whole attack segment allocation (test),Level 2 Preferred Segment Atomicity
1133,20170705_1619,Wednesday,DoS,1,test,xgboost,Wednesday_SEG_010,False,Whole attack segment allocation (test),Level 2 Preferred Segment Atomicity
1134,20170705_1620,Wednesday,BENIGN,0,train,xgboost,Wednesday_GAP_011,False,Benign background traffic allocation (train),Level 2 Preferred Segment Atomicity
1135,20170705_1621,Wednesday,BENIGN,0,train,xgboost,Wednesday_GAP_011,False,Benign background traffic allocation (train),Level 2 Preferred Segment Atomicity
1136,20170705_1622,Wednesday,BENIGN,0,train,xgboost,Wednesday_GAP_011,False,Benign background traffic allocation (train),Level 2 Preferred Segment Atomicity
1137,20170705_1623,Wednesday,BENIGN,0,train,xgboost,Wednesday_GAP_011,False,Benign background traffic allocation (train),Level 2 Preferred Segment Atomicity
1138,20170705_1624,Wednesday,BENIGN,0,train,xgboost,Wednesday_GAP_011,False,Benign background traffic allocation (train),Level 2 Preferred Segment Atomicity
1139,20170705_1625,Wednesday,BENIGN,0,train,xgboost,Wednesday_GAP_011,False,Benign background traffic allocation (train),Level 2 Preferred Segment Atomicity
1140,20170705_1626,Wednesday,BENIGN,0,train,xgboost,Wednesday_GAP_011,False,Benign background traffic allocation (train),Level 2 Preferred Segment Atomicity
1141,20170705_1627,Wednesday,BENIGN,0,train,xgboost,Wednesday_GAP_011,False,Benign background traffic allocation (train),Level 2 Preferred Segment Atomicity
1142,20170705_1628,Wednesday,BENIGN,0,train,xgboost,Wednesday_GAP_011,False,Benign background traffic allocation (train),Level 2 Preferred Segment Atomicity
1143,20170705_1629,Wednesday,BENIGN,0,train,xgboost,Wednesday_GAP_011,False,Benign background traffic allocation (train),Level 2 Preferred Segment Atomicity
1144,20170705_1630,Wednesday,BENIGN,0,train,xgboost,Wednesday_GAP_011,False,Benign background traffic allocation (train),Level 2 Preferred Segment Atomicity
1145,20170705_1631,Wednesday,BENIGN,0,train,xgboost,Wednesday_GAP_011,False,Benign background traffic allocation (train),Level 2 Preferred Segment Atomicity
1146,20170705_1632,Wednesday,BENIGN,0,train,xgboost,Wednesday_GAP_011,False,Benign background traffic allocation (train),Level 2 Preferred Segment Atomicity
1147,20170705_1633,Wednesday,BENIGN,0,train,xgboost,Wednesday_GAP_011,False,Benign background traffic allocation (train),Level 2 Preferred Segment Atomicity
1148,20170705_1634,Wednesday,BENIGN,0,train,xgboost,Wednesday_GAP_011,False,Benign background traffic allocation (train),Level 2 Preferred Segment Atomicity
1149,20170705_1635,Wednesday,BENIGN,0,train,xgboost,Wednesday_GAP_011,False,Benign background traffic allocation (train),Level 2 Preferred Segment Atomicity
1150,20170705_1636,Wednesday,BENIGN,0,train,xgboost,Wednesday_GAP_011,False,Benign background traffic allocation (train),Level 2 Preferred Segment Atomicity
1151,20170705_1637,Wednesday,BENIGN,0,train,xgboost,Wednesday_GAP_011,False,Benign background traffic allocation (train),Level 2 Preferred Segment Atomicity
1152,20170705_1638,Wednesday,BENIGN,0,train,xgboost,Wednesday_GAP_011,False,Benign background traffic allocation (train),Level 2 Preferred Segment Atomicity
1153,20170705_1639,Wednesday,BENIGN,0,train,xgboost,Wednesday_GAP_011,False,Benign background traffic allocation (train),Level 2 Preferred Segment Atomicity
1154,20170705_1640,Wednesday,BENIGN,0,train,xgboost,Wednesday_GAP_011,False,Benign background traffic allocation (train),Level 2 Preferred Segment Atomicity
1155,20170705_1641,Wednesday,BENIGN,0,train,xgboost,Wednesday_GAP_011,False,Benign background traffic allocation (train),Level 2 Preferred Segment Atomicity
1156,20170705_1642,Wednesday,BENIGN,0,train,xgboost,Wednesday_GAP_011,False,Benign background traffic allocation (train),Level 2 Preferred Segment Atomicity
1157,20170705_1643,Wednesday,BENIGN,0,train,xgboost,Wednesday_GAP_011,False,Benign background traffic allocation (train),Level 2 Preferred Segment Atomicity
1158,20170705_1644,Wednesday,BENIGN,0,train,xgboost,Wednesday_GAP_011,False,Benign background traffic allocation (train),Level 2 Preferred Segment Atomicity
1159,20170705_1645,Wednesday,BENIGN,0,train,xgboost,Wednesday_GAP_011,False,Benign background traffic allocation (train),Level 2 Preferred Segment Atomicity
1160,20170705_1646,Wednesday,BENIGN,0,train,xgboost,Wednesday_GAP_011,False,Benign background traffic allocation (train),Level 2 Preferred Segment Atomicity
1161,20170705_1647,Wednesday,BENIGN,0,train,xgboost,Wednesday_GAP_011,False,Benign background traffic allocation (train),Level 2 Preferred Segment Atomicity
1162,20170705_1648,Wednesday,BENIGN,0,train,xgboost,Wednesday_GAP_011,False,Benign background traffic allocation (train),Level 2 Preferred Segment Atomicity
1163,20170705_1649,Wednesday,BENIGN,0,train,xgboost,Wednesday_GAP_011,False,Benign background traffic allocation (train),Level 2 Preferred Segment Atomicity
1164,20170705_1650,Wednesday,BENIGN,0,train,xgboost,Wednesday_GAP_011,False,Benign background traffic allocation (train),Level 2 Preferred Segment Atomicity
1165,20170705_1651,Wednesday,BENIGN,0,train,xgboost,Wednesday_GAP_011,False,Benign background traffic allocation (train),Level 2 Preferred Segment Atomicity
1166,20170705_1652,Wednesday,BENIGN,0,train,xgboost,Wednesday_GAP_011,False,Benign background traffic allocation (train),Level 2 Preferred Segment Atomicity
1167,20170705_1653,Wednesday,BENIGN,0,train,xgboost,Wednesday_GAP_011,False,Benign background traffic allocation (train),Level 2 Preferred Segment Atomicity
1168,20170705_1654,Wednesday,BENIGN,0,train,xgboost,Wednesday_GAP_011,False,Benign background traffic allocation (train),Level 2 Preferred Segment Atomicity
1169,20170705_1655,Wednesday,BENIGN,0,train,xgboost,Wednesday_GAP_011,False,Benign background traffic allocation (train),Level 2 Preferred Segment Atomicity
1170,20170705_1656,Wednesday,BENIGN,0,train,xgboost,Wednesday_GAP_011,False,Benign background traffic allocation (train),Level 2 Preferred Segment Atomicity
1171,20170705_1657,Wednesday,BENIGN,0,train,xgboost,Wednesday_GAP_011,False,Benign background traffic allocation (train),Level 2 Preferred Segment Atomicity
1172,20170705_1658,Wednesday,BENIGN,0,train,xgboost,Wednesday_GAP_011,False,Benign background traffic allocation (train),Level 2 Preferred Segment Atomicity
1173,20170705_1659,Wednesday,BENIGN,0,train,xgboost,Wednesday_GAP_011,False,Benign background traffic allocation (train),Level 2 Preferred Segment Atomicity
1174,20170705_1700,Wednesday,BENIGN,0,train,xgboost,Wednesday_GAP_011,False,Benign background traffic allocation (train),Level 2 Preferred Segment Atomicity
1175,20170705_1701,Wednesday,BENIGN,0,train,xgboost,Wednesday_GAP_011,False,Benign background traffic allocation (train),Level 2 Preferred Segment Atomicity
1176,20170705_1702,Wednesday,BENIGN,0,train,xgboost,Wednesday_GAP_011,False,Benign background traffic allocation (train),Level 2 Preferred Segment Atomicity
1177,20170705_1703,Wednesday,BENIGN,0,train,xgboost,Wednesday_GAP_011,False,Benign background traffic allocation (train),Level 2 Preferred Segment Atomicity
1178,20170705_1704,Wednesday,BENIGN,0,train,xgboost,Wednesday_GAP_011,False,Benign background traffic allocation (train),Level 2 Preferred Segment Atomicity
1179,20170705_1705,Wednesday,BENIGN,0,train,xgboost,Wednesday_GAP_011,False,Benign background traffic allocation (train),Level 2 Preferred Segment Atomicity
1180,20170705_1706,Wednesday,BENIGN,0,train,xgboost,Wednesday_GAP_011,False,Benign background traffic allocation (train),Level 2 Preferred Segment Atomicity
1181,20170705_1707,Wednesday,BENIGN,0,train,xgboost,Wednesday_GAP_011,False,Benign background traffic allocation (train),Level 2 Preferred Segment Atomicity
1182,20170705_1708,Wednesday,BENIGN,0,train,xgboost,Wednesday_GAP_011,False,Benign background traffic allocation (train),Level 2 Preferred Segment Atomicity
1183,20170705_1709,Wednesday,BENIGN,0,train,xgboost,Wednesday_GAP_011,False,Benign background traffic allocation (train),Level 2 Preferred Segment Atomicity
1184,20170705_1710,Wednesday,BENIGN,0,train,xgboost,Wednesday_GAP_011,False,Benign background traffic allocation (train),Level 2 Preferred Segment Atomicity
1185,20170705_1711,Wednesday,BENIGN,0,train,xgboost,Wednesday_GAP_011,False,Benign background traffic allocation (train),Level 2 Preferred Segment Atomicity
1186,20170705_1712,Wednesday,BENIGN,0,train,xgboost,Wednesday_GAP_011,False,Benign background traffic allocation (train),Level 2 Preferred Segment Atomicity
1187,20170705_1713,Wednesday,BENIGN,0,train,xgboost,Wednesday_GAP_011,False,Benign background traffic allocation (train),Level 2 Preferred Segment Atomicity
1188,20170705_1714,Wednesday,BENIGN,0,train,xgboost,Wednesday_GAP_011,False,Benign background traffic allocation (train),Level 2 Preferred Segment Atomicity
1189,20170705_1715,Wednesday,BENIGN,0,train,xgboost,Wednesday_GAP_011,False,Benign background traffic allocation (train),Level 2 Preferred Segment Atomicity
1190,20170705_1716,Wednesday,BENIGN,0,train,xgboost,Wednesday_GAP_011,False,Benign background traffic allocation (train),Level 2 Preferred Segment Atomicity
1191,20170705_1717,Wednesday,BENIGN,0,train,xgboost,Wednesday_GAP_011,False,Benign background traffic allocation (train),Level 2 Preferred Segment Atomicity
1192,20170705_1718,Wednesday,BENIGN,0,train,xgboost,Wednesday_GAP_011,False,Benign background traffic allocation (train),Level 2 Preferred Segment Atomicity
1193,20170705_1719,Wednesday,BENIGN,0,train,xgboost,Wednesday_GAP_011,False,Benign background traffic allocation (train),Level 2 Preferred Segment Atomicity
1194,20170705_1720,Wednesday,BENIGN,0,train,xgboost,Wednesday_GAP_011,False,Benign background traffic allocation (train),Level 2 Preferred Segment Atomicity
1195,20170705_1721,Wednesday,BENIGN,0,train,xgboost,Wednesday_GAP_011,False,Benign background traffic allocation (train),Level 2 Preferred Segment Atomicity
1196,20170705_1722,Wednesday,BENIGN,0,train,xgboost,Wednesday_GAP_011,False,Benign background traffic allocation (train),Level 2 Preferred Segment Atomicity
1197,20170705_1723,Wednesday,BENIGN,0,train,xgboost,Wednesday_GAP_011,False,Benign background traffic allocation (train),Level 2 Preferred Segment Atomicity
1198,20170705_1724,Wednesday,BENIGN,0,train,xgboost,Wednesday_GAP_011,False,Benign background traffic allocation (train),Level 2 Preferred Segment Atomicity
1199,20170705_1725,Wednesday,BENIGN,0,train,xgboost,Wednesday_GAP_011,False,Benign background traffic allocation (train),Level 2 Preferred Segment Atomicity
1200,20170705_1726,Wednesday,BENIGN,0,train,xgboost,Wednesday_GAP_011,False,Benign background traffic allocation (train),Level 2 Preferred Segment Atomicity
1201,20170705_1727,Wednesday,BENIGN,0,train,xgboost,Wednesday_GAP_011,False,Benign background traffic allocation (train),Level 2 Preferred Segment Atomicity
1202,20170705_1728,Wednesday,BENIGN,0,train,xgboost,Wednesday_GAP_011,False,Benign background traffic allocation (train),Level 2 Preferred Segment Atomicity
1203,20170705_1729,Wednesday,BENIGN,0,train,xgboost,Wednesday_GAP_011,False,Benign background traffic allocation (train),Level 2 Preferred Segment Atomicity
1204,20170705_1730,Wednesday,BENIGN,0,train,xgboost,Wednesday_GAP_011,False,Benign background traffic allocation (train),Level 2 Preferred Segment Atomicity
1205,20170705_1731,Wednesday,BENIGN,0,train,xgboost,Wednesday_GAP_011,False,Benign background traffic allocation (train),Level 2 Preferred Segment Atomicity
1206,20170705_1732,Wednesday,BENIGN,0,train,xgboost,Wednesday_GAP_011,False,Benign background traffic allocation (train),Level 2 Preferred Segment Atomicity
1207,20170705_1733,Wednesday,BENIGN,0,train,xgboost,Wednesday_GAP_011,False,Benign background traffic allocation (train),Level 2 Preferred Segment Atomicity
1208,20170705_1734,Wednesday,BENIGN,0,train,xgboost,Wednesday_GAP_011,False,Benign background traffic allocation (train),Level 2 Preferred Segment Atomicity
1209,20170705_1735,Wednesday,BENIGN,0,train,xgboost,Wednesday_GAP_011,False,Benign background traffic allocation (train),Level 2 Preferred Segment Atomicity
1210,20170705_1736,Wednesday,BENIGN,0,train,xgboost,Wednesday_GAP_011,False,Benign background traffic allocation (train),Level 2 Preferred Segment Atomicity
1211,20170705_1737,Wednesday,BENIGN,0,train,xgboost,Wednesday_GAP_011,False,Benign background traffic allocation (train),Level 2 Preferred Segment Atomicity
1212,20170705_1738,Wednesday,BENIGN,0,train,xgboost,Wednesday_GAP_011,False,Benign background traffic allocation (train),Level 2 Preferred Segment Atomicity
1213,20170705_1739,Wednesday,BENIGN,0,train,xgboost,Wednesday_GAP_011,False,Benign background traffic allocation (train),Level 2 Preferred Segment Atomicity
1214,20170705_1740,Wednesday,BENIGN,0,train,xgboost,Wednesday_GAP_011,False,Benign background traffic allocation (train),Level 2 Preferred Segment Atomicity
1215,20170705_1741,Wednesday,BENIGN,0,train,xgboost,Wednesday_GAP_011,False,Benign background traffic allocation (train),Level 2 Preferred Segment Atomicity
1216,20170705_1742,Wednesday,BENIGN,0,train,xgboost,Wednesday_GAP_011,False,Benign background traffic allocation (train),Level 2 Preferred Segment Atomicity
1217,20170705_1743,Wednesday,BENIGN,0,train,xgboost,Wednesday_GAP_011,False,Benign background traffic allocation (train),Level 2 Preferred Segment Atomicity
1218,20170705_1744,Wednesday,BENIGN,0,train,xgboost,Wednesday_GAP_011,False,Benign background traffic allocation (train),Level 2 Preferred Segment Atomicity
1219,20170705_1745,Wednesday,BENIGN,0,train,xgboost,Wednesday_GAP_011,False,Benign background traffic allocation (train),Level 2 Preferred Segment Atomicity
1220,20170705_1746,Wednesday,BENIGN,0,train,xgboost,Wednesday_GAP_011,False,Benign background traffic allocation (train),Level 2 Preferred Segment Atomicity
1221,20170705_1747,Wednesday,BENIGN,0,train,xgboost,Wednesday_GAP_011,False,Benign background traffic allocation (train),Level 2 Preferred Segment Atomicity
1222,20170705_1748,Wednesday,BENIGN,0,train,xgboost,Wednesday_GAP_011,False,Benign background traffic allocation (train),Level 2 Preferred Segment Atomicity
1223,20170705_1749,Wednesday,BENIGN,0,train,xgboost,Wednesday_GAP_011,False,Benign background traffic allocation (train),Level 2 Preferred Segment Atomicity
1224,20170705_1750,Wednesday,BENIGN,0,train,xgboost,Wednesday_GAP_011,False,Benign background traffic allocation (train),Level 2 Preferred Segment Atomicity
1225,20170705_1751,Wednesday,BENIGN,0,train,xgboost,Wednesday_GAP_011,False,Benign background traffic allocation (train),Level 2 Preferred Segment Atomicity
1226,20170705_1752,Wednesday,BENIGN,0,train,xgboost,Wednesday_GAP_011,False,Benign background traffic allocation (train),Level 2 Preferred Segment Atomicity
1227,20170705_1753,Wednesday,BENIGN,0,train,xgboost,Wednesday_GAP_011,False,Benign background traffic allocation (train),Level 2 Preferred Segment Atomicity
1228,20170705_1754,Wednesday,BENIGN,0,train,xgboost,Wednesday_GAP_011,False,Benign background traffic allocation (train),Level 2 Preferred Segment Atomicity
1229,20170705_1755,Wednesday,BENIGN,0,train,xgboost,Wednesday_GAP_011,False,Benign background traffic allocation (train),Level 2 Preferred Segment Atomicity
1230,20170705_1756,Wednesday,BENIGN,0,train,xgboost,Wednesday_GAP_011,False,Benign background traffic allocation (train),Level 2 Preferred Segment Atomicity
1231,20170705_1757,Wednesday,BENIGN,0,train,xgboost,Wednesday_GAP_011,False,Benign background traffic allocation (train),Level 2 Preferred Segment Atomicity
1232,20170705_1758,Wednesday,BENIGN,0,train,xgboost,Wednesday_GAP_011,False,Benign background traffic allocation (train),Level 2 Preferred Segment Atomicity
1233,20170705_1759,Wednesday,BENIGN,0,train,xgboost,Wednesday_GAP_011,False,Benign background traffic allocation (train),Level 2 Preferred Segment Atomicity
1234,20170705_1800,Wednesday,BENIGN,0,train,xgboost,Wednesday_GAP_011,False,Benign background traffic allocation (train),Level 2 Preferred Segment Atomicity
1235,20170705_1801,Wednesday,BENIGN,0,train,xgboost,Wednesday_GAP_011,False,Benign background traffic allocation (train),Level 2 Preferred Segment Atomicity
1236,20170705_1802,Wednesday,BENIGN,0,train,xgboost,Wednesday_GAP_011,False,Benign background traffic allocation (train),Level 2 Preferred Segment Atomicity
1237,20170705_1803,Wednesday,BENIGN,0,train,xgboost,Wednesday_GAP_011,False,Benign background traffic allocation (train),Level 2 Preferred Segment Atomicity
1238,20170705_1804,Wednesday,BENIGN,0,train,xgboost,Wednesday_GAP_011,False,Benign background traffic allocation (train),Level 2 Preferred Segment Atomicity
1239,20170705_1805,Wednesday,BENIGN,0,train,xgboost,Wednesday_GAP_011,False,Benign background traffic allocation (train),Level 2 Preferred Segment Atomicity
1240,20170705_1806,Wednesday,BENIGN,0,train,xgboost,Wednesday_GAP_011,False,Benign background traffic allocation (train),Level 2 Preferred Segment Atomicity
1241,20170705_1807,Wednesday,BENIGN,0,train,xgboost,Wednesday_GAP_011,False,Benign background traffic allocation (train),Level 2 Preferred Segment Atomicity
1242,20170705_1808,Wednesday,BENIGN,0,train,xgboost,Wednesday_GAP_011,False,Benign background traffic allocation (train),Level 2 Preferred Segment Atomicity
1243,20170705_1809,Wednesday,BENIGN,0,train,xgboost,Wednesday_GAP_011,False,Benign background traffic allocation (train),Level 2 Preferred Segment Atomicity
1244,20170705_1810,Wednesday,BENIGN,0,train,xgboost,Wednesday_GAP_011,False,Benign background traffic allocation (train),Level 2 Preferred Segment Atomicity
1245,20170705_1811,Wednesday,BENIGN,0,train,xgboost,Wednesday_GAP_011,False,Benign background traffic allocation (train),Level 2 Preferred Segment Atomicity
1246,20170705_1812,Wednesday,BENIGN,0,train,xgboost,Wednesday_GAP_011,False,Benign background traffic allocation (train),Level 2 Preferred Segment Atomicity
1247,20170705_1813,Wednesday,BENIGN,0,train,xgboost,Wednesday_GAP_011,False,Benign background traffic allocation (train),Level 2 Preferred Segment Atomicity
1248,20170705_1814,Wednesday,BENIGN,0,train,xgboost,Wednesday_GAP_011,False,Benign background traffic allocation (train),Level 2 Preferred Segment Atomicity
1249,20170705_1815,Wednesday,BENIGN,0,train,xgboost,Wednesday_GAP_011,False,Benign background traffic allocation (train),Level 2 Preferred Segment Atomicity
1250,20170705_1816,Wednesday,BENIGN,0,train,xgboost,Wednesday_GAP_011,False,Benign background traffic allocation (train),Level 2 Preferred Segment Atomicity
1251,20170705_1817,Wednesday,BENIGN,0,train,xgboost,Wednesday_GAP_011,False,Benign background traffic allocation (train),Level 2 Preferred Segment Atomicity
1252,20170705_1818,Wednesday,BENIGN,0,train,xgboost,Wednesday_GAP_011,False,Benign background traffic allocation (train),Level 2 Preferred Segment Atomicity
1253,20170705_1819,Wednesday,BENIGN,0,train,xgboost,Wednesday_GAP_011,False,Benign background traffic allocation (train),Level 2 Preferred Segment Atomicity
1254,20170705_1820,Wednesday,BENIGN,0,train,xgboost,Wednesday_GAP_011,False,Benign background traffic allocation (train),Level 2 Preferred Segment Atomicity
1255,20170705_1821,Wednesday,BENIGN,0,train,xgboost,Wednesday_GAP_011,False,Benign background traffic allocation (train),Level 2 Preferred Segment Atomicity
1256,20170705_1822,Wednesday,BENIGN,0,train,xgboost,Wednesday_GAP_011,False,Benign background traffic allocation (train),Level 2 Preferred Segment Atomicity
1257,20170705_1823,Wednesday,BENIGN,0,train,xgboost,Wednesday_GAP_011,False,Benign background traffic allocation (train),Level 2 Preferred Segment Atomicity
1258,20170705_1824,Wednesday,BENIGN,0,train,xgboost,Wednesday_GAP_011,False,Benign background traffic allocation (train),Level 2 Preferred Segment Atomicity
1259,20170705_1825,Wednesday,BENIGN,0,train,xgboost,Wednesday_GAP_011,False,Benign background traffic allocation (train),Level 2 Preferred Segment Atomicity
1260,20170705_1826,Wednesday,BENIGN,0,train,xgboost,Wednesday_GAP_011,False,Benign background traffic allocation (train),Level 2 Preferred Segment Atomicity
1261,20170705_1827,Wednesday,BENIGN,0,train,xgboost,Wednesday_GAP_011,False,Benign background traffic allocation (train),Level 2 Preferred Segment Atomicity
1262,20170705_1828,Wednesday,BENIGN,0,train,xgboost,Wednesday_GAP_011,False,Benign background traffic allocation (train),Level 2 Preferred Segment Atomicity
1263,20170705_1829,Wednesday,BENIGN,0,train,xgboost,Wednesday_GAP_011,False,Benign background traffic allocation (train),Level 2 Preferred Segment Atomicity
1264,20170705_1830,Wednesday,BENIGN,0,train,xgboost,Wednesday_GAP_011,False,Benign background traffic allocation (train),Level 2 Preferred Segment Atomicity
1265,20170705_1831,Wednesday,BENIGN,0,train,xgboost,Wednesday_GAP_011,False,Benign background traffic allocation (train),Level 2 Preferred Segment Atomicity
1266,20170705_1832,Wednesday,BENIGN,0,train,xgboost,Wednesday_GAP_011,False,Benign background traffic allocation (train),Level 2 Preferred Segment Atomicity
1267,20170705_1833,Wednesday,BENIGN,0,train,xgboost,Wednesday_GAP_011,False,Benign background traffic allocation (train),Level 2 Preferred Segment Atomicity
1268,20170705_1834,Wednesday,BENIGN,0,train,xgboost,Wednesday_GAP_011,False,Benign background traffic allocation (train),Level 2 Preferred Segment Atomicity
1269,20170705_1835,Wednesday,BENIGN,0,train,xgboost,Wednesday_GAP_011,False,Benign background traffic allocation (train),Level 2 Preferred Segment Atomicity
1270,20170705_1836,Wednesday,BENIGN,0,train,xgboost,Wednesday_GAP_011,False,Benign background traffic allocation (train),Level 2 Preferred Segment Atomicity
1271,20170705_1837,Wednesday,BENIGN,0,train,xgboost,Wednesday_GAP_011,False,Benign background traffic allocation (train),Level 2 Preferred Segment Atomicity
1272,20170705_1838,Wednesday,BENIGN,0,train,xgboost,Wednesday_GAP_011,False,Benign background traffic allocation (train),Level 2 Preferred Segment Atomicity
1273,20170705_1839,Wednesday,BENIGN,0,train,xgboost,Wednesday_GAP_011,False,Benign background traffic allocation (train),Level 2 Preferred Segment Atomicity
1274,20170705_1840,Wednesday,BENIGN,0,train,xgboost,Wednesday_GAP_011,False,Benign background traffic allocation (train),Level 2 Preferred Segment Atomicity
1275,20170705_1841,Wednesday,BENIGN,0,train,xgboost,Wednesday_GAP_011,False,Benign background traffic allocation (train),Level 2 Preferred Segment Atomicity
1276,20170705_1842,Wednesday,BENIGN,0,train,xgboost,Wednesday_GAP_011,False,Benign background traffic allocation (train),Level 2 Preferred Segment Atomicity
1277,20170705_1843,Wednesday,BENIGN,0,train,xgboost,Wednesday_GAP_011,False,Benign background traffic allocation (train),Level 2 Preferred Segment Atomicity
1278,20170705_1844,Wednesday,BENIGN,0,train,xgboost,Wednesday_GAP_011,False,Benign background traffic allocation (train),Level 2 Preferred Segment Atomicity
1279,20170705_1845,Wednesday,BENIGN,0,train,xgboost,Wednesday_GAP_011,False,Benign background traffic allocation (train),Level 2 Preferred Segment Atomicity
1280,20170705_1846,Wednesday,BENIGN,0,train,xgboost,Wednesday_GAP_011,False,Benign background traffic allocation (train),Level 2 Preferred Segment Atomicity
1281,20170705_1847,Wednesday,BENIGN,0,train,xgboost,Wednesday_GAP_011,False,Benign background traffic allocation (train),Level 2 Preferred Segment Atomicity
1282,20170705_1848,Wednesday,BENIGN,0,train,xgboost,Wednesday_GAP_011,False,Benign background traffic allocation (train),Level 2 Preferred Segment Atomicity
1283,20170705_1849,Wednesday,BENIGN,0,train,xgboost,Wednesday_GAP_011,False,Benign background traffic allocation (train),Level 2 Preferred Segment Atomicity
1284,20170705_1850,Wednesday,BENIGN,0,train,xgboost,Wednesday_GAP_011,False,Benign background traffic allocation (train),Level 2 Preferred Segment Atomicity
1285,20170705_1851,Wednesday,BENIGN,0,train,xgboost,Wednesday_GAP_011,False,Benign background traffic allocation (train),Level 2 Preferred Segment Atomicity
1286,20170705_1852,Wednesday,BENIGN,0,train,xgboost,Wednesday_GAP_011,False,Benign background traffic allocation (train),Level 2 Preferred Segment Atomicity
1287,20170705_1853,Wednesday,BENIGN,0,train,xgboost,Wednesday_GAP_011,False,Benign background traffic allocation (train),Level 2 Preferred Segment Atomicity
1288,20170705_1854,Wednesday,BENIGN,0,train,xgboost,Wednesday_GAP_011,False,Benign background traffic allocation (train),Level 2 Preferred Segment Atomicity
1289,20170705_1855,Wednesday,BENIGN,0,train,xgboost,Wednesday_GAP_011,False,Benign background traffic allocation (train),Level 2 Preferred Segment Atomicity
1290,20170705_1856,Wednesday,BENIGN,0,train,xgboost,Wednesday_GAP_011,False,Benign background traffic allocation (train),Level 2 Preferred Segment Atomicity
1291,20170705_1857,Wednesday,BENIGN,0,train,xgboost,Wednesday_GAP_011,False,Benign background traffic allocation (train),Level 2 Preferred Segment Atomicity
1292,20170705_1858,Wednesday,BENIGN,0,train,xgboost,Wednesday_GAP_011,False,Benign background traffic allocation (train),Level 2 Preferred Segment Atomicity
1293,20170705_1859,Wednesday,BENIGN,0,train,xgboost,Wednesday_GAP_011,False,Benign background traffic allocation (train),Level 2 Preferred Segment Atomicity
1294,20170705_1900,Wednesday,BENIGN,0,train,xgboost,Wednesday_GAP_011,False,Benign background traffic allocation (train),Level 2 Preferred Segment Atomicity
1295,20170705_1901,Wednesday,BENIGN,0,train,xgboost,Wednesday_GAP_011,False,Benign background traffic allocation (train),Level 2 Preferred Segment Atomicity
1296,20170705_1902,Wednesday,BENIGN,0,validation,xgboost,Wednesday_GAP_011,False,Benign background traffic allocation (validation),Level 2 Preferred Segment Atomicity
1297,20170705_1903,Wednesday,BENIGN,0,validation,xgboost,Wednesday_GAP_011,False,Benign background traffic allocation (validation),Level 2 Preferred Segment Atomicity
1298,20170705_1904,Wednesday,BENIGN,0,validation,xgboost,Wednesday_GAP_011,False,Benign background traffic allocation (validation),Level 2 Preferred Segment Atomicity
1299,20170705_1905,Wednesday,BENIGN,0,validation,xgboost,Wednesday_GAP_011,False,Benign background traffic allocation (validation),Level 2 Preferred Segment Atomicity
1300,20170705_1906,Wednesday,BENIGN,0,validation,xgboost,Wednesday_GAP_011,False,Benign background traffic allocation (validation),Level 2 Preferred Segment Atomicity
1301,20170705_1907,Wednesday,BENIGN,0,validation,xgboost,Wednesday_GAP_011,False,Benign background traffic allocation (validation),Level 2 Preferred Segment Atomicity
1302,20170705_1908,Wednesday,BENIGN,0,validation,xgboost,Wednesday_GAP_011,False,Benign background traffic allocation (validation),Level 2 Preferred Segment Atomicity
1303,20170705_1909,Wednesday,BENIGN,0,validation,xgboost,Wednesday_GAP_011,False,Benign background traffic allocation (validation),Level 2 Preferred Segment Atomicity
1304,20170705_1910,Wednesday,BENIGN,0,validation,xgboost,Wednesday_GAP_011,False,Benign background traffic allocation (validation),Level 2 Preferred Segment Atomicity
1305,20170705_1911,Wednesday,BENIGN,0,validation,xgboost,Wednesday_GAP_011,False,Benign background traffic allocation (validation),Level 2 Preferred Segment Atomicity
1306,20170705_1912,Wednesday,BENIGN,0,validation,xgboost,Wednesday_GAP_011,False,Benign background traffic allocation (validation),Level 2 Preferred Segment Atomicity
1307,20170705_1913,Wednesday,BENIGN,0,validation,xgboost,Wednesday_GAP_011,False,Benign background traffic allocation (validation),Level 2 Preferred Segment Atomicity
1308,20170705_1914,Wednesday,BENIGN,0,validation,xgboost,Wednesday_GAP_011,False,Benign background traffic allocation (validation),Level 2 Preferred Segment Atomicity
1309,20170705_1915,Wednesday,BENIGN,0,validation,xgboost,Wednesday_GAP_011,False,Benign background traffic allocation (validation),Level 2 Preferred Segment Atomicity
1310,20170705_1916,Wednesday,BENIGN,0,validation,xgboost,Wednesday_GAP_011,False,Benign background traffic allocation (validation),Level 2 Preferred Segment Atomicity
1311,20170705_1917,Wednesday,BENIGN,0,validation,xgboost,Wednesday_GAP_011,False,Benign background traffic allocation (validation),Level 2 Preferred Segment Atomicity
1312,20170705_1918,Wednesday,BENIGN,0,validation,xgboost,Wednesday_GAP_011,False,Benign background traffic allocation (validation),Level 2 Preferred Segment Atomicity
1313,20170705_1919,Wednesday,BENIGN,0,validation,xgboost,Wednesday_GAP_011,False,Benign background traffic allocation (validation),Level 2 Preferred Segment Atomicity
1314,20170705_1920,Wednesday,BENIGN,0,validation,xgboost,Wednesday_GAP_011,False,Benign background traffic allocation (validation),Level 2 Preferred Segment Atomicity
1315,20170705_1921,Wednesday,BENIGN,0,validation,xgboost,Wednesday_GAP_011,False,Benign background traffic allocation (validation),Level 2 Preferred Segment Atomicity
1316,20170705_1922,Wednesday,BENIGN,0,validation,xgboost,Wednesday_GAP_011,False,Benign background traffic allocation (validation),Level 2 Preferred Segment Atomicity
1317,20170705_1923,Wednesday,BENIGN,0,validation,xgboost,Wednesday_GAP_011,False,Benign background traffic allocation (validation),Level 2 Preferred Segment Atomicity
1318,20170705_1924,Wednesday,BENIGN,0,validation,xgboost,Wednesday_GAP_011,False,Benign background traffic allocation (validation),Level 2 Preferred Segment Atomicity
1319,20170705_1925,Wednesday,BENIGN,0,validation,xgboost,Wednesday_GAP_011,False,Benign background traffic allocation (validation),Level 2 Preferred Segment Atomicity
1320,20170705_1926,Wednesday,BENIGN,0,validation,xgboost,Wednesday_GAP_011,False,Benign background traffic allocation (validation),Level 2 Preferred Segment Atomicity
1321,20170705_1927,Wednesday,BENIGN,0,validation,xgboost,Wednesday_GAP_011,False,Benign background traffic allocation (validation),Level 2 Preferred Segment Atomicity
1322,20170705_1928,Wednesday,BENIGN,0,validation,xgboost,Wednesday_GAP_011,False,Benign background traffic allocation (validation),Level 2 Preferred Segment Atomicity
1323,20170705_1929,Wednesday,BENIGN,0,validation,xgboost,Wednesday_GAP_011,False,Benign background traffic allocation (validation),Level 2 Preferred Segment Atomicity
1324,20170705_1930,Wednesday,BENIGN,0,validation,xgboost,Wednesday_GAP_011,False,Benign background traffic allocation (validation),Level 2 Preferred Segment Atomicity
1325,20170705_1931,Wednesday,BENIGN,0,validation,xgboost,Wednesday_GAP_011,False,Benign background traffic allocation (validation),Level 2 Preferred Segment Atomicity
1326,20170705_1932,Wednesday,BENIGN,0,validation,xgboost,Wednesday_GAP_011,False,Benign background traffic allocation (validation),Level 2 Preferred Segment Atomicity
1327,20170705_1933,Wednesday,BENIGN,0,validation,xgboost,Wednesday_GAP_011,False,Benign background traffic allocation (validation),Level 2 Preferred Segment Atomicity
1328,20170705_1934,Wednesday,BENIGN,0,validation,xgboost,Wednesday_GAP_011,False,Benign background traffic allocation (validation),Level 2 Preferred Segment Atomicity
1329,20170705_1935,Wednesday,BENIGN,0,validation,xgboost,Wednesday_GAP_011,False,Benign background traffic allocation (validation),Level 2 Preferred Segment Atomicity
1330,20170705_1936,Wednesday,BENIGN,0,validation,xgboost,Wednesday_GAP_011,False,Benign background traffic allocation (validation),Level 2 Preferred Segment Atomicity
1331,20170705_1937,Wednesday,BENIGN,0,test,xgboost,Wednesday_GAP_011,False,Benign background traffic allocation (test),Level 2 Preferred Segment Atomicity
1332,20170705_1938,Wednesday,BENIGN,0,test,xgboost,Wednesday_GAP_011,False,Benign background traffic allocation (test),Level 2 Preferred Segment Atomicity
1333,20170705_1939,Wednesday,BENIGN,0,test,xgboost,Wednesday_GAP_011,False,Benign background traffic allocation (test),Level 2 Preferred Segment Atomicity
1334,20170705_1940,Wednesday,BENIGN,0,test,xgboost,Wednesday_GAP_011,False,Benign background traffic allocation (test),Level 2 Preferred Segment Atomicity
1335,20170705_1941,Wednesday,BENIGN,0,test,xgboost,Wednesday_GAP_011,False,Benign background traffic allocation (test),Level 2 Preferred Segment Atomicity
1336,20170705_1942,Wednesday,BENIGN,0,test,xgboost,Wednesday_GAP_011,False,Benign background traffic allocation (test),Level 2 Preferred Segment Atomicity
1337,20170705_1943,Wednesday,BENIGN,0,test,xgboost,Wednesday_GAP_011,False,Benign background traffic allocation (test),Level 2 Preferred Segment Atomicity
1338,20170705_1944,Wednesday,BENIGN,0,test,xgboost,Wednesday_GAP_011,False,Benign background traffic allocation (test),Level 2 Preferred Segment Atomicity
1339,20170705_1945,Wednesday,BENIGN,0,test,xgboost,Wednesday_GAP_011,False,Benign background traffic allocation (test),Level 2 Preferred Segment Atomicity
1340,20170705_1946,Wednesday,BENIGN,0,test,xgboost,Wednesday_GAP_011,False,Benign background traffic allocation (test),Level 2 Preferred Segment Atomicity
1341,20170705_1947,Wednesday,BENIGN,0,test,xgboost,Wednesday_GAP_011,False,Benign background traffic allocation (test),Level 2 Preferred Segment Atomicity
1342,20170705_1948,Wednesday,BENIGN,0,test,xgboost,Wednesday_GAP_011,False,Benign background traffic allocation (test),Level 2 Preferred Segment Atomicity
1343,20170705_1949,Wednesday,BENIGN,0,test,xgboost,Wednesday_GAP_011,False,Benign background traffic allocation (test),Level 2 Preferred Segment Atomicity
1344,20170705_1950,Wednesday,BENIGN,0,test,xgboost,Wednesday_GAP_011,False,Benign background traffic allocation (test),Level 2 Preferred Segment Atomicity
1345,20170705_1951,Wednesday,BENIGN,0,test,xgboost,Wednesday_GAP_011,False,Benign background traffic allocation (test),Level 2 Preferred Segment Atomicity
1346,20170705_1952,Wednesday,BENIGN,0,test,xgboost,Wednesday_GAP_011,False,Benign background traffic allocation (test),Level 2 Preferred Segment Atomicity
1347,20170705_1953,Wednesday,BENIGN,0,test,xgboost,Wednesday_GAP_011,False,Benign background traffic allocation (test),Level 2 Preferred Segment Atomicity
1348,20170705_1954,Wednesday,BENIGN,0,test,xgboost,Wednesday_GAP_011,False,Benign background traffic allocation (test),Level 2 Preferred Segment Atomicity
1349,20170705_1955,Wednesday,BENIGN,0,test,xgboost,Wednesday_GAP_011,False,Benign background traffic allocation (test),Level 2 Preferred Segment Atomicity
1350,20170705_1956,Wednesday,BENIGN,0,test,xgboost,Wednesday_GAP_011,False,Benign background traffic allocation (test),Level 2 Preferred Segment Atomicity
1351,20170705_1957,Wednesday,BENIGN,0,test,xgboost,Wednesday_GAP_011,False,Benign background traffic allocation (test),Level 2 Preferred Segment Atomicity
1352,20170705_1958,Wednesday,BENIGN,0,test,xgboost,Wednesday_GAP_011,False,Benign background traffic allocation (test),Level 2 Preferred Segment Atomicity
1353,20170705_1959,Wednesday,BENIGN,0,test,xgboost,Wednesday_GAP_011,False,Benign background traffic allocation (test),Level 2 Preferred Segment Atomicity
1354,20170705_2000,Wednesday,BENIGN,0,test,xgboost,Wednesday_GAP_011,False,Benign background traffic allocation (test),Level 2 Preferred Segment Atomicity
1355,20170705_2001,Wednesday,BENIGN,0,test,xgboost,Wednesday_GAP_011,False,Benign background traffic allocation (test),Level 2 Preferred Segment Atomicity
1356,20170705_2002,Wednesday,BENIGN,0,test,xgboost,Wednesday_GAP_011,False,Benign background traffic allocation (test),Level 2 Preferred Segment Atomicity
1357,20170705_2003,Wednesday,BENIGN,0,test,xgboost,Wednesday_GAP_011,False,Benign background traffic allocation (test),Level 2 Preferred Segment Atomicity
1358,20170705_2004,Wednesday,BENIGN,0,test,xgboost,Wednesday_GAP_011,False,Benign background traffic allocation (test),Level 2 Preferred Segment Atomicity
1359,20170705_2005,Wednesday,BENIGN,0,test,xgboost,Wednesday_GAP_011,False,Benign background traffic allocation (test),Level 2 Preferred Segment Atomicity
1360,20170705_2006,Wednesday,BENIGN,0,test,xgboost,Wednesday_GAP_011,False,Benign background traffic allocation (test),Level 2 Preferred Segment Atomicity
1361,20170705_2007,Wednesday,BENIGN,0,test,xgboost,Wednesday_GAP_011,False,Benign background traffic allocation (test),Level 2 Preferred Segment Atomicity
1362,20170705_2008,Wednesday,BENIGN,0,test,xgboost,Wednesday_GAP_011,False,Benign background traffic allocation (test),Level 2 Preferred Segment Atomicity
1363,20170705_2009,Wednesday,BENIGN,0,test,xgboost,Wednesday_GAP_011,False,Benign background traffic allocation (test),Level 2 Preferred Segment Atomicity
1364,20170705_2010,Wednesday,BENIGN,0,test,xgboost,Wednesday_GAP_011,False,Benign background traffic allocation (test),Level 2 Preferred Segment Atomicity
1365,20170705_2011,Wednesday,BENIGN,0,test,xgboost,Wednesday_GAP_011,False,Benign background traffic allocation (test),Level 2 Preferred Segment Atomicity
1366,20170705_2012,Wednesday,ATTACK,1,excluded,xgboost,Wednesday_SEG_011,False,Excluded from supervised multi-class XGBoost (11 single-window spikes),Heartbleed evaluated in binary anomaly detection only
1367,20170705_2013,Wednesday,BENIGN,0,train,xgboost,Wednesday_GAP_012,False,Benign background traffic allocation (train),Level 2 Preferred Segment Atomicity
1368,20170705_2014,Wednesday,ATTACK,1,excluded,xgboost,Wednesday_SEG_012,False,Excluded from supervised multi-class XGBoost (11 single-window spikes),Heartbleed evaluated in binary anomaly detection only
1369,20170705_2015,Wednesday,BENIGN,0,train,xgboost,Wednesday_GAP_013,False,Benign background traffic allocation (train),Level 2 Preferred Segment Atomicity
1370,20170705_2016,Wednesday,ATTACK,1,excluded,xgboost,Wednesday_SEG_013,False,Excluded from supervised multi-class XGBoost (11 single-window spikes),Heartbleed evaluated in binary anomaly detection only
1371,20170705_2017,Wednesday,BENIGN,0,train,xgboost,Wednesday_GAP_014,False,Benign background traffic allocation (train),Level 2 Preferred Segment Atomicity
1372,20170705_2018,Wednesday,ATTACK,1,excluded,xgboost,Wednesday_SEG_014,False,Excluded from supervised multi-class XGBoost (11 single-window spikes),Heartbleed evaluated in binary anomaly detection only
1373,20170705_2019,Wednesday,BENIGN,0,train,xgboost,Wednesday_GAP_015,False,Benign background traffic allocation (train),Level 2 Preferred Segment Atomicity
1374,20170705_2020,Wednesday,ATTACK,1,excluded,xgboost,Wednesday_SEG_015,False,Excluded from supervised multi-class XGBoost (11 single-window spikes),Heartbleed evaluated in binary anomaly detection only
1375,20170705_2021,Wednesday,BENIGN,0,train,xgboost,Wednesday_GAP_016,False,Benign background traffic allocation (train),Level 2 Preferred Segment Atomicity
1376,20170705_2022,Wednesday,ATTACK,1,excluded,xgboost,Wednesday_SEG_016,False,Excluded from supervised multi-class XGBoost (11 single-window spikes),Heartbleed evaluated in binary anomaly detection only
1377,20170705_2023,Wednesday,BENIGN,0,train,xgboost,Wednesday_GAP_017,False,Benign background traffic allocation (train),Level 2 Preferred Segment Atomicity
1378,20170705_2024,Wednesday,ATTACK,1,excluded,xgboost,Wednesday_SEG_017,False,Excluded from supervised multi-class XGBoost (11 single-window spikes),Heartbleed evaluated in binary anomaly detection only
1379,20170705_2025,Wednesday,BENIGN,0,train,xgboost,Wednesday_GAP_018,False,Benign background traffic allocation (train),Level 2 Preferred Segment Atomicity
1380,20170705_2026,Wednesday,ATTACK,1,excluded,xgboost,Wednesday_SEG_018,False,Excluded from supervised multi-class XGBoost (11 single-window spikes),Heartbleed evaluated in binary anomaly detection only
1381,20170705_2027,Wednesday,BENIGN,0,train,xgboost,Wednesday_GAP_019,False,Benign background traffic allocation (train),Level 2 Preferred Segment Atomicity
1382,20170705_2028,Wednesday,ATTACK,1,excluded,xgboost,Wednesday_SEG_019,False,Excluded from supervised multi-class XGBoost (11 single-window spikes),Heartbleed evaluated in binary anomaly detection only
1383,20170705_2029,Wednesday,BENIGN,0,train,xgboost,Wednesday_GAP_020,False,Benign background traffic allocation (train),Level 2 Preferred Segment Atomicity
1384,20170705_2030,Wednesday,ATTACK,1,excluded,xgboost,Wednesday_SEG_020,False,Excluded from supervised multi-class XGBoost (11 single-window spikes),Heartbleed evaluated in binary anomaly detection only
1385,20170705_2031,Wednesday,BENIGN,0,train,xgboost,Wednesday_GAP_021,False,Benign background traffic allocation (train),Level 2 Preferred Segment Atomicity
1386,20170705_2032,Wednesday,ATTACK,1,excluded,xgboost,Wednesday_SEG_021,False,Excluded from supervised multi-class XGBoost (11 single-window spikes),Heartbleed evaluated in binary anomaly detection only
1387,20170705_2033,Wednesday,BENIGN,0,train,xgboost,Wednesday_GAP_022,False,Benign background traffic allocation (train),Level 2 Preferred Segment Atomicity
1388,20170705_2034,Wednesday,BENIGN,0,train,xgboost,Wednesday_GAP_022,False,Benign background traffic allocation (train),Level 2 Preferred Segment Atomicity
1389,20170705_2035,Wednesday,BENIGN,0,train,xgboost,Wednesday_GAP_022,False,Benign background traffic allocation (train),Level 2 Preferred Segment Atomicity
1390,20170705_2036,Wednesday,BENIGN,0,train,xgboost,Wednesday_GAP_022,False,Benign background traffic allocation (train),Level 2 Preferred Segment Atomicity
1391,20170705_2037,Wednesday,BENIGN,0,train,xgboost,Wednesday_GAP_022,False,Benign background traffic allocation (train),Level 2 Preferred Segment Atomicity
1392,20170705_2038,Wednesday,BENIGN,0,train,xgboost,Wednesday_GAP_022,False,Benign background traffic allocation (train),Level 2 Preferred Segment Atomicity
1393,20170705_2039,Wednesday,BENIGN,0,train,xgboost,Wednesday_GAP_022,False,Benign background traffic allocation (train),Level 2 Preferred Segment Atomicity
1394,20170705_2040,Wednesday,BENIGN,0,train,xgboost,Wednesday_GAP_022,False,Benign background traffic allocation (train),Level 2 Preferred Segment Atomicity
1395,20170705_2041,Wednesday,BENIGN,0,train,xgboost,Wednesday_GAP_022,False,Benign background traffic allocation (train),Level 2 Preferred Segment Atomicity
1396,20170705_2042,Wednesday,BENIGN,0,train,xgboost,Wednesday_GAP_022,False,Benign background traffic allocation (train),Level 2 Preferred Segment Atomicity
1397,20170705_2043,Wednesday,BENIGN,0,train,xgboost,Wednesday_GAP_022,False,Benign background traffic allocation (train),Level 2 Preferred Segment Atomicity
1398,20170705_2044,Wednesday,BENIGN,0,train,xgboost,Wednesday_GAP_022,False,Benign background traffic allocation (train),Level 2 Preferred Segment Atomicity
1399,20170705_2045,Wednesday,BENIGN,0,train,xgboost,Wednesday_GAP_022,False,Benign background traffic allocation (train),Level 2 Preferred Segment Atomicity
1400,20170705_2046,Wednesday,BENIGN,0,train,xgboost,Wednesday_GAP_022,False,Benign background traffic allocation (train),Level 2 Preferred Segment Atomicity
1401,20170705_2047,Wednesday,BENIGN,0,train,xgboost,Wednesday_GAP_022,False,Benign background traffic allocation (train),Level 2 Preferred Segment Atomicity
1402,20170705_2048,Wednesday,BENIGN,0,train,xgboost,Wednesday_GAP_022,False,Benign background traffic allocation (train),Level 2 Preferred Segment Atomicity
1403,20170705_2049,Wednesday,BENIGN,0,train,xgboost,Wednesday_GAP_022,False,Benign background traffic allocation (train),Level 2 Preferred Segment Atomicity
1404,20170705_2050,Wednesday,BENIGN,0,train,xgboost,Wednesday_GAP_022,False,Benign background traffic allocation (train),Level 2 Preferred Segment Atomicity
1405,20170705_2051,Wednesday,BENIGN,0,train,xgboost,Wednesday_GAP_022,False,Benign background traffic allocation (train),Level 2 Preferred Segment Atomicity
1406,20170705_2052,Wednesday,BENIGN,0,train,xgboost,Wednesday_GAP_022,False,Benign background traffic allocation (train),Level 2 Preferred Segment Atomicity
1407,20170705_2053,Wednesday,BENIGN,0,train,xgboost,Wednesday_GAP_022,False,Benign background traffic allocation (train),Level 2 Preferred Segment Atomicity
1408,20170705_2054,Wednesday,BENIGN,0,train,xgboost,Wednesday_GAP_022,False,Benign background traffic allocation (train),Level 2 Preferred Segment Atomicity
1409,20170705_2055,Wednesday,BENIGN,0,train,xgboost,Wednesday_GAP_022,False,Benign background traffic allocation (train),Level 2 Preferred Segment Atomicity
1410,20170705_2056,Wednesday,BENIGN,0,train,xgboost,Wednesday_GAP_022,False,Benign background traffic allocation (train),Level 2 Preferred Segment Atomicity
1411,20170705_2057,Wednesday,BENIGN,0,train,xgboost,Wednesday_GAP_022,False,Benign background traffic allocation (train),Level 2 Preferred Segment Atomicity
1412,20170705_2058,Wednesday,BENIGN,0,train,xgboost,Wednesday_GAP_022,False,Benign background traffic allocation (train),Level 2 Preferred Segment Atomicity
1413,20170705_2059,Wednesday,BENIGN,0,train,xgboost,Wednesday_GAP_022,False,Benign background traffic allocation (train),Level 2 Preferred Segment Atomicity
1414,20170705_2100,Wednesday,BENIGN,0,train,xgboost,Wednesday_GAP_022,False,Benign background traffic allocation (train),Level 2 Preferred Segment Atomicity
1415,20170705_2101,Wednesday,BENIGN,0,train,xgboost,Wednesday_GAP_022,False,Benign background traffic allocation (train),Level 2 Preferred Segment Atomicity
1416,20170705_2102,Wednesday,BENIGN,0,train,xgboost,Wednesday_GAP_022,False,Benign background traffic allocation (train),Level 2 Preferred Segment Atomicity
1417,20170705_2103,Wednesday,BENIGN,0,train,xgboost,Wednesday_GAP_022,False,Benign background traffic allocation (train),Level 2 Preferred Segment Atomicity
1418,20170705_2104,Wednesday,BENIGN,0,train,xgboost,Wednesday_GAP_022,False,Benign background traffic allocation (train),Level 2 Preferred Segment Atomicity
1419,20170705_2105,Wednesday,BENIGN,0,train,xgboost,Wednesday_GAP_022,False,Benign background traffic allocation (train),Level 2 Preferred Segment Atomicity
1420,20170705_2106,Wednesday,BENIGN,0,train,xgboost,Wednesday_GAP_022,False,Benign background traffic allocation (train),Level 2 Preferred Segment Atomicity
1421,20170705_2107,Wednesday,BENIGN,0,train,xgboost,Wednesday_GAP_022,False,Benign background traffic allocation (train),Level 2 Preferred Segment Atomicity
1422,20170705_2108,Wednesday,BENIGN,0,train,xgboost,Wednesday_GAP_022,False,Benign background traffic allocation (train),Level 2 Preferred Segment Atomicity
1423,20170705_2109,Wednesday,BENIGN,0,train,xgboost,Wednesday_GAP_022,False,Benign background traffic allocation (train),Level 2 Preferred Segment Atomicity
1424,20170705_2110,Wednesday,BENIGN,0,train,xgboost,Wednesday_GAP_022,False,Benign background traffic allocation (train),Level 2 Preferred Segment Atomicity
1425,20170705_2111,Wednesday,BENIGN,0,train,xgboost,Wednesday_GAP_022,False,Benign background traffic allocation (train),Level 2 Preferred Segment Atomicity
1426,20170705_2112,Wednesday,BENIGN,0,train,xgboost,Wednesday_GAP_022,False,Benign background traffic allocation (train),Level 2 Preferred Segment Atomicity
1427,20170705_2113,Wednesday,BENIGN,0,train,xgboost,Wednesday_GAP_022,False,Benign background traffic allocation (train),Level 2 Preferred Segment Atomicity
1428,20170705_2114,Wednesday,BENIGN,0,train,xgboost,Wednesday_GAP_022,False,Benign background traffic allocation (train),Level 2 Preferred Segment Atomicity
1429,20170705_2115,Wednesday,BENIGN,0,train,xgboost,Wednesday_GAP_022,False,Benign background traffic allocation (train),Level 2 Preferred Segment Atomicity
1430,20170705_2116,Wednesday,BENIGN,0,train,xgboost,Wednesday_GAP_022,False,Benign background traffic allocation (train),Level 2 Preferred Segment Atomicity
1431,20170705_2117,Wednesday,BENIGN,0,train,xgboost,Wednesday_GAP_022,False,Benign background traffic allocation (train),Level 2 Preferred Segment Atomicity
1432,20170705_2118,Wednesday,BENIGN,0,train,xgboost,Wednesday_GAP_022,False,Benign background traffic allocation (train),Level 2 Preferred Segment Atomicity
1433,20170705_2119,Wednesday,BENIGN,0,train,xgboost,Wednesday_GAP_022,False,Benign background traffic allocation (train),Level 2 Preferred Segment Atomicity
1434,20170705_2120,Wednesday,BENIGN,0,train,xgboost,Wednesday_GAP_022,False,Benign background traffic allocation (train),Level 2 Preferred Segment Atomicity
1435,20170705_2121,Wednesday,BENIGN,0,train,xgboost,Wednesday_GAP_022,False,Benign background traffic allocation (train),Level 2 Preferred Segment Atomicity
1436,20170705_2122,Wednesday,BENIGN,0,train,xgboost,Wednesday_GAP_022,False,Benign background traffic allocation (train),Level 2 Preferred Segment Atomicity
1437,20170705_2123,Wednesday,BENIGN,0,train,xgboost,Wednesday_GAP_022,False,Benign background traffic allocation (train),Level 2 Preferred Segment Atomicity
1438,20170705_2124,Wednesday,BENIGN,0,train,xgboost,Wednesday_GAP_022,False,Benign background traffic allocation (train),Level 2 Preferred Segment Atomicity
1439,20170705_2125,Wednesday,BENIGN,0,train,xgboost,Wednesday_GAP_022,False,Benign background traffic allocation (train),Level 2 Preferred Segment Atomicity
1440,20170705_2126,Wednesday,BENIGN,0,train,xgboost,Wednesday_GAP_022,False,Benign background traffic allocation (train),Level 2 Preferred Segment Atomicity
1441,20170705_2127,Wednesday,BENIGN,0,train,xgboost,Wednesday_GAP_022,False,Benign background traffic allocation (train),Level 2 Preferred Segment Atomicity
1442,20170705_2128,Wednesday,BENIGN,0,train,xgboost,Wednesday_GAP_022,False,Benign background traffic allocation (train),Level 2 Preferred Segment Atomicity
1443,20170705_2129,Wednesday,BENIGN,0,train,xgboost,Wednesday_GAP_022,False,Benign background traffic allocation (train),Level 2 Preferred Segment Atomicity
1444,20170705_2130,Wednesday,BENIGN,0,train,xgboost,Wednesday_GAP_022,False,Benign background traffic allocation (train),Level 2 Preferred Segment Atomicity
1445,20170705_2131,Wednesday,BENIGN,0,train,xgboost,Wednesday_GAP_022,False,Benign background traffic allocation (train),Level 2 Preferred Segment Atomicity
1446,20170705_2132,Wednesday,BENIGN,0,train,xgboost,Wednesday_GAP_022,False,Benign background traffic allocation (train),Level 2 Preferred Segment Atomicity
1447,20170705_2133,Wednesday,BENIGN,0,train,xgboost,Wednesday_GAP_022,False,Benign background traffic allocation (train),Level 2 Preferred Segment Atomicity
1448,20170705_2134,Wednesday,BENIGN,0,train,xgboost,Wednesday_GAP_022,False,Benign background traffic allocation (train),Level 2 Preferred Segment Atomicity
1449,20170705_2135,Wednesday,BENIGN,0,train,xgboost,Wednesday_GAP_022,False,Benign background traffic allocation (train),Level 2 Preferred Segment Atomicity
1450,20170705_2136,Wednesday,BENIGN,0,train,xgboost,Wednesday_GAP_022,False,Benign background traffic allocation (train),Level 2 Preferred Segment Atomicity
1451,20170705_2137,Wednesday,BENIGN,0,train,xgboost,Wednesday_GAP_022,False,Benign background traffic allocation (train),Level 2 Preferred Segment Atomicity
1452,20170705_2138,Wednesday,BENIGN,0,train,xgboost,Wednesday_GAP_022,False,Benign background traffic allocation (train),Level 2 Preferred Segment Atomicity
1453,20170705_2139,Wednesday,BENIGN,0,train,xgboost,Wednesday_GAP_022,False,Benign background traffic allocation (train),Level 2 Preferred Segment Atomicity
1454,20170705_2140,Wednesday,BENIGN,0,train,xgboost,Wednesday_GAP_022,False,Benign background traffic allocation (train),Level 2 Preferred Segment Atomicity
1455,20170705_2141,Wednesday,BENIGN,0,train,xgboost,Wednesday_GAP_022,False,Benign background traffic allocation (train),Level 2 Preferred Segment Atomicity
1456,20170705_2142,Wednesday,BENIGN,0,validation,xgboost,Wednesday_GAP_022,False,Benign background traffic allocation (validation),Level 2 Preferred Segment Atomicity
1457,20170705_2143,Wednesday,BENIGN,0,validation,xgboost,Wednesday_GAP_022,False,Benign background traffic allocation (validation),Level 2 Preferred Segment Atomicity
1458,20170705_2144,Wednesday,BENIGN,0,validation,xgboost,Wednesday_GAP_022,False,Benign background traffic allocation (validation),Level 2 Preferred Segment Atomicity
1459,20170705_2145,Wednesday,BENIGN,0,validation,xgboost,Wednesday_GAP_022,False,Benign background traffic allocation (validation),Level 2 Preferred Segment Atomicity
1460,20170705_2146,Wednesday,BENIGN,0,validation,xgboost,Wednesday_GAP_022,False,Benign background traffic allocation (validation),Level 2 Preferred Segment Atomicity
1461,20170705_2147,Wednesday,BENIGN,0,validation,xgboost,Wednesday_GAP_022,False,Benign background traffic allocation (validation),Level 2 Preferred Segment Atomicity
1462,20170705_2148,Wednesday,BENIGN,0,validation,xgboost,Wednesday_GAP_022,False,Benign background traffic allocation (validation),Level 2 Preferred Segment Atomicity
1463,20170705_2149,Wednesday,BENIGN,0,validation,xgboost,Wednesday_GAP_022,False,Benign background traffic allocation (validation),Level 2 Preferred Segment Atomicity
1464,20170705_2150,Wednesday,BENIGN,0,validation,xgboost,Wednesday_GAP_022,False,Benign background traffic allocation (validation),Level 2 Preferred Segment Atomicity
1465,20170705_2151,Wednesday,BENIGN,0,validation,xgboost,Wednesday_GAP_022,False,Benign background traffic allocation (validation),Level 2 Preferred Segment Atomicity
1466,20170705_2152,Wednesday,BENIGN,0,validation,xgboost,Wednesday_GAP_022,False,Benign background traffic allocation (validation),Level 2 Preferred Segment Atomicity
1467,20170705_2153,Wednesday,BENIGN,0,validation,xgboost,Wednesday_GAP_022,False,Benign background traffic allocation (validation),Level 2 Preferred Segment Atomicity
1468,20170705_2154,Wednesday,BENIGN,0,validation,xgboost,Wednesday_GAP_022,False,Benign background traffic allocation (validation),Level 2 Preferred Segment Atomicity
1469,20170705_2155,Wednesday,BENIGN,0,validation,xgboost,Wednesday_GAP_022,False,Benign background traffic allocation (validation),Level 2 Preferred Segment Atomicity
1470,20170705_2156,Wednesday,BENIGN,0,validation,xgboost,Wednesday_GAP_022,False,Benign background traffic allocation (validation),Level 2 Preferred Segment Atomicity
1471,20170705_2157,Wednesday,BENIGN,0,test,xgboost,Wednesday_GAP_022,False,Benign background traffic allocation (test),Level 2 Preferred Segment Atomicity
1472,20170705_2158,Wednesday,BENIGN,0,test,xgboost,Wednesday_GAP_022,False,Benign background traffic allocation (test),Level 2 Preferred Segment Atomicity
1473,20170705_2159,Wednesday,BENIGN,0,test,xgboost,Wednesday_GAP_022,False,Benign background traffic allocation (test),Level 2 Preferred Segment Atomicity
1474,20170705_2200,Wednesday,BENIGN,0,test,xgboost,Wednesday_GAP_022,False,Benign background traffic allocation (test),Level 2 Preferred Segment Atomicity
1475,20170705_2201,Wednesday,BENIGN,0,test,xgboost,Wednesday_GAP_022,False,Benign background traffic allocation (test),Level 2 Preferred Segment Atomicity
1476,20170705_2202,Wednesday,BENIGN,0,test,xgboost,Wednesday_GAP_022,False,Benign background traffic allocation (test),Level 2 Preferred Segment Atomicity
1477,20170705_2203,Wednesday,BENIGN,0,test,xgboost,Wednesday_GAP_022,False,Benign background traffic allocation (test),Level 2 Preferred Segment Atomicity
1478,20170705_2204,Wednesday,BENIGN,0,test,xgboost,Wednesday_GAP_022,False,Benign background traffic allocation (test),Level 2 Preferred Segment Atomicity
1479,20170705_2205,Wednesday,BENIGN,0,test,xgboost,Wednesday_GAP_022,False,Benign background traffic allocation (test),Level 2 Preferred Segment Atomicity
1480,20170705_2206,Wednesday,BENIGN,0,test,xgboost,Wednesday_GAP_022,False,Benign background traffic allocation (test),Level 2 Preferred Segment Atomicity
1481,20170705_2207,Wednesday,BENIGN,0,test,xgboost,Wednesday_GAP_022,False,Benign background traffic allocation (test),Level 2 Preferred Segment Atomicity
1482,20170705_2208,Wednesday,BENIGN,0,test,xgboost,Wednesday_GAP_022,False,Benign background traffic allocation (test),Level 2 Preferred Segment Atomicity
1483,20170705_2209,Wednesday,BENIGN,0,test,xgboost,Wednesday_GAP_022,False,Benign background traffic allocation (test),Level 2 Preferred Segment Atomicity
1484,20170705_2210,Wednesday,BENIGN,0,test,xgboost,Wednesday_GAP_022,False,Benign background traffic allocation (test),Level 2 Preferred Segment Atomicity
1485,20170706_1359,Thursday,BENIGN,0,train,xgboost,Thursday_GAP_001,False,Benign background traffic allocation (train),Level 2 Preferred Segment Atomicity
1486,20170706_1400,Thursday,BENIGN,0,train,xgboost,Thursday_GAP_001,False,Benign background traffic allocation (train),Level 2 Preferred Segment Atomicity
1487,20170706_1401,Thursday,BENIGN,0,train,xgboost,Thursday_GAP_001,False,Benign background traffic allocation (train),Level 2 Preferred Segment Atomicity
1488,20170706_1402,Thursday,BENIGN,0,train,xgboost,Thursday_GAP_001,False,Benign background traffic allocation (train),Level 2 Preferred Segment Atomicity
1489,20170706_1403,Thursday,BENIGN,0,train,xgboost,Thursday_GAP_001,False,Benign background traffic allocation (train),Level 2 Preferred Segment Atomicity
1490,20170706_1404,Thursday,BENIGN,0,train,xgboost,Thursday_GAP_001,False,Benign background traffic allocation (train),Level 2 Preferred Segment Atomicity
1491,20170706_1405,Thursday,BENIGN,0,train,xgboost,Thursday_GAP_001,False,Benign background traffic allocation (train),Level 2 Preferred Segment Atomicity
1492,20170706_1406,Thursday,BENIGN,0,train,xgboost,Thursday_GAP_001,False,Benign background traffic allocation (train),Level 2 Preferred Segment Atomicity
1493,20170706_1407,Thursday,BENIGN,0,train,xgboost,Thursday_GAP_001,False,Benign background traffic allocation (train),Level 2 Preferred Segment Atomicity
1494,20170706_1408,Thursday,BENIGN,0,train,xgboost,Thursday_GAP_001,False,Benign background traffic allocation (train),Level 2 Preferred Segment Atomicity
1495,20170706_1409,Thursday,BENIGN,0,train,xgboost,Thursday_GAP_001,False,Benign background traffic allocation (train),Level 2 Preferred Segment Atomicity
1496,20170706_1410,Thursday,BENIGN,0,validation,xgboost,Thursday_GAP_001,False,Benign background traffic allocation (validation),Level 2 Preferred Segment Atomicity
1497,20170706_1411,Thursday,BENIGN,0,validation,xgboost,Thursday_GAP_001,False,Benign background traffic allocation (validation),Level 2 Preferred Segment Atomicity
1498,20170706_1412,Thursday,BENIGN,0,test,xgboost,Thursday_GAP_001,False,Benign background traffic allocation (test),Level 2 Preferred Segment Atomicity
1499,20170706_1413,Thursday,BENIGN,0,test,xgboost,Thursday_GAP_001,False,Benign background traffic allocation (test),Level 2 Preferred Segment Atomicity
1500,20170706_1414,Thursday,BENIGN,0,test,xgboost,Thursday_GAP_001,False,Benign background traffic allocation (test),Level 2 Preferred Segment Atomicity
1501,20170706_1415,Thursday,Brute Force,1,validation,xgboost,Thursday_SEG_001,False,Whole attack segment allocation (validation),Level 2 Preferred Segment Atomicity
1502,20170706_1416,Thursday,Brute Force,1,validation,xgboost,Thursday_SEG_001,False,Whole attack segment allocation (validation),Level 2 Preferred Segment Atomicity
1503,20170706_1417,Thursday,BENIGN,0,train,xgboost,Thursday_GAP_002,False,Benign background traffic allocation (train),Level 2 Preferred Segment Atomicity
1504,20170706_1418,Thursday,Brute Force,1,test,xgboost,Thursday_SEG_002,False,Whole attack segment allocation (test),Level 2 Preferred Segment Atomicity
1505,20170706_1419,Thursday,Brute Force,1,test,xgboost,Thursday_SEG_002,False,Whole attack segment allocation (test),Level 2 Preferred Segment Atomicity
1506,20170706_1420,Thursday,BENIGN,0,train,xgboost,Thursday_GAP_003,False,Benign background traffic allocation (train),Level 2 Preferred Segment Atomicity
1507,20170706_1421,Thursday,Brute Force,1,train,xgboost,Thursday_SEG_003,False,Whole attack segment allocation (train),Level 2 Preferred Segment Atomicity
1508,20170706_1422,Thursday,Brute Force,1,train,xgboost,Thursday_SEG_003,False,Whole attack segment allocation (train),Level 2 Preferred Segment Atomicity
1509,20170706_1423,Thursday,Brute Force,1,train,xgboost,Thursday_SEG_003,False,Whole attack segment allocation (train),Level 2 Preferred Segment Atomicity
1510,20170706_1424,Thursday,Brute Force,1,train,xgboost,Thursday_SEG_003,False,Whole attack segment allocation (train),Level 2 Preferred Segment Atomicity
1511,20170706_1425,Thursday,Brute Force,1,train,xgboost,Thursday_SEG_003,False,Whole attack segment allocation (train),Level 2 Preferred Segment Atomicity
1512,20170706_1426,Thursday,Brute Force,1,train,xgboost,Thursday_SEG_003,False,Whole attack segment allocation (train),Level 2 Preferred Segment Atomicity
1513,20170706_1427,Thursday,Brute Force,1,train,xgboost,Thursday_SEG_003,False,Whole attack segment allocation (train),Level 2 Preferred Segment Atomicity
1514,20170706_1428,Thursday,Brute Force,1,train,xgboost,Thursday_SEG_003,False,Whole attack segment allocation (train),Level 2 Preferred Segment Atomicity
1515,20170706_1429,Thursday,Brute Force,1,train,xgboost,Thursday_SEG_003,False,Whole attack segment allocation (train),Level 2 Preferred Segment Atomicity
1516,20170706_1430,Thursday,Brute Force,1,train,xgboost,Thursday_SEG_003,False,Whole attack segment allocation (train),Level 2 Preferred Segment Atomicity
1517,20170706_1431,Thursday,Brute Force,1,train,xgboost,Thursday_SEG_003,False,Whole attack segment allocation (train),Level 2 Preferred Segment Atomicity
1518,20170706_1432,Thursday,Brute Force,1,train,xgboost,Thursday_SEG_003,False,Whole attack segment allocation (train),Level 2 Preferred Segment Atomicity
1519,20170706_1433,Thursday,Brute Force,1,train,xgboost,Thursday_SEG_003,False,Whole attack segment allocation (train),Level 2 Preferred Segment Atomicity
1520,20170706_1434,Thursday,Brute Force,1,train,xgboost,Thursday_SEG_003,False,Whole attack segment allocation (train),Level 2 Preferred Segment Atomicity
1521,20170706_1435,Thursday,Brute Force,1,train,xgboost,Thursday_SEG_003,False,Whole attack segment allocation (train),Level 2 Preferred Segment Atomicity
1522,20170706_1436,Thursday,Brute Force,1,train,xgboost,Thursday_SEG_003,False,Whole attack segment allocation (train),Level 2 Preferred Segment Atomicity
1523,20170706_1437,Thursday,Brute Force,1,train,xgboost,Thursday_SEG_003,False,Whole attack segment allocation (train),Level 2 Preferred Segment Atomicity
1524,20170706_1438,Thursday,Brute Force,1,train,xgboost,Thursday_SEG_003,False,Whole attack segment allocation (train),Level 2 Preferred Segment Atomicity
1525,20170706_1439,Thursday,Brute Force,1,train,xgboost,Thursday_SEG_003,False,Whole attack segment allocation (train),Level 2 Preferred Segment Atomicity
1526,20170706_1440,Thursday,Brute Force,1,train,xgboost,Thursday_SEG_003,False,Whole attack segment allocation (train),Level 2 Preferred Segment Atomicity
1527,20170706_1441,Thursday,Brute Force,1,train,xgboost,Thursday_SEG_003,False,Whole attack segment allocation (train),Level 2 Preferred Segment Atomicity
1528,20170706_1442,Thursday,Brute Force,1,train,xgboost,Thursday_SEG_003,False,Whole attack segment allocation (train),Level 2 Preferred Segment Atomicity
1529,20170706_1443,Thursday,Brute Force,1,train,xgboost,Thursday_SEG_003,False,Whole attack segment allocation (train),Level 2 Preferred Segment Atomicity
1530,20170706_1444,Thursday,Brute Force,1,train,xgboost,Thursday_SEG_003,False,Whole attack segment allocation (train),Level 2 Preferred Segment Atomicity
1531,20170706_1445,Thursday,Brute Force,1,train,xgboost,Thursday_SEG_003,False,Whole attack segment allocation (train),Level 2 Preferred Segment Atomicity
1532,20170706_1446,Thursday,Brute Force,1,train,xgboost,Thursday_SEG_003,False,Whole attack segment allocation (train),Level 2 Preferred Segment Atomicity
1533,20170706_1447,Thursday,Brute Force,1,train,xgboost,Thursday_SEG_003,False,Whole attack segment allocation (train),Level 2 Preferred Segment Atomicity
1534,20170706_1448,Thursday,Brute Force,1,train,xgboost,Thursday_SEG_003,False,Whole attack segment allocation (train),Level 2 Preferred Segment Atomicity
1535,20170706_1449,Thursday,Brute Force,1,train,xgboost,Thursday_SEG_003,False,Whole attack segment allocation (train),Level 2 Preferred Segment Atomicity
1536,20170706_1450,Thursday,Brute Force,1,train,xgboost,Thursday_SEG_003,False,Whole attack segment allocation (train),Level 2 Preferred Segment Atomicity
1537,20170706_1451,Thursday,Brute Force,1,train,xgboost,Thursday_SEG_003,False,Whole attack segment allocation (train),Level 2 Preferred Segment Atomicity
1538,20170706_1452,Thursday,Brute Force,1,train,xgboost,Thursday_SEG_003,False,Whole attack segment allocation (train),Level 2 Preferred Segment Atomicity
1539,20170706_1453,Thursday,Brute Force,1,train,xgboost,Thursday_SEG_003,False,Whole attack segment allocation (train),Level 2 Preferred Segment Atomicity
1540,20170706_1454,Thursday,Brute Force,1,train,xgboost,Thursday_SEG_003,False,Whole attack segment allocation (train),Level 2 Preferred Segment Atomicity
1541,20170706_1455,Thursday,Brute Force,1,train,xgboost,Thursday_SEG_003,False,Whole attack segment allocation (train),Level 2 Preferred Segment Atomicity
1542,20170706_1456,Thursday,Brute Force,1,train,xgboost,Thursday_SEG_003,False,Whole attack segment allocation (train),Level 2 Preferred Segment Atomicity
1543,20170706_1457,Thursday,Brute Force,1,train,xgboost,Thursday_SEG_003,False,Whole attack segment allocation (train),Level 2 Preferred Segment Atomicity
1544,20170706_1458,Thursday,Brute Force,1,train,xgboost,Thursday_SEG_003,False,Whole attack segment allocation (train),Level 2 Preferred Segment Atomicity
1545,20170706_1459,Thursday,Brute Force,1,train,xgboost,Thursday_SEG_003,False,Whole attack segment allocation (train),Level 2 Preferred Segment Atomicity
1546,20170706_1500,Thursday,Brute Force,1,train,xgboost,Thursday_SEG_003,False,Whole attack segment allocation (train),Level 2 Preferred Segment Atomicity
1547,20170706_1501,Thursday,BENIGN,0,train,xgboost,Thursday_GAP_004,False,Benign background traffic allocation (train),Level 2 Preferred Segment Atomicity
1548,20170706_1502,Thursday,BENIGN,0,train,xgboost,Thursday_GAP_004,False,Benign background traffic allocation (train),Level 2 Preferred Segment Atomicity
1549,20170706_1503,Thursday,BENIGN,0,train,xgboost,Thursday_GAP_004,False,Benign background traffic allocation (train),Level 2 Preferred Segment Atomicity
1550,20170706_1504,Thursday,BENIGN,0,train,xgboost,Thursday_GAP_004,False,Benign background traffic allocation (train),Level 2 Preferred Segment Atomicity
1551,20170706_1505,Thursday,BENIGN,0,train,xgboost,Thursday_GAP_004,False,Benign background traffic allocation (train),Level 2 Preferred Segment Atomicity
1552,20170706_1506,Thursday,BENIGN,0,train,xgboost,Thursday_GAP_004,False,Benign background traffic allocation (train),Level 2 Preferred Segment Atomicity
1553,20170706_1507,Thursday,BENIGN,0,train,xgboost,Thursday_GAP_004,False,Benign background traffic allocation (train),Level 2 Preferred Segment Atomicity
1554,20170706_1508,Thursday,BENIGN,0,train,xgboost,Thursday_GAP_004,False,Benign background traffic allocation (train),Level 2 Preferred Segment Atomicity
1555,20170706_1509,Thursday,BENIGN,0,train,xgboost,Thursday_GAP_004,False,Benign background traffic allocation (train),Level 2 Preferred Segment Atomicity
1556,20170706_1510,Thursday,BENIGN,0,train,xgboost,Thursday_GAP_004,False,Benign background traffic allocation (train),Level 2 Preferred Segment Atomicity
1557,20170706_1511,Thursday,BENIGN,0,validation,xgboost,Thursday_GAP_004,False,Benign background traffic allocation (validation),Level 2 Preferred Segment Atomicity
1558,20170706_1512,Thursday,BENIGN,0,validation,xgboost,Thursday_GAP_004,False,Benign background traffic allocation (validation),Level 2 Preferred Segment Atomicity
1559,20170706_1513,Thursday,BENIGN,0,test,xgboost,Thursday_GAP_004,False,Benign background traffic allocation (test),Level 2 Preferred Segment Atomicity
1560,20170706_1514,Thursday,BENIGN,0,test,xgboost,Thursday_GAP_004,False,Benign background traffic allocation (test),Level 2 Preferred Segment Atomicity
1561,20170706_1515,Thursday,Web Attack,1,train,xgboost,Thursday_SEG_004,False,Whole attack segment allocation (train),Level 2 Preferred Segment Atomicity
1562,20170706_1516,Thursday,Web Attack,1,train,xgboost,Thursday_SEG_004,False,Whole attack segment allocation (train),Level 2 Preferred Segment Atomicity
1563,20170706_1517,Thursday,Web Attack,1,train,xgboost,Thursday_SEG_004,False,Whole attack segment allocation (train),Level 2 Preferred Segment Atomicity
1564,20170706_1518,Thursday,Web Attack,1,train,xgboost,Thursday_SEG_004,False,Whole attack segment allocation (train),Level 2 Preferred Segment Atomicity
1565,20170706_1519,Thursday,Web Attack,1,train,xgboost,Thursday_SEG_004,False,Whole attack segment allocation (train),Level 2 Preferred Segment Atomicity
1566,20170706_1520,Thursday,Web Attack,1,train,xgboost,Thursday_SEG_004,False,Whole attack segment allocation (train),Level 2 Preferred Segment Atomicity
1567,20170706_1521,Thursday,Web Attack,1,train,xgboost,Thursday_SEG_004,False,Whole attack segment allocation (train),Level 2 Preferred Segment Atomicity
1568,20170706_1522,Thursday,Web Attack,1,train,xgboost,Thursday_SEG_004,False,Whole attack segment allocation (train),Level 2 Preferred Segment Atomicity
1569,20170706_1523,Thursday,Web Attack,1,train,xgboost,Thursday_SEG_004,False,Whole attack segment allocation (train),Level 2 Preferred Segment Atomicity
1570,20170706_1524,Thursday,Web Attack,1,train,xgboost,Thursday_SEG_004,False,Whole attack segment allocation (train),Level 2 Preferred Segment Atomicity
1571,20170706_1525,Thursday,Web Attack,1,train,xgboost,Thursday_SEG_004,False,Whole attack segment allocation (train),Level 2 Preferred Segment Atomicity
1572,20170706_1526,Thursday,Web Attack,1,train,xgboost,Thursday_SEG_004,False,Whole attack segment allocation (train),Level 2 Preferred Segment Atomicity
1573,20170706_1527,Thursday,Web Attack,1,train,xgboost,Thursday_SEG_004,False,Whole attack segment allocation (train),Level 2 Preferred Segment Atomicity
1574,20170706_1528,Thursday,Web Attack,1,train,xgboost,Thursday_SEG_004,False,Whole attack segment allocation (train),Level 2 Preferred Segment Atomicity
1575,20170706_1529,Thursday,Web Attack,1,train,xgboost,Thursday_SEG_004,False,Whole attack segment allocation (train),Level 2 Preferred Segment Atomicity
1576,20170706_1530,Thursday,Web Attack,1,train,xgboost,Thursday_SEG_004,False,Whole attack segment allocation (train),Level 2 Preferred Segment Atomicity
1577,20170706_1531,Thursday,Web Attack,1,train,xgboost,Thursday_SEG_004,False,Whole attack segment allocation (train),Level 2 Preferred Segment Atomicity
1578,20170706_1532,Thursday,Web Attack,1,train,xgboost,Thursday_SEG_004,False,Whole attack segment allocation (train),Level 2 Preferred Segment Atomicity
1579,20170706_1533,Thursday,Web Attack,1,train,xgboost,Thursday_SEG_004,False,Whole attack segment allocation (train),Level 2 Preferred Segment Atomicity
1580,20170706_1534,Thursday,Web Attack,1,train,xgboost,Thursday_SEG_004,False,Whole attack segment allocation (train),Level 2 Preferred Segment Atomicity
1581,20170706_1535,Thursday,Web Attack,1,train,xgboost,Thursday_SEG_004,False,Whole attack segment allocation (train),Level 2 Preferred Segment Atomicity
1582,20170706_1536,Thursday,BENIGN,0,train,xgboost,Thursday_GAP_005,False,Benign background traffic allocation (train),Level 2 Preferred Segment Atomicity
1583,20170706_1537,Thursday,BENIGN,0,train,xgboost,Thursday_GAP_005,False,Benign background traffic allocation (train),Level 2 Preferred Segment Atomicity
1584,20170706_1538,Thursday,BENIGN,0,train,xgboost,Thursday_GAP_005,False,Benign background traffic allocation (train),Level 2 Preferred Segment Atomicity
1585,20170706_1539,Thursday,BENIGN,0,validation,xgboost,Thursday_GAP_005,False,Benign background traffic allocation (validation),Level 2 Preferred Segment Atomicity
1586,20170706_1540,Thursday,Web Attack,1,test,xgboost,Thursday_SEG_005,False,Whole attack segment allocation (test),Level 2 Preferred Segment Atomicity
1587,20170706_1541,Thursday,Web Attack,1,test,xgboost,Thursday_SEG_005,False,Whole attack segment allocation (test),Level 2 Preferred Segment Atomicity
1588,20170706_1542,Thursday,Web Attack,1,test,xgboost,Thursday_SEG_005,False,Whole attack segment allocation (test),Level 2 Preferred Segment Atomicity
1589,20170706_1543,Thursday,BENIGN,0,train,xgboost,Thursday_GAP_006,False,Benign background traffic allocation (train),Level 2 Preferred Segment Atomicity
1590,20170706_1544,Thursday,BENIGN,0,train,xgboost,Thursday_GAP_006,False,Benign background traffic allocation (train),Level 2 Preferred Segment Atomicity
1591,20170706_1545,Thursday,BENIGN,0,train,xgboost,Thursday_GAP_006,False,Benign background traffic allocation (train),Level 2 Preferred Segment Atomicity
1592,20170706_1546,Thursday,BENIGN,0,train,xgboost,Thursday_GAP_006,False,Benign background traffic allocation (train),Level 2 Preferred Segment Atomicity
1593,20170706_1547,Thursday,BENIGN,0,train,xgboost,Thursday_GAP_006,False,Benign background traffic allocation (train),Level 2 Preferred Segment Atomicity
1594,20170706_1548,Thursday,BENIGN,0,train,xgboost,Thursday_GAP_006,False,Benign background traffic allocation (train),Level 2 Preferred Segment Atomicity
1595,20170706_1549,Thursday,BENIGN,0,train,xgboost,Thursday_GAP_006,False,Benign background traffic allocation (train),Level 2 Preferred Segment Atomicity
1596,20170706_1550,Thursday,BENIGN,0,train,xgboost,Thursday_GAP_006,False,Benign background traffic allocation (train),Level 2 Preferred Segment Atomicity
1597,20170706_1551,Thursday,BENIGN,0,train,xgboost,Thursday_GAP_006,False,Benign background traffic allocation (train),Level 2 Preferred Segment Atomicity
1598,20170706_1552,Thursday,BENIGN,0,train,xgboost,Thursday_GAP_006,False,Benign background traffic allocation (train),Level 2 Preferred Segment Atomicity
1599,20170706_1553,Thursday,BENIGN,0,train,xgboost,Thursday_GAP_006,False,Benign background traffic allocation (train),Level 2 Preferred Segment Atomicity
1600,20170706_1554,Thursday,BENIGN,0,train,xgboost,Thursday_GAP_006,False,Benign background traffic allocation (train),Level 2 Preferred Segment Atomicity
1601,20170706_1555,Thursday,BENIGN,0,train,xgboost,Thursday_GAP_006,False,Benign background traffic allocation (train),Level 2 Preferred Segment Atomicity
1602,20170706_1556,Thursday,BENIGN,0,train,xgboost,Thursday_GAP_006,False,Benign background traffic allocation (train),Level 2 Preferred Segment Atomicity
1603,20170706_1557,Thursday,BENIGN,0,train,xgboost,Thursday_GAP_006,False,Benign background traffic allocation (train),Level 2 Preferred Segment Atomicity
1604,20170706_1558,Thursday,BENIGN,0,train,xgboost,Thursday_GAP_006,False,Benign background traffic allocation (train),Level 2 Preferred Segment Atomicity
1605,20170706_1559,Thursday,BENIGN,0,train,xgboost,Thursday_GAP_006,False,Benign background traffic allocation (train),Level 2 Preferred Segment Atomicity
1606,20170706_1600,Thursday,BENIGN,0,train,xgboost,Thursday_GAP_006,False,Benign background traffic allocation (train),Level 2 Preferred Segment Atomicity
1607,20170706_1601,Thursday,BENIGN,0,train,xgboost,Thursday_GAP_006,False,Benign background traffic allocation (train),Level 2 Preferred Segment Atomicity
1608,20170706_1602,Thursday,BENIGN,0,train,xgboost,Thursday_GAP_006,False,Benign background traffic allocation (train),Level 2 Preferred Segment Atomicity
1609,20170706_1603,Thursday,BENIGN,0,train,xgboost,Thursday_GAP_006,False,Benign background traffic allocation (train),Level 2 Preferred Segment Atomicity
1610,20170706_1604,Thursday,BENIGN,0,train,xgboost,Thursday_GAP_006,False,Benign background traffic allocation (train),Level 2 Preferred Segment Atomicity
1611,20170706_1605,Thursday,BENIGN,0,train,xgboost,Thursday_GAP_006,False,Benign background traffic allocation (train),Level 2 Preferred Segment Atomicity
1612,20170706_1606,Thursday,BENIGN,0,train,xgboost,Thursday_GAP_006,False,Benign background traffic allocation (train),Level 2 Preferred Segment Atomicity
1613,20170706_1607,Thursday,BENIGN,0,train,xgboost,Thursday_GAP_006,False,Benign background traffic allocation (train),Level 2 Preferred Segment Atomicity
1614,20170706_1608,Thursday,BENIGN,0,train,xgboost,Thursday_GAP_006,False,Benign background traffic allocation (train),Level 2 Preferred Segment Atomicity
1615,20170706_1609,Thursday,BENIGN,0,train,xgboost,Thursday_GAP_006,False,Benign background traffic allocation (train),Level 2 Preferred Segment Atomicity
1616,20170706_1610,Thursday,BENIGN,0,train,xgboost,Thursday_GAP_006,False,Benign background traffic allocation (train),Level 2 Preferred Segment Atomicity
1617,20170706_1611,Thursday,BENIGN,0,train,xgboost,Thursday_GAP_006,False,Benign background traffic allocation (train),Level 2 Preferred Segment Atomicity
1618,20170706_1612,Thursday,BENIGN,0,train,xgboost,Thursday_GAP_006,False,Benign background traffic allocation (train),Level 2 Preferred Segment Atomicity
1619,20170706_1613,Thursday,BENIGN,0,train,xgboost,Thursday_GAP_006,False,Benign background traffic allocation (train),Level 2 Preferred Segment Atomicity
1620,20170706_1614,Thursday,BENIGN,0,train,xgboost,Thursday_GAP_006,False,Benign background traffic allocation (train),Level 2 Preferred Segment Atomicity
1621,20170706_1615,Thursday,BENIGN,0,train,xgboost,Thursday_GAP_006,False,Benign background traffic allocation (train),Level 2 Preferred Segment Atomicity
1622,20170706_1616,Thursday,BENIGN,0,train,xgboost,Thursday_GAP_006,False,Benign background traffic allocation (train),Level 2 Preferred Segment Atomicity
1623,20170706_1617,Thursday,BENIGN,0,train,xgboost,Thursday_GAP_006,False,Benign background traffic allocation (train),Level 2 Preferred Segment Atomicity
1624,20170706_1618,Thursday,BENIGN,0,train,xgboost,Thursday_GAP_006,False,Benign background traffic allocation (train),Level 2 Preferred Segment Atomicity
1625,20170706_1619,Thursday,BENIGN,0,train,xgboost,Thursday_GAP_006,False,Benign background traffic allocation (train),Level 2 Preferred Segment Atomicity
1626,20170706_1620,Thursday,BENIGN,0,train,xgboost,Thursday_GAP_006,False,Benign background traffic allocation (train),Level 2 Preferred Segment Atomicity
1627,20170706_1621,Thursday,BENIGN,0,train,xgboost,Thursday_GAP_006,False,Benign background traffic allocation (train),Level 2 Preferred Segment Atomicity
1628,20170706_1622,Thursday,BENIGN,0,train,xgboost,Thursday_GAP_006,False,Benign background traffic allocation (train),Level 2 Preferred Segment Atomicity
1629,20170706_1623,Thursday,BENIGN,0,train,xgboost,Thursday_GAP_006,False,Benign background traffic allocation (train),Level 2 Preferred Segment Atomicity
1630,20170706_1624,Thursday,BENIGN,0,train,xgboost,Thursday_GAP_006,False,Benign background traffic allocation (train),Level 2 Preferred Segment Atomicity
1631,20170706_1625,Thursday,BENIGN,0,train,xgboost,Thursday_GAP_006,False,Benign background traffic allocation (train),Level 2 Preferred Segment Atomicity
1632,20170706_1626,Thursday,BENIGN,0,train,xgboost,Thursday_GAP_006,False,Benign background traffic allocation (train),Level 2 Preferred Segment Atomicity
1633,20170706_1627,Thursday,BENIGN,0,train,xgboost,Thursday_GAP_006,False,Benign background traffic allocation (train),Level 2 Preferred Segment Atomicity
1634,20170706_1628,Thursday,BENIGN,0,train,xgboost,Thursday_GAP_006,False,Benign background traffic allocation (train),Level 2 Preferred Segment Atomicity
1635,20170706_1629,Thursday,BENIGN,0,train,xgboost,Thursday_GAP_006,False,Benign background traffic allocation (train),Level 2 Preferred Segment Atomicity
1636,20170706_1630,Thursday,BENIGN,0,train,xgboost,Thursday_GAP_006,False,Benign background traffic allocation (train),Level 2 Preferred Segment Atomicity
1637,20170706_1631,Thursday,BENIGN,0,train,xgboost,Thursday_GAP_006,False,Benign background traffic allocation (train),Level 2 Preferred Segment Atomicity
1638,20170706_1632,Thursday,BENIGN,0,train,xgboost,Thursday_GAP_006,False,Benign background traffic allocation (train),Level 2 Preferred Segment Atomicity
1639,20170706_1633,Thursday,BENIGN,0,train,xgboost,Thursday_GAP_006,False,Benign background traffic allocation (train),Level 2 Preferred Segment Atomicity
1640,20170706_1634,Thursday,BENIGN,0,train,xgboost,Thursday_GAP_006,False,Benign background traffic allocation (train),Level 2 Preferred Segment Atomicity
1641,20170706_1635,Thursday,BENIGN,0,train,xgboost,Thursday_GAP_006,False,Benign background traffic allocation (train),Level 2 Preferred Segment Atomicity
1642,20170706_1636,Thursday,BENIGN,0,train,xgboost,Thursday_GAP_006,False,Benign background traffic allocation (train),Level 2 Preferred Segment Atomicity
1643,20170706_1637,Thursday,BENIGN,0,train,xgboost,Thursday_GAP_006,False,Benign background traffic allocation (train),Level 2 Preferred Segment Atomicity
1644,20170706_1638,Thursday,BENIGN,0,train,xgboost,Thursday_GAP_006,False,Benign background traffic allocation (train),Level 2 Preferred Segment Atomicity
1645,20170706_1639,Thursday,BENIGN,0,train,xgboost,Thursday_GAP_006,False,Benign background traffic allocation (train),Level 2 Preferred Segment Atomicity
1646,20170706_1640,Thursday,BENIGN,0,train,xgboost,Thursday_GAP_006,False,Benign background traffic allocation (train),Level 2 Preferred Segment Atomicity
1647,20170706_1641,Thursday,BENIGN,0,train,xgboost,Thursday_GAP_006,False,Benign background traffic allocation (train),Level 2 Preferred Segment Atomicity
1648,20170706_1642,Thursday,BENIGN,0,train,xgboost,Thursday_GAP_006,False,Benign background traffic allocation (train),Level 2 Preferred Segment Atomicity
1649,20170706_1643,Thursday,BENIGN,0,train,xgboost,Thursday_GAP_006,False,Benign background traffic allocation (train),Level 2 Preferred Segment Atomicity
1650,20170706_1644,Thursday,BENIGN,0,train,xgboost,Thursday_GAP_006,False,Benign background traffic allocation (train),Level 2 Preferred Segment Atomicity
1651,20170706_1645,Thursday,BENIGN,0,train,xgboost,Thursday_GAP_006,False,Benign background traffic allocation (train),Level 2 Preferred Segment Atomicity
1652,20170706_1646,Thursday,BENIGN,0,train,xgboost,Thursday_GAP_006,False,Benign background traffic allocation (train),Level 2 Preferred Segment Atomicity
1653,20170706_1647,Thursday,BENIGN,0,train,xgboost,Thursday_GAP_006,False,Benign background traffic allocation (train),Level 2 Preferred Segment Atomicity
1654,20170706_1648,Thursday,BENIGN,0,train,xgboost,Thursday_GAP_006,False,Benign background traffic allocation (train),Level 2 Preferred Segment Atomicity
1655,20170706_1649,Thursday,BENIGN,0,train,xgboost,Thursday_GAP_006,False,Benign background traffic allocation (train),Level 2 Preferred Segment Atomicity
1656,20170706_1650,Thursday,BENIGN,0,train,xgboost,Thursday_GAP_006,False,Benign background traffic allocation (train),Level 2 Preferred Segment Atomicity
1657,20170706_1651,Thursday,BENIGN,0,train,xgboost,Thursday_GAP_006,False,Benign background traffic allocation (train),Level 2 Preferred Segment Atomicity
1658,20170706_1652,Thursday,BENIGN,0,train,xgboost,Thursday_GAP_006,False,Benign background traffic allocation (train),Level 2 Preferred Segment Atomicity
1659,20170706_1653,Thursday,BENIGN,0,train,xgboost,Thursday_GAP_006,False,Benign background traffic allocation (train),Level 2 Preferred Segment Atomicity
1660,20170706_1654,Thursday,BENIGN,0,train,xgboost,Thursday_GAP_006,False,Benign background traffic allocation (train),Level 2 Preferred Segment Atomicity
1661,20170706_1655,Thursday,BENIGN,0,train,xgboost,Thursday_GAP_006,False,Benign background traffic allocation (train),Level 2 Preferred Segment Atomicity
1662,20170706_1656,Thursday,BENIGN,0,train,xgboost,Thursday_GAP_006,False,Benign background traffic allocation (train),Level 2 Preferred Segment Atomicity
1663,20170706_1657,Thursday,BENIGN,0,train,xgboost,Thursday_GAP_006,False,Benign background traffic allocation (train),Level 2 Preferred Segment Atomicity
1664,20170706_1658,Thursday,BENIGN,0,train,xgboost,Thursday_GAP_006,False,Benign background traffic allocation (train),Level 2 Preferred Segment Atomicity
1665,20170706_1659,Thursday,BENIGN,0,train,xgboost,Thursday_GAP_006,False,Benign background traffic allocation (train),Level 2 Preferred Segment Atomicity
1666,20170706_1700,Thursday,BENIGN,0,train,xgboost,Thursday_GAP_006,False,Benign background traffic allocation (train),Level 2 Preferred Segment Atomicity
1667,20170706_1701,Thursday,BENIGN,0,train,xgboost,Thursday_GAP_006,False,Benign background traffic allocation (train),Level 2 Preferred Segment Atomicity
1668,20170706_1702,Thursday,BENIGN,0,train,xgboost,Thursday_GAP_006,False,Benign background traffic allocation (train),Level 2 Preferred Segment Atomicity
1669,20170706_1703,Thursday,BENIGN,0,train,xgboost,Thursday_GAP_006,False,Benign background traffic allocation (train),Level 2 Preferred Segment Atomicity
1670,20170706_1704,Thursday,BENIGN,0,train,xgboost,Thursday_GAP_006,False,Benign background traffic allocation (train),Level 2 Preferred Segment Atomicity
1671,20170706_1705,Thursday,BENIGN,0,train,xgboost,Thursday_GAP_006,False,Benign background traffic allocation (train),Level 2 Preferred Segment Atomicity
1672,20170706_1706,Thursday,BENIGN,0,train,xgboost,Thursday_GAP_006,False,Benign background traffic allocation (train),Level 2 Preferred Segment Atomicity
1673,20170706_1707,Thursday,BENIGN,0,train,xgboost,Thursday_GAP_006,False,Benign background traffic allocation (train),Level 2 Preferred Segment Atomicity
1674,20170706_1708,Thursday,BENIGN,0,train,xgboost,Thursday_GAP_006,False,Benign background traffic allocation (train),Level 2 Preferred Segment Atomicity
1675,20170706_1709,Thursday,BENIGN,0,train,xgboost,Thursday_GAP_006,False,Benign background traffic allocation (train),Level 2 Preferred Segment Atomicity
1676,20170706_1710,Thursday,BENIGN,0,train,xgboost,Thursday_GAP_006,False,Benign background traffic allocation (train),Level 2 Preferred Segment Atomicity
1677,20170706_1711,Thursday,BENIGN,0,train,xgboost,Thursday_GAP_006,False,Benign background traffic allocation (train),Level 2 Preferred Segment Atomicity
1678,20170706_1712,Thursday,BENIGN,0,train,xgboost,Thursday_GAP_006,False,Benign background traffic allocation (train),Level 2 Preferred Segment Atomicity
1679,20170706_1713,Thursday,BENIGN,0,train,xgboost,Thursday_GAP_006,False,Benign background traffic allocation (train),Level 2 Preferred Segment Atomicity
1680,20170706_1714,Thursday,BENIGN,0,train,xgboost,Thursday_GAP_006,False,Benign background traffic allocation (train),Level 2 Preferred Segment Atomicity
1681,20170706_1715,Thursday,BENIGN,0,train,xgboost,Thursday_GAP_006,False,Benign background traffic allocation (train),Level 2 Preferred Segment Atomicity
1682,20170706_1716,Thursday,BENIGN,0,train,xgboost,Thursday_GAP_006,False,Benign background traffic allocation (train),Level 2 Preferred Segment Atomicity
1683,20170706_1717,Thursday,BENIGN,0,train,xgboost,Thursday_GAP_006,False,Benign background traffic allocation (train),Level 2 Preferred Segment Atomicity
1684,20170706_1718,Thursday,BENIGN,0,train,xgboost,Thursday_GAP_006,False,Benign background traffic allocation (train),Level 2 Preferred Segment Atomicity
1685,20170706_1719,Thursday,BENIGN,0,train,xgboost,Thursday_GAP_006,False,Benign background traffic allocation (train),Level 2 Preferred Segment Atomicity
1686,20170706_1720,Thursday,BENIGN,0,train,xgboost,Thursday_GAP_006,False,Benign background traffic allocation (train),Level 2 Preferred Segment Atomicity
1687,20170706_1721,Thursday,BENIGN,0,train,xgboost,Thursday_GAP_006,False,Benign background traffic allocation (train),Level 2 Preferred Segment Atomicity
1688,20170706_1722,Thursday,BENIGN,0,train,xgboost,Thursday_GAP_006,False,Benign background traffic allocation (train),Level 2 Preferred Segment Atomicity
1689,20170706_1723,Thursday,BENIGN,0,train,xgboost,Thursday_GAP_006,False,Benign background traffic allocation (train),Level 2 Preferred Segment Atomicity
1690,20170706_1724,Thursday,BENIGN,0,train,xgboost,Thursday_GAP_006,False,Benign background traffic allocation (train),Level 2 Preferred Segment Atomicity
1691,20170706_1725,Thursday,BENIGN,0,train,xgboost,Thursday_GAP_006,False,Benign background traffic allocation (train),Level 2 Preferred Segment Atomicity
1692,20170706_1726,Thursday,BENIGN,0,train,xgboost,Thursday_GAP_006,False,Benign background traffic allocation (train),Level 2 Preferred Segment Atomicity
1693,20170706_1727,Thursday,BENIGN,0,train,xgboost,Thursday_GAP_006,False,Benign background traffic allocation (train),Level 2 Preferred Segment Atomicity
1694,20170706_1728,Thursday,BENIGN,0,train,xgboost,Thursday_GAP_006,False,Benign background traffic allocation (train),Level 2 Preferred Segment Atomicity
1695,20170706_1729,Thursday,BENIGN,0,train,xgboost,Thursday_GAP_006,False,Benign background traffic allocation (train),Level 2 Preferred Segment Atomicity
1696,20170706_1730,Thursday,BENIGN,0,train,xgboost,Thursday_GAP_006,False,Benign background traffic allocation (train),Level 2 Preferred Segment Atomicity
1697,20170706_1731,Thursday,BENIGN,0,train,xgboost,Thursday_GAP_006,False,Benign background traffic allocation (train),Level 2 Preferred Segment Atomicity
1698,20170706_1732,Thursday,BENIGN,0,train,xgboost,Thursday_GAP_006,False,Benign background traffic allocation (train),Level 2 Preferred Segment Atomicity
1699,20170706_1733,Thursday,BENIGN,0,train,xgboost,Thursday_GAP_006,False,Benign background traffic allocation (train),Level 2 Preferred Segment Atomicity
1700,20170706_1734,Thursday,BENIGN,0,train,xgboost,Thursday_GAP_006,False,Benign background traffic allocation (train),Level 2 Preferred Segment Atomicity
1701,20170706_1735,Thursday,BENIGN,0,train,xgboost,Thursday_GAP_006,False,Benign background traffic allocation (train),Level 2 Preferred Segment Atomicity
1702,20170706_1736,Thursday,BENIGN,0,train,xgboost,Thursday_GAP_006,False,Benign background traffic allocation (train),Level 2 Preferred Segment Atomicity
1703,20170706_1737,Thursday,BENIGN,0,train,xgboost,Thursday_GAP_006,False,Benign background traffic allocation (train),Level 2 Preferred Segment Atomicity
1704,20170706_1738,Thursday,BENIGN,0,train,xgboost,Thursday_GAP_006,False,Benign background traffic allocation (train),Level 2 Preferred Segment Atomicity
1705,20170706_1739,Thursday,BENIGN,0,train,xgboost,Thursday_GAP_006,False,Benign background traffic allocation (train),Level 2 Preferred Segment Atomicity
1706,20170706_1740,Thursday,BENIGN,0,train,xgboost,Thursday_GAP_006,False,Benign background traffic allocation (train),Level 2 Preferred Segment Atomicity
1707,20170706_1741,Thursday,BENIGN,0,train,xgboost,Thursday_GAP_006,False,Benign background traffic allocation (train),Level 2 Preferred Segment Atomicity
1708,20170706_1742,Thursday,BENIGN,0,train,xgboost,Thursday_GAP_006,False,Benign background traffic allocation (train),Level 2 Preferred Segment Atomicity
1709,20170706_1743,Thursday,BENIGN,0,train,xgboost,Thursday_GAP_006,False,Benign background traffic allocation (train),Level 2 Preferred Segment Atomicity
1710,20170706_1744,Thursday,BENIGN,0,train,xgboost,Thursday_GAP_006,False,Benign background traffic allocation (train),Level 2 Preferred Segment Atomicity
1711,20170706_1745,Thursday,BENIGN,0,train,xgboost,Thursday_GAP_006,False,Benign background traffic allocation (train),Level 2 Preferred Segment Atomicity
1712,20170706_1746,Thursday,BENIGN,0,train,xgboost,Thursday_GAP_006,False,Benign background traffic allocation (train),Level 2 Preferred Segment Atomicity
1713,20170706_1747,Thursday,BENIGN,0,train,xgboost,Thursday_GAP_006,False,Benign background traffic allocation (train),Level 2 Preferred Segment Atomicity
1714,20170706_1748,Thursday,BENIGN,0,train,xgboost,Thursday_GAP_006,False,Benign background traffic allocation (train),Level 2 Preferred Segment Atomicity
1715,20170706_1749,Thursday,BENIGN,0,train,xgboost,Thursday_GAP_006,False,Benign background traffic allocation (train),Level 2 Preferred Segment Atomicity
1716,20170706_1750,Thursday,BENIGN,0,train,xgboost,Thursday_GAP_006,False,Benign background traffic allocation (train),Level 2 Preferred Segment Atomicity
1717,20170706_1751,Thursday,BENIGN,0,train,xgboost,Thursday_GAP_006,False,Benign background traffic allocation (train),Level 2 Preferred Segment Atomicity
1718,20170706_1752,Thursday,BENIGN,0,train,xgboost,Thursday_GAP_006,False,Benign background traffic allocation (train),Level 2 Preferred Segment Atomicity
1719,20170706_1753,Thursday,BENIGN,0,train,xgboost,Thursday_GAP_006,False,Benign background traffic allocation (train),Level 2 Preferred Segment Atomicity
1720,20170706_1754,Thursday,BENIGN,0,train,xgboost,Thursday_GAP_006,False,Benign background traffic allocation (train),Level 2 Preferred Segment Atomicity
1721,20170706_1755,Thursday,BENIGN,0,train,xgboost,Thursday_GAP_006,False,Benign background traffic allocation (train),Level 2 Preferred Segment Atomicity
1722,20170706_1756,Thursday,BENIGN,0,train,xgboost,Thursday_GAP_006,False,Benign background traffic allocation (train),Level 2 Preferred Segment Atomicity
1723,20170706_1757,Thursday,BENIGN,0,train,xgboost,Thursday_GAP_006,False,Benign background traffic allocation (train),Level 2 Preferred Segment Atomicity
1724,20170706_1758,Thursday,BENIGN,0,train,xgboost,Thursday_GAP_006,False,Benign background traffic allocation (train),Level 2 Preferred Segment Atomicity
1725,20170706_1759,Thursday,BENIGN,0,train,xgboost,Thursday_GAP_006,False,Benign background traffic allocation (train),Level 2 Preferred Segment Atomicity
1726,20170706_1800,Thursday,BENIGN,0,train,xgboost,Thursday_GAP_006,False,Benign background traffic allocation (train),Level 2 Preferred Segment Atomicity
1727,20170706_1801,Thursday,BENIGN,0,train,xgboost,Thursday_GAP_006,False,Benign background traffic allocation (train),Level 2 Preferred Segment Atomicity
1728,20170706_1802,Thursday,BENIGN,0,train,xgboost,Thursday_GAP_006,False,Benign background traffic allocation (train),Level 2 Preferred Segment Atomicity
1729,20170706_1803,Thursday,BENIGN,0,train,xgboost,Thursday_GAP_006,False,Benign background traffic allocation (train),Level 2 Preferred Segment Atomicity
1730,20170706_1804,Thursday,BENIGN,0,train,xgboost,Thursday_GAP_006,False,Benign background traffic allocation (train),Level 2 Preferred Segment Atomicity
1731,20170706_1805,Thursday,BENIGN,0,train,xgboost,Thursday_GAP_006,False,Benign background traffic allocation (train),Level 2 Preferred Segment Atomicity
1732,20170706_1806,Thursday,BENIGN,0,train,xgboost,Thursday_GAP_006,False,Benign background traffic allocation (train),Level 2 Preferred Segment Atomicity
1733,20170706_1807,Thursday,BENIGN,0,train,xgboost,Thursday_GAP_006,False,Benign background traffic allocation (train),Level 2 Preferred Segment Atomicity
1734,20170706_1808,Thursday,BENIGN,0,train,xgboost,Thursday_GAP_006,False,Benign background traffic allocation (train),Level 2 Preferred Segment Atomicity
1735,20170706_1809,Thursday,BENIGN,0,train,xgboost,Thursday_GAP_006,False,Benign background traffic allocation (train),Level 2 Preferred Segment Atomicity
1736,20170706_1810,Thursday,BENIGN,0,train,xgboost,Thursday_GAP_006,False,Benign background traffic allocation (train),Level 2 Preferred Segment Atomicity
1737,20170706_1811,Thursday,BENIGN,0,train,xgboost,Thursday_GAP_006,False,Benign background traffic allocation (train),Level 2 Preferred Segment Atomicity
1738,20170706_1812,Thursday,BENIGN,0,train,xgboost,Thursday_GAP_006,False,Benign background traffic allocation (train),Level 2 Preferred Segment Atomicity
1739,20170706_1813,Thursday,BENIGN,0,train,xgboost,Thursday_GAP_006,False,Benign background traffic allocation (train),Level 2 Preferred Segment Atomicity
1740,20170706_1814,Thursday,BENIGN,0,validation,xgboost,Thursday_GAP_006,False,Benign background traffic allocation (validation),Level 2 Preferred Segment Atomicity
1741,20170706_1815,Thursday,BENIGN,0,validation,xgboost,Thursday_GAP_006,False,Benign background traffic allocation (validation),Level 2 Preferred Segment Atomicity
1742,20170706_1816,Thursday,BENIGN,0,validation,xgboost,Thursday_GAP_006,False,Benign background traffic allocation (validation),Level 2 Preferred Segment Atomicity
1743,20170706_1817,Thursday,BENIGN,0,validation,xgboost,Thursday_GAP_006,False,Benign background traffic allocation (validation),Level 2 Preferred Segment Atomicity
1744,20170706_1818,Thursday,BENIGN,0,validation,xgboost,Thursday_GAP_006,False,Benign background traffic allocation (validation),Level 2 Preferred Segment Atomicity
1745,20170706_1819,Thursday,BENIGN,0,validation,xgboost,Thursday_GAP_006,False,Benign background traffic allocation (validation),Level 2 Preferred Segment Atomicity
1746,20170706_1820,Thursday,BENIGN,0,validation,xgboost,Thursday_GAP_006,False,Benign background traffic allocation (validation),Level 2 Preferred Segment Atomicity
1747,20170706_1821,Thursday,BENIGN,0,validation,xgboost,Thursday_GAP_006,False,Benign background traffic allocation (validation),Level 2 Preferred Segment Atomicity
1748,20170706_1822,Thursday,BENIGN,0,validation,xgboost,Thursday_GAP_006,False,Benign background traffic allocation (validation),Level 2 Preferred Segment Atomicity
1749,20170706_1823,Thursday,BENIGN,0,validation,xgboost,Thursday_GAP_006,False,Benign background traffic allocation (validation),Level 2 Preferred Segment Atomicity
1750,20170706_1824,Thursday,BENIGN,0,validation,xgboost,Thursday_GAP_006,False,Benign background traffic allocation (validation),Level 2 Preferred Segment Atomicity
1751,20170706_1825,Thursday,BENIGN,0,validation,xgboost,Thursday_GAP_006,False,Benign background traffic allocation (validation),Level 2 Preferred Segment Atomicity
1752,20170706_1826,Thursday,BENIGN,0,validation,xgboost,Thursday_GAP_006,False,Benign background traffic allocation (validation),Level 2 Preferred Segment Atomicity
1753,20170706_1827,Thursday,BENIGN,0,validation,xgboost,Thursday_GAP_006,False,Benign background traffic allocation (validation),Level 2 Preferred Segment Atomicity
1754,20170706_1828,Thursday,BENIGN,0,validation,xgboost,Thursday_GAP_006,False,Benign background traffic allocation (validation),Level 2 Preferred Segment Atomicity
1755,20170706_1829,Thursday,BENIGN,0,validation,xgboost,Thursday_GAP_006,False,Benign background traffic allocation (validation),Level 2 Preferred Segment Atomicity
1756,20170706_1830,Thursday,BENIGN,0,validation,xgboost,Thursday_GAP_006,False,Benign background traffic allocation (validation),Level 2 Preferred Segment Atomicity
1757,20170706_1831,Thursday,BENIGN,0,validation,xgboost,Thursday_GAP_006,False,Benign background traffic allocation (validation),Level 2 Preferred Segment Atomicity
1758,20170706_1832,Thursday,BENIGN,0,validation,xgboost,Thursday_GAP_006,False,Benign background traffic allocation (validation),Level 2 Preferred Segment Atomicity
1759,20170706_1833,Thursday,BENIGN,0,validation,xgboost,Thursday_GAP_006,False,Benign background traffic allocation (validation),Level 2 Preferred Segment Atomicity
1760,20170706_1834,Thursday,BENIGN,0,validation,xgboost,Thursday_GAP_006,False,Benign background traffic allocation (validation),Level 2 Preferred Segment Atomicity
1761,20170706_1835,Thursday,BENIGN,0,validation,xgboost,Thursday_GAP_006,False,Benign background traffic allocation (validation),Level 2 Preferred Segment Atomicity
1762,20170706_1836,Thursday,BENIGN,0,validation,xgboost,Thursday_GAP_006,False,Benign background traffic allocation (validation),Level 2 Preferred Segment Atomicity
1763,20170706_1837,Thursday,BENIGN,0,validation,xgboost,Thursday_GAP_006,False,Benign background traffic allocation (validation),Level 2 Preferred Segment Atomicity
1764,20170706_1838,Thursday,BENIGN,0,validation,xgboost,Thursday_GAP_006,False,Benign background traffic allocation (validation),Level 2 Preferred Segment Atomicity
1765,20170706_1839,Thursday,BENIGN,0,validation,xgboost,Thursday_GAP_006,False,Benign background traffic allocation (validation),Level 2 Preferred Segment Atomicity
1766,20170706_1840,Thursday,BENIGN,0,validation,xgboost,Thursday_GAP_006,False,Benign background traffic allocation (validation),Level 2 Preferred Segment Atomicity
1767,20170706_1841,Thursday,BENIGN,0,validation,xgboost,Thursday_GAP_006,False,Benign background traffic allocation (validation),Level 2 Preferred Segment Atomicity
1768,20170706_1842,Thursday,BENIGN,0,validation,xgboost,Thursday_GAP_006,False,Benign background traffic allocation (validation),Level 2 Preferred Segment Atomicity
1769,20170706_1843,Thursday,BENIGN,0,validation,xgboost,Thursday_GAP_006,False,Benign background traffic allocation (validation),Level 2 Preferred Segment Atomicity
1770,20170706_1844,Thursday,BENIGN,0,validation,xgboost,Thursday_GAP_006,False,Benign background traffic allocation (validation),Level 2 Preferred Segment Atomicity
1771,20170706_1845,Thursday,BENIGN,0,validation,xgboost,Thursday_GAP_006,False,Benign background traffic allocation (validation),Level 2 Preferred Segment Atomicity
1772,20170706_1846,Thursday,BENIGN,0,test,xgboost,Thursday_GAP_006,False,Benign background traffic allocation (test),Level 2 Preferred Segment Atomicity
1773,20170706_1847,Thursday,BENIGN,0,test,xgboost,Thursday_GAP_006,False,Benign background traffic allocation (test),Level 2 Preferred Segment Atomicity
1774,20170706_1848,Thursday,BENIGN,0,test,xgboost,Thursday_GAP_006,False,Benign background traffic allocation (test),Level 2 Preferred Segment Atomicity
1775,20170706_1849,Thursday,BENIGN,0,test,xgboost,Thursday_GAP_006,False,Benign background traffic allocation (test),Level 2 Preferred Segment Atomicity
1776,20170706_1850,Thursday,BENIGN,0,test,xgboost,Thursday_GAP_006,False,Benign background traffic allocation (test),Level 2 Preferred Segment Atomicity
1777,20170706_1851,Thursday,BENIGN,0,test,xgboost,Thursday_GAP_006,False,Benign background traffic allocation (test),Level 2 Preferred Segment Atomicity
1778,20170706_1852,Thursday,BENIGN,0,test,xgboost,Thursday_GAP_006,False,Benign background traffic allocation (test),Level 2 Preferred Segment Atomicity
1779,20170706_1853,Thursday,BENIGN,0,test,xgboost,Thursday_GAP_006,False,Benign background traffic allocation (test),Level 2 Preferred Segment Atomicity
1780,20170706_1854,Thursday,BENIGN,0,test,xgboost,Thursday_GAP_006,False,Benign background traffic allocation (test),Level 2 Preferred Segment Atomicity
1781,20170706_1855,Thursday,BENIGN,0,test,xgboost,Thursday_GAP_006,False,Benign background traffic allocation (test),Level 2 Preferred Segment Atomicity
1782,20170706_1856,Thursday,BENIGN,0,test,xgboost,Thursday_GAP_006,False,Benign background traffic allocation (test),Level 2 Preferred Segment Atomicity
1783,20170706_1857,Thursday,BENIGN,0,test,xgboost,Thursday_GAP_006,False,Benign background traffic allocation (test),Level 2 Preferred Segment Atomicity
1784,20170706_1858,Thursday,BENIGN,0,test,xgboost,Thursday_GAP_006,False,Benign background traffic allocation (test),Level 2 Preferred Segment Atomicity
1785,20170706_1859,Thursday,BENIGN,0,test,xgboost,Thursday_GAP_006,False,Benign background traffic allocation (test),Level 2 Preferred Segment Atomicity
1786,20170706_1900,Thursday,BENIGN,0,test,xgboost,Thursday_GAP_006,False,Benign background traffic allocation (test),Level 2 Preferred Segment Atomicity
1787,20170706_1901,Thursday,BENIGN,0,test,xgboost,Thursday_GAP_006,False,Benign background traffic allocation (test),Level 2 Preferred Segment Atomicity
1788,20170706_1902,Thursday,BENIGN,0,test,xgboost,Thursday_GAP_006,False,Benign background traffic allocation (test),Level 2 Preferred Segment Atomicity
1789,20170706_1903,Thursday,BENIGN,0,test,xgboost,Thursday_GAP_006,False,Benign background traffic allocation (test),Level 2 Preferred Segment Atomicity
1790,20170706_1904,Thursday,BENIGN,0,test,xgboost,Thursday_GAP_006,False,Benign background traffic allocation (test),Level 2 Preferred Segment Atomicity
1791,20170706_1905,Thursday,BENIGN,0,test,xgboost,Thursday_GAP_006,False,Benign background traffic allocation (test),Level 2 Preferred Segment Atomicity
1792,20170706_1906,Thursday,BENIGN,0,test,xgboost,Thursday_GAP_006,False,Benign background traffic allocation (test),Level 2 Preferred Segment Atomicity
1793,20170706_1907,Thursday,BENIGN,0,test,xgboost,Thursday_GAP_006,False,Benign background traffic allocation (test),Level 2 Preferred Segment Atomicity
1794,20170706_1908,Thursday,BENIGN,0,test,xgboost,Thursday_GAP_006,False,Benign background traffic allocation (test),Level 2 Preferred Segment Atomicity
1795,20170706_1909,Thursday,BENIGN,0,test,xgboost,Thursday_GAP_006,False,Benign background traffic allocation (test),Level 2 Preferred Segment Atomicity
1796,20170706_1910,Thursday,BENIGN,0,test,xgboost,Thursday_GAP_006,False,Benign background traffic allocation (test),Level 2 Preferred Segment Atomicity
1797,20170706_1911,Thursday,BENIGN,0,test,xgboost,Thursday_GAP_006,False,Benign background traffic allocation (test),Level 2 Preferred Segment Atomicity
1798,20170706_1912,Thursday,BENIGN,0,test,xgboost,Thursday_GAP_006,False,Benign background traffic allocation (test),Level 2 Preferred Segment Atomicity
1799,20170706_1913,Thursday,BENIGN,0,test,xgboost,Thursday_GAP_006,False,Benign background traffic allocation (test),Level 2 Preferred Segment Atomicity
1800,20170706_1914,Thursday,BENIGN,0,test,xgboost,Thursday_GAP_006,False,Benign background traffic allocation (test),Level 2 Preferred Segment Atomicity
1801,20170706_1915,Thursday,BENIGN,0,test,xgboost,Thursday_GAP_006,False,Benign background traffic allocation (test),Level 2 Preferred Segment Atomicity
1802,20170706_1916,Thursday,BENIGN,0,test,xgboost,Thursday_GAP_006,False,Benign background traffic allocation (test),Level 2 Preferred Segment Atomicity
1803,20170706_1917,Thursday,BENIGN,0,test,xgboost,Thursday_GAP_006,False,Benign background traffic allocation (test),Level 2 Preferred Segment Atomicity
1804,20170706_1918,Thursday,BENIGN,0,test,xgboost,Thursday_GAP_006,False,Benign background traffic allocation (test),Level 2 Preferred Segment Atomicity
1805,20170706_1919,Thursday,Infiltration,1,train,xgboost,Thursday_SEG_006,False,Whole attack segment allocation (train),Level 2 Preferred Segment Atomicity
1806,20170706_1920,Thursday,BENIGN,0,train,xgboost,Thursday_GAP_007,False,Benign background traffic allocation (train),Level 2 Preferred Segment Atomicity
1807,20170706_1921,Thursday,BENIGN,0,train,xgboost,Thursday_GAP_007,False,Benign background traffic allocation (train),Level 2 Preferred Segment Atomicity
1808,20170706_1922,Thursday,BENIGN,0,train,xgboost,Thursday_GAP_007,False,Benign background traffic allocation (train),Level 2 Preferred Segment Atomicity
1809,20170706_1923,Thursday,BENIGN,0,train,xgboost,Thursday_GAP_007,False,Benign background traffic allocation (train),Level 2 Preferred Segment Atomicity
1810,20170706_1924,Thursday,BENIGN,0,train,xgboost,Thursday_GAP_007,False,Benign background traffic allocation (train),Level 2 Preferred Segment Atomicity
1811,20170706_1925,Thursday,BENIGN,0,train,xgboost,Thursday_GAP_007,False,Benign background traffic allocation (train),Level 2 Preferred Segment Atomicity
1812,20170706_1926,Thursday,BENIGN,0,validation,xgboost,Thursday_GAP_007,False,Benign background traffic allocation (validation),Level 2 Preferred Segment Atomicity
1813,20170706_1927,Thursday,BENIGN,0,test,xgboost,Thursday_GAP_007,False,Benign background traffic allocation (test),Level 2 Preferred Segment Atomicity
1814,20170706_1928,Thursday,Infiltration,1,train,xgboost,Thursday_SEG_007,False,Whole attack segment allocation (train),Level 2 Preferred Segment Atomicity
1815,20170706_1929,Thursday,BENIGN,0,train,xgboost,Thursday_GAP_008,False,Benign background traffic allocation (train),Level 2 Preferred Segment Atomicity
1816,20170706_1930,Thursday,Infiltration,1,train,xgboost,Thursday_SEG_008,False,Whole attack segment allocation (train),Level 2 Preferred Segment Atomicity
1817,20170706_1931,Thursday,BENIGN,0,train,xgboost,Thursday_GAP_009,False,Benign background traffic allocation (train),Level 2 Preferred Segment Atomicity
1818,20170706_1932,Thursday,Infiltration,1,train,xgboost,Thursday_SEG_009,False,Whole attack segment allocation (train),Level 2 Preferred Segment Atomicity
1819,20170706_1933,Thursday,BENIGN,0,train,xgboost,Thursday_GAP_010,False,Benign background traffic allocation (train),Level 2 Preferred Segment Atomicity
1820,20170706_1934,Thursday,Infiltration,1,train,xgboost,Thursday_SEG_010,False,Whole attack segment allocation (train),Level 2 Preferred Segment Atomicity
1821,20170706_1935,Thursday,BENIGN,0,train,xgboost,Thursday_GAP_011,False,Benign background traffic allocation (train),Level 2 Preferred Segment Atomicity
1822,20170706_1936,Thursday,Infiltration,1,train,xgboost,Thursday_SEG_011,False,Whole attack segment allocation (train),Level 2 Preferred Segment Atomicity
1823,20170706_1937,Thursday,BENIGN,0,train,xgboost,Thursday_GAP_012,False,Benign background traffic allocation (train),Level 2 Preferred Segment Atomicity
1824,20170706_1938,Thursday,Infiltration,1,train,xgboost,Thursday_SEG_012,False,Whole attack segment allocation (train),Level 2 Preferred Segment Atomicity
1825,20170706_1939,Thursday,Infiltration,1,train,xgboost,Thursday_SEG_012,False,Whole attack segment allocation (train),Level 2 Preferred Segment Atomicity
1826,20170706_1940,Thursday,Infiltration,1,train,xgboost,Thursday_SEG_012,False,Whole attack segment allocation (train),Level 2 Preferred Segment Atomicity
1827,20170706_1941,Thursday,BENIGN,0,train,xgboost,Thursday_GAP_013,False,Benign background traffic allocation (train),Level 2 Preferred Segment Atomicity
1828,20170706_1942,Thursday,Infiltration,1,train,xgboost,Thursday_SEG_013,False,Whole attack segment allocation (train),Level 2 Preferred Segment Atomicity
1829,20170706_1943,Thursday,BENIGN,0,train,xgboost,Thursday_GAP_014,False,Benign background traffic allocation (train),Level 2 Preferred Segment Atomicity
1830,20170706_1944,Thursday,BENIGN,0,train,xgboost,Thursday_GAP_014,False,Benign background traffic allocation (train),Level 2 Preferred Segment Atomicity
1831,20170706_1945,Thursday,BENIGN,0,train,xgboost,Thursday_GAP_014,False,Benign background traffic allocation (train),Level 2 Preferred Segment Atomicity
1832,20170706_1946,Thursday,BENIGN,0,train,xgboost,Thursday_GAP_014,False,Benign background traffic allocation (train),Level 2 Preferred Segment Atomicity
1833,20170706_1947,Thursday,BENIGN,0,train,xgboost,Thursday_GAP_014,False,Benign background traffic allocation (train),Level 2 Preferred Segment Atomicity
1834,20170706_1948,Thursday,BENIGN,0,train,xgboost,Thursday_GAP_014,False,Benign background traffic allocation (train),Level 2 Preferred Segment Atomicity
1835,20170706_1949,Thursday,BENIGN,0,train,xgboost,Thursday_GAP_014,False,Benign background traffic allocation (train),Level 2 Preferred Segment Atomicity
1836,20170706_1950,Thursday,BENIGN,0,train,xgboost,Thursday_GAP_014,False,Benign background traffic allocation (train),Level 2 Preferred Segment Atomicity
1837,20170706_1951,Thursday,BENIGN,0,train,xgboost,Thursday_GAP_014,False,Benign background traffic allocation (train),Level 2 Preferred Segment Atomicity
1838,20170706_1952,Thursday,BENIGN,0,train,xgboost,Thursday_GAP_014,False,Benign background traffic allocation (train),Level 2 Preferred Segment Atomicity
1839,20170706_1953,Thursday,BENIGN,0,train,xgboost,Thursday_GAP_014,False,Benign background traffic allocation (train),Level 2 Preferred Segment Atomicity
1840,20170706_1954,Thursday,BENIGN,0,train,xgboost,Thursday_GAP_014,False,Benign background traffic allocation (train),Level 2 Preferred Segment Atomicity
1841,20170706_1955,Thursday,BENIGN,0,train,xgboost,Thursday_GAP_014,False,Benign background traffic allocation (train),Level 2 Preferred Segment Atomicity
1842,20170706_1956,Thursday,BENIGN,0,train,xgboost,Thursday_GAP_014,False,Benign background traffic allocation (train),Level 2 Preferred Segment Atomicity
1843,20170706_1957,Thursday,BENIGN,0,train,xgboost,Thursday_GAP_014,False,Benign background traffic allocation (train),Level 2 Preferred Segment Atomicity
1844,20170706_1958,Thursday,BENIGN,0,validation,xgboost,Thursday_GAP_014,False,Benign background traffic allocation (validation),Level 2 Preferred Segment Atomicity
1845,20170706_1959,Thursday,BENIGN,0,validation,xgboost,Thursday_GAP_014,False,Benign background traffic allocation (validation),Level 2 Preferred Segment Atomicity
1846,20170706_2000,Thursday,BENIGN,0,validation,xgboost,Thursday_GAP_014,False,Benign background traffic allocation (validation),Level 2 Preferred Segment Atomicity
1847,20170706_2001,Thursday,BENIGN,0,test,xgboost,Thursday_GAP_014,False,Benign background traffic allocation (test),Level 2 Preferred Segment Atomicity
1848,20170706_2002,Thursday,BENIGN,0,test,xgboost,Thursday_GAP_014,False,Benign background traffic allocation (test),Level 2 Preferred Segment Atomicity
1849,20170706_2003,Thursday,BENIGN,0,test,xgboost,Thursday_GAP_014,False,Benign background traffic allocation (test),Level 2 Preferred Segment Atomicity
1850,20170706_2004,Thursday,Infiltration,1,train,xgboost,Thursday_SEG_014,False,Whole attack segment allocation (train),Level 2 Preferred Segment Atomicity
1851,20170706_2005,Thursday,BENIGN,0,train,xgboost,Thursday_GAP_015,False,Benign background traffic allocation (train),Level 2 Preferred Segment Atomicity
1852,20170706_2006,Thursday,BENIGN,0,test,xgboost,Thursday_GAP_015,False,Benign background traffic allocation (test),Level 2 Preferred Segment Atomicity
1853,20170706_2007,Thursday,Infiltration,1,train,xgboost,Thursday_SEG_015,False,Whole attack segment allocation (train),Level 2 Preferred Segment Atomicity
1854,20170706_2008,Thursday,BENIGN,0,train,xgboost,Thursday_GAP_016,False,Benign background traffic allocation (train),Level 2 Preferred Segment Atomicity
1855,20170706_2009,Thursday,Infiltration,1,train,xgboost,Thursday_SEG_016,False,Whole attack segment allocation (train),Level 2 Preferred Segment Atomicity
1856,20170706_2010,Thursday,BENIGN,0,train,xgboost,Thursday_GAP_017,False,Benign background traffic allocation (train),Level 2 Preferred Segment Atomicity
1857,20170706_2011,Thursday,BENIGN,0,test,xgboost,Thursday_GAP_017,False,Benign background traffic allocation (test),Level 2 Preferred Segment Atomicity
1858,20170706_2012,Thursday,Infiltration,1,train,xgboost,Thursday_SEG_017,False,Whole attack segment allocation (train),Level 2 Preferred Segment Atomicity
1859,20170706_2013,Thursday,BENIGN,0,train,xgboost,Thursday_GAP_018,False,Benign background traffic allocation (train),Level 2 Preferred Segment Atomicity
1860,20170706_2014,Thursday,Infiltration,1,train,xgboost,Thursday_SEG_018,False,Whole attack segment allocation (train),Level 2 Preferred Segment Atomicity
1861,20170706_2015,Thursday,BENIGN,0,train,xgboost,Thursday_GAP_019,False,Benign background traffic allocation (train),Level 2 Preferred Segment Atomicity
1862,20170706_2016,Thursday,Infiltration,1,train,xgboost,Thursday_SEG_019,False,Whole attack segment allocation (train),Level 2 Preferred Segment Atomicity
1863,20170706_2017,Thursday,BENIGN,0,train,xgboost,Thursday_GAP_020,False,Benign background traffic allocation (train),Level 2 Preferred Segment Atomicity
1864,20170706_2018,Thursday,BENIGN,0,test,xgboost,Thursday_GAP_020,False,Benign background traffic allocation (test),Level 2 Preferred Segment Atomicity
1865,20170706_2019,Thursday,Infiltration,1,train,xgboost,Thursday_SEG_020,False,Whole attack segment allocation (train),Level 2 Preferred Segment Atomicity
1866,20170706_2020,Thursday,BENIGN,0,train,xgboost,Thursday_GAP_021,False,Benign background traffic allocation (train),Level 2 Preferred Segment Atomicity
1867,20170706_2021,Thursday,Infiltration,1,train,xgboost,Thursday_SEG_021,False,Whole attack segment allocation (train),Level 2 Preferred Segment Atomicity
1868,20170706_2022,Thursday,BENIGN,0,train,xgboost,Thursday_GAP_022,False,Benign background traffic allocation (train),Level 2 Preferred Segment Atomicity
1869,20170706_2023,Thursday,Infiltration,1,train,xgboost,Thursday_SEG_022,False,Whole attack segment allocation (train),Level 2 Preferred Segment Atomicity
1870,20170706_2024,Thursday,BENIGN,0,train,xgboost,Thursday_GAP_023,False,Benign background traffic allocation (train),Level 2 Preferred Segment Atomicity
1871,20170706_2025,Thursday,BENIGN,0,test,xgboost,Thursday_GAP_023,False,Benign background traffic allocation (test),Level 2 Preferred Segment Atomicity
1872,20170706_2026,Thursday,Infiltration,1,train,xgboost,Thursday_SEG_023,False,Whole attack segment allocation (train),Level 2 Preferred Segment Atomicity
1873,20170706_2027,Thursday,BENIGN,0,train,xgboost,Thursday_GAP_024,False,Benign background traffic allocation (train),Level 2 Preferred Segment Atomicity
1874,20170706_2028,Thursday,Infiltration,1,validation,xgboost,Thursday_SEG_024,False,Whole attack segment allocation (validation),Level 2 Preferred Segment Atomicity
1875,20170706_2029,Thursday,BENIGN,0,train,xgboost,Thursday_GAP_025,False,Benign background traffic allocation (train),Level 2 Preferred Segment Atomicity
1876,20170706_2030,Thursday,BENIGN,0,test,xgboost,Thursday_GAP_025,False,Benign background traffic allocation (test),Level 2 Preferred Segment Atomicity
1877,20170706_2031,Thursday,Infiltration,1,validation,xgboost,Thursday_SEG_025,False,Whole attack segment allocation (validation),Level 2 Preferred Segment Atomicity
1878,20170706_2032,Thursday,BENIGN,0,train,xgboost,Thursday_GAP_026,False,Benign background traffic allocation (train),Level 2 Preferred Segment Atomicity
1879,20170706_2033,Thursday,Infiltration,1,validation,xgboost,Thursday_SEG_026,False,Whole attack segment allocation (validation),Level 2 Preferred Segment Atomicity
1880,20170706_2034,Thursday,BENIGN,0,train,xgboost,Thursday_GAP_027,False,Benign background traffic allocation (train),Level 2 Preferred Segment Atomicity
1881,20170706_2035,Thursday,BENIGN,0,test,xgboost,Thursday_GAP_027,False,Benign background traffic allocation (test),Level 2 Preferred Segment Atomicity
1882,20170706_2036,Thursday,Infiltration,1,validation,xgboost,Thursday_SEG_027,False,Whole attack segment allocation (validation),Level 2 Preferred Segment Atomicity
1883,20170706_2037,Thursday,BENIGN,0,train,xgboost,Thursday_GAP_028,False,Benign background traffic allocation (train),Level 2 Preferred Segment Atomicity
1884,20170706_2038,Thursday,BENIGN,0,test,xgboost,Thursday_GAP_028,False,Benign background traffic allocation (test),Level 2 Preferred Segment Atomicity
1885,20170706_2039,Thursday,Infiltration,1,test,xgboost,Thursday_SEG_028,False,Whole attack segment allocation (test),Level 2 Preferred Segment Atomicity
1886,20170706_2040,Thursday,BENIGN,0,train,xgboost,Thursday_GAP_029,False,Benign background traffic allocation (train),Level 2 Preferred Segment Atomicity
1887,20170706_2041,Thursday,Infiltration,1,test,xgboost,Thursday_SEG_029,False,Whole attack segment allocation (test),Level 2 Preferred Segment Atomicity
1888,20170706_2042,Thursday,BENIGN,0,train,xgboost,Thursday_GAP_030,False,Benign background traffic allocation (train),Level 2 Preferred Segment Atomicity
1889,20170706_2043,Thursday,BENIGN,0,test,xgboost,Thursday_GAP_030,False,Benign background traffic allocation (test),Level 2 Preferred Segment Atomicity
1890,20170706_2044,Thursday,Infiltration,1,test,xgboost,Thursday_SEG_030,False,Whole attack segment allocation (test),Level 2 Preferred Segment Atomicity
1891,20170706_2045,Thursday,BENIGN,0,train,xgboost,Thursday_GAP_031,False,Benign background traffic allocation (train),Level 2 Preferred Segment Atomicity
1892,20170706_2046,Thursday,BENIGN,0,train,xgboost,Thursday_GAP_031,False,Benign background traffic allocation (train),Level 2 Preferred Segment Atomicity
1893,20170706_2047,Thursday,BENIGN,0,train,xgboost,Thursday_GAP_031,False,Benign background traffic allocation (train),Level 2 Preferred Segment Atomicity
1894,20170706_2048,Thursday,BENIGN,0,train,xgboost,Thursday_GAP_031,False,Benign background traffic allocation (train),Level 2 Preferred Segment Atomicity
1895,20170706_2049,Thursday,BENIGN,0,train,xgboost,Thursday_GAP_031,False,Benign background traffic allocation (train),Level 2 Preferred Segment Atomicity
1896,20170706_2050,Thursday,BENIGN,0,train,xgboost,Thursday_GAP_031,False,Benign background traffic allocation (train),Level 2 Preferred Segment Atomicity
1897,20170706_2051,Thursday,BENIGN,0,train,xgboost,Thursday_GAP_031,False,Benign background traffic allocation (train),Level 2 Preferred Segment Atomicity
1898,20170706_2052,Thursday,BENIGN,0,train,xgboost,Thursday_GAP_031,False,Benign background traffic allocation (train),Level 2 Preferred Segment Atomicity
1899,20170706_2053,Thursday,BENIGN,0,train,xgboost,Thursday_GAP_031,False,Benign background traffic allocation (train),Level 2 Preferred Segment Atomicity
1900,20170706_2054,Thursday,BENIGN,0,train,xgboost,Thursday_GAP_031,False,Benign background traffic allocation (train),Level 2 Preferred Segment Atomicity
1901,20170706_2055,Thursday,BENIGN,0,train,xgboost,Thursday_GAP_031,False,Benign background traffic allocation (train),Level 2 Preferred Segment Atomicity
1902,20170706_2056,Thursday,BENIGN,0,train,xgboost,Thursday_GAP_031,False,Benign background traffic allocation (train),Level 2 Preferred Segment Atomicity
1903,20170706_2057,Thursday,BENIGN,0,train,xgboost,Thursday_GAP_031,False,Benign background traffic allocation (train),Level 2 Preferred Segment Atomicity
1904,20170706_2058,Thursday,BENIGN,0,train,xgboost,Thursday_GAP_031,False,Benign background traffic allocation (train),Level 2 Preferred Segment Atomicity
1905,20170706_2059,Thursday,BENIGN,0,train,xgboost,Thursday_GAP_031,False,Benign background traffic allocation (train),Level 2 Preferred Segment Atomicity
1906,20170706_2100,Thursday,BENIGN,0,train,xgboost,Thursday_GAP_031,False,Benign background traffic allocation (train),Level 2 Preferred Segment Atomicity
1907,20170706_2101,Thursday,BENIGN,0,train,xgboost,Thursday_GAP_031,False,Benign background traffic allocation (train),Level 2 Preferred Segment Atomicity
1908,20170706_2102,Thursday,BENIGN,0,train,xgboost,Thursday_GAP_031,False,Benign background traffic allocation (train),Level 2 Preferred Segment Atomicity
1909,20170706_2103,Thursday,BENIGN,0,train,xgboost,Thursday_GAP_031,False,Benign background traffic allocation (train),Level 2 Preferred Segment Atomicity
1910,20170706_2104,Thursday,BENIGN,0,train,xgboost,Thursday_GAP_031,False,Benign background traffic allocation (train),Level 2 Preferred Segment Atomicity
1911,20170706_2105,Thursday,BENIGN,0,train,xgboost,Thursday_GAP_031,False,Benign background traffic allocation (train),Level 2 Preferred Segment Atomicity
1912,20170706_2106,Thursday,BENIGN,0,train,xgboost,Thursday_GAP_031,False,Benign background traffic allocation (train),Level 2 Preferred Segment Atomicity
1913,20170706_2107,Thursday,BENIGN,0,train,xgboost,Thursday_GAP_031,False,Benign background traffic allocation (train),Level 2 Preferred Segment Atomicity
1914,20170706_2108,Thursday,BENIGN,0,train,xgboost,Thursday_GAP_031,False,Benign background traffic allocation (train),Level 2 Preferred Segment Atomicity
1915,20170706_2109,Thursday,BENIGN,0,train,xgboost,Thursday_GAP_031,False,Benign background traffic allocation (train),Level 2 Preferred Segment Atomicity
1916,20170706_2110,Thursday,BENIGN,0,train,xgboost,Thursday_GAP_031,False,Benign background traffic allocation (train),Level 2 Preferred Segment Atomicity
1917,20170706_2111,Thursday,BENIGN,0,train,xgboost,Thursday_GAP_031,False,Benign background traffic allocation (train),Level 2 Preferred Segment Atomicity
1918,20170706_2112,Thursday,BENIGN,0,train,xgboost,Thursday_GAP_031,False,Benign background traffic allocation (train),Level 2 Preferred Segment Atomicity
1919,20170706_2113,Thursday,BENIGN,0,train,xgboost,Thursday_GAP_031,False,Benign background traffic allocation (train),Level 2 Preferred Segment Atomicity
1920,20170706_2114,Thursday,BENIGN,0,train,xgboost,Thursday_GAP_031,False,Benign background traffic allocation (train),Level 2 Preferred Segment Atomicity
1921,20170706_2115,Thursday,BENIGN,0,train,xgboost,Thursday_GAP_031,False,Benign background traffic allocation (train),Level 2 Preferred Segment Atomicity
1922,20170706_2116,Thursday,BENIGN,0,train,xgboost,Thursday_GAP_031,False,Benign background traffic allocation (train),Level 2 Preferred Segment Atomicity
1923,20170706_2117,Thursday,BENIGN,0,train,xgboost,Thursday_GAP_031,False,Benign background traffic allocation (train),Level 2 Preferred Segment Atomicity
1924,20170706_2118,Thursday,BENIGN,0,train,xgboost,Thursday_GAP_031,False,Benign background traffic allocation (train),Level 2 Preferred Segment Atomicity
1925,20170706_2119,Thursday,BENIGN,0,train,xgboost,Thursday_GAP_031,False,Benign background traffic allocation (train),Level 2 Preferred Segment Atomicity
1926,20170706_2120,Thursday,BENIGN,0,train,xgboost,Thursday_GAP_031,False,Benign background traffic allocation (train),Level 2 Preferred Segment Atomicity
1927,20170706_2121,Thursday,BENIGN,0,train,xgboost,Thursday_GAP_031,False,Benign background traffic allocation (train),Level 2 Preferred Segment Atomicity
1928,20170706_2122,Thursday,BENIGN,0,train,xgboost,Thursday_GAP_031,False,Benign background traffic allocation (train),Level 2 Preferred Segment Atomicity
1929,20170706_2123,Thursday,BENIGN,0,train,xgboost,Thursday_GAP_031,False,Benign background traffic allocation (train),Level 2 Preferred Segment Atomicity
1930,20170706_2124,Thursday,BENIGN,0,train,xgboost,Thursday_GAP_031,False,Benign background traffic allocation (train),Level 2 Preferred Segment Atomicity
1931,20170706_2125,Thursday,BENIGN,0,train,xgboost,Thursday_GAP_031,False,Benign background traffic allocation (train),Level 2 Preferred Segment Atomicity
1932,20170706_2126,Thursday,BENIGN,0,train,xgboost,Thursday_GAP_031,False,Benign background traffic allocation (train),Level 2 Preferred Segment Atomicity
1933,20170706_2127,Thursday,BENIGN,0,train,xgboost,Thursday_GAP_031,False,Benign background traffic allocation (train),Level 2 Preferred Segment Atomicity
1934,20170706_2128,Thursday,BENIGN,0,train,xgboost,Thursday_GAP_031,False,Benign background traffic allocation (train),Level 2 Preferred Segment Atomicity
1935,20170706_2129,Thursday,BENIGN,0,train,xgboost,Thursday_GAP_031,False,Benign background traffic allocation (train),Level 2 Preferred Segment Atomicity
1936,20170706_2130,Thursday,BENIGN,0,train,xgboost,Thursday_GAP_031,False,Benign background traffic allocation (train),Level 2 Preferred Segment Atomicity
1937,20170706_2131,Thursday,BENIGN,0,train,xgboost,Thursday_GAP_031,False,Benign background traffic allocation (train),Level 2 Preferred Segment Atomicity
1938,20170706_2132,Thursday,BENIGN,0,train,xgboost,Thursday_GAP_031,False,Benign background traffic allocation (train),Level 2 Preferred Segment Atomicity
1939,20170706_2133,Thursday,BENIGN,0,train,xgboost,Thursday_GAP_031,False,Benign background traffic allocation (train),Level 2 Preferred Segment Atomicity
1940,20170706_2134,Thursday,BENIGN,0,train,xgboost,Thursday_GAP_031,False,Benign background traffic allocation (train),Level 2 Preferred Segment Atomicity
1941,20170706_2135,Thursday,BENIGN,0,train,xgboost,Thursday_GAP_031,False,Benign background traffic allocation (train),Level 2 Preferred Segment Atomicity
1942,20170706_2136,Thursday,BENIGN,0,train,xgboost,Thursday_GAP_031,False,Benign background traffic allocation (train),Level 2 Preferred Segment Atomicity
1943,20170706_2137,Thursday,BENIGN,0,train,xgboost,Thursday_GAP_031,False,Benign background traffic allocation (train),Level 2 Preferred Segment Atomicity
1944,20170706_2138,Thursday,BENIGN,0,train,xgboost,Thursday_GAP_031,False,Benign background traffic allocation (train),Level 2 Preferred Segment Atomicity
1945,20170706_2139,Thursday,BENIGN,0,train,xgboost,Thursday_GAP_031,False,Benign background traffic allocation (train),Level 2 Preferred Segment Atomicity
1946,20170706_2140,Thursday,BENIGN,0,train,xgboost,Thursday_GAP_031,False,Benign background traffic allocation (train),Level 2 Preferred Segment Atomicity
1947,20170706_2141,Thursday,BENIGN,0,validation,xgboost,Thursday_GAP_031,False,Benign background traffic allocation (validation),Level 2 Preferred Segment Atomicity
1948,20170706_2142,Thursday,BENIGN,0,validation,xgboost,Thursday_GAP_031,False,Benign background traffic allocation (validation),Level 2 Preferred Segment Atomicity
1949,20170706_2143,Thursday,BENIGN,0,validation,xgboost,Thursday_GAP_031,False,Benign background traffic allocation (validation),Level 2 Preferred Segment Atomicity
1950,20170706_2144,Thursday,BENIGN,0,validation,xgboost,Thursday_GAP_031,False,Benign background traffic allocation (validation),Level 2 Preferred Segment Atomicity
1951,20170706_2145,Thursday,BENIGN,0,validation,xgboost,Thursday_GAP_031,False,Benign background traffic allocation (validation),Level 2 Preferred Segment Atomicity
1952,20170706_2146,Thursday,BENIGN,0,validation,xgboost,Thursday_GAP_031,False,Benign background traffic allocation (validation),Level 2 Preferred Segment Atomicity
1953,20170706_2147,Thursday,BENIGN,0,validation,xgboost,Thursday_GAP_031,False,Benign background traffic allocation (validation),Level 2 Preferred Segment Atomicity
1954,20170706_2148,Thursday,BENIGN,0,validation,xgboost,Thursday_GAP_031,False,Benign background traffic allocation (validation),Level 2 Preferred Segment Atomicity
1955,20170706_2149,Thursday,BENIGN,0,validation,xgboost,Thursday_GAP_031,False,Benign background traffic allocation (validation),Level 2 Preferred Segment Atomicity
1956,20170706_2150,Thursday,BENIGN,0,validation,xgboost,Thursday_GAP_031,False,Benign background traffic allocation (validation),Level 2 Preferred Segment Atomicity
1957,20170706_2151,Thursday,BENIGN,0,validation,xgboost,Thursday_GAP_031,False,Benign background traffic allocation (validation),Level 2 Preferred Segment Atomicity
1958,20170706_2152,Thursday,BENIGN,0,validation,xgboost,Thursday_GAP_031,False,Benign background traffic allocation (validation),Level 2 Preferred Segment Atomicity
1959,20170706_2153,Thursday,BENIGN,0,test,xgboost,Thursday_GAP_031,False,Benign background traffic allocation (test),Level 2 Preferred Segment Atomicity
1960,20170706_2154,Thursday,BENIGN,0,test,xgboost,Thursday_GAP_031,False,Benign background traffic allocation (test),Level 2 Preferred Segment Atomicity
1961,20170706_2155,Thursday,BENIGN,0,test,xgboost,Thursday_GAP_031,False,Benign background traffic allocation (test),Level 2 Preferred Segment Atomicity
1962,20170706_2156,Thursday,BENIGN,0,test,xgboost,Thursday_GAP_031,False,Benign background traffic allocation (test),Level 2 Preferred Segment Atomicity
1963,20170706_2157,Thursday,BENIGN,0,test,xgboost,Thursday_GAP_031,False,Benign background traffic allocation (test),Level 2 Preferred Segment Atomicity
1964,20170706_2158,Thursday,BENIGN,0,test,xgboost,Thursday_GAP_031,False,Benign background traffic allocation (test),Level 2 Preferred Segment Atomicity
1965,20170706_2159,Thursday,BENIGN,0,test,xgboost,Thursday_GAP_031,False,Benign background traffic allocation (test),Level 2 Preferred Segment Atomicity
1966,20170706_2200,Thursday,BENIGN,0,test,xgboost,Thursday_GAP_031,False,Benign background traffic allocation (test),Level 2 Preferred Segment Atomicity
1967,20170706_2201,Thursday,BENIGN,0,test,xgboost,Thursday_GAP_031,False,Benign background traffic allocation (test),Level 2 Preferred Segment Atomicity
1968,20170706_2202,Thursday,BENIGN,0,test,xgboost,Thursday_GAP_031,False,Benign background traffic allocation (test),Level 2 Preferred Segment Atomicity
1969,20170706_2203,Thursday,BENIGN,0,test,xgboost,Thursday_GAP_031,False,Benign background traffic allocation (test),Level 2 Preferred Segment Atomicity
1970,20170706_2204,Thursday,BENIGN,0,test,xgboost,Thursday_GAP_031,False,Benign background traffic allocation (test),Level 2 Preferred Segment Atomicity
1971,20170707_1359,Friday,BENIGN,0,train,xgboost,Friday_GAP_001,False,Benign background traffic allocation (train),Level 2 Preferred Segment Atomicity
1972,20170707_1400,Friday,BENIGN,0,train,xgboost,Friday_GAP_001,False,Benign background traffic allocation (train),Level 2 Preferred Segment Atomicity
1973,20170707_1401,Friday,BENIGN,0,train,xgboost,Friday_GAP_001,False,Benign background traffic allocation (train),Level 2 Preferred Segment Atomicity
1974,20170707_1402,Friday,BENIGN,0,train,xgboost,Friday_GAP_001,False,Benign background traffic allocation (train),Level 2 Preferred Segment Atomicity
1975,20170707_1403,Friday,BENIGN,0,train,xgboost,Friday_GAP_001,False,Benign background traffic allocation (train),Level 2 Preferred Segment Atomicity
1976,20170707_1404,Friday,BENIGN,0,train,xgboost,Friday_GAP_001,False,Benign background traffic allocation (train),Level 2 Preferred Segment Atomicity
1977,20170707_1405,Friday,BENIGN,0,train,xgboost,Friday_GAP_001,False,Benign background traffic allocation (train),Level 2 Preferred Segment Atomicity
1978,20170707_1406,Friday,BENIGN,0,train,xgboost,Friday_GAP_001,False,Benign background traffic allocation (train),Level 2 Preferred Segment Atomicity
1979,20170707_1407,Friday,BENIGN,0,train,xgboost,Friday_GAP_001,False,Benign background traffic allocation (train),Level 2 Preferred Segment Atomicity
1980,20170707_1408,Friday,BENIGN,0,train,xgboost,Friday_GAP_001,False,Benign background traffic allocation (train),Level 2 Preferred Segment Atomicity
1981,20170707_1409,Friday,BENIGN,0,train,xgboost,Friday_GAP_001,False,Benign background traffic allocation (train),Level 2 Preferred Segment Atomicity
1982,20170707_1410,Friday,BENIGN,0,train,xgboost,Friday_GAP_001,False,Benign background traffic allocation (train),Level 2 Preferred Segment Atomicity
1983,20170707_1411,Friday,BENIGN,0,train,xgboost,Friday_GAP_001,False,Benign background traffic allocation (train),Level 2 Preferred Segment Atomicity
1984,20170707_1412,Friday,BENIGN,0,train,xgboost,Friday_GAP_001,False,Benign background traffic allocation (train),Level 2 Preferred Segment Atomicity
1985,20170707_1413,Friday,BENIGN,0,train,xgboost,Friday_GAP_001,False,Benign background traffic allocation (train),Level 2 Preferred Segment Atomicity
1986,20170707_1414,Friday,BENIGN,0,train,xgboost,Friday_GAP_001,False,Benign background traffic allocation (train),Level 2 Preferred Segment Atomicity
1987,20170707_1415,Friday,BENIGN,0,train,xgboost,Friday_GAP_001,False,Benign background traffic allocation (train),Level 2 Preferred Segment Atomicity
1988,20170707_1416,Friday,BENIGN,0,train,xgboost,Friday_GAP_001,False,Benign background traffic allocation (train),Level 2 Preferred Segment Atomicity
1989,20170707_1417,Friday,BENIGN,0,train,xgboost,Friday_GAP_001,False,Benign background traffic allocation (train),Level 2 Preferred Segment Atomicity
1990,20170707_1418,Friday,BENIGN,0,train,xgboost,Friday_GAP_001,False,Benign background traffic allocation (train),Level 2 Preferred Segment Atomicity
1991,20170707_1419,Friday,BENIGN,0,train,xgboost,Friday_GAP_001,False,Benign background traffic allocation (train),Level 2 Preferred Segment Atomicity
1992,20170707_1420,Friday,BENIGN,0,train,xgboost,Friday_GAP_001,False,Benign background traffic allocation (train),Level 2 Preferred Segment Atomicity
1993,20170707_1421,Friday,BENIGN,0,train,xgboost,Friday_GAP_001,False,Benign background traffic allocation (train),Level 2 Preferred Segment Atomicity
1994,20170707_1422,Friday,BENIGN,0,train,xgboost,Friday_GAP_001,False,Benign background traffic allocation (train),Level 2 Preferred Segment Atomicity
1995,20170707_1423,Friday,BENIGN,0,validation,xgboost,Friday_GAP_001,False,Benign background traffic allocation (validation),Level 2 Preferred Segment Atomicity
1996,20170707_1424,Friday,BENIGN,0,validation,xgboost,Friday_GAP_001,False,Benign background traffic allocation (validation),Level 2 Preferred Segment Atomicity
1997,20170707_1425,Friday,BENIGN,0,validation,xgboost,Friday_GAP_001,False,Benign background traffic allocation (validation),Level 2 Preferred Segment Atomicity
1998,20170707_1426,Friday,BENIGN,0,validation,xgboost,Friday_GAP_001,False,Benign background traffic allocation (validation),Level 2 Preferred Segment Atomicity
1999,20170707_1427,Friday,BENIGN,0,validation,xgboost,Friday_GAP_001,False,Benign background traffic allocation (validation),Level 2 Preferred Segment Atomicity
2000,20170707_1428,Friday,BENIGN,0,test,xgboost,Friday_GAP_001,False,Benign background traffic allocation (test),Level 2 Preferred Segment Atomicity
2001,20170707_1429,Friday,BENIGN,0,test,xgboost,Friday_GAP_001,False,Benign background traffic allocation (test),Level 2 Preferred Segment Atomicity
2002,20170707_1430,Friday,BENIGN,0,test,xgboost,Friday_GAP_001,False,Benign background traffic allocation (test),Level 2 Preferred Segment Atomicity
2003,20170707_1431,Friday,BENIGN,0,test,xgboost,Friday_GAP_001,False,Benign background traffic allocation (test),Level 2 Preferred Segment Atomicity
2004,20170707_1432,Friday,BENIGN,0,test,xgboost,Friday_GAP_001,False,Benign background traffic allocation (test),Level 2 Preferred Segment Atomicity
2005,20170707_1433,Friday,BENIGN,0,test,xgboost,Friday_GAP_001,False,Benign background traffic allocation (test),Level 2 Preferred Segment Atomicity
2006,20170707_1434,Friday,Bot,1,train,xgboost,Friday_SEG_001,False,Whole attack segment allocation (train),Level 2 Preferred Segment Atomicity
2007,20170707_1435,Friday,BENIGN,0,train,xgboost,Friday_GAP_002,False,Benign background traffic allocation (train),Level 2 Preferred Segment Atomicity
2008,20170707_1436,Friday,BENIGN,0,train,xgboost,Friday_GAP_002,False,Benign background traffic allocation (train),Level 2 Preferred Segment Atomicity
2009,20170707_1437,Friday,BENIGN,0,train,xgboost,Friday_GAP_002,False,Benign background traffic allocation (train),Level 2 Preferred Segment Atomicity
2010,20170707_1438,Friday,BENIGN,0,train,xgboost,Friday_GAP_002,False,Benign background traffic allocation (train),Level 2 Preferred Segment Atomicity
2011,20170707_1439,Friday,BENIGN,0,train,xgboost,Friday_GAP_002,False,Benign background traffic allocation (train),Level 2 Preferred Segment Atomicity
2012,20170707_1440,Friday,BENIGN,0,train,xgboost,Friday_GAP_002,False,Benign background traffic allocation (train),Level 2 Preferred Segment Atomicity
2013,20170707_1441,Friday,BENIGN,0,train,xgboost,Friday_GAP_002,False,Benign background traffic allocation (train),Level 2 Preferred Segment Atomicity
2014,20170707_1442,Friday,BENIGN,0,train,xgboost,Friday_GAP_002,False,Benign background traffic allocation (train),Level 2 Preferred Segment Atomicity
2015,20170707_1443,Friday,BENIGN,0,train,xgboost,Friday_GAP_002,False,Benign background traffic allocation (train),Level 2 Preferred Segment Atomicity
2016,20170707_1444,Friday,BENIGN,0,train,xgboost,Friday_GAP_002,False,Benign background traffic allocation (train),Level 2 Preferred Segment Atomicity
2017,20170707_1445,Friday,BENIGN,0,train,xgboost,Friday_GAP_002,False,Benign background traffic allocation (train),Level 2 Preferred Segment Atomicity
2018,20170707_1446,Friday,BENIGN,0,train,xgboost,Friday_GAP_002,False,Benign background traffic allocation (train),Level 2 Preferred Segment Atomicity
2019,20170707_1447,Friday,BENIGN,0,train,xgboost,Friday_GAP_002,False,Benign background traffic allocation (train),Level 2 Preferred Segment Atomicity
2020,20170707_1448,Friday,BENIGN,0,train,xgboost,Friday_GAP_002,False,Benign background traffic allocation (train),Level 2 Preferred Segment Atomicity
2021,20170707_1449,Friday,BENIGN,0,train,xgboost,Friday_GAP_002,False,Benign background traffic allocation (train),Level 2 Preferred Segment Atomicity
2022,20170707_1450,Friday,BENIGN,0,train,xgboost,Friday_GAP_002,False,Benign background traffic allocation (train),Level 2 Preferred Segment Atomicity
2023,20170707_1451,Friday,BENIGN,0,train,xgboost,Friday_GAP_002,False,Benign background traffic allocation (train),Level 2 Preferred Segment Atomicity
2024,20170707_1452,Friday,BENIGN,0,train,xgboost,Friday_GAP_002,False,Benign background traffic allocation (train),Level 2 Preferred Segment Atomicity
2025,20170707_1453,Friday,BENIGN,0,train,xgboost,Friday_GAP_002,False,Benign background traffic allocation (train),Level 2 Preferred Segment Atomicity
2026,20170707_1454,Friday,BENIGN,0,train,xgboost,Friday_GAP_002,False,Benign background traffic allocation (train),Level 2 Preferred Segment Atomicity
2027,20170707_1455,Friday,BENIGN,0,validation,xgboost,Friday_GAP_002,False,Benign background traffic allocation (validation),Level 2 Preferred Segment Atomicity
2028,20170707_1456,Friday,BENIGN,0,validation,xgboost,Friday_GAP_002,False,Benign background traffic allocation (validation),Level 2 Preferred Segment Atomicity
2029,20170707_1457,Friday,BENIGN,0,validation,xgboost,Friday_GAP_002,False,Benign background traffic allocation (validation),Level 2 Preferred Segment Atomicity
2030,20170707_1458,Friday,BENIGN,0,validation,xgboost,Friday_GAP_002,False,Benign background traffic allocation (validation),Level 2 Preferred Segment Atomicity
2031,20170707_1459,Friday,BENIGN,0,test,xgboost,Friday_GAP_002,False,Benign background traffic allocation (test),Level 2 Preferred Segment Atomicity
2032,20170707_1500,Friday,BENIGN,0,test,xgboost,Friday_GAP_002,False,Benign background traffic allocation (test),Level 2 Preferred Segment Atomicity
2033,20170707_1501,Friday,BENIGN,0,test,xgboost,Friday_GAP_002,False,Benign background traffic allocation (test),Level 2 Preferred Segment Atomicity
2034,20170707_1502,Friday,BENIGN,0,test,xgboost,Friday_GAP_002,False,Benign background traffic allocation (test),Level 2 Preferred Segment Atomicity
2035,20170707_1503,Friday,BENIGN,0,test,xgboost,Friday_GAP_002,False,Benign background traffic allocation (test),Level 2 Preferred Segment Atomicity
2036,20170707_1504,Friday,Bot,1,train,xgboost,Friday_SEG_002,False,Whole attack segment allocation (train),Level 2 Preferred Segment Atomicity
2037,20170707_1505,Friday,Bot,1,train,xgboost,Friday_SEG_002,False,Whole attack segment allocation (train),Level 2 Preferred Segment Atomicity
2038,20170707_1506,Friday,Bot,1,train,xgboost,Friday_SEG_002,False,Whole attack segment allocation (train),Level 2 Preferred Segment Atomicity
2039,20170707_1507,Friday,Bot,1,train,xgboost,Friday_SEG_002,False,Whole attack segment allocation (train),Level 2 Preferred Segment Atomicity
2040,20170707_1508,Friday,Bot,1,train,xgboost,Friday_SEG_002,False,Whole attack segment allocation (train),Level 2 Preferred Segment Atomicity
2041,20170707_1509,Friday,Bot,1,train,xgboost,Friday_SEG_002,False,Whole attack segment allocation (train),Level 2 Preferred Segment Atomicity
2042,20170707_1510,Friday,Bot,1,train,xgboost,Friday_SEG_002,False,Whole attack segment allocation (train),Level 2 Preferred Segment Atomicity
2043,20170707_1511,Friday,Bot,1,train,xgboost,Friday_SEG_002,False,Whole attack segment allocation (train),Level 2 Preferred Segment Atomicity
2044,20170707_1512,Friday,Bot,1,train,xgboost,Friday_SEG_002,False,Whole attack segment allocation (train),Level 2 Preferred Segment Atomicity
2045,20170707_1513,Friday,Bot,1,train,xgboost,Friday_SEG_002,False,Whole attack segment allocation (train),Level 2 Preferred Segment Atomicity
2046,20170707_1514,Friday,Bot,1,train,xgboost,Friday_SEG_002,False,Whole attack segment allocation (train),Level 2 Preferred Segment Atomicity
2047,20170707_1515,Friday,Bot,1,train,xgboost,Friday_SEG_002,False,Whole attack segment allocation (train),Level 2 Preferred Segment Atomicity
2048,20170707_1516,Friday,Bot,1,train,xgboost,Friday_SEG_002,False,Whole attack segment allocation (train),Level 2 Preferred Segment Atomicity
2049,20170707_1517,Friday,Bot,1,train,xgboost,Friday_SEG_002,False,Whole attack segment allocation (train),Level 2 Preferred Segment Atomicity
2050,20170707_1518,Friday,Bot,1,train,xgboost,Friday_SEG_002,False,Whole attack segment allocation (train),Level 2 Preferred Segment Atomicity
2051,20170707_1519,Friday,Bot,1,train,xgboost,Friday_SEG_002,False,Whole attack segment allocation (train),Level 2 Preferred Segment Atomicity
2052,20170707_1520,Friday,Bot,1,train,xgboost,Friday_SEG_002,False,Whole attack segment allocation (train),Level 2 Preferred Segment Atomicity
2053,20170707_1521,Friday,Bot,1,train,xgboost,Friday_SEG_002,False,Whole attack segment allocation (train),Level 2 Preferred Segment Atomicity
2054,20170707_1522,Friday,Bot,1,train,xgboost,Friday_SEG_002,False,Whole attack segment allocation (train),Level 2 Preferred Segment Atomicity
2055,20170707_1523,Friday,Bot,1,train,xgboost,Friday_SEG_002,False,Whole attack segment allocation (train),Level 2 Preferred Segment Atomicity
2056,20170707_1524,Friday,Bot,1,train,xgboost,Friday_SEG_002,False,Whole attack segment allocation (train),Level 2 Preferred Segment Atomicity
2057,20170707_1525,Friday,Bot,1,train,xgboost,Friday_SEG_002,False,Whole attack segment allocation (train),Level 2 Preferred Segment Atomicity
2058,20170707_1526,Friday,Bot,1,train,xgboost,Friday_SEG_002,False,Whole attack segment allocation (train),Level 2 Preferred Segment Atomicity
2059,20170707_1527,Friday,Bot,1,train,xgboost,Friday_SEG_002,False,Whole attack segment allocation (train),Level 2 Preferred Segment Atomicity
2060,20170707_1528,Friday,Bot,1,train,xgboost,Friday_SEG_002,False,Whole attack segment allocation (train),Level 2 Preferred Segment Atomicity
2061,20170707_1529,Friday,Bot,1,train,xgboost,Friday_SEG_002,False,Whole attack segment allocation (train),Level 2 Preferred Segment Atomicity
2062,20170707_1530,Friday,Bot,1,train,xgboost,Friday_SEG_002,False,Whole attack segment allocation (train),Level 2 Preferred Segment Atomicity
2063,20170707_1531,Friday,Bot,1,train,xgboost,Friday_SEG_002,False,Whole attack segment allocation (train),Level 2 Preferred Segment Atomicity
2064,20170707_1532,Friday,Bot,1,train,xgboost,Friday_SEG_002,False,Whole attack segment allocation (train),Level 2 Preferred Segment Atomicity
2065,20170707_1533,Friday,Bot,1,train,xgboost,Friday_SEG_002,False,Whole attack segment allocation (train),Level 2 Preferred Segment Atomicity
2066,20170707_1534,Friday,Bot,1,train,xgboost,Friday_SEG_002,False,Whole attack segment allocation (train),Level 2 Preferred Segment Atomicity
2067,20170707_1535,Friday,Bot,1,train,xgboost,Friday_SEG_002,False,Whole attack segment allocation (train),Level 2 Preferred Segment Atomicity
2068,20170707_1536,Friday,Bot,1,train,xgboost,Friday_SEG_002,False,Whole attack segment allocation (train),Level 2 Preferred Segment Atomicity
2069,20170707_1537,Friday,Bot,1,train,xgboost,Friday_SEG_002,False,Whole attack segment allocation (train),Level 2 Preferred Segment Atomicity
2070,20170707_1538,Friday,Bot,1,train,xgboost,Friday_SEG_002,False,Whole attack segment allocation (train),Level 2 Preferred Segment Atomicity
2071,20170707_1539,Friday,Bot,1,train,xgboost,Friday_SEG_002,False,Whole attack segment allocation (train),Level 2 Preferred Segment Atomicity
2072,20170707_1540,Friday,Bot,1,train,xgboost,Friday_SEG_002,False,Whole attack segment allocation (train),Level 2 Preferred Segment Atomicity
2073,20170707_1541,Friday,Bot,1,train,xgboost,Friday_SEG_002,False,Whole attack segment allocation (train),Level 2 Preferred Segment Atomicity
2074,20170707_1542,Friday,Bot,1,train,xgboost,Friday_SEG_002,False,Whole attack segment allocation (train),Level 2 Preferred Segment Atomicity
2075,20170707_1543,Friday,Bot,1,train,xgboost,Friday_SEG_002,False,Whole attack segment allocation (train),Level 2 Preferred Segment Atomicity
2076,20170707_1544,Friday,Bot,1,train,xgboost,Friday_SEG_002,False,Whole attack segment allocation (train),Level 2 Preferred Segment Atomicity
2077,20170707_1545,Friday,Bot,1,train,xgboost,Friday_SEG_002,False,Whole attack segment allocation (train),Level 2 Preferred Segment Atomicity
2078,20170707_1546,Friday,Bot,1,train,xgboost,Friday_SEG_002,False,Whole attack segment allocation (train),Level 2 Preferred Segment Atomicity
2079,20170707_1547,Friday,Bot,1,train,xgboost,Friday_SEG_002,False,Whole attack segment allocation (train),Level 2 Preferred Segment Atomicity
2080,20170707_1548,Friday,Bot,1,train,xgboost,Friday_SEG_002,False,Whole attack segment allocation (train),Level 2 Preferred Segment Atomicity
2081,20170707_1549,Friday,Bot,1,train,xgboost,Friday_SEG_002,False,Whole attack segment allocation (train),Level 2 Preferred Segment Atomicity
2082,20170707_1550,Friday,Bot,1,train,xgboost,Friday_SEG_002,False,Whole attack segment allocation (train),Level 2 Preferred Segment Atomicity
2083,20170707_1551,Friday,Bot,1,train,xgboost,Friday_SEG_002,False,Whole attack segment allocation (train),Level 2 Preferred Segment Atomicity
2084,20170707_1552,Friday,Bot,1,train,xgboost,Friday_SEG_002,False,Whole attack segment allocation (train),Level 2 Preferred Segment Atomicity
2085,20170707_1553,Friday,Bot,1,train,xgboost,Friday_SEG_002,False,Whole attack segment allocation (train),Level 2 Preferred Segment Atomicity
2086,20170707_1554,Friday,Bot,1,train,xgboost,Friday_SEG_002,False,Whole attack segment allocation (train),Level 2 Preferred Segment Atomicity
2087,20170707_1555,Friday,Bot,1,train,xgboost,Friday_SEG_002,False,Whole attack segment allocation (train),Level 2 Preferred Segment Atomicity
2088,20170707_1556,Friday,Bot,1,train,xgboost,Friday_SEG_002,False,Whole attack segment allocation (train),Level 2 Preferred Segment Atomicity
2089,20170707_1557,Friday,Bot,1,train,xgboost,Friday_SEG_002,False,Whole attack segment allocation (train),Level 2 Preferred Segment Atomicity
2090,20170707_1558,Friday,Bot,1,train,xgboost,Friday_SEG_002,False,Whole attack segment allocation (train),Level 2 Preferred Segment Atomicity
2091,20170707_1559,Friday,Bot,1,train,xgboost,Friday_SEG_002,False,Whole attack segment allocation (train),Level 2 Preferred Segment Atomicity
2092,20170707_1600,Friday,Bot,1,train,xgboost,Friday_SEG_002,False,Whole attack segment allocation (train),Level 2 Preferred Segment Atomicity
2093,20170707_1601,Friday,Bot,1,train,xgboost,Friday_SEG_002,False,Whole attack segment allocation (train),Level 2 Preferred Segment Atomicity
2094,20170707_1602,Friday,Bot,1,train,xgboost,Friday_SEG_002,False,Whole attack segment allocation (train),Level 2 Preferred Segment Atomicity
2095,20170707_1603,Friday,Bot,1,train,xgboost,Friday_SEG_002,False,Whole attack segment allocation (train),Level 2 Preferred Segment Atomicity
2096,20170707_1604,Friday,Bot,1,train,xgboost,Friday_SEG_002,False,Whole attack segment allocation (train),Level 2 Preferred Segment Atomicity
2097,20170707_1605,Friday,Bot,1,train,xgboost,Friday_SEG_002,False,Whole attack segment allocation (train),Level 2 Preferred Segment Atomicity
2098,20170707_1606,Friday,Bot,1,train,xgboost,Friday_SEG_002,False,Whole attack segment allocation (train),Level 2 Preferred Segment Atomicity
2099,20170707_1607,Friday,Bot,1,train,xgboost,Friday_SEG_002,False,Whole attack segment allocation (train),Level 2 Preferred Segment Atomicity
2100,20170707_1608,Friday,Bot,1,train,xgboost,Friday_SEG_002,False,Whole attack segment allocation (train),Level 2 Preferred Segment Atomicity
2101,20170707_1609,Friday,Bot,1,train,xgboost,Friday_SEG_002,False,Whole attack segment allocation (train),Level 2 Preferred Segment Atomicity
2102,20170707_1610,Friday,Bot,1,train,xgboost,Friday_SEG_002,False,Whole attack segment allocation (train),Level 2 Preferred Segment Atomicity
2103,20170707_1611,Friday,Bot,1,train,xgboost,Friday_SEG_002,False,Whole attack segment allocation (train),Level 2 Preferred Segment Atomicity
2104,20170707_1612,Friday,Bot,1,train,xgboost,Friday_SEG_002,False,Whole attack segment allocation (train),Level 2 Preferred Segment Atomicity
2105,20170707_1613,Friday,Bot,1,train,xgboost,Friday_SEG_002,False,Whole attack segment allocation (train),Level 2 Preferred Segment Atomicity
2106,20170707_1614,Friday,BENIGN,0,train,xgboost,Friday_GAP_003,False,Benign background traffic allocation (train),Level 2 Preferred Segment Atomicity
2107,20170707_1615,Friday,Bot,1,train,xgboost,Friday_SEG_003,False,Whole attack segment allocation (train),Level 2 Preferred Segment Atomicity
2108,20170707_1616,Friday,Bot,1,train,xgboost,Friday_SEG_003,False,Whole attack segment allocation (train),Level 2 Preferred Segment Atomicity
2109,20170707_1617,Friday,Bot,1,train,xgboost,Friday_SEG_003,False,Whole attack segment allocation (train),Level 2 Preferred Segment Atomicity
2110,20170707_1618,Friday,Bot,1,train,xgboost,Friday_SEG_003,False,Whole attack segment allocation (train),Level 2 Preferred Segment Atomicity
2111,20170707_1619,Friday,BENIGN,0,train,xgboost,Friday_GAP_004,False,Benign background traffic allocation (train),Level 2 Preferred Segment Atomicity
2112,20170707_1620,Friday,Bot,1,train,xgboost,Friday_SEG_004,False,Whole attack segment allocation (train),Level 2 Preferred Segment Atomicity
2113,20170707_1621,Friday,Bot,1,train,xgboost,Friday_SEG_004,False,Whole attack segment allocation (train),Level 2 Preferred Segment Atomicity
2114,20170707_1622,Friday,Bot,1,train,xgboost,Friday_SEG_004,False,Whole attack segment allocation (train),Level 2 Preferred Segment Atomicity
2115,20170707_1623,Friday,Bot,1,train,xgboost,Friday_SEG_004,False,Whole attack segment allocation (train),Level 2 Preferred Segment Atomicity
2116,20170707_1624,Friday,BENIGN,0,train,xgboost,Friday_GAP_005,False,Benign background traffic allocation (train),Level 2 Preferred Segment Atomicity
2117,20170707_1625,Friday,Bot,1,train,xgboost,Friday_SEG_005,False,Whole attack segment allocation (train),Level 2 Preferred Segment Atomicity
2118,20170707_1626,Friday,Bot,1,train,xgboost,Friday_SEG_005,False,Whole attack segment allocation (train),Level 2 Preferred Segment Atomicity
2119,20170707_1627,Friday,Bot,1,train,xgboost,Friday_SEG_005,False,Whole attack segment allocation (train),Level 2 Preferred Segment Atomicity
2120,20170707_1628,Friday,Bot,1,train,xgboost,Friday_SEG_005,False,Whole attack segment allocation (train),Level 2 Preferred Segment Atomicity
2121,20170707_1629,Friday,BENIGN,0,train,xgboost,Friday_GAP_006,False,Benign background traffic allocation (train),Level 2 Preferred Segment Atomicity
2122,20170707_1630,Friday,Bot,1,train,xgboost,Friday_SEG_006,False,Whole attack segment allocation (train),Level 2 Preferred Segment Atomicity
2123,20170707_1631,Friday,Bot,1,train,xgboost,Friday_SEG_006,False,Whole attack segment allocation (train),Level 2 Preferred Segment Atomicity
2124,20170707_1632,Friday,Bot,1,train,xgboost,Friday_SEG_006,False,Whole attack segment allocation (train),Level 2 Preferred Segment Atomicity
2125,20170707_1633,Friday,Bot,1,train,xgboost,Friday_SEG_006,False,Whole attack segment allocation (train),Level 2 Preferred Segment Atomicity
2126,20170707_1634,Friday,Bot,1,train,xgboost,Friday_SEG_006,False,Whole attack segment allocation (train),Level 2 Preferred Segment Atomicity
2127,20170707_1635,Friday,Bot,1,train,xgboost,Friday_SEG_006,False,Whole attack segment allocation (train),Level 2 Preferred Segment Atomicity
2128,20170707_1636,Friday,Bot,1,train,xgboost,Friday_SEG_006,False,Whole attack segment allocation (train),Level 2 Preferred Segment Atomicity
2129,20170707_1637,Friday,Bot,1,train,xgboost,Friday_SEG_006,False,Whole attack segment allocation (train),Level 2 Preferred Segment Atomicity
2130,20170707_1638,Friday,Bot,1,train,xgboost,Friday_SEG_006,False,Whole attack segment allocation (train),Level 2 Preferred Segment Atomicity
2131,20170707_1639,Friday,Bot,1,train,xgboost,Friday_SEG_006,False,Whole attack segment allocation (train),Level 2 Preferred Segment Atomicity
2132,20170707_1640,Friday,Bot,1,train,xgboost,Friday_SEG_006,False,Whole attack segment allocation (train),Level 2 Preferred Segment Atomicity
2133,20170707_1641,Friday,Bot,1,train,xgboost,Friday_SEG_006,False,Whole attack segment allocation (train),Level 2 Preferred Segment Atomicity
2134,20170707_1642,Friday,Bot,1,train,xgboost,Friday_SEG_006,False,Whole attack segment allocation (train),Level 2 Preferred Segment Atomicity
2135,20170707_1643,Friday,Bot,1,train,xgboost,Friday_SEG_006,False,Whole attack segment allocation (train),Level 2 Preferred Segment Atomicity
2136,20170707_1644,Friday,Bot,1,train,xgboost,Friday_SEG_006,False,Whole attack segment allocation (train),Level 2 Preferred Segment Atomicity
2137,20170707_1645,Friday,Bot,1,train,xgboost,Friday_SEG_006,False,Whole attack segment allocation (train),Level 2 Preferred Segment Atomicity
2138,20170707_1646,Friday,BENIGN,0,train,xgboost,Friday_GAP_007,False,Benign background traffic allocation (train),Level 2 Preferred Segment Atomicity
2139,20170707_1647,Friday,Bot,1,train,xgboost,Friday_SEG_007,False,Whole attack segment allocation (train),Level 2 Preferred Segment Atomicity
2140,20170707_1648,Friday,Bot,1,train,xgboost,Friday_SEG_007,False,Whole attack segment allocation (train),Level 2 Preferred Segment Atomicity
2141,20170707_1649,Friday,Bot,1,train,xgboost,Friday_SEG_007,False,Whole attack segment allocation (train),Level 2 Preferred Segment Atomicity
2142,20170707_1650,Friday,Bot,1,train,xgboost,Friday_SEG_007,False,Whole attack segment allocation (train),Level 2 Preferred Segment Atomicity
2143,20170707_1651,Friday,BENIGN,0,train,xgboost,Friday_GAP_008,False,Benign background traffic allocation (train),Level 2 Preferred Segment Atomicity
2144,20170707_1652,Friday,Bot,1,train,xgboost,Friday_SEG_008,False,Whole attack segment allocation (train),Level 2 Preferred Segment Atomicity
2145,20170707_1653,Friday,Bot,1,train,xgboost,Friday_SEG_008,False,Whole attack segment allocation (train),Level 2 Preferred Segment Atomicity
2146,20170707_1654,Friday,Bot,1,train,xgboost,Friday_SEG_008,False,Whole attack segment allocation (train),Level 2 Preferred Segment Atomicity
2147,20170707_1655,Friday,Bot,1,train,xgboost,Friday_SEG_008,False,Whole attack segment allocation (train),Level 2 Preferred Segment Atomicity
2148,20170707_1656,Friday,BENIGN,0,train,xgboost,Friday_GAP_009,False,Benign background traffic allocation (train),Level 2 Preferred Segment Atomicity
2149,20170707_1657,Friday,Bot,1,train,xgboost,Friday_SEG_009,False,Whole attack segment allocation (train),Level 2 Preferred Segment Atomicity
2150,20170707_1658,Friday,Bot,1,train,xgboost,Friday_SEG_009,False,Whole attack segment allocation (train),Level 2 Preferred Segment Atomicity
2151,20170707_1659,Friday,Bot,1,train,xgboost,Friday_SEG_009,False,Whole attack segment allocation (train),Level 2 Preferred Segment Atomicity
2152,20170707_1700,Friday,Bot,1,train,xgboost,Friday_SEG_009,False,Whole attack segment allocation (train),Level 2 Preferred Segment Atomicity
2153,20170707_1701,Friday,BENIGN,0,train,xgboost,Friday_GAP_010,False,Benign background traffic allocation (train),Level 2 Preferred Segment Atomicity
2154,20170707_1702,Friday,Bot,1,train,xgboost,Friday_SEG_010,False,Whole attack segment allocation (train),Level 2 Preferred Segment Atomicity
2155,20170707_1703,Friday,Bot,1,train,xgboost,Friday_SEG_010,False,Whole attack segment allocation (train),Level 2 Preferred Segment Atomicity
2156,20170707_1704,Friday,Bot,1,train,xgboost,Friday_SEG_010,False,Whole attack segment allocation (train),Level 2 Preferred Segment Atomicity
2157,20170707_1705,Friday,Bot,1,train,xgboost,Friday_SEG_010,False,Whole attack segment allocation (train),Level 2 Preferred Segment Atomicity
2158,20170707_1706,Friday,Bot,1,train,xgboost,Friday_SEG_010,False,Whole attack segment allocation (train),Level 2 Preferred Segment Atomicity
2159,20170707_1707,Friday,Bot,1,train,xgboost,Friday_SEG_010,False,Whole attack segment allocation (train),Level 2 Preferred Segment Atomicity
2160,20170707_1708,Friday,Bot,1,train,xgboost,Friday_SEG_010,False,Whole attack segment allocation (train),Level 2 Preferred Segment Atomicity
2161,20170707_1709,Friday,Bot,1,train,xgboost,Friday_SEG_010,False,Whole attack segment allocation (train),Level 2 Preferred Segment Atomicity
2162,20170707_1710,Friday,Bot,1,train,xgboost,Friday_SEG_010,False,Whole attack segment allocation (train),Level 2 Preferred Segment Atomicity
2163,20170707_1711,Friday,Bot,1,train,xgboost,Friday_SEG_010,False,Whole attack segment allocation (train),Level 2 Preferred Segment Atomicity
2164,20170707_1712,Friday,Bot,1,train,xgboost,Friday_SEG_010,False,Whole attack segment allocation (train),Level 2 Preferred Segment Atomicity
2165,20170707_1713,Friday,Bot,1,train,xgboost,Friday_SEG_010,False,Whole attack segment allocation (train),Level 2 Preferred Segment Atomicity
2166,20170707_1714,Friday,Bot,1,train,xgboost,Friday_SEG_010,False,Whole attack segment allocation (train),Level 2 Preferred Segment Atomicity
2167,20170707_1715,Friday,Bot,1,train,xgboost,Friday_SEG_010,False,Whole attack segment allocation (train),Level 2 Preferred Segment Atomicity
2168,20170707_1716,Friday,Bot,1,train,xgboost,Friday_SEG_010,False,Whole attack segment allocation (train),Level 2 Preferred Segment Atomicity
2169,20170707_1717,Friday,Bot,1,train,xgboost,Friday_SEG_010,False,Whole attack segment allocation (train),Level 2 Preferred Segment Atomicity
2170,20170707_1718,Friday,BENIGN,0,train,xgboost,Friday_GAP_011,False,Benign background traffic allocation (train),Level 2 Preferred Segment Atomicity
2171,20170707_1719,Friday,Bot,1,train,xgboost,Friday_SEG_011,False,Whole attack segment allocation (train),Level 2 Preferred Segment Atomicity
2172,20170707_1720,Friday,Bot,1,train,xgboost,Friday_SEG_011,False,Whole attack segment allocation (train),Level 2 Preferred Segment Atomicity
2173,20170707_1721,Friday,Bot,1,train,xgboost,Friday_SEG_011,False,Whole attack segment allocation (train),Level 2 Preferred Segment Atomicity
2174,20170707_1722,Friday,Bot,1,train,xgboost,Friday_SEG_011,False,Whole attack segment allocation (train),Level 2 Preferred Segment Atomicity
2175,20170707_1723,Friday,BENIGN,0,train,xgboost,Friday_GAP_012,False,Benign background traffic allocation (train),Level 2 Preferred Segment Atomicity
2176,20170707_1724,Friday,Bot,1,validation,xgboost,Friday_SEG_012,False,Whole attack segment allocation (validation),Level 2 Preferred Segment Atomicity
2177,20170707_1725,Friday,Bot,1,validation,xgboost,Friday_SEG_012,False,Whole attack segment allocation (validation),Level 2 Preferred Segment Atomicity
2178,20170707_1726,Friday,Bot,1,validation,xgboost,Friday_SEG_012,False,Whole attack segment allocation (validation),Level 2 Preferred Segment Atomicity
2179,20170707_1727,Friday,Bot,1,validation,xgboost,Friday_SEG_012,False,Whole attack segment allocation (validation),Level 2 Preferred Segment Atomicity
2180,20170707_1728,Friday,BENIGN,0,train,xgboost,Friday_GAP_013,False,Benign background traffic allocation (train),Level 2 Preferred Segment Atomicity
2181,20170707_1729,Friday,Bot,1,validation,xgboost,Friday_SEG_013,False,Whole attack segment allocation (validation),Level 2 Preferred Segment Atomicity
2182,20170707_1730,Friday,Bot,1,validation,xgboost,Friday_SEG_013,False,Whole attack segment allocation (validation),Level 2 Preferred Segment Atomicity
2183,20170707_1731,Friday,Bot,1,validation,xgboost,Friday_SEG_013,False,Whole attack segment allocation (validation),Level 2 Preferred Segment Atomicity
2184,20170707_1732,Friday,Bot,1,validation,xgboost,Friday_SEG_013,False,Whole attack segment allocation (validation),Level 2 Preferred Segment Atomicity
2185,20170707_1733,Friday,BENIGN,0,train,xgboost,Friday_GAP_014,False,Benign background traffic allocation (train),Level 2 Preferred Segment Atomicity
2186,20170707_1734,Friday,Bot,1,validation,xgboost,Friday_SEG_014,False,Whole attack segment allocation (validation),Level 2 Preferred Segment Atomicity
2187,20170707_1735,Friday,Bot,1,validation,xgboost,Friday_SEG_014,False,Whole attack segment allocation (validation),Level 2 Preferred Segment Atomicity
2188,20170707_1736,Friday,Bot,1,validation,xgboost,Friday_SEG_014,False,Whole attack segment allocation (validation),Level 2 Preferred Segment Atomicity
2189,20170707_1737,Friday,Bot,1,validation,xgboost,Friday_SEG_014,False,Whole attack segment allocation (validation),Level 2 Preferred Segment Atomicity
2190,20170707_1738,Friday,Bot,1,validation,xgboost,Friday_SEG_014,False,Whole attack segment allocation (validation),Level 2 Preferred Segment Atomicity
2191,20170707_1739,Friday,Bot,1,validation,xgboost,Friday_SEG_014,False,Whole attack segment allocation (validation),Level 2 Preferred Segment Atomicity
2192,20170707_1740,Friday,Bot,1,validation,xgboost,Friday_SEG_014,False,Whole attack segment allocation (validation),Level 2 Preferred Segment Atomicity
2193,20170707_1741,Friday,Bot,1,validation,xgboost,Friday_SEG_014,False,Whole attack segment allocation (validation),Level 2 Preferred Segment Atomicity
2194,20170707_1742,Friday,Bot,1,validation,xgboost,Friday_SEG_014,False,Whole attack segment allocation (validation),Level 2 Preferred Segment Atomicity
2195,20170707_1743,Friday,Bot,1,validation,xgboost,Friday_SEG_014,False,Whole attack segment allocation (validation),Level 2 Preferred Segment Atomicity
2196,20170707_1744,Friday,Bot,1,validation,xgboost,Friday_SEG_014,False,Whole attack segment allocation (validation),Level 2 Preferred Segment Atomicity
2197,20170707_1745,Friday,Bot,1,validation,xgboost,Friday_SEG_014,False,Whole attack segment allocation (validation),Level 2 Preferred Segment Atomicity
2198,20170707_1746,Friday,Bot,1,validation,xgboost,Friday_SEG_014,False,Whole attack segment allocation (validation),Level 2 Preferred Segment Atomicity
2199,20170707_1747,Friday,Bot,1,validation,xgboost,Friday_SEG_014,False,Whole attack segment allocation (validation),Level 2 Preferred Segment Atomicity
2200,20170707_1748,Friday,Bot,1,validation,xgboost,Friday_SEG_014,False,Whole attack segment allocation (validation),Level 2 Preferred Segment Atomicity
2201,20170707_1749,Friday,Bot,1,validation,xgboost,Friday_SEG_014,False,Whole attack segment allocation (validation),Level 2 Preferred Segment Atomicity
2202,20170707_1750,Friday,BENIGN,0,train,xgboost,Friday_GAP_015,False,Benign background traffic allocation (train),Level 2 Preferred Segment Atomicity
2203,20170707_1751,Friday,Bot,1,test,xgboost,Friday_SEG_015,False,Whole attack segment allocation (test),Level 2 Preferred Segment Atomicity
2204,20170707_1752,Friday,Bot,1,test,xgboost,Friday_SEG_015,False,Whole attack segment allocation (test),Level 2 Preferred Segment Atomicity
2205,20170707_1753,Friday,Bot,1,test,xgboost,Friday_SEG_015,False,Whole attack segment allocation (test),Level 2 Preferred Segment Atomicity
2206,20170707_1754,Friday,Bot,1,test,xgboost,Friday_SEG_015,False,Whole attack segment allocation (test),Level 2 Preferred Segment Atomicity
2207,20170707_1755,Friday,BENIGN,0,train,xgboost,Friday_GAP_016,False,Benign background traffic allocation (train),Level 2 Preferred Segment Atomicity
2208,20170707_1756,Friday,Bot,1,test,xgboost,Friday_SEG_016,False,Whole attack segment allocation (test),Level 2 Preferred Segment Atomicity
2209,20170707_1757,Friday,Bot,1,test,xgboost,Friday_SEG_016,False,Whole attack segment allocation (test),Level 2 Preferred Segment Atomicity
2210,20170707_1758,Friday,Bot,1,test,xgboost,Friday_SEG_016,False,Whole attack segment allocation (test),Level 2 Preferred Segment Atomicity
2211,20170707_1759,Friday,Bot,1,test,xgboost,Friday_SEG_016,False,Whole attack segment allocation (test),Level 2 Preferred Segment Atomicity
2212,20170707_1800,Friday,BENIGN,0,train,xgboost,Friday_GAP_017,False,Benign background traffic allocation (train),Level 2 Preferred Segment Atomicity
2213,20170707_1801,Friday,BENIGN,0,train,xgboost,Friday_GAP_017,False,Benign background traffic allocation (train),Level 2 Preferred Segment Atomicity
2214,20170707_1802,Friday,BENIGN,0,train,xgboost,Friday_GAP_017,False,Benign background traffic allocation (train),Level 2 Preferred Segment Atomicity
2215,20170707_1803,Friday,BENIGN,0,train,xgboost,Friday_GAP_017,False,Benign background traffic allocation (train),Level 2 Preferred Segment Atomicity
2216,20170707_1804,Friday,BENIGN,0,validation,xgboost,Friday_GAP_017,False,Benign background traffic allocation (validation),Level 2 Preferred Segment Atomicity
2217,20170707_1805,Friday,PortScan,1,train,xgboost,Friday_SEG_017,False,Whole attack segment allocation (train),Level 2 Preferred Segment Atomicity
2218,20170707_1806,Friday,PortScan,1,train,xgboost,Friday_SEG_017,False,Whole attack segment allocation (train),Level 2 Preferred Segment Atomicity
2219,20170707_1807,Friday,BENIGN,0,train,xgboost,Friday_GAP_018,False,Benign background traffic allocation (train),Level 2 Preferred Segment Atomicity
2220,20170707_1808,Friday,BENIGN,0,train,xgboost,Friday_GAP_018,False,Benign background traffic allocation (train),Level 2 Preferred Segment Atomicity
2221,20170707_1809,Friday,BENIGN,0,train,xgboost,Friday_GAP_018,False,Benign background traffic allocation (train),Level 2 Preferred Segment Atomicity
2222,20170707_1810,Friday,BENIGN,0,train,xgboost,Friday_GAP_018,False,Benign background traffic allocation (train),Level 2 Preferred Segment Atomicity
2223,20170707_1811,Friday,BENIGN,0,train,xgboost,Friday_GAP_018,False,Benign background traffic allocation (train),Level 2 Preferred Segment Atomicity
2224,20170707_1812,Friday,BENIGN,0,train,xgboost,Friday_GAP_018,False,Benign background traffic allocation (train),Level 2 Preferred Segment Atomicity
2225,20170707_1813,Friday,BENIGN,0,train,xgboost,Friday_GAP_018,False,Benign background traffic allocation (train),Level 2 Preferred Segment Atomicity
2226,20170707_1814,Friday,BENIGN,0,train,xgboost,Friday_GAP_018,False,Benign background traffic allocation (train),Level 2 Preferred Segment Atomicity
2227,20170707_1815,Friday,BENIGN,0,train,xgboost,Friday_GAP_018,False,Benign background traffic allocation (train),Level 2 Preferred Segment Atomicity
2228,20170707_1816,Friday,BENIGN,0,train,xgboost,Friday_GAP_018,False,Benign background traffic allocation (train),Level 2 Preferred Segment Atomicity
2229,20170707_1817,Friday,BENIGN,0,train,xgboost,Friday_GAP_018,False,Benign background traffic allocation (train),Level 2 Preferred Segment Atomicity
2230,20170707_1818,Friday,BENIGN,0,train,xgboost,Friday_GAP_018,False,Benign background traffic allocation (train),Level 2 Preferred Segment Atomicity
2231,20170707_1819,Friday,BENIGN,0,train,xgboost,Friday_GAP_018,False,Benign background traffic allocation (train),Level 2 Preferred Segment Atomicity
2232,20170707_1820,Friday,BENIGN,0,train,xgboost,Friday_GAP_018,False,Benign background traffic allocation (train),Level 2 Preferred Segment Atomicity
2233,20170707_1821,Friday,BENIGN,0,train,xgboost,Friday_GAP_018,False,Benign background traffic allocation (train),Level 2 Preferred Segment Atomicity
2234,20170707_1822,Friday,BENIGN,0,train,xgboost,Friday_GAP_018,False,Benign background traffic allocation (train),Level 2 Preferred Segment Atomicity
2235,20170707_1823,Friday,BENIGN,0,train,xgboost,Friday_GAP_018,False,Benign background traffic allocation (train),Level 2 Preferred Segment Atomicity
2236,20170707_1824,Friday,BENIGN,0,train,xgboost,Friday_GAP_018,False,Benign background traffic allocation (train),Level 2 Preferred Segment Atomicity
2237,20170707_1825,Friday,BENIGN,0,train,xgboost,Friday_GAP_018,False,Benign background traffic allocation (train),Level 2 Preferred Segment Atomicity
2238,20170707_1826,Friday,BENIGN,0,train,xgboost,Friday_GAP_018,False,Benign background traffic allocation (train),Level 2 Preferred Segment Atomicity
2239,20170707_1827,Friday,BENIGN,0,train,xgboost,Friday_GAP_018,False,Benign background traffic allocation (train),Level 2 Preferred Segment Atomicity
2240,20170707_1828,Friday,BENIGN,0,train,xgboost,Friday_GAP_018,False,Benign background traffic allocation (train),Level 2 Preferred Segment Atomicity
2241,20170707_1829,Friday,BENIGN,0,train,xgboost,Friday_GAP_018,False,Benign background traffic allocation (train),Level 2 Preferred Segment Atomicity
2242,20170707_1830,Friday,BENIGN,0,train,xgboost,Friday_GAP_018,False,Benign background traffic allocation (train),Level 2 Preferred Segment Atomicity
2243,20170707_1831,Friday,BENIGN,0,train,xgboost,Friday_GAP_018,False,Benign background traffic allocation (train),Level 2 Preferred Segment Atomicity
2244,20170707_1832,Friday,BENIGN,0,train,xgboost,Friday_GAP_018,False,Benign background traffic allocation (train),Level 2 Preferred Segment Atomicity
2245,20170707_1833,Friday,BENIGN,0,train,xgboost,Friday_GAP_018,False,Benign background traffic allocation (train),Level 2 Preferred Segment Atomicity
2246,20170707_1834,Friday,BENIGN,0,train,xgboost,Friday_GAP_018,False,Benign background traffic allocation (train),Level 2 Preferred Segment Atomicity
2247,20170707_1835,Friday,BENIGN,0,train,xgboost,Friday_GAP_018,False,Benign background traffic allocation (train),Level 2 Preferred Segment Atomicity
2248,20170707_1836,Friday,BENIGN,0,train,xgboost,Friday_GAP_018,False,Benign background traffic allocation (train),Level 2 Preferred Segment Atomicity
2249,20170707_1837,Friday,BENIGN,0,train,xgboost,Friday_GAP_018,False,Benign background traffic allocation (train),Level 2 Preferred Segment Atomicity
2250,20170707_1838,Friday,BENIGN,0,validation,xgboost,Friday_GAP_018,False,Benign background traffic allocation (validation),Level 2 Preferred Segment Atomicity
2251,20170707_1839,Friday,BENIGN,0,validation,xgboost,Friday_GAP_018,False,Benign background traffic allocation (validation),Level 2 Preferred Segment Atomicity
2252,20170707_1840,Friday,BENIGN,0,validation,xgboost,Friday_GAP_018,False,Benign background traffic allocation (validation),Level 2 Preferred Segment Atomicity
2253,20170707_1841,Friday,BENIGN,0,validation,xgboost,Friday_GAP_018,False,Benign background traffic allocation (validation),Level 2 Preferred Segment Atomicity
2254,20170707_1842,Friday,BENIGN,0,validation,xgboost,Friday_GAP_018,False,Benign background traffic allocation (validation),Level 2 Preferred Segment Atomicity
2255,20170707_1843,Friday,BENIGN,0,validation,xgboost,Friday_GAP_018,False,Benign background traffic allocation (validation),Level 2 Preferred Segment Atomicity
2256,20170707_1844,Friday,BENIGN,0,validation,xgboost,Friday_GAP_018,False,Benign background traffic allocation (validation),Level 2 Preferred Segment Atomicity
2257,20170707_1845,Friday,BENIGN,0,test,xgboost,Friday_GAP_018,False,Benign background traffic allocation (test),Level 2 Preferred Segment Atomicity
2258,20170707_1846,Friday,BENIGN,0,test,xgboost,Friday_GAP_018,False,Benign background traffic allocation (test),Level 2 Preferred Segment Atomicity
2259,20170707_1847,Friday,BENIGN,0,test,xgboost,Friday_GAP_018,False,Benign background traffic allocation (test),Level 2 Preferred Segment Atomicity
2260,20170707_1848,Friday,BENIGN,0,test,xgboost,Friday_GAP_018,False,Benign background traffic allocation (test),Level 2 Preferred Segment Atomicity
2261,20170707_1849,Friday,BENIGN,0,test,xgboost,Friday_GAP_018,False,Benign background traffic allocation (test),Level 2 Preferred Segment Atomicity
2262,20170707_1850,Friday,BENIGN,0,test,xgboost,Friday_GAP_018,False,Benign background traffic allocation (test),Level 2 Preferred Segment Atomicity
2263,20170707_1851,Friday,BENIGN,0,test,xgboost,Friday_GAP_018,False,Benign background traffic allocation (test),Level 2 Preferred Segment Atomicity
2264,20170707_1852,Friday,PortScan,1,train,xgboost,Friday_SEG_018,False,Whole attack segment allocation (train),Level 2 Preferred Segment Atomicity
2265,20170707_1853,Friday,BENIGN,0,train,xgboost,Friday_GAP_019,False,Benign background traffic allocation (train),Level 2 Preferred Segment Atomicity
2266,20170707_1854,Friday,BENIGN,0,test,xgboost,Friday_GAP_019,False,Benign background traffic allocation (test),Level 2 Preferred Segment Atomicity
2267,20170707_1855,Friday,PortScan,1,train,xgboost,Friday_SEG_019,False,Whole attack segment allocation (train),Level 2 Preferred Segment Atomicity
2268,20170707_1856,Friday,PortScan,1,train,xgboost,Friday_SEG_019,False,Whole attack segment allocation (train),Level 2 Preferred Segment Atomicity
2269,20170707_1857,Friday,PortScan,1,train,xgboost,Friday_SEG_019,False,Whole attack segment allocation (train),Level 2 Preferred Segment Atomicity
2270,20170707_1858,Friday,PortScan,1,train,xgboost,Friday_SEG_019,False,Whole attack segment allocation (train),Level 2 Preferred Segment Atomicity
2271,20170707_1859,Friday,PortScan,1,train,xgboost,Friday_SEG_019,False,Whole attack segment allocation (train),Level 2 Preferred Segment Atomicity
2272,20170707_1900,Friday,PortScan,1,train,xgboost,Friday_SEG_019,False,Whole attack segment allocation (train),Level 2 Preferred Segment Atomicity
2273,20170707_1901,Friday,BENIGN,0,train,xgboost,Friday_GAP_020,False,Benign background traffic allocation (train),Level 2 Preferred Segment Atomicity
2274,20170707_1902,Friday,BENIGN,0,train,xgboost,Friday_GAP_020,False,Benign background traffic allocation (train),Level 2 Preferred Segment Atomicity
2275,20170707_1903,Friday,BENIGN,0,train,xgboost,Friday_GAP_020,False,Benign background traffic allocation (train),Level 2 Preferred Segment Atomicity
2276,20170707_1904,Friday,BENIGN,0,train,xgboost,Friday_GAP_020,False,Benign background traffic allocation (train),Level 2 Preferred Segment Atomicity
2277,20170707_1905,Friday,BENIGN,0,train,xgboost,Friday_GAP_020,False,Benign background traffic allocation (train),Level 2 Preferred Segment Atomicity
2278,20170707_1906,Friday,BENIGN,0,train,xgboost,Friday_GAP_020,False,Benign background traffic allocation (train),Level 2 Preferred Segment Atomicity
2279,20170707_1907,Friday,BENIGN,0,train,xgboost,Friday_GAP_020,False,Benign background traffic allocation (train),Level 2 Preferred Segment Atomicity
2280,20170707_1908,Friday,BENIGN,0,train,xgboost,Friday_GAP_020,False,Benign background traffic allocation (train),Level 2 Preferred Segment Atomicity
2281,20170707_1909,Friday,BENIGN,0,train,xgboost,Friday_GAP_020,False,Benign background traffic allocation (train),Level 2 Preferred Segment Atomicity
2282,20170707_1910,Friday,BENIGN,0,validation,xgboost,Friday_GAP_020,False,Benign background traffic allocation (validation),Level 2 Preferred Segment Atomicity
2283,20170707_1911,Friday,BENIGN,0,validation,xgboost,Friday_GAP_020,False,Benign background traffic allocation (validation),Level 2 Preferred Segment Atomicity
2284,20170707_1912,Friday,BENIGN,0,test,xgboost,Friday_GAP_020,False,Benign background traffic allocation (test),Level 2 Preferred Segment Atomicity
2285,20170707_1913,Friday,BENIGN,0,test,xgboost,Friday_GAP_020,False,Benign background traffic allocation (test),Level 2 Preferred Segment Atomicity
2286,20170707_1914,Friday,PortScan,1,train,xgboost,Friday_SEG_020,False,Whole attack segment allocation (train),Level 2 Preferred Segment Atomicity
2287,20170707_1915,Friday,PortScan,1,train,xgboost,Friday_SEG_020,False,Whole attack segment allocation (train),Level 2 Preferred Segment Atomicity
2288,20170707_1916,Friday,PortScan,1,train,xgboost,Friday_SEG_020,False,Whole attack segment allocation (train),Level 2 Preferred Segment Atomicity
2289,20170707_1917,Friday,BENIGN,0,train,xgboost,Friday_GAP_021,False,Benign background traffic allocation (train),Level 2 Preferred Segment Atomicity
2290,20170707_1918,Friday,BENIGN,0,train,xgboost,Friday_GAP_021,False,Benign background traffic allocation (train),Level 2 Preferred Segment Atomicity
2291,20170707_1919,Friday,BENIGN,0,train,xgboost,Friday_GAP_021,False,Benign background traffic allocation (train),Level 2 Preferred Segment Atomicity
2292,20170707_1920,Friday,BENIGN,0,train,xgboost,Friday_GAP_021,False,Benign background traffic allocation (train),Level 2 Preferred Segment Atomicity
2293,20170707_1921,Friday,BENIGN,0,train,xgboost,Friday_GAP_021,False,Benign background traffic allocation (train),Level 2 Preferred Segment Atomicity
2294,20170707_1922,Friday,BENIGN,0,train,xgboost,Friday_GAP_021,False,Benign background traffic allocation (train),Level 2 Preferred Segment Atomicity
2295,20170707_1923,Friday,BENIGN,0,train,xgboost,Friday_GAP_021,False,Benign background traffic allocation (train),Level 2 Preferred Segment Atomicity
2296,20170707_1924,Friday,BENIGN,0,train,xgboost,Friday_GAP_021,False,Benign background traffic allocation (train),Level 2 Preferred Segment Atomicity
2297,20170707_1925,Friday,BENIGN,0,train,xgboost,Friday_GAP_021,False,Benign background traffic allocation (train),Level 2 Preferred Segment Atomicity
2298,20170707_1926,Friday,BENIGN,0,train,xgboost,Friday_GAP_021,False,Benign background traffic allocation (train),Level 2 Preferred Segment Atomicity
2299,20170707_1927,Friday,BENIGN,0,train,xgboost,Friday_GAP_021,False,Benign background traffic allocation (train),Level 2 Preferred Segment Atomicity
2300,20170707_1928,Friday,BENIGN,0,train,xgboost,Friday_GAP_021,False,Benign background traffic allocation (train),Level 2 Preferred Segment Atomicity
2301,20170707_1929,Friday,BENIGN,0,train,xgboost,Friday_GAP_021,False,Benign background traffic allocation (train),Level 2 Preferred Segment Atomicity
2302,20170707_1930,Friday,BENIGN,0,train,xgboost,Friday_GAP_021,False,Benign background traffic allocation (train),Level 2 Preferred Segment Atomicity
2303,20170707_1931,Friday,BENIGN,0,train,xgboost,Friday_GAP_021,False,Benign background traffic allocation (train),Level 2 Preferred Segment Atomicity
2304,20170707_1932,Friday,BENIGN,0,train,xgboost,Friday_GAP_021,False,Benign background traffic allocation (train),Level 2 Preferred Segment Atomicity
2305,20170707_1933,Friday,BENIGN,0,train,xgboost,Friday_GAP_021,False,Benign background traffic allocation (train),Level 2 Preferred Segment Atomicity
2306,20170707_1934,Friday,BENIGN,0,train,xgboost,Friday_GAP_021,False,Benign background traffic allocation (train),Level 2 Preferred Segment Atomicity
2307,20170707_1935,Friday,BENIGN,0,train,xgboost,Friday_GAP_021,False,Benign background traffic allocation (train),Level 2 Preferred Segment Atomicity
2308,20170707_1936,Friday,BENIGN,0,train,xgboost,Friday_GAP_021,False,Benign background traffic allocation (train),Level 2 Preferred Segment Atomicity
2309,20170707_1937,Friday,BENIGN,0,train,xgboost,Friday_GAP_021,False,Benign background traffic allocation (train),Level 2 Preferred Segment Atomicity
2310,20170707_1938,Friday,BENIGN,0,train,xgboost,Friday_GAP_021,False,Benign background traffic allocation (train),Level 2 Preferred Segment Atomicity
2311,20170707_1939,Friday,BENIGN,0,train,xgboost,Friday_GAP_021,False,Benign background traffic allocation (train),Level 2 Preferred Segment Atomicity
2312,20170707_1940,Friday,BENIGN,0,train,xgboost,Friday_GAP_021,False,Benign background traffic allocation (train),Level 2 Preferred Segment Atomicity
2313,20170707_1941,Friday,BENIGN,0,validation,xgboost,Friday_GAP_021,False,Benign background traffic allocation (validation),Level 2 Preferred Segment Atomicity
2314,20170707_1942,Friday,BENIGN,0,validation,xgboost,Friday_GAP_021,False,Benign background traffic allocation (validation),Level 2 Preferred Segment Atomicity
2315,20170707_1943,Friday,BENIGN,0,validation,xgboost,Friday_GAP_021,False,Benign background traffic allocation (validation),Level 2 Preferred Segment Atomicity
2316,20170707_1944,Friday,BENIGN,0,validation,xgboost,Friday_GAP_021,False,Benign background traffic allocation (validation),Level 2 Preferred Segment Atomicity
2317,20170707_1945,Friday,BENIGN,0,validation,xgboost,Friday_GAP_021,False,Benign background traffic allocation (validation),Level 2 Preferred Segment Atomicity
2318,20170707_1946,Friday,BENIGN,0,test,xgboost,Friday_GAP_021,False,Benign background traffic allocation (test),Level 2 Preferred Segment Atomicity
2319,20170707_1947,Friday,BENIGN,0,test,xgboost,Friday_GAP_021,False,Benign background traffic allocation (test),Level 2 Preferred Segment Atomicity
2320,20170707_1948,Friday,BENIGN,0,test,xgboost,Friday_GAP_021,False,Benign background traffic allocation (test),Level 2 Preferred Segment Atomicity
2321,20170707_1949,Friday,BENIGN,0,test,xgboost,Friday_GAP_021,False,Benign background traffic allocation (test),Level 2 Preferred Segment Atomicity
2322,20170707_1950,Friday,BENIGN,0,test,xgboost,Friday_GAP_021,False,Benign background traffic allocation (test),Level 2 Preferred Segment Atomicity
2323,20170707_1951,Friday,PortScan,1,train,xgboost,Friday_SEG_021,False,Whole attack segment allocation (train),Level 2 Preferred Segment Atomicity
2324,20170707_1952,Friday,PortScan,1,train,xgboost,Friday_SEG_021,False,Whole attack segment allocation (train),Level 2 Preferred Segment Atomicity
2325,20170707_1953,Friday,PortScan,1,train,xgboost,Friday_SEG_021,False,Whole attack segment allocation (train),Level 2 Preferred Segment Atomicity
2326,20170707_1954,Friday,PortScan,1,train,xgboost,Friday_SEG_021,False,Whole attack segment allocation (train),Level 2 Preferred Segment Atomicity
2327,20170707_1955,Friday,PortScan,1,train,xgboost,Friday_SEG_021,False,Whole attack segment allocation (train),Level 2 Preferred Segment Atomicity
2328,20170707_1956,Friday,PortScan,1,train,xgboost,Friday_SEG_021,False,Whole attack segment allocation (train),Level 2 Preferred Segment Atomicity
2329,20170707_1957,Friday,BENIGN,0,train,xgboost,Friday_GAP_022,False,Benign background traffic allocation (train),Level 2 Preferred Segment Atomicity
2330,20170707_1958,Friday,BENIGN,0,train,xgboost,Friday_GAP_022,False,Benign background traffic allocation (train),Level 2 Preferred Segment Atomicity
2331,20170707_1959,Friday,BENIGN,0,train,xgboost,Friday_GAP_022,False,Benign background traffic allocation (train),Level 2 Preferred Segment Atomicity
2332,20170707_2000,Friday,BENIGN,0,train,xgboost,Friday_GAP_022,False,Benign background traffic allocation (train),Level 2 Preferred Segment Atomicity
2333,20170707_2001,Friday,BENIGN,0,validation,xgboost,Friday_GAP_022,False,Benign background traffic allocation (validation),Level 2 Preferred Segment Atomicity
2334,20170707_2002,Friday,BENIGN,0,test,xgboost,Friday_GAP_022,False,Benign background traffic allocation (test),Level 2 Preferred Segment Atomicity
2335,20170707_2003,Friday,PortScan,1,train,xgboost,Friday_SEG_022,False,Whole attack segment allocation (train),Level 2 Preferred Segment Atomicity
2336,20170707_2004,Friday,BENIGN,0,train,xgboost,Friday_GAP_023,False,Benign background traffic allocation (train),Level 2 Preferred Segment Atomicity
2337,20170707_2005,Friday,BENIGN,0,train,xgboost,Friday_GAP_023,False,Benign background traffic allocation (train),Level 2 Preferred Segment Atomicity
2338,20170707_2006,Friday,BENIGN,0,train,xgboost,Friday_GAP_023,False,Benign background traffic allocation (train),Level 2 Preferred Segment Atomicity
2339,20170707_2007,Friday,BENIGN,0,validation,xgboost,Friday_GAP_023,False,Benign background traffic allocation (validation),Level 2 Preferred Segment Atomicity
2340,20170707_2008,Friday,PortScan,1,validation,xgboost,Friday_SEG_023,False,Whole attack segment allocation (validation),Level 2 Preferred Segment Atomicity
2341,20170707_2009,Friday,PortScan,1,validation,xgboost,Friday_SEG_023,False,Whole attack segment allocation (validation),Level 2 Preferred Segment Atomicity
2342,20170707_2010,Friday,PortScan,1,validation,xgboost,Friday_SEG_023,False,Whole attack segment allocation (validation),Level 2 Preferred Segment Atomicity
2343,20170707_2011,Friday,BENIGN,0,train,xgboost,Friday_GAP_024,False,Benign background traffic allocation (train),Level 2 Preferred Segment Atomicity
2344,20170707_2012,Friday,PortScan,1,test,xgboost,Friday_SEG_024,False,Whole attack segment allocation (test),Level 2 Preferred Segment Atomicity
2345,20170707_2013,Friday,PortScan,1,test,xgboost,Friday_SEG_024,False,Whole attack segment allocation (test),Level 2 Preferred Segment Atomicity
2346,20170707_2014,Friday,BENIGN,0,train,xgboost,Friday_GAP_025,False,Benign background traffic allocation (train),Level 2 Preferred Segment Atomicity
2347,20170707_2015,Friday,BENIGN,0,train,xgboost,Friday_GAP_025,False,Benign background traffic allocation (train),Level 2 Preferred Segment Atomicity
2348,20170707_2016,Friday,BENIGN,0,train,xgboost,Friday_GAP_025,False,Benign background traffic allocation (train),Level 2 Preferred Segment Atomicity
2349,20170707_2017,Friday,BENIGN,0,train,xgboost,Friday_GAP_025,False,Benign background traffic allocation (train),Level 2 Preferred Segment Atomicity
2350,20170707_2018,Friday,BENIGN,0,train,xgboost,Friday_GAP_025,False,Benign background traffic allocation (train),Level 2 Preferred Segment Atomicity
2351,20170707_2019,Friday,BENIGN,0,validation,xgboost,Friday_GAP_025,False,Benign background traffic allocation (validation),Level 2 Preferred Segment Atomicity
2352,20170707_2020,Friday,BENIGN,0,test,xgboost,Friday_GAP_025,False,Benign background traffic allocation (test),Level 2 Preferred Segment Atomicity
2353,20170707_2021,Friday,PortScan,1,test,xgboost,Friday_SEG_025,False,Whole attack segment allocation (test),Level 2 Preferred Segment Atomicity
2354,20170707_2022,Friday,PortScan,1,test,xgboost,Friday_SEG_025,False,Whole attack segment allocation (test),Level 2 Preferred Segment Atomicity
2355,20170707_2023,Friday,PortScan,1,test,xgboost,Friday_SEG_025,False,Whole attack segment allocation (test),Level 2 Preferred Segment Atomicity
2356,20170707_2024,Friday,BENIGN,0,train,xgboost,Friday_GAP_026,False,Benign background traffic allocation (train),Level 2 Preferred Segment Atomicity
2357,20170707_2025,Friday,BENIGN,0,train,xgboost,Friday_GAP_026,False,Benign background traffic allocation (train),Level 2 Preferred Segment Atomicity
2358,20170707_2026,Friday,BENIGN,0,train,xgboost,Friday_GAP_026,False,Benign background traffic allocation (train),Level 2 Preferred Segment Atomicity
2359,20170707_2027,Friday,BENIGN,0,train,xgboost,Friday_GAP_026,False,Benign background traffic allocation (train),Level 2 Preferred Segment Atomicity
2360,20170707_2028,Friday,BENIGN,0,train,xgboost,Friday_GAP_026,False,Benign background traffic allocation (train),Level 2 Preferred Segment Atomicity
2361,20170707_2029,Friday,BENIGN,0,train,xgboost,Friday_GAP_026,False,Benign background traffic allocation (train),Level 2 Preferred Segment Atomicity
2362,20170707_2030,Friday,BENIGN,0,train,xgboost,Friday_GAP_026,False,Benign background traffic allocation (train),Level 2 Preferred Segment Atomicity
2363,20170707_2031,Friday,BENIGN,0,train,xgboost,Friday_GAP_026,False,Benign background traffic allocation (train),Level 2 Preferred Segment Atomicity
2364,20170707_2032,Friday,BENIGN,0,train,xgboost,Friday_GAP_026,False,Benign background traffic allocation (train),Level 2 Preferred Segment Atomicity
2365,20170707_2033,Friday,BENIGN,0,train,xgboost,Friday_GAP_026,False,Benign background traffic allocation (train),Level 2 Preferred Segment Atomicity
2366,20170707_2034,Friday,BENIGN,0,train,xgboost,Friday_GAP_026,False,Benign background traffic allocation (train),Level 2 Preferred Segment Atomicity
2367,20170707_2035,Friday,BENIGN,0,train,xgboost,Friday_GAP_026,False,Benign background traffic allocation (train),Level 2 Preferred Segment Atomicity
2368,20170707_2036,Friday,BENIGN,0,train,xgboost,Friday_GAP_026,False,Benign background traffic allocation (train),Level 2 Preferred Segment Atomicity
2369,20170707_2037,Friday,BENIGN,0,train,xgboost,Friday_GAP_026,False,Benign background traffic allocation (train),Level 2 Preferred Segment Atomicity
2370,20170707_2038,Friday,BENIGN,0,train,xgboost,Friday_GAP_026,False,Benign background traffic allocation (train),Level 2 Preferred Segment Atomicity
2371,20170707_2039,Friday,BENIGN,0,train,xgboost,Friday_GAP_026,False,Benign background traffic allocation (train),Level 2 Preferred Segment Atomicity
2372,20170707_2040,Friday,BENIGN,0,train,xgboost,Friday_GAP_026,False,Benign background traffic allocation (train),Level 2 Preferred Segment Atomicity
2373,20170707_2041,Friday,BENIGN,0,train,xgboost,Friday_GAP_026,False,Benign background traffic allocation (train),Level 2 Preferred Segment Atomicity
2374,20170707_2042,Friday,BENIGN,0,train,xgboost,Friday_GAP_026,False,Benign background traffic allocation (train),Level 2 Preferred Segment Atomicity
2375,20170707_2043,Friday,BENIGN,0,train,xgboost,Friday_GAP_026,False,Benign background traffic allocation (train),Level 2 Preferred Segment Atomicity
2376,20170707_2044,Friday,BENIGN,0,train,xgboost,Friday_GAP_026,False,Benign background traffic allocation (train),Level 2 Preferred Segment Atomicity
2377,20170707_2045,Friday,BENIGN,0,train,xgboost,Friday_GAP_026,False,Benign background traffic allocation (train),Level 2 Preferred Segment Atomicity
2378,20170707_2046,Friday,BENIGN,0,validation,xgboost,Friday_GAP_026,False,Benign background traffic allocation (validation),Level 2 Preferred Segment Atomicity
2379,20170707_2047,Friday,BENIGN,0,validation,xgboost,Friday_GAP_026,False,Benign background traffic allocation (validation),Level 2 Preferred Segment Atomicity
2380,20170707_2048,Friday,BENIGN,0,validation,xgboost,Friday_GAP_026,False,Benign background traffic allocation (validation),Level 2 Preferred Segment Atomicity
2381,20170707_2049,Friday,BENIGN,0,validation,xgboost,Friday_GAP_026,False,Benign background traffic allocation (validation),Level 2 Preferred Segment Atomicity
2382,20170707_2050,Friday,BENIGN,0,validation,xgboost,Friday_GAP_026,False,Benign background traffic allocation (validation),Level 2 Preferred Segment Atomicity
2383,20170707_2051,Friday,BENIGN,0,test,xgboost,Friday_GAP_026,False,Benign background traffic allocation (test),Level 2 Preferred Segment Atomicity
2384,20170707_2052,Friday,BENIGN,0,test,xgboost,Friday_GAP_026,False,Benign background traffic allocation (test),Level 2 Preferred Segment Atomicity
2385,20170707_2053,Friday,BENIGN,0,test,xgboost,Friday_GAP_026,False,Benign background traffic allocation (test),Level 2 Preferred Segment Atomicity
2386,20170707_2054,Friday,BENIGN,0,test,xgboost,Friday_GAP_026,False,Benign background traffic allocation (test),Level 2 Preferred Segment Atomicity
2387,20170707_2055,Friday,BENIGN,0,test,xgboost,Friday_GAP_026,False,Benign background traffic allocation (test),Level 2 Preferred Segment Atomicity
2388,20170707_2056,Friday,DDoS,1,train,xgboost,Friday_SEG_026,True,Model-Specific Supervised Sub-Segmentation Exception,Explicit documented exception for single-segment DDoS (15w Train / 3w Val / 3w Test)
2389,20170707_2057,Friday,DDoS,1,train,xgboost,Friday_SEG_026,True,Model-Specific Supervised Sub-Segmentation Exception,Explicit documented exception for single-segment DDoS (15w Train / 3w Val / 3w Test)
2390,20170707_2058,Friday,DDoS,1,train,xgboost,Friday_SEG_026,True,Model-Specific Supervised Sub-Segmentation Exception,Explicit documented exception for single-segment DDoS (15w Train / 3w Val / 3w Test)
2391,20170707_2059,Friday,DDoS,1,train,xgboost,Friday_SEG_026,True,Model-Specific Supervised Sub-Segmentation Exception,Explicit documented exception for single-segment DDoS (15w Train / 3w Val / 3w Test)
2392,20170707_2100,Friday,DDoS,1,train,xgboost,Friday_SEG_026,True,Model-Specific Supervised Sub-Segmentation Exception,Explicit documented exception for single-segment DDoS (15w Train / 3w Val / 3w Test)
2393,20170707_2101,Friday,DDoS,1,train,xgboost,Friday_SEG_026,True,Model-Specific Supervised Sub-Segmentation Exception,Explicit documented exception for single-segment DDoS (15w Train / 3w Val / 3w Test)
2394,20170707_2102,Friday,DDoS,1,train,xgboost,Friday_SEG_026,True,Model-Specific Supervised Sub-Segmentation Exception,Explicit documented exception for single-segment DDoS (15w Train / 3w Val / 3w Test)
2395,20170707_2103,Friday,DDoS,1,train,xgboost,Friday_SEG_026,True,Model-Specific Supervised Sub-Segmentation Exception,Explicit documented exception for single-segment DDoS (15w Train / 3w Val / 3w Test)
2396,20170707_2104,Friday,DDoS,1,train,xgboost,Friday_SEG_026,True,Model-Specific Supervised Sub-Segmentation Exception,Explicit documented exception for single-segment DDoS (15w Train / 3w Val / 3w Test)
2397,20170707_2105,Friday,DDoS,1,train,xgboost,Friday_SEG_026,True,Model-Specific Supervised Sub-Segmentation Exception,Explicit documented exception for single-segment DDoS (15w Train / 3w Val / 3w Test)
2398,20170707_2106,Friday,DDoS,1,train,xgboost,Friday_SEG_026,True,Model-Specific Supervised Sub-Segmentation Exception,Explicit documented exception for single-segment DDoS (15w Train / 3w Val / 3w Test)
2399,20170707_2107,Friday,DDoS,1,train,xgboost,Friday_SEG_026,True,Model-Specific Supervised Sub-Segmentation Exception,Explicit documented exception for single-segment DDoS (15w Train / 3w Val / 3w Test)
2400,20170707_2108,Friday,DDoS,1,train,xgboost,Friday_SEG_026,True,Model-Specific Supervised Sub-Segmentation Exception,Explicit documented exception for single-segment DDoS (15w Train / 3w Val / 3w Test)
2401,20170707_2109,Friday,DDoS,1,train,xgboost,Friday_SEG_026,True,Model-Specific Supervised Sub-Segmentation Exception,Explicit documented exception for single-segment DDoS (15w Train / 3w Val / 3w Test)
2402,20170707_2110,Friday,DDoS,1,train,xgboost,Friday_SEG_026,True,Model-Specific Supervised Sub-Segmentation Exception,Explicit documented exception for single-segment DDoS (15w Train / 3w Val / 3w Test)
2403,20170707_2111,Friday,DDoS,1,validation,xgboost,Friday_SEG_026,True,Model-Specific Supervised Sub-Segmentation Exception,Explicit documented exception for single-segment DDoS (15w Train / 3w Val / 3w Test)
2404,20170707_2112,Friday,DDoS,1,validation,xgboost,Friday_SEG_026,True,Model-Specific Supervised Sub-Segmentation Exception,Explicit documented exception for single-segment DDoS (15w Train / 3w Val / 3w Test)
2405,20170707_2113,Friday,DDoS,1,validation,xgboost,Friday_SEG_026,True,Model-Specific Supervised Sub-Segmentation Exception,Explicit documented exception for single-segment DDoS (15w Train / 3w Val / 3w Test)
2406,20170707_2114,Friday,DDoS,1,test,xgboost,Friday_SEG_026,True,Model-Specific Supervised Sub-Segmentation Exception,Explicit documented exception for single-segment DDoS (15w Train / 3w Val / 3w Test)
2407,20170707_2115,Friday,DDoS,1,test,xgboost,Friday_SEG_026,True,Model-Specific Supervised Sub-Segmentation Exception,Explicit documented exception for single-segment DDoS (15w Train / 3w Val / 3w Test)
2408,20170707_2116,Friday,DDoS,1,test,xgboost,Friday_SEG_026,True,Model-Specific Supervised Sub-Segmentation Exception,Explicit documented exception for single-segment DDoS (15w Train / 3w Val / 3w Test)
2409,20170707_2117,Friday,BENIGN,0,train,xgboost,Friday_GAP_027,False,Benign background traffic allocation (train),Level 2 Preferred Segment Atomicity
2410,20170707_2118,Friday,BENIGN,0,train,xgboost,Friday_GAP_027,False,Benign background traffic allocation (train),Level 2 Preferred Segment Atomicity
2411,20170707_2119,Friday,BENIGN,0,train,xgboost,Friday_GAP_027,False,Benign background traffic allocation (train),Level 2 Preferred Segment Atomicity
2412,20170707_2120,Friday,BENIGN,0,train,xgboost,Friday_GAP_027,False,Benign background traffic allocation (train),Level 2 Preferred Segment Atomicity
2413,20170707_2121,Friday,BENIGN,0,train,xgboost,Friday_GAP_027,False,Benign background traffic allocation (train),Level 2 Preferred Segment Atomicity
2414,20170707_2122,Friday,BENIGN,0,train,xgboost,Friday_GAP_027,False,Benign background traffic allocation (train),Level 2 Preferred Segment Atomicity
2415,20170707_2123,Friday,BENIGN,0,train,xgboost,Friday_GAP_027,False,Benign background traffic allocation (train),Level 2 Preferred Segment Atomicity
2416,20170707_2124,Friday,BENIGN,0,train,xgboost,Friday_GAP_027,False,Benign background traffic allocation (train),Level 2 Preferred Segment Atomicity
2417,20170707_2125,Friday,BENIGN,0,train,xgboost,Friday_GAP_027,False,Benign background traffic allocation (train),Level 2 Preferred Segment Atomicity
2418,20170707_2126,Friday,BENIGN,0,train,xgboost,Friday_GAP_027,False,Benign background traffic allocation (train),Level 2 Preferred Segment Atomicity
2419,20170707_2127,Friday,BENIGN,0,train,xgboost,Friday_GAP_027,False,Benign background traffic allocation (train),Level 2 Preferred Segment Atomicity
2420,20170707_2128,Friday,BENIGN,0,train,xgboost,Friday_GAP_027,False,Benign background traffic allocation (train),Level 2 Preferred Segment Atomicity
2421,20170707_2129,Friday,BENIGN,0,train,xgboost,Friday_GAP_027,False,Benign background traffic allocation (train),Level 2 Preferred Segment Atomicity
2422,20170707_2130,Friday,BENIGN,0,train,xgboost,Friday_GAP_027,False,Benign background traffic allocation (train),Level 2 Preferred Segment Atomicity
2423,20170707_2131,Friday,BENIGN,0,train,xgboost,Friday_GAP_027,False,Benign background traffic allocation (train),Level 2 Preferred Segment Atomicity
2424,20170707_2132,Friday,BENIGN,0,train,xgboost,Friday_GAP_027,False,Benign background traffic allocation (train),Level 2 Preferred Segment Atomicity
2425,20170707_2133,Friday,BENIGN,0,train,xgboost,Friday_GAP_027,False,Benign background traffic allocation (train),Level 2 Preferred Segment Atomicity
2426,20170707_2134,Friday,BENIGN,0,train,xgboost,Friday_GAP_027,False,Benign background traffic allocation (train),Level 2 Preferred Segment Atomicity
2427,20170707_2135,Friday,BENIGN,0,train,xgboost,Friday_GAP_027,False,Benign background traffic allocation (train),Level 2 Preferred Segment Atomicity
2428,20170707_2136,Friday,BENIGN,0,train,xgboost,Friday_GAP_027,False,Benign background traffic allocation (train),Level 2 Preferred Segment Atomicity
2429,20170707_2137,Friday,BENIGN,0,train,xgboost,Friday_GAP_027,False,Benign background traffic allocation (train),Level 2 Preferred Segment Atomicity
2430,20170707_2138,Friday,BENIGN,0,train,xgboost,Friday_GAP_027,False,Benign background traffic allocation (train),Level 2 Preferred Segment Atomicity
2431,20170707_2139,Friday,BENIGN,0,train,xgboost,Friday_GAP_027,False,Benign background traffic allocation (train),Level 2 Preferred Segment Atomicity
2432,20170707_2140,Friday,BENIGN,0,train,xgboost,Friday_GAP_027,False,Benign background traffic allocation (train),Level 2 Preferred Segment Atomicity
2433,20170707_2141,Friday,BENIGN,0,train,xgboost,Friday_GAP_027,False,Benign background traffic allocation (train),Level 2 Preferred Segment Atomicity
2434,20170707_2142,Friday,BENIGN,0,train,xgboost,Friday_GAP_027,False,Benign background traffic allocation (train),Level 2 Preferred Segment Atomicity
2435,20170707_2143,Friday,BENIGN,0,train,xgboost,Friday_GAP_027,False,Benign background traffic allocation (train),Level 2 Preferred Segment Atomicity
2436,20170707_2144,Friday,BENIGN,0,train,xgboost,Friday_GAP_027,False,Benign background traffic allocation (train),Level 2 Preferred Segment Atomicity
2437,20170707_2145,Friday,BENIGN,0,train,xgboost,Friday_GAP_027,False,Benign background traffic allocation (train),Level 2 Preferred Segment Atomicity
2438,20170707_2146,Friday,BENIGN,0,train,xgboost,Friday_GAP_027,False,Benign background traffic allocation (train),Level 2 Preferred Segment Atomicity
2439,20170707_2147,Friday,BENIGN,0,train,xgboost,Friday_GAP_027,False,Benign background traffic allocation (train),Level 2 Preferred Segment Atomicity
2440,20170707_2148,Friday,BENIGN,0,train,xgboost,Friday_GAP_027,False,Benign background traffic allocation (train),Level 2 Preferred Segment Atomicity
2441,20170707_2149,Friday,BENIGN,0,validation,xgboost,Friday_GAP_027,False,Benign background traffic allocation (validation),Level 2 Preferred Segment Atomicity
2442,20170707_2150,Friday,BENIGN,0,validation,xgboost,Friday_GAP_027,False,Benign background traffic allocation (validation),Level 2 Preferred Segment Atomicity
2443,20170707_2151,Friday,BENIGN,0,validation,xgboost,Friday_GAP_027,False,Benign background traffic allocation (validation),Level 2 Preferred Segment Atomicity
2444,20170707_2152,Friday,BENIGN,0,validation,xgboost,Friday_GAP_027,False,Benign background traffic allocation (validation),Level 2 Preferred Segment Atomicity
2445,20170707_2153,Friday,BENIGN,0,validation,xgboost,Friday_GAP_027,False,Benign background traffic allocation (validation),Level 2 Preferred Segment Atomicity
2446,20170707_2154,Friday,BENIGN,0,validation,xgboost,Friday_GAP_027,False,Benign background traffic allocation (validation),Level 2 Preferred Segment Atomicity
2447,20170707_2155,Friday,BENIGN,0,validation,xgboost,Friday_GAP_027,False,Benign background traffic allocation (validation),Level 2 Preferred Segment Atomicity
2448,20170707_2156,Friday,BENIGN,0,test,xgboost,Friday_GAP_027,False,Benign background traffic allocation (test),Level 2 Preferred Segment Atomicity
2449,20170707_2157,Friday,BENIGN,0,test,xgboost,Friday_GAP_027,False,Benign background traffic allocation (test),Level 2 Preferred Segment Atomicity
2450,20170707_2158,Friday,BENIGN,0,test,xgboost,Friday_GAP_027,False,Benign background traffic allocation (test),Level 2 Preferred Segment Atomicity
2451,20170707_2159,Friday,BENIGN,0,test,xgboost,Friday_GAP_027,False,Benign background traffic allocation (test),Level 2 Preferred Segment Atomicity
2452,20170707_2200,Friday,BENIGN,0,test,xgboost,Friday_GAP_027,False,Benign background traffic allocation (test),Level 2 Preferred Segment Atomicity
2453,20170707_2201,Friday,BENIGN,0,test,xgboost,Friday_GAP_027,False,Benign background traffic allocation (test),Level 2 Preferred Segment Atomicity
2454,20170707_2202,Friday,BENIGN,0,test,xgboost,Friday_GAP_027,False,Benign background traffic allocation (test),Level 2 Preferred Segment Atomicity
