window_id,window_start,window_end,date,day_name,window_index,flow_count,packet_rate,byte_rate,mean_flow_duration,std_flow_duration,short_flow_ratio,mean_packet_size,packet_length_variability,fwd_bwd_packet_ratio,unique_dst_ports,unique_dst_ips,tcp_flow_ratio,syn_packet_ratio,is_attack_window,attack_category,attack_categories_present
20170707_1359,2017-07-07 13:59:00,2017-07-07 13:59:59,2017-07-07,Friday,0,2,1.6,318.4,112740625.0,91.92388155425118,0.0,199.0,176.16296600080685,1.9393939393939394,2,1,1.0,0.0,0,BENIGN,BENIGN
20170707_1400,2017-07-07 14:00:00,2017-07-07 14:00:59,2017-07-07,Friday,1,125,69.4,9962.783333333333,12054774.384,28320490.535111334,0.728,143.5559558117195,187.20697750917702,2.9218455743879472,16,14,0.368,0.043707973102785784,0,BENIGN,BENIGN
20170707_1401,2017-07-07 14:01:00,2017-07-07 14:01:59,2017-07-07,Friday,2,308,86.2,17922.666666666668,7748885.863636363,24206587.82893928,0.8506493506493507,207.91956689868522,151.75145421765183,2.068208778173191,22,29,0.21753246753246752,0.04563031709203403,0,BENIGN,BENIGN
20170707_1402,2017-07-07 14:02:00,2017-07-07 14:02:59,2017-07-07,Friday,3,179,108.31666666666666,72037.53333333334,14033973.301675977,30945678.440374635,0.7374301675977654,665.064163717495,182.65843544121265,1.047244094488189,19,39,0.3128491620111732,0.025850130789352208,0,BENIGN,BENIGN
20170707_1403,2017-07-07 14:03:00,2017-07-07 14:03:59,2017-07-07,Friday,4,147,229.26666666666668,250335.68333333332,21141753.795918368,37115403.637658216,0.6666666666666666,1091.8974265774934,332.4050053627211,0.8858122001370802,13,35,0.4217687074829932,0.010250072695551032,0,BENIGN,BENIGN
20170707_1404,2017-07-07 14:04:00,2017-07-07 14:04:59,2017-07-07,Friday,5,308,130.06666666666666,92420.96666666666,20906473.74025974,36340021.08086661,0.6428571428571429,710.5661199384931,213.39317960006605,0.801708217913204,19,82,0.33766233766233766,0.030240902101486417,0,BENIGN,BENIGN
20170707_1405,2017-07-07 14:05:00,2017-07-07 14:05:59,2017-07-07,Friday,6,1537,551.7666666666667,356271.8333333333,15521107.821080025,33948017.94441662,0.7254391672088484,645.6929257536398,185.36380750709907,0.8745824132268841,15,241,0.2940793754066363,0.028393644656557724,0,BENIGN,BENIGN
20170707_1406,2017-07-07 14:06:00,2017-07-07 14:06:59,2017-07-07,Friday,7,132,31.25,6589.966666666666,25003079.136363637,38664673.27987044,0.5606060606060606,210.87893333333332,135.12762722106766,1.5733882030178326,11,46,0.3181818181818182,0.042666666666666665,0,BENIGN,BENIGN
20170707_1407,2017-07-07 14:07:00,2017-07-07 14:07:59,2017-07-07,Friday,8,399,1480.6333333333334,1778689.4166666667,18900257.684210528,37295492.13911442,0.7167919799498746,1201.303102276053,113.47603578687637,0.7309108621529469,20,59,0.19298245614035087,0.0016772102028411266,0,BENIGN,BENIGN
20170707_1408,2017-07-07 14:08:00,2017-07-07 14:08:59,2017-07-07,Friday,9,401,85.41666666666667,24574.516666666666,16824581.144638404,34614800.19291682,0.6957605985037406,287.70165853658534,186.6351707550956,1.2601410934744268,19,73,0.3192019950124688,0.05990243902439024,0,BENIGN,BENIGN
20170707_1409,2017-07-07 14:09:00,2017-07-07 14:09:59,2017-07-07,Friday,10,338,127.65,80531.68333333333,26398307.78402367,41345160.91498978,0.6301775147928994,630.8788353570962,161.04542748403853,0.9560776302349336,19,67,0.29289940828402367,0.027288157722940333,0,BENIGN,BENIGN
20170707_1410,2017-07-07 14:10:00,2017-07-07 14:10:59,2017-07-07,Friday,11,785,604.6833333333333,566124.7166666667,15539157.310828026,33530074.674565196,0.6929936305732484,936.2333728397784,172.2955646239424,0.8499898021619416,19,113,0.3095541401273885,0.014139632314434552,0,BENIGN,BENIGN
20170707_1411,2017-07-07 14:11:00,2017-07-07 14:11:59,2017-07-07,Friday,12,1108,252.28333333333333,136483.33333333334,14529553.898916967,32295671.917906474,0.73014440433213,540.9922705952303,152.230875754351,0.9149905123339659,17,192,0.2888086642599278,0.043007200898460725,0,BENIGN,BENIGN
20170707_1412,2017-07-07 14:12:00,2017-07-07 14:12:59,2017-07-07,Friday,13,486,962.8,976355.4833333333,16962758.88271605,35336264.26670564,0.7181069958847737,1014.0792307159674,143.7328580095433,1.0607498305568437,59,87,0.3436213991769547,0.00553939897521119,0,BENIGN,BENIGN
20170707_1413,2017-07-07 14:13:00,2017-07-07 14:13:59,2017-07-07,Friday,14,392,438.43333333333334,468466.56666666665,20053244.520408165,33877822.0501502,0.6428571428571429,1068.5012544666615,189.77257209068088,0.7742631685438727,12,110,0.35459183673469385,0.008971337337489546,0,BENIGN,BENIGN
20170707_1414,2017-07-07 14:14:00,2017-07-07 14:14:59,2017-07-07,Friday,15,234,113.2,74815.16666666667,24493356.970085472,38042210.49854511,0.5341880341880342,660.9113663133098,174.20793194609,0.9684149521877716,16,72,0.3418803418803419,0.01884570082449941,0,BENIGN,BENIGN
20170707_1415,2017-07-07 14:15:00,2017-07-07 14:15:59,2017-07-07,Friday,16,133,148.78333333333333,147657.66666666666,25601216.66917293,35858320.60983034,0.46616541353383456,992.4341884171614,143.7769123093037,0.9523288869451126,8,58,0.3533834586466165,0.006161084350845749,0,BENIGN,BENIGN
20170707_1416,2017-07-07 14:16:00,2017-07-07 14:16:59,2017-07-07,Friday,17,1097,6683.1,8035523.6,20945697.853236098,39031384.30828716,0.6545123062898814,1202.364710987416,219.380177487882,0.7473037923386306,21,174,0.3445761166818596,0.0019077972797055258,0,BENIGN,BENIGN
20170707_1417,2017-07-07 14:17:00,2017-07-07 14:17:59,2017-07-07,Friday,18,1080,466.68333333333334,364432.13333333336,17597254.71111111,36207523.86969104,0.675,780.8981107817579,194.62693490444096,0.8998575208630165,15,164,0.3351851851851852,0.026320488553980215,0,BENIGN,BENIGN
20170707_1418,2017-07-07 14:18:00,2017-07-07 14:18:59,2017-07-07,Friday,19,258,7930.333333333333,9771931.6,24536505.139534883,35547394.628655285,0.5736434108527132,1232.2220503551764,231.03751877577338,0.7395759833581328,17,97,0.4844961240310077,0.00042663191963347486,0,BENIGN,BENIGN
20170707_1419,2017-07-07 14:19:00,2017-07-07 14:19:59,2017-07-07,Friday,20,393,183.68333333333334,128212.56666666667,24900157.636132315,42731899.158680804,0.6157760814249363,698.0087106433173,207.46365591512696,0.8912148249828414,14,83,0.366412213740458,0.02368206151891843,0,BENIGN,BENIGN
20170707_1420,2017-07-07 14:20:00,2017-07-07 14:20:59,2017-07-07,Friday,21,81,8224.433333333332,10191752.816666666,29005910.111111112,39001169.59364716,0.3333333333333333,1239.2042592600098,93.11561994296383,0.7318763775216542,9,51,0.41975308641975306,2.8370748947242566e-05,0,BENIGN,BENIGN
20170707_1421,2017-07-07 14:21:00,2017-07-07 14:21:59,2017-07-07,Friday,22,908,275.75,127683.58333333333,21352912.168502204,41211512.99003296,0.6629955947136564,463.0411000302206,215.00878915914504,0.9853611711063115,11,154,0.355726872246696,0.04194620731338773,0,BENIGN,BENIGN
20170707_1422,2017-07-07 14:22:00,2017-07-07 14:22:59,2017-07-07,Friday,23,248,8221.7,10157023.516666668,13443964.322580645,29761257.828573033,0.717741935483871,1235.3921350410094,214.10616700810766,0.7367928148687996,12,88,0.4435483870967742,0.00033650785928295446,0,BENIGN,BENIGN
20170707_1423,2017-07-07 14:23:00,2017-07-07 14:23:59,2017-07-07,Friday,24,132,36.46666666666667,17834.033333333333,43653025.5,45770371.222229235,0.3939393939393939,489.05027422303476,210.9241425877213,1.06120527306968,9,51,0.5,0.037477148080438755,0,BENIGN,BENIGN
20170707_1424,2017-07-07 14:24:00,2017-07-07 14:24:59,2017-07-07,Friday,25,539,7896.05,9731903.883333333,24224044.15955473,42439816.2599257,0.608534322820037,1232.5028189200086,157.47487164159807,0.7471493266067767,13,117,0.37662337662337664,0.0006480033265577937,0,BENIGN,BENIGN
20170707_1425,2017-07-07 14:25:00,2017-07-07 14:25:59,2017-07-07,Friday,26,2052,514.3166666666667,215402.28333333333,17126330.62719298,36660608.567478575,0.6803118908382066,418.8125668362552,173.2260709907746,0.9267028781919211,12,226,0.31189083820662766,0.04212709420266373,0,BENIGN,BENIGN
20170707_1426,2017-07-07 14:26:00,2017-07-07 14:26:59,2017-07-07,Friday,27,622,3232.266666666667,3907381.3333333335,17679992.172025725,31975211.682211507,0.657556270096463,1208.8672551769655,170.61957422430282,0.7505235224031483,11,139,0.3536977491961415,0.0020212853724940185,0,BENIGN,BENIGN
20170707_1427,2017-07-07 14:27:00,2017-07-07 14:27:59,2017-07-07,Friday,28,236,59.583333333333336,18700.6,21752880.072033897,38704534.25450968,0.5466101694915254,313.85622377622377,157.4926063857035,1.0985915492957747,16,83,0.4915254237288136,0.03328671328671329,0,BENIGN,BENIGN
20170707_1428,2017-07-07 14:28:00,2017-07-07 14:28:59,2017-07-07,Friday,29,340,73.86666666666666,24375.366666666665,23125231.467647057,38371989.49385197,0.538235294117647,329.9914259927798,113.8964280963152,1.0724637681159421,12,88,0.39705882352941174,0.03564981949458484,0,BENIGN,BENIGN
20170707_1429,2017-07-07 14:29:00,2017-07-07 14:29:59,2017-07-07,Friday,30,473,143.11666666666667,64254.78333333333,21430085.687103596,35943794.86439477,0.627906976744186,448.96785839059044,200.6723114576015,0.8983200707338639,13,93,0.3657505285412262,0.038313730057063004,0,BENIGN,BENIGN
20170707_1430,2017-07-07 14:30:00,2017-07-07 14:30:59,2017-07-07,Friday,31,547,151.63333333333333,73374.03333333334,23420566.124314442,38822473.01334419,0.6069469835466179,483.89118487579685,203.40641149041616,0.9442307692307692,10,126,0.41316270566727603,0.04506484941745439,0,BENIGN,BENIGN
20170707_1431,2017-07-07 14:31:00,2017-07-07 14:31:59,2017-07-07,Friday,32,928,237.75,86972.7,20350769.775862068,39741509.64495555,0.6702586206896551,365.81577287066244,193.29219732704985,1.0295916915635226,18,142,0.3125,0.04150017525411847,0,BENIGN,BENIGN
20170707_1432,2017-07-07 14:32:00,2017-07-07 14:32:59,2017-07-07,Friday,33,775,217.41666666666666,122904.63333333333,15841228.601290323,28442228.3283029,0.6503225806451612,565.2953622077424,166.49131092462633,0.8518097941802697,12,126,0.3367741935483871,0.040091989267918744,0,BENIGN,BENIGN
20170707_1433,2017-07-07 14:33:00,2017-07-07 14:33:59,2017-07-07,Friday,34,561,316.8833333333333,257170.95,14463402.037433155,29139800.313165504,0.661319073083779,811.5635091779309,156.259922649703,0.8150057273768614,13,121,0.33511586452762926,0.01640982485667701,0,BENIGN,BENIGN
20170707_1434,2017-07-07 14:34:00,2017-07-07 14:34:59,2017-07-07,Friday,35,652,7171.633333333333,10657780.65,20480498.852760736,40489007.13014622,0.7131901840490797,1486.1022802801779,155.43305962650666,0.7760694414634549,11,110,0.28067484662576686,0.0007924740528656884,1,Bot,Bot
20170707_1435,2017-07-07 14:35:00,2017-07-07 14:35:59,2017-07-07,Friday,36,277,148.28333333333333,105100.43333333333,24565067.137184117,40212921.444708765,0.6209386281588448,708.7811621895021,164.32484390415112,0.834639175257732,8,58,0.30324909747292417,0.017758795099471734,0,BENIGN,BENIGN
20170707_1436,2017-07-07 14:36:00,2017-07-07 14:36:59,2017-07-07,Friday,37,121,26.333333333333332,7661.716666666666,20371238.305785123,35076089.117912985,0.5785123966942148,290.9512658227848,136.83511602592142,1.1307277628032344,8,41,0.33884297520661155,0.035443037974683546,0,BENIGN,BENIGN
20170707_1437,2017-07-07 14:37:00,2017-07-07 14:37:59,2017-07-07,Friday,38,1071,351.1,212001.0,19855983.622782446,38640332.731621996,0.6573295985060691,603.8194246653375,183.98666867777595,0.9051365527220112,16,183,0.34827264239028943,0.03432070635146682,0,BENIGN,BENIGN
20170707_1438,2017-07-07 14:38:00,2017-07-07 14:38:59,2017-07-07,Friday,39,857,218.75,116779.81666666667,10807479.827304551,27654421.697770745,0.7257876312718786,533.8505904761905,288.1286499160702,0.880515759312321,8,114,0.48191365227537925,0.06651428571428572,0,BENIGN,BENIGN
20170707_1439,2017-07-07 14:39:00,2017-07-07 14:39:59,2017-07-07,Friday,40,610,140.08333333333334,48410.75,16267635.467213115,34108966.90893643,0.6639344262295082,345.5853658536585,194.29041656863524,1.0407865986890021,11,117,0.4016393442622951,0.055800118976799526,0,BENIGN,BENIGN
20170707_1440,2017-07-07 14:40:00,2017-07-07 14:40:59,2017-07-07,Friday,41,811,227.26666666666668,80474.1,19692014.40567201,37957846.132899016,0.6399506781750924,354.09548254620125,249.35040437496372,1.05965866183356,11,128,0.5018495684340321,0.05617483132883543,0,BENIGN,BENIGN
20170707_1441,2017-07-07 14:41:00,2017-07-07 14:41:59,2017-07-07,Friday,42,886,377.85,237315.31666666668,20589530.98645598,38658692.43105361,0.6433408577878104,628.0675312072692,172.6984056002169,0.8053830227743272,14,136,0.35214446952595935,0.025583344360636938,0,BENIGN,BENIGN
20170707_1442,2017-07-07 14:42:00,2017-07-07 14:42:59,2017-07-07,Friday,43,1540,622.5833333333334,325099.93333333335,20671569.699350648,40005516.45206316,0.6642857142857143,522.178985410253,203.04158923490544,0.8775633293124246,10,216,0.38571428571428573,0.03156203988756525,0,BENIGN,BENIGN
20170707_1443,2017-07-07 14:43:00,2017-07-07 14:43:59,2017-07-07,Friday,44,616,154.45,66464.26666666666,15989267.743506493,34459893.89057719,0.6753246753246753,430.3286932124744,181.17768175733818,1.0271216097987752,11,128,0.37987012987012986,0.04435092262868242,0,BENIGN,BENIGN
20170707_1444,2017-07-07 14:44:00,2017-07-07 14:44:59,2017-07-07,Friday,45,818,222.1,72147.86666666667,19196468.347188264,37339528.51807008,0.6271393643031785,324.8440642353294,161.73226822023474,0.9929714371167938,16,161,0.38386308068459657,0.03759567762269248,0,BENIGN,BENIGN
20170707_1445,2017-07-07 14:45:00,2017-07-07 14:45:59,2017-07-07,Friday,46,189,41.483333333333334,6056.516666666666,18867832.23809524,33385505.377633028,0.42857142857142855,145.99879469666533,117.21284934383053,1.5279187817258884,15,71,0.49206349206349204,0.03937324226597027,0,BENIGN,BENIGN
20170707_1446,2017-07-07 14:46:00,2017-07-07 14:46:59,2017-07-07,Friday,47,2695,833.4333333333333,399310.93333333335,16370846.858998144,35392572.25792049,0.6675324675324675,479.115626124865,212.36949272715242,0.902781477112743,17,378,0.36252319109461967,0.038195416550013996,0,BENIGN,BENIGN
20170707_1447,2017-07-07 14:47:00,2017-07-07 14:47:59,2017-07-07,Friday,48,125,18.45,1676.9,13718041.76,28082943.800053947,0.632,90.88888888888889,69.88182725114645,1.5296803652968036,11,41,0.264,0.028906955736224028,0,BENIGN,BENIGN
20170707_1448,2017-07-07 14:48:00,2017-07-07 14:48:59,2017-07-07,Friday,49,222,66.36666666666666,9152.7,27016048.62162162,42908375.66931456,0.6261261261261262,137.91109994977398,123.59656028702821,1.0156882591093117,9,72,0.42342342342342343,0.020090406830738324,0,BENIGN,BENIGN
20170707_1449,2017-07-07 14:49:00,2017-07-07 14:49:59,2017-07-07,Friday,50,506,102.86666666666666,35016.933333333334,12225471.43083004,30039647.371396296,0.6027667984189723,340.4108878807518,174.87252396529703,1.04742951907131,11,113,0.4268774703557312,0.04844458846403111,0,BENIGN,BENIGN
20170707_1450,2017-07-07 14:50:00,2017-07-07 14:50:59,2017-07-07,Friday,51,289,96.13333333333334,27986.85,25293033.349480968,46249221.30295977,0.6608996539792388,291.125346740638,182.96011943989788,0.977039067854695,14,66,0.370242214532872,0.033287101248266296,0,BENIGN,BENIGN
20170707_1451,2017-07-07 14:51:00,2017-07-07 14:51:59,2017-07-07,Friday,52,133,30.766666666666666,6210.466666666666,15822142.736842105,38439486.105806865,0.7443609022556391,201.8569880823402,141.19478505755683,1.2199519230769231,11,50,0.2631578947368421,0.0390032502708559,0,BENIGN,BENIGN
20170707_1452,2017-07-07 14:52:00,2017-07-07 14:52:59,2017-07-07,Friday,53,955,331.2,156577.3,18522814.686910994,38700458.37344958,0.6638743455497382,472.75754830917873,188.30341327607638,0.895916809769128,15,138,0.34450261780104713,0.031602254428341386,0,BENIGN,BENIGN
20170707_1453,2017-07-07 14:53:00,2017-07-07 14:53:59,2017-07-07,Friday,54,555,114.78333333333333,46542.15,12124385.486486487,31235804.88666566,0.7207207207207207,405.4782924350225,139.67900908837407,0.9562624254473161,7,100,0.2882882882882883,0.045302744300856686,0,BENIGN,BENIGN
20170707_1454,2017-07-07 14:54:00,2017-07-07 14:54:59,2017-07-07,Friday,55,604,190.46666666666667,88006.43333333333,19943966.685430463,40453253.947022095,0.6754966887417219,462.0568778438922,189.38797682715247,0.9859252823631625,16,83,0.3344370860927152,0.0371893594679734,0,BENIGN,BENIGN
20170707_1455,2017-07-07 14:55:00,2017-07-07 14:55:59,2017-07-07,Friday,56,716,190.51666666666668,87994.38333333333,15443309.134078212,33281875.30778965,0.6564245810055865,461.8723646225177,145.80535161316777,1.010905892700088,11,156,0.3324022346368715,0.0356049339515353,0,BENIGN,BENIGN
20170707_1456,2017-07-07 14:56:00,2017-07-07 14:56:59,2017-07-07,Friday,57,1069,225.6,69221.38333333333,13198538.538821328,32212189.659486756,0.744621141253508,306.8323729314421,142.36021386303617,1.1224521793665725,21,141,0.24789522918615528,0.040484633569739956,0,BENIGN,BENIGN
20170707_1457,2017-07-07 14:57:00,2017-07-07 14:57:59,2017-07-07,Friday,58,1254,313.4166666666667,126144.03333333334,18307474.633971293,38582451.72047361,0.6794258373205742,402.4802977931401,147.87307252527373,1.0061873266481758,20,158,0.30861244019138756,0.0403616059558628,0,BENIGN,BENIGN
20170707_1458,2017-07-07 14:58:00,2017-07-07 14:58:59,2017-07-07,Friday,59,739,225.8,126128.38333333333,15327966.589986468,33938240.91251801,0.6630581867388363,558.5845143194567,183.5259536486202,0.9128900183538049,17,137,0.36400541271989173,0.03653675819309123,0,BENIGN,BENIGN
20170707_1459,2017-07-07 14:59:00,2017-07-07 14:59:59,2017-07-07,Friday,60,1296,302.76666666666665,95493.86666666667,16963056.354938272,37916753.99912358,0.7322530864197531,315.40416162060995,157.98876778488358,1.0271144833742467,13,192,0.2862654320987654,0.03836838049102719,0,BENIGN,BENIGN
20170707_1500,2017-07-07 15:00:00,2017-07-07 15:00:59,2017-07-07,Friday,61,233,45.5,7490.733333333334,12157433.918454936,29527317.885058656,0.6051502145922747,164.63150183150182,108.65816261036602,1.2312091503267975,19,71,0.3948497854077253,0.056043956043956046,0,BENIGN,BENIGN
20170707_1501,2017-07-07 15:01:00,2017-07-07 15:01:59,2017-07-07,Friday,62,1500,640.85,420936.51666666666,21446862.514,39817952.93039547,0.6326666666666667,656.8409404176745,197.1321006642558,0.7209094163981382,13,218,0.3586666666666667,0.02629320433798861,0,BENIGN,BENIGN
20170707_1502,2017-07-07 15:02:00,2017-07-07 15:02:59,2017-07-07,Friday,63,1600,455.35,217436.21666666667,16928955.375625,36528887.348098926,0.69625,477.51447604406866,140.0940716715561,0.8917122481478917,10,197,0.265,0.030928589729512096,0,BENIGN,BENIGN
20170707_1503,2017-07-07 15:03:00,2017-07-07 15:03:59,2017-07-07,Friday,64,1353,599.7166666666667,459820.05,13897453.12638581,32705605.32471882,0.6777531411677753,766.7288163855154,186.80370494194773,0.968059505578648,11,185,0.3532889874353289,0.02442820220659756,0,BENIGN,BENIGN
20170707_1504,2017-07-07 15:04:00,2017-07-07 15:04:59,2017-07-07,Friday,65,1507,488.3833333333333,281074.2,12743163.124751162,29825975.773727465,0.6894492368944923,575.5196396273419,201.3689878668611,0.953990798159632,20,242,0.41473125414731254,0.03876736170357984,1,Bot,Bot
20170707_1505,2017-07-07 15:05:00,2017-07-07 15:05:59,2017-07-07,Friday,66,808,226.51666666666668,82646.61666666667,10347516.11509901,25106502.81064095,0.6868811881188119,364.8588771981458,174.86744683630363,0.9964747356051704,11,134,0.41707920792079206,0.03884923846663233,1,Bot,Bot
20170707_1506,2017-07-07 15:06:00,2017-07-07 15:06:59,2017-07-07,Friday,67,1185,579.0833333333334,448804.3333333333,15383792.197468355,33147149.861185588,0.7021097046413503,775.0254712908333,190.8674297634067,0.8005907654039488,12,180,0.35443037974683544,0.02175852640667722,1,Bot,Bot
20170707_1507,2017-07-07 15:07:00,2017-07-07 15:07:59,2017-07-07,Friday,68,1177,460.9166666666667,316879.2166666667,14500677.884451997,34067857.92974704,0.7374681393372983,687.4978484903272,194.08249342631504,0.8189950013154433,12,172,0.3372982158028887,0.02697523051889351,1,Bot,Bot
20170707_1508,2017-07-07 15:08:00,2017-07-07 15:08:59,2017-07-07,Friday,69,1013,385.71666666666664,354967.23333333334,14715125.849950641,34636888.06087807,0.7423494570582428,920.2797390139567,163.04680945019842,1.0060674352084598,15,165,0.3139190523198421,0.02579613706088234,1,Bot,Bot
20170707_1509,2017-07-07 15:09:00,2017-07-07 15:09:59,2017-07-07,Friday,70,486,130.76666666666668,59025.55,15163170.42798354,29599879.46642203,0.6419753086419753,451.3807035432067,195.2401934602145,1.0371235721703012,13,117,0.41975308641975306,0.033902625541677285,1,Bot,Bot
20170707_1510,2017-07-07 15:10:00,2017-07-07 15:10:59,2017-07-07,Friday,71,1505,914.9,817726.0333333333,11267411.77475083,30612354.616481345,0.7760797342192691,893.7873355922324,142.08111884408214,0.7612050434726811,16,174,0.25514950166112954,0.012587896673589099,1,Bot,Bot
20170707_1511,2017-07-07 15:11:00,2017-07-07 15:11:59,2017-07-07,Friday,72,1009,533.4666666666667,530019.0833333334,11534114.682854312,30399247.846308444,0.7888999008919723,993.5373969007748,160.40208338945087,0.7990669964028777,14,120,0.27651139742319125,0.016933266683329166,1,Bot,Bot
20170707_1512,2017-07-07 15:12:00,2017-07-07 15:12:59,2017-07-07,Friday,73,342,152.05,78506.66666666667,17029830.529239766,36122421.396613635,0.6842105263157895,516.3213855091527,221.20921187875348,0.9044040910039658,13,68,0.4152046783625731,0.028389784062260223,1,Bot,Bot
20170707_1513,2017-07-07 15:13:00,2017-07-07 15:13:59,2017-07-07,Friday,74,669,348.1,379555.2166666667,11526504.729446936,29371636.91233978,0.7130044843049327,1090.3625873791057,152.30672595121297,1.0820374800637957,12,125,0.336322869955157,0.016422483960547737,1,Bot,Bot
20170707_1514,2017-07-07 15:14:00,2017-07-07 15:14:59,2017-07-07,Friday,75,500,549.6833333333333,879345.7166666667,19394201.874,38487825.83998726,0.658,1599.7314514417392,234.02530178877572,0.8794233289646134,15,82,0.484,0.013189412085746338,1,Bot,Bot
20170707_1515,2017-07-07 15:15:00,2017-07-07 15:15:59,2017-07-07,Friday,76,1383,431.25,225643.7,13642144.071583513,32503735.044117957,0.6796818510484454,523.231768115942,181.49539092706652,0.8453858222792754,11,190,0.34562545191612437,0.036908212560386476,1,Bot,Bot
20170707_1516,2017-07-07 15:16:00,2017-07-07 15:16:59,2017-07-07,Friday,77,580,736.8333333333334,1245058.6,11490729.339655172,28340046.40046508,0.7103448275862069,1689.7425016964487,150.84384110871704,0.8558895138947191,13,97,0.3620689655172414,0.00886677222347885,1,Bot,Bot
20170707_1517,2017-07-07 15:17:00,2017-07-07 15:17:59,2017-07-07,Friday,78,835,362.4166666666667,242821.63333333333,12596306.311377246,32176879.862605687,0.7233532934131737,670.0068061623361,199.08770657668566,0.7545586574148782,12,120,0.4119760479041916,0.02685674867785698,1,Bot,Bot
20170707_1518,2017-07-07 15:18:00,2017-07-07 15:18:59,2017-07-07,Friday,79,892,919.0333333333333,1424861.65,13216073.742152466,33162412.437778804,0.7275784753363229,1550.3916977984113,191.86718387993258,0.8562291715757229,13,118,0.3654708520179372,0.011026078125566718,1,Bot,Bot
20170707_1519,2017-07-07 15:19:00,2017-07-07 15:19:59,2017-07-07,Friday,80,684,207.56666666666666,92643.28333333334,12099734.638888888,31715711.648362584,0.7675438596491229,446.3302553396499,202.99432739180267,0.9663719608462267,13,109,0.4064327485380117,0.043118676730367754,1,Bot,Bot
20170707_1520,2017-07-07 15:20:00,2017-07-07 15:20:59,2017-07-07,Friday,81,597,129.61666666666667,40164.35,18657767.08040201,35742206.635566995,0.6365159128978225,309.8702584544169,155.0363768122318,1.0942380183091007,16,113,0.3316582914572864,0.043204320432043204,1,Bot,Bot
20170707_1521,2017-07-07 15:21:00,2017-07-07 15:21:59,2017-07-07,Friday,82,3278,705.5666666666667,264271.1666666667,16128674.728492983,36307523.18205875,0.6879194630872483,374.55166060377,151.72749292874082,1.0001417367476142,16,362,0.3136058572300183,0.04733783719941418,1,Bot,Bot
20170707_1522,2017-07-07 15:22:00,2017-07-07 15:22:59,2017-07-07,Friday,83,784,351.3333333333333,213351.95,9523464.99872449,27870095.800739203,0.7857142857142857,607.263614800759,281.952470047565,0.8299479166666667,13,129,0.5497448979591837,0.039326375711574955,1,Bot,Bot
20170707_1523,2017-07-07 15:23:00,2017-07-07 15:23:59,2017-07-07,Friday,84,1601,608.4666666666667,436486.5,15859376.593379138,36839436.70152962,0.7482823235477827,717.3548263394324,131.5435860772204,0.7657670729348036,11,189,0.29918800749531543,0.022022570395529746,1,Bot,Bot
20170707_1524,2017-07-07 15:24:00,2017-07-07 15:24:59,2017-07-07,Friday,85,1298,267.28333333333336,103000.28333333334,15366588.725731894,35809836.91423579,0.736517719568567,385.3599176903411,146.87551909355528,0.9831828861135156,9,157,0.26887519260400616,0.041965454885577104,1,Bot,Bot
20170707_1525,2017-07-07 15:25:00,2017-07-07 15:25:59,2017-07-07,Friday,86,1502,304.73333333333335,158109.76666666666,10978989.254327564,30234856.49569857,0.8115845539280959,518.8463137169109,124.20421904289528,0.9019138755980861,12,131,0.20639147802929428,0.030573178735506454,1,Bot,Bot
20170707_1526,2017-07-07 15:26:00,2017-07-07 15:26:59,2017-07-07,Friday,87,1699,375.21666666666664,175405.93333333332,9965555.014125956,25434515.952175133,0.7186580341377281,467.47905654510726,160.29280798182197,0.9079661016949152,13,240,0.3266627427898764,0.04570692488784258,1,Bot,Bot
20170707_1527,2017-07-07 15:27:00,2017-07-07 15:27:59,2017-07-07,Friday,88,1324,260.43333333333334,85415.33333333333,13904403.20241692,34817711.63050375,0.7741691842900302,327.97388967106104,121.23836322489781,0.9686318972033258,12,130,0.25302114803625375,0.04082938691923717,1,Bot,Bot
20170707_1528,2017-07-07 15:28:00,2017-07-07 15:28:59,2017-07-07,Friday,89,1414,673.0,557454.95,15207847.923620934,33930806.31552284,0.6888260254596889,828.3134472511144,172.95001993087786,0.9171533019987657,12,195,0.38048090523338046,0.025235264982664686,1,Bot,Bot
20170707_1529,2017-07-07 15:29:00,2017-07-07 15:29:59,2017-07-07,Friday,90,1577,601.8666666666667,371895.45,16145542.079264427,32238111.814959183,0.6544071020925808,617.9033839167035,188.06868211923094,0.7887463470206548,11,210,0.3779327837666455,0.03187306158617634,1,Bot,Bot
20170707_1530,2017-07-07 15:30:00,2017-07-07 15:30:59,2017-07-07,Friday,91,1492,244.46666666666667,61925.316666666666,11361744.550938338,30462684.284870453,0.75,253.30781292609763,114.33790725884658,1.00642866912871,14,183,0.25804289544235925,0.0499045541314426,1,Bot,Bot
20170707_1531,2017-07-07 15:31:00,2017-07-07 15:31:59,2017-07-07,Friday,92,370,106.81666666666666,49895.183333333334,14602578.378378378,31790153.555297565,0.6135135135135135,467.1104696520518,161.27402687388437,0.9289798374962384,16,80,0.4702702702702703,0.04524886877828054,1,Bot,Bot
20170707_1532,2017-07-07 15:32:00,2017-07-07 15:32:59,2017-07-07,Friday,93,1831,398.06666666666666,174397.0,15997129.218459858,36374818.76769145,0.7307482250136538,438.11003182046557,120.96726044103124,0.932756109402816,14,192,0.2528672856362643,0.03780773739742087,1,Bot,Bot
20170707_1533,2017-07-07 15:33:00,2017-07-07 15:33:59,2017-07-07,Friday,94,365,94.3,52416.21666666667,10278183.361643836,27112112.528489586,0.7863013698630137,555.8453517143868,131.4715815237433,0.810300703774792,13,58,0.27123287671232876,0.029692470837751856,1,Bot,Bot
20170707_1534,2017-07-07 15:34:00,2017-07-07 15:34:59,2017-07-07,Friday,95,2773,465.53333333333336,147991.65,9727994.253516048,26326338.391083587,0.7616300036062027,317.89699985679505,115.03422378133695,1.0091347191253686,11,280,0.23764875586007933,0.04643419733638837,1,Bot,Bot
20170707_1535,2017-07-07 15:35:00,2017-07-07 15:35:59,2017-07-07,Friday,96,246,271.5,309979.05,11116525.361788617,30074775.074196503,0.7682926829268293,1141.7276243093922,137.08365984379137,0.7927808957851876,12,65,0.35772357723577236,0.007366482504604052,1,Bot,Bot
20170707_1536,2017-07-07 15:36:00,2017-07-07 15:36:59,2017-07-07,Friday,97,1018,160.18333333333334,29380.783333333333,12348583.2043222,33399246.680403173,0.7927308447937131,183.41972739569243,93.68422703385858,1.0868432479374728,11,90,0.2269155206286837,0.04453230673186973,1,Bot,Bot
20170707_1537,2017-07-07 15:37:00,2017-07-07 15:37:59,2017-07-07,Friday,98,787,197.83333333333334,85477.83333333333,14318549.196950445,34636543.05824707,0.735705209656925,432.0699241786015,178.37067805852232,0.9036241180243746,15,116,0.3468869123252859,0.04279696714406066,1,Bot,Bot
20170707_1538,2017-07-07 15:38:00,2017-07-07 15:38:59,2017-07-07,Friday,99,1039,131.11666666666667,30192.55,4720541.575553417,13893852.267235639,0.8190567853705486,230.27240371170714,104.80544029134019,1.1259119156984598,16,90,0.2136669874879692,0.05338756832337613,1,Bot,Bot
20170707_1539,2017-07-07 15:39:00,2017-07-07 15:39:59,2017-07-07,Friday,100,1177,308.25,162709.45,11921495.221750213,31447995.540862262,0.7553101104502974,527.8489862124899,157.611729309649,0.8890818098253498,15,151,0.2931180968564146,0.034928359015950254,1,Bot,Bot
20170707_1540,2017-07-07 15:40:00,2017-07-07 15:40:59,2017-07-07,Friday,101,156,32.31666666666667,5095.65,6550611.891025641,23257608.920561247,0.8012820512820513,157.67870036101084,114.34381074829903,1.5695364238410596,18,44,0.2948717948717949,0.038164002062919034,1,Bot,Bot
20170707_1541,2017-07-07 15:41:00,2017-07-07 15:41:59,2017-07-07,Friday,102,1029,234.81666666666666,98171.46666666666,12628263.551020408,32093712.1548335,0.7706511175898931,418.0770814110299,141.40150346852892,0.8437581784873069,13,133,0.2759961127308066,0.03967634324650437,1,Bot,Bot
20170707_1542,2017-07-07 15:42:00,2017-07-07 15:42:59,2017-07-07,Friday,103,159,45.56666666666667,22783.15,11503354.735849056,31458945.111444328,0.6729559748427673,499.99597659107536,183.00602054379544,0.8927335640138409,9,49,0.44025157232704404,0.036576444769568395,1,Bot,Bot
20170707_1543,2017-07-07 15:43:00,2017-07-07 15:43:59,2017-07-07,Friday,104,203,48.13333333333333,12808.383333333333,11955447.57142857,31719134.819691263,0.7536945812807881,266.1021468144044,112.49655363551126,1.283794466403162,16,56,0.39408866995073893,0.04085872576177285,1,Bot,Bot
20170707_1544,2017-07-07 15:44:00,2017-07-07 15:44:59,2017-07-07,Friday,105,647,200.75,123437.91666666667,12998551.61514683,32999437.43117116,0.7372488408037094,614.8837691988377,203.75473594514472,0.9021001105321332,12,96,0.37248840803709427,0.04018264840182648,1,Bot,Bot
20170707_1545,2017-07-07 15:45:00,2017-07-07 15:45:59,2017-07-07,Friday,106,178,43.15,10024.933333333332,10349265.02247191,31277669.328292184,0.7584269662921348,232.3275395905755,143.23978607741662,1.2366148531951642,14,37,0.47752808988764045,0.0660486674391657,1,Bot,Bot
20170707_1546,2017-07-07 15:46:00,2017-07-07 15:46:59,2017-07-07,Friday,107,524,154.35,74323.05,17011886.328244276,38057112.961418495,0.7213740458015268,481.52283770651115,186.28581378173857,0.9761041177725625,17,82,0.37595419847328243,0.04362379872583954,1,Bot,Bot
20170707_1547,2017-07-07 15:47:00,2017-07-07 15:47:59,2017-07-07,Friday,108,151,47.833333333333336,13922.333333333334,9094247.397350993,27799587.116387468,0.6688741721854304,291.05923344947735,126.99438367013575,1.1799544419134396,14,48,0.3841059602649007,0.027874564459930314,1,Bot,Bot
20170707_1548,2017-07-07 15:48:00,2017-07-07 15:48:59,2017-07-07,Friday,109,353,72.4,34476.61666666667,11244739.135977337,31694332.100840233,0.8073654390934845,476.19636279926334,208.066120315378,0.9057017543859649,8,67,0.28895184135977336,0.04604051565377532,1,Bot,Bot
20170707_1549,2017-07-07 15:49:00,2017-07-07 15:49:59,2017-07-07,Friday,110,130,39.81666666666667,16550.016666666666,9189362.776923077,29888858.815179285,0.7923076923076923,415.6555043951444,191.96629467281636,1.1570397111913358,16,29,0.5076923076923077,0.04688154039347007,1,Bot,Bot
20170707_1550,2017-07-07 15:50:00,2017-07-07 15:50:59,2017-07-07,Friday,111,418,212.18333333333334,169401.86666666667,15011070.796650717,35509129.53397534,0.7392344497607656,798.3749901814468,151.4718923988968,0.9034235311705786,15,56,0.33014354066985646,0.02372162438143115,1,Bot,Bot
20170707_1551,2017-07-07 15:51:00,2017-07-07 15:51:59,2017-07-07,Friday,112,935,346.6333333333333,182833.58333333334,24019017.670588236,43868562.1414508,0.6620320855614973,527.4552841619386,177.87920946933517,0.9213856812933026,13,127,0.34759358288770054,0.0305798634484085,1,Bot,Bot
20170707_1552,2017-07-07 15:52:00,2017-07-07 15:52:59,2017-07-07,Friday,113,911,229.41666666666666,86853.91666666667,13416468.163556531,33507960.169377074,0.7398463227222832,378.58590628405375,148.8891922802605,0.9592940506689439,13,118,0.26125137211855104,0.03436251362150381,1,Bot,Bot
20170707_1553,2017-07-07 15:53:00,2017-07-07 15:53:59,2017-07-07,Friday,114,604,123.51666666666667,43363.7,10025956.963576159,28452937.170269247,0.75,351.07569828633115,157.87590146646662,1.062326099053979,11,78,0.3195364238410596,0.039940628795034405,1,Bot,Bot
20170707_1554,2017-07-07 15:54:00,2017-07-07 15:54:59,2017-07-07,Friday,115,666,117.01666666666667,28736.783333333333,8699899.920420421,23070763.18650862,0.7417417417417418,245.57855006409343,138.10391894297817,1.0695549661066903,12,81,0.25825825825825827,0.04116222760290557,1,Bot,Bot
20170707_1555,2017-07-07 15:55:00,2017-07-07 15:55:59,2017-07-07,Friday,116,1019,248.76666666666668,109438.16666666667,11667428.956820412,30359323.357347045,0.7438665358194309,439.9229532359641,174.7142264447626,0.9653719552337063,17,120,0.31305201177625125,0.040868283532091654,1,Bot,Bot
20170707_1556,2017-07-07 15:56:00,2017-07-07 15:56:59,2017-07-07,Friday,117,295,77.6,37249.05,12046460.454237288,32793805.923716635,0.7898305084745763,480.01353092783506,131.66709503611278,0.9109560935576528,14,59,0.29152542372881357,0.03479381443298969,1,Bot,Bot
20170707_1557,2017-07-07 15:57:00,2017-07-07 15:57:59,2017-07-07,Friday,118,135,44.016666666666666,17457.766666666666,14448301.481481481,34166170.534564026,0.6814814814814815,396.61719045815977,111.9856398633127,0.8046448087431693,11,36,0.35555555555555557,0.03483528966300644,1,Bot,Bot
20170707_1558,2017-07-07 15:58:00,2017-07-07 15:58:59,2017-07-07,Friday,119,512,181.1,127352.5,13056925.48046875,33108372.767125584,0.755859375,703.2164549972391,134.21774108188444,0.8157059314954052,19,77,0.265625,0.02319160684704583,1,Bot,Bot
20170707_1559,2017-07-07 15:59:00,2017-07-07 15:59:59,2017-07-07,Friday,120,271,98.23333333333333,41890.75,14117357.243542435,32636635.521219447,0.6494464944649446,426.44129623345776,127.80592540067472,0.7477023421286688,9,57,0.3763837638376384,0.030539531727180182,1,Bot,Bot
20170707_1600,2017-07-07 16:00:00,2017-07-07 16:00:59,2017-07-07,Friday,121,900,315.31666666666666,189539.78333333333,19717268.195555557,40775618.982932806,0.7266666666666667,601.1093081029653,179.03823068604743,0.8370715603456647,16,128,0.31555555555555553,0.029652730059728315,1,Bot,Bot
20170707_1601,2017-07-07 16:01:00,2017-07-07 16:01:59,2017-07-07,Friday,122,653,279.3833333333333,224119.03333333333,13418941.055130169,27586207.240043364,0.667687595712098,802.1918511006384,210.79547988498197,0.7813197322282436,12,128,0.34915773353751917,0.02672552645707809,1,Bot,Bot
20170707_1602,2017-07-07 16:02:00,2017-07-07 16:02:59,2017-07-07,Friday,123,817,264.2,132675.56666666668,17617286.334149327,37863166.525108606,0.7074663402692778,502.17852636891246,214.25360622186332,0.9598219804673013,17,149,0.386780905752754,0.03955336866010598,1,Bot,Bot
20170707_1603,2017-07-07 16:03:00,2017-07-07 16:03:59,2017-07-07,Friday,124,562,194.51666666666668,117749.08333333333,14344282.524911031,35739379.78110877,0.6921708185053381,605.3418730185931,185.9215296438032,0.8381102362204724,10,94,0.3861209964412811,0.03238797018250364,1,Bot,Bot
20170707_1604,2017-07-07 16:04:00,2017-07-07 16:04:59,2017-07-07,Friday,125,218,43.3,8781.833333333334,7556871.233944954,23865314.20071544,0.7706422018348624,202.8137028483449,120.57045629522531,1.2718531468531469,15,54,0.3577981651376147,0.042340261739799843,1,Bot,Bot
20170707_1605,2017-07-07 16:05:00,2017-07-07 16:05:59,2017-07-07,Friday,126,364,153.68333333333334,89582.13333333333,8950931.777472528,19944442.674728323,0.7472527472527473,582.9007699815638,248.956716991726,1.0663231010531034,18,100,0.521978021978022,0.0391497668365687,1,Bot,Bot
20170707_1606,2017-07-07 16:06:00,2017-07-07 16:06:59,2017-07-07,Friday,127,1097,276.1166666666667,99528.76666666666,13465864.45396536,33255062.83524792,0.7474931631722881,360.45910545059456,178.40788907356531,0.9607100591715977,21,140,0.34184138559708294,0.04454638739663186,1,Bot,Bot
20170707_1607,2017-07-07 16:07:00,2017-07-07 16:07:59,2017-07-07,Friday,128,1406,365.6333333333333,132939.95,19253433.23470839,39793323.010262474,0.6998577524893315,363.588157534871,195.34724600293154,0.970804886812792,15,200,0.3577524893314367,0.04699607986142766,1,Bot,Bot
20170707_1608,2017-07-07 16:08:00,2017-07-07 16:08:59,2017-07-07,Friday,129,475,97.66666666666667,24388.233333333334,19217131.896842103,39773700.35103238,0.6947368421052632,249.70887372013652,115.26953221288916,1.1158844765342961,12,82,0.3494736842105263,0.04675767918088737,1,Bot,Bot
20170707_1609,2017-07-07 16:09:00,2017-07-07 16:09:59,2017-07-07,Friday,130,213,58.016666666666666,31072.05,15312712.154929578,32437061.22869349,0.5915492957746479,535.5711002585464,91.75867578608542,0.9376739009460211,12,74,0.5117370892018779,0.02757828210284401,1,Bot,Bot
20170707_1610,2017-07-07 16:10:00,2017-07-07 16:10:59,2017-07-07,Friday,131,978,179.1,48250.15,17698790.812883437,38737544.811976545,0.6707566462167689,269.40340591848127,140.92440650331832,1.1130554463232403,13,170,0.3486707566462168,0.05415968732551647,1,Bot,Bot
20170707_1611,2017-07-07 16:11:00,2017-07-07 16:11:59,2017-07-07,Friday,132,158,22.716666666666665,3609.1666666666665,8331951.905063291,27045163.97198635,0.8670886075949367,158.87747615553926,107.50962085747538,1.161648177496038,14,25,0.27848101265822783,0.05796038151137197,1,Bot,Bot
20170707_1612,2017-07-07 16:12:00,2017-07-07 16:12:59,2017-07-07,Friday,133,494,199.35,112381.96666666666,15661671.854251012,36334457.18134171,0.6417004048582996,563.7419948164869,217.67259183533082,0.7942102894855257,15,78,0.41295546558704455,0.03319120474876683,1,Bot,Bot
20170707_1613,2017-07-07 16:13:00,2017-07-07 16:13:59,2017-07-07,Friday,134,1209,264.3333333333333,105476.8,12882728.663358146,32587105.540742666,0.739454094292804,399.02950819672134,128.06854414788026,0.9603262884686689,12,147,0.24896608767576509,0.034489281210592686,1,Bot,Bot
20170707_1614,2017-07-07 16:14:00,2017-07-07 16:14:59,2017-07-07,Friday,135,170,25.783333333333335,4331.416666666667,11383668.2,28929135.586809453,0.7411764705882353,167.9928894634777,143.13283163732655,1.3888888888888888,13,57,0.40588235294117647,0.06399482870071105,0,BENIGN,BENIGN
20170707_1615,2017-07-07 16:15:00,2017-07-07 16:15:59,2017-07-07,Friday,136,406,143.65,64474.433333333334,27984624.504926108,46497798.663280256,0.6428571428571429,448.8300266852303,228.60507557013477,0.9857175765952545,14,85,0.5123152709359606,0.04362455041188073,1,Bot,Bot
20170707_1616,2017-07-07 16:16:00,2017-07-07 16:16:59,2017-07-07,Friday,137,185,46.95,9275.8,8028684.713513513,23965842.772886712,0.7243243243243244,197.56762513312034,184.96647603161344,1.4251290877796903,16,57,0.5621621621621622,0.058927937522186724,1,Bot,Bot
20170707_1617,2017-07-07 16:17:00,2017-07-07 16:17:59,2017-07-07,Friday,138,2244,488.9166666666667,182256.5,17587366.26916221,37543612.85572672,0.6524064171122995,372.7762058973922,177.13511795695138,0.9938829606470468,17,261,0.3373440285204991,0.05253110618714846,1,Bot,Bot
20170707_1618,2017-07-07 16:18:00,2017-07-07 16:18:59,2017-07-07,Friday,139,667,344.3,243475.68333333332,13627291.727136431,31331251.20841349,0.6656671664167916,707.1614386678284,208.7434550155182,0.8031770969712839,14,96,0.4032983508245877,0.02826991964372156,1,Bot,Bot
20170707_1619,2017-07-07 16:19:00,2017-07-07 16:19:59,2017-07-07,Friday,140,607,184.58333333333334,97248.8,17144768.62438221,36047408.14310411,0.6836902800658978,526.8558013544018,150.78725252984708,0.9596602972399151,10,115,0.35914332784184516,0.03431151241534989,0,BENIGN,BENIGN
20170707_1620,2017-07-07 16:20:00,2017-07-07 16:20:59,2017-07-07,Friday,141,1134,235.21666666666667,83135.06666666667,16735576.53527337,36527075.38906082,0.6710758377425045,353.44037412314884,140.38784839541088,1.007966993882487,13,180,0.3315696649029982,0.04853681003330263,1,Bot,Bot
20170707_1621,2017-07-07 16:21:00,2017-07-07 16:21:59,2017-07-07,Friday,142,489,237.88333333333333,191009.86666666667,16899198.521472394,38788887.666502,0.7341513292433538,802.9560709031038,150.75070807763427,0.8290620194771912,13,82,0.3456032719836401,0.020248020738457228,1,Bot,Bot
20170707_1622,2017-07-07 16:22:00,2017-07-07 16:22:59,2017-07-07,Friday,143,686,178.21666666666667,91008.68333333333,11880590.231778426,30251462.847798243,0.750728862973761,510.6631441129711,136.52553732811202,0.9048806555040969,16,106,0.27696793002915454,0.03142242588609371,1,Bot,Bot
20170707_1623,2017-07-07 16:23:00,2017-07-07 16:23:59,2017-07-07,Friday,144,1209,189.63333333333333,52968.566666666666,12524754.35566584,31298507.43637514,0.7212572373862697,279.32097029354895,125.23372792808078,1.0268970431065194,12,146,0.2696443341604632,0.05493056776234839,1,Bot,Bot
20170707_1624,2017-07-07 16:24:00,2017-07-07 16:24:59,2017-07-07,Friday,145,2337,563.75,278839.4666666667,12442703.416773641,30423938.530019652,0.7115960633290543,494.61546193643755,136.19473183076937,0.8974589106411622,11,279,0.2772785622593068,0.037694013303769404,0,BENIGN,BENIGN
20170707_1625,2017-07-07 16:25:00,2017-07-07 16:25:59,2017-07-07,Friday,146,523,60.2,11023.783333333333,4566889.022944551,16649719.880460449,0.8183556405353728,183.11932447397564,85.8715923031116,1.1883706844336765,15,67,0.24282982791587,0.05398671096345515,1,Bot,Bot
20170707_1626,2017-07-07 16:26:00,2017-07-07 16:26:59,2017-07-07,Friday,147,348,144.41666666666666,105608.16666666667,12637404.586206896,28793675.197278656,0.646551724137931,731.2740911713792,126.51734887336579,0.8921397379912663,13,80,0.40804597701149425,0.02100403923831506,1,Bot,Bot
20170707_1627,2017-07-07 16:27:00,2017-07-07 16:27:59,2017-07-07,Friday,148,246,84.93333333333334,60998.65,10521074.577235773,28593053.18911291,0.6991869918699187,718.1944662480377,116.26928528452198,0.8275367515238436,10,71,0.32926829268292684,0.020800627943485087,1,Bot,Bot
20170707_1628,2017-07-07 16:28:00,2017-07-07 16:28:59,2017-07-07,Friday,149,1088,326.6666666666667,158374.96666666667,17934332.69485294,36615293.36387306,0.6672794117647058,484.8213265306122,154.13439125720885,0.9154695592690316,18,139,0.3538602941176471,0.03918367346938775,1,Bot,Bot
20170707_1629,2017-07-07 16:29:00,2017-07-07 16:29:59,2017-07-07,Friday,150,1476,337.1666666666667,127136.48333333334,15302539.619241193,34807676.18156001,0.7086720867208672,377.0731092436975,178.4808358059617,0.9900649222899862,9,178,0.32859078590785906,0.048591201186356896,0,BENIGN,BENIGN
20170707_1630,2017-07-07 16:30:00,2017-07-07 16:30:59,2017-07-07,Friday,151,1218,229.23333333333332,64128.35,14910083.947454844,33594405.301159434,0.7044334975369458,279.7514177693762,150.5080415085358,1.0377777777777777,13,157,0.31444991789819376,0.05329358732005235,1,Bot,Bot
20170707_1631,2017-07-07 16:31:00,2017-07-07 16:31:59,2017-07-07,Friday,152,415,65.73333333333333,14530.816666666668,10562822.079518072,26778153.404830564,0.6771084337349398,221.05704868154157,116.05918098003961,1.096174282678002,14,57,0.2819277108433735,0.04437119675456389,1,Bot,Bot
20170707_1632,2017-07-07 16:32:00,2017-07-07 16:32:59,2017-07-07,Friday,153,903,293.96666666666664,158478.56666666668,15034828.903654486,35918985.77700388,0.7308970099667774,539.1038666515478,187.6408963174031,0.8970746397074639,14,177,0.4097452934662237,0.03781607892051253,1,Bot,Bot
20170707_1633,2017-07-07 16:33:00,2017-07-07 16:33:59,2017-07-07,Friday,154,101,14.516666666666667,2253.366666666667,10927500.00990099,29883134.697311457,0.7029702970297029,155.22617680826636,118.22642541289795,1.3007915567282322,11,27,0.48514851485148514,0.07347876004592423,1,Bot,Bot
20170707_1634,2017-07-07 16:34:00,2017-07-07 16:34:59,2017-07-07,Friday,155,689,247.26666666666668,134800.16666666666,18770799.251088534,39177986.81643704,0.6806966618287373,545.1610946346724,199.27726748487393,0.9737927364640149,14,116,0.39477503628447025,0.03572391480183338,1,Bot,Bot
20170707_1635,2017-07-07 16:35:00,2017-07-07 16:35:59,2017-07-07,Friday,156,430,89.21666666666667,27172.45,16774249.986046512,38865689.65698299,0.7162790697674418,304.56697179151877,166.96677475388896,1.0044926993635344,11,76,0.3883720930232558,0.053054362039977584,1,Bot,Bot
20170707_1636,2017-07-07 16:36:00,2017-07-07 16:36:59,2017-07-07,Friday,157,538,152.58333333333334,64810.2,18488521.782527883,37075806.46545687,0.6933085501858736,424.75281267067174,177.10585047256833,1.0114235500878734,11,113,0.4275092936802974,0.03899508465319498,1,Bot,Bot
20170707_1637,2017-07-07 16:37:00,2017-07-07 16:37:59,2017-07-07,Friday,158,524,169.33333333333334,88825.3,19261601.82442748,39442612.30947351,0.683206106870229,524.5588582677166,201.53257326784583,0.9244318181818182,12,83,0.3950381679389313,0.03582677165354331,1,Bot,Bot
20170707_1638,2017-07-07 16:38:00,2017-07-07 16:38:59,2017-07-07,Friday,159,650,193.13333333333333,65145.8,23158768.656923078,42117055.109996766,0.5907692307692308,337.30997583707284,198.99107947312356,1.0806104129263914,13,112,0.48,0.050051777701070076,1,Bot,Bot
20170707_1639,2017-07-07 16:39:00,2017-07-07 16:39:59,2017-07-07,Friday,160,398,73.25,20035.516666666666,12374104.369346734,30839361.590658728,0.7085427135678392,273.52241183162687,131.07076926414692,1.0599812558575445,13,76,0.32160804020100503,0.046871444823663254,1,Bot,Bot
20170707_1640,2017-07-07 16:40:00,2017-07-07 16:40:59,2017-07-07,Friday,161,150,30.4,8533.316666666668,11505257.32,27250691.258989517,0.76,280.7012061403509,48.90832307295837,1.6258992805755397,15,44,0.4,0.030153508771929825,1,Bot,Bot
20170707_1641,2017-07-07 16:41:00,2017-07-07 16:41:59,2017-07-07,Friday,162,251,133.66666666666666,128696.08333333333,15919989.517928287,36430641.481094375,0.6852589641434262,962.8135910224439,136.4807774131435,0.50940910801656,13,63,0.33067729083665337,0.019326683291770574,1,Bot,Bot
20170707_1642,2017-07-07 16:42:00,2017-07-07 16:42:59,2017-07-07,Friday,163,1044,452.78333333333336,301726.5333333333,20229675.024904214,41455827.11171927,0.6388888888888888,666.3817131078147,191.45946071167447,0.8586577273038243,11,130,0.39655172413793105,0.029815585084845584,1,Bot,Bot
20170707_1643,2017-07-07 16:43:00,2017-07-07 16:43:59,2017-07-07,Friday,164,400,123.18333333333334,47937.9,14103050.235,33141517.96210041,0.725,389.1589771343526,111.94528352388248,0.9155221559989635,15,79,0.33,0.0317954268705182,1,Bot,Bot
20170707_1644,2017-07-07 16:44:00,2017-07-07 16:44:59,2017-07-07,Friday,165,1137,475.01666666666665,291836.55,24784075.349164467,41343360.17438454,0.623570800351803,614.371179958598,224.24038440564604,0.8534269735986474,11,171,0.41072999120492526,0.03052524472825515,1,Bot,Bot
20170707_1645,2017-07-07 16:45:00,2017-07-07 16:45:59,2017-07-07,Friday,166,830,180.28333333333333,44634.46666666667,12120816.64819277,31773625.175851297,0.7481927710843373,247.5795507072201,121.47023392469147,1.0037043897017965,14,102,0.2819277108433735,0.03744106499029306,1,Bot,Bot
20170707_1646,2017-07-07 16:46:00,2017-07-07 16:46:59,2017-07-07,Friday,167,1511,482.26666666666665,227870.58333333334,16386944.094639312,35400290.01640024,0.6565188616810059,472.4991360243296,209.0529619155074,0.958245922717737,12,227,0.38451356717405694,0.04026126624274261,0,BENIGN,BENIGN
20170707_1647,2017-07-07 16:47:00,2017-07-07 16:47:59,2017-07-07,Friday,168,168,50.18333333333333,10015.783333333333,14575893.327380951,33866857.04710384,0.5833333333333334,199.5838591829957,92.82034393109637,0.9986728599867286,13,56,0.6309523809523809,0.033543673198273,1,Bot,Bot
20170707_1648,2017-07-07 16:48:00,2017-07-07 16:48:59,2017-07-07,Friday,169,564,177.18333333333334,76795.7,18539398.989361703,39332398.90598023,0.6719858156028369,433.4250776032358,164.51755415322162,0.9714444650472835,15,100,0.39893617021276595,0.033392907534568715,1,Bot,Bot
20170707_1649,2017-07-07 16:49:00,2017-07-07 16:49:59,2017-07-07,Friday,170,121,39.483333333333334,7397.133333333333,9235718.876033058,28107241.838091988,0.6942148760330579,187.34824820599408,65.79600560870655,0.933115823817292,12,54,0.4214876033057851,0.018573237653018153,1,Bot,Bot
20170707_1650,2017-07-07 16:50:00,2017-07-07 16:50:59,2017-07-07,Friday,171,873,229.81666666666666,81373.86666666667,14428184.3069874,33672948.03749962,0.7331042382588774,354.08165929363986,201.81010040895254,1.0548353449560424,15,121,0.4054982817869416,0.05011240844151135,1,Bot,Bot
20170707_1651,2017-07-07 16:51:00,2017-07-07 16:51:59,2017-07-07,Friday,172,335,137.46666666666667,82768.11666666667,16198323.970149254,36851133.78221905,0.7194029850746269,602.0959020368574,155.56593956707033,0.7648694908001712,7,58,0.28955223880597014,0.02242967992240543,0,BENIGN,BENIGN
20170707_1652,2017-07-07 16:52:00,2017-07-07 16:52:59,2017-07-07,Friday,173,567,139.28333333333333,60719.066666666666,13395603.44973545,33095031.880916204,0.7319223985890653,435.93921263611344,178.36558479074174,1.0086517664023071,17,86,0.3509700176366843,0.045231542419528536,1,Bot,Bot
20170707_1653,2017-07-07 16:53:00,2017-07-07 16:53:59,2017-07-07,Friday,174,352,87.16666666666667,29600.066666666666,12000175.0625,29002124.741348505,0.6988636363636364,339.58011472275336,176.22037704197797,0.9359733530717986,9,79,0.45170454545454547,0.046080305927342254,1,Bot,Bot
20170707_1654,2017-07-07 16:54:00,2017-07-07 16:54:59,2017-07-07,Friday,175,601,169.88333333333333,73017.88333333333,18353321.50748752,37469755.87431367,0.7038269550748752,429.8119297557147,174.1173928644314,0.9179680150517403,10,103,0.3227953410981697,0.0361032080839792,1,Bot,Bot
20170707_1655,2017-07-07 16:55:00,2017-07-07 16:55:59,2017-07-07,Friday,176,847,182.98333333333332,61716.51666666667,9891127.012987014,29903575.150029793,0.8099173553719008,337.27944257218326,106.0924006919286,0.9956379498364231,17,83,0.23258559622195984,0.031514709900719556,1,Bot,Bot
20170707_1656,2017-07-07 16:56:00,2017-07-07 16:56:59,2017-07-07,Friday,177,324,118.0,65053.816666666666,13826198.481481481,29394696.800917197,0.7376543209876543,551.3035310734464,202.27653127792817,1.0644314868804665,22,66,0.3487654320987654,0.03220338983050847,0,BENIGN,BENIGN
20170707_1657,2017-07-07 16:57:00,2017-07-07 16:57:59,2017-07-07,Friday,178,350,109.01666666666667,40809.6,15411994.56,35574483.87453582,0.7057142857142857,374.34276104571165,150.8026860352522,0.9569249177385581,13,70,0.35714285714285715,0.03210518269377771,1,Bot,Bot
20170707_1658,2017-07-07 16:58:00,2017-07-07 16:58:59,2017-07-07,Friday,179,2115,738.7833333333333,424235.7833333333,14319249.44964539,34676582.99376443,0.7371158392434988,574.2357254043811,219.35179978435895,0.8483862897172879,13,223,0.3574468085106383,0.0333882283935299,1,Bot,Bot
20170707_1659,2017-07-07 16:59:00,2017-07-07 16:59:59,2017-07-07,Friday,180,308,91.53333333333333,39481.73333333333,16156055.282467533,33156363.124723442,0.7207792207792207,431.3372177713037,170.06722764958914,1.09816653934301,15,56,0.30844155844155846,0.03495994173343044,1,Bot,Bot
20170707_1700,2017-07-07 17:00:00,2017-07-07 17:00:59,2017-07-07,Friday,181,814,188.43333333333334,68188.41666666667,14777359.943488944,34171171.54474114,0.7063882063882064,361.87024588713956,121.91255061801603,1.0739178283198827,26,107,0.3402948402948403,0.034671855651866264,1,Bot,Bot
20170707_1701,2017-07-07 17:01:00,2017-07-07 17:01:59,2017-07-07,Friday,182,739,304.03333333333336,186931.5,18019121.715832207,37008097.850325115,0.6671177266576455,614.8388334612433,179.07219096742625,0.7761659040015578,15,110,0.36265223274695535,0.0288893761648942,0,BENIGN,BENIGN
20170707_1702,2017-07-07 17:02:00,2017-07-07 17:02:59,2017-07-07,Friday,183,160,28.466666666666665,3016.05,11654062.56875,26204368.619000092,0.68125,105.95023419203747,82.08338489133632,1.3346994535519126,14,43,0.5375,0.04800936768149883,1,Bot,Bot
20170707_1703,2017-07-07 17:03:00,2017-07-07 17:03:59,2017-07-07,Friday,184,88,48.71666666666667,35194.55,17876442.15909091,33318060.050161626,0.5340909090909091,722.433458775231,124.60953743844566,0.8459595959595959,11,33,0.5909090909090909,0.020526855969893943,1,Bot,Bot
20170707_1704,2017-07-07 17:04:00,2017-07-07 17:04:59,2017-07-07,Friday,185,131,22.85,3637.983333333333,3156188.4122137404,11943203.660077568,0.7938931297709924,159.2115244347192,83.08988456892187,2.008771929824561,17,32,0.35877862595419846,0.03865791393143691,1,Bot,Bot
20170707_1705,2017-07-07 17:05:00,2017-07-07 17:05:59,2017-07-07,Friday,186,58,25.15,11274.6,11246719.120689655,30109591.45243177,0.7068965517241379,448.2942345924453,89.2886244908618,1.1267605633802817,12,25,0.603448275862069,0.03578528827037773,1,Bot,Bot
20170707_1706,2017-07-07 17:06:00,2017-07-07 17:06:59,2017-07-07,Friday,187,51,9.116666666666667,1649.6666666666667,10504046.25490196,28502206.75947487,0.6862745098039216,180.9506398537477,174.41766934707402,1.2738589211618256,10,20,0.43137254901960786,0.07678244972577697,1,Bot,Bot
20170707_1707,2017-07-07 17:07:00,2017-07-07 17:07:59,2017-07-07,Friday,188,87,11.633333333333333,849.0333333333333,5066472.655172414,20919710.043137077,0.8850574712643678,72.98280802292264,28.784840444859228,2.0129310344827585,14,30,0.3333333333333333,0.050143266475644696,1,Bot,Bot
20170707_1708,2017-07-07 17:08:00,2017-07-07 17:08:59,2017-07-07,Friday,189,40,10.316666666666666,1791.9333333333334,14685747.675,27963921.815152306,0.575,173.69305331179322,177.61949097103857,1.3846153846153846,10,16,0.525,0.06462035541195477,1,Bot,Bot
20170707_1709,2017-07-07 17:09:00,2017-07-07 17:09:59,2017-07-07,Friday,190,48,12.8,1294.6333333333334,9927050.9375,28186939.4266817,0.7291666666666666,101.14322916666667,73.44437948812966,1.7366548042704626,14,18,0.5416666666666666,0.048177083333333336,1,Bot,Bot
20170707_1710,2017-07-07 17:10:00,2017-07-07 17:10:59,2017-07-07,Friday,191,387,96.16666666666667,37275.11666666667,14333366.542635659,34067884.99785046,0.751937984496124,387.6095320623917,149.53311721088605,1.0122036262203626,16,63,0.3049095607235142,0.043327556325823226,1,Bot,Bot
20170707_1711,2017-07-07 17:11:00,2017-07-07 17:11:59,2017-07-07,Friday,192,69,14.85,1771.2,8077399.275362318,28197926.657356597,0.8405797101449275,119.27272727272727,106.34472977264898,1.7112462006079028,13,16,0.3188405797101449,0.04826038159371493,1,Bot,Bot
20170707_1712,2017-07-07 17:12:00,2017-07-07 17:12:59,2017-07-07,Friday,193,63,9.766666666666667,1392.9166666666667,8838130.682539683,26925354.93187413,0.8095238095238095,142.61945392491467,77.53037459268974,1.0669014084507042,10,17,0.49206349206349204,0.07679180887372014,1,Bot,Bot
20170707_1713,2017-07-07 17:13:00,2017-07-07 17:13:59,2017-07-07,Friday,194,821,219.63333333333333,75274.68333333333,17549023.30085262,37968435.02028477,0.6760048721071864,342.7288662923054,188.56980798153614,0.9986351228389445,15,116,0.3337393422655298,0.041584458946729394,1,Bot,Bot
20170707_1714,2017-07-07 17:14:00,2017-07-07 17:14:59,2017-07-07,Friday,195,1435,277.98333333333335,87170.81666666667,11378545.544250872,29174466.969107978,0.7010452961672474,313.58288866238985,173.23244488280469,1.0024009603841537,11,204,0.35400696864111497,0.06145452365249715,1,Bot,Bot
20170707_1715,2017-07-07 17:15:00,2017-07-07 17:15:59,2017-07-07,Friday,196,511,159.38333333333333,74206.71666666666,17394657.04892368,35206140.92280575,0.6164383561643836,465.58642685349787,217.1981318248103,0.9546290619251993,15,111,0.4657534246575342,0.044860399456237585,1,Bot,Bot
20170707_1716,2017-07-07 17:16:00,2017-07-07 17:16:59,2017-07-07,Friday,197,371,76.2,15127.016666666666,19429804.021563344,36326372.5895299,0.555256064690027,198.51727909011373,180.5462811267403,1.0701674966047985,12,111,0.5121293800539084,0.05183727034120735,1,Bot,Bot
20170707_1717,2017-07-07 17:17:00,2017-07-07 17:17:59,2017-07-07,Friday,198,260,60.166666666666664,9848.2,13243372.376923077,32200944.023316264,0.6115384615384616,163.6819944598338,172.58586554236953,1.075287356321839,10,65,0.5307692307692308,0.061218836565096954,1,Bot,Bot
20170707_1718,2017-07-07 17:18:00,2017-07-07 17:18:59,2017-07-07,Friday,199,268,65.13333333333334,15349.566666666668,23234570.83955224,40707091.97454891,0.5485074626865671,235.66376663254863,225.55701048982638,1.0617088607594938,9,72,0.48880597014925375,0.044012282497441144,0,BENIGN,BENIGN
20170707_1719,2017-07-07 17:19:00,2017-07-07 17:19:59,2017-07-07,Friday,200,290,54.21666666666667,9960.85,10228939.475862069,27583614.24551276,0.6758620689655173,183.7230249000922,157.63855914742493,1.0792332268370608,14,61,0.4413793103448276,0.06793728865662466,1,Bot,Bot
20170707_1720,2017-07-07 17:20:00,2017-07-07 17:20:59,2017-07-07,Friday,201,217,50.483333333333334,11929.966666666667,19848431.437788017,40797024.74873957,0.5806451612903226,236.31495543083525,214.30492629836408,1.0725034199726402,12,63,0.5345622119815668,0.04985143611753054,1,Bot,Bot
20170707_1721,2017-07-07 17:21:00,2017-07-07 17:21:59,2017-07-07,Friday,202,150,34.21666666666667,5268.75,12947273.32,27623082.533484206,0.5666666666666667,153.9819775937652,160.6455734300594,1.051948051948052,11,41,0.4866666666666667,0.05552849488553337,1,Bot,Bot
20170707_1722,2017-07-07 17:22:00,2017-07-07 17:22:59,2017-07-07,Friday,203,186,35.516666666666666,6833.983333333334,13774484.462365592,26606174.2368077,0.6129032258064516,192.41623650868138,207.35353592560068,1.2513199577613516,11,38,0.5268817204301075,0.05771938057250117,1,Bot,Bot
20170707_1723,2017-07-07 17:23:00,2017-07-07 17:23:59,2017-07-07,Friday,204,41,17.3,2623.2166666666667,14157766.43902439,26611219.642688546,0.5121951219512195,151.631021194605,188.35831168627948,1.1075050709939147,11,12,0.5365853658536586,0.05973025048169557,0,BENIGN,BENIGN
20170707_1724,2017-07-07 17:24:00,2017-07-07 17:24:59,2017-07-07,Friday,205,66,17.0,2109.15,6074856.681818182,21597931.73327927,0.7575757575757576,124.06764705882352,106.30833423493144,1.4661835748792271,14,20,0.5757575757575758,0.07352941176470588,1,Bot,Bot
20170707_1725,2017-07-07 17:25:00,2017-07-07 17:25:59,2017-07-07,Friday,206,89,13.866666666666667,1542.15,2845232.179775281,16176619.248804703,0.9213483146067416,111.21274038461539,55.244785298679865,1.4215116279069768,12,20,0.29213483146067415,0.054086538461538464,1,Bot,Bot
20170707_1726,2017-07-07 17:26:00,2017-07-07 17:26:59,2017-07-07,Friday,207,52,12.183333333333334,1362.6333333333334,5706584.730769231,23699140.750461295,0.8846153846153846,111.84404924760602,98.4787743668493,2.05,11,9,0.3076923076923077,0.04377564979480164,1,Bot,Bot
20170707_1727,2017-07-07 17:27:00,2017-07-07 17:27:59,2017-07-07,Friday,208,352,97.0,39678.63333333333,14672536.764204545,35065650.53081492,0.7727272727272727,409.0580756013746,158.73781391625587,0.9268454154253558,11,50,0.3806818181818182,0.04347079037800687,1,Bot,Bot
20170707_1728,2017-07-07 17:28:00,2017-07-07 17:28:59,2017-07-07,Friday,209,139,54.21666666666667,29500.55,12587583.741007194,35314927.64479058,0.8057553956834532,544.123270826929,88.8418364227809,0.8907611853573504,15,29,0.2158273381294964,0.0233630494927759,0,BENIGN,BENIGN
20170707_1729,2017-07-07 17:29:00,2017-07-07 17:29:59,2017-07-07,Friday,210,190,99.28333333333333,82942.88333333333,17269021.584210526,36583994.64052501,0.7315789473684211,835.4159811985899,165.63459835414173,0.7865067466266866,10,33,0.38421052631578945,0.021319456102064798,1,Bot,Bot
20170707_1730,2017-07-07 17:30:00,2017-07-07 17:30:59,2017-07-07,Friday,211,101,69.81666666666666,60745.55,9656428.356435644,29706864.14044409,0.7227722772277227,870.072332298878,116.84865746400693,0.8107173725151253,15,29,0.45544554455445546,0.015755550250656482,1,Bot,Bot
20170707_1731,2017-07-07 17:31:00,2017-07-07 17:31:59,2017-07-07,Friday,212,78,38.1,22460.083333333332,12330345.346153846,29921420.73485764,0.6666666666666666,589.5034995625547,79.9361050008363,0.812202852614897,12,27,0.4358974358974359,0.020122484689413824,1,Bot,Bot
20170707_1732,2017-07-07 17:32:00,2017-07-07 17:32:59,2017-07-07,Friday,213,117,61.766666666666666,49701.76666666667,3464306.0427350425,18001464.848371666,0.8290598290598291,804.6697247706422,82.81606453716667,0.931735278791037,13,17,0.36752136752136755,0.019697787371829464,1,Bot,Bot
20170707_1733,2017-07-07 17:33:00,2017-07-07 17:33:59,2017-07-07,Friday,214,110,74.51666666666667,65730.98333333334,11018856.654545454,28473530.835479777,0.6818181818181818,882.0977409975397,153.2721386525134,0.8320360507988529,13,29,0.34545454545454546,0.01834041601431447,0,BENIGN,BENIGN
20170707_1734,2017-07-07 17:34:00,2017-07-07 17:34:59,2017-07-07,Friday,215,69,11.083333333333334,861.15,5186414.869565218,23500159.168824,0.8840579710144928,77.69774436090225,29.60926998622445,2.2807881773399017,12,19,0.42028985507246375,0.04661654135338346,1,Bot,Bot
20170707_1735,2017-07-07 17:35:00,2017-07-07 17:35:59,2017-07-07,Friday,216,47,36.46666666666667,32432.1,17111086.468085106,29862448.292982146,0.6808510638297872,889.3628884826326,168.8984947697456,0.7168627450980393,14,15,0.6595744680851063,0.0283363802559415,1,Bot,Bot
20170707_1736,2017-07-07 17:36:00,2017-07-07 17:36:59,2017-07-07,Friday,217,40,10.583333333333334,1280.2166666666667,6439818.825,25061067.886721272,0.775,120.96535433070866,93.60565936347477,1.544,11,18,0.5,0.05984251968503937,1,Bot,Bot
20170707_1737,2017-07-07 17:37:00,2017-07-07 17:37:59,2017-07-07,Friday,218,233,92.3,65952.25,10023015.120171674,30060347.39331844,0.7510729613733905,714.5422535211268,163.8565646514194,0.8731822793371661,12,39,0.38626609442060084,0.02925243770314193,1,Bot,Bot|PortScan
20170707_1738,2017-07-07 17:38:00,2017-07-07 17:38:59,2017-07-07,Friday,219,28,13.766666666666667,1837.3833333333334,19841127.07142857,34650168.46467801,0.4642857142857143,133.46610169491527,213.2355221898136,1.6506410256410255,11,12,0.5357142857142857,0.04600484261501211,1,Bot,Bot
20170707_1739,2017-07-07 17:39:00,2017-07-07 17:39:59,2017-07-07,Friday,220,39,10.216666666666667,1104.35,5781992.051282051,23635821.239365023,0.7692307692307693,108.09298531810767,69.62614147875276,1.1543859649122807,9,10,0.7948717948717948,0.0701468189233279,1,Bot,Bot
20170707_1740,2017-07-07 17:40:00,2017-07-07 17:40:59,2017-07-07,Friday,221,198,69.03333333333333,33620.083333333336,13882042.343434343,35049541.94532151,0.7878787878787878,487.01231289232254,124.77406779631977,1.0560794044665012,16,29,0.30808080808080807,0.0318686624818928,1,Bot,Bot
20170707_1741,2017-07-07 17:41:00,2017-07-07 17:41:59,2017-07-07,Friday,222,100,19.816666666666666,2926.2833333333333,7820870.6,27580967.442532215,0.85,147.6677880571909,109.62166383801389,1.1024734982332156,16,17,0.37,0.061396131202691336,1,Bot,Bot
20170707_1742,2017-07-07 17:42:00,2017-07-07 17:42:59,2017-07-07,Friday,223,49,9.25,1283.4166666666667,5900595.918367347,20432809.848243702,0.7959183673469388,138.74774774774775,72.46319261276915,1.0981132075471698,11,21,0.5306122448979592,0.06846846846846846,1,Bot,Bot
20170707_1743,2017-07-07 17:43:00,2017-07-07 17:43:59,2017-07-07,Friday,224,56,13.883333333333333,1563.4666666666667,4627155.446428572,20890969.863219336,0.8035714285714286,112.61464585834334,70.00683016509788,1.6730769230769231,14,24,0.39285714285714285,0.04441776710684274,1,Bot,Bot
20170707_1744,2017-07-07 17:44:00,2017-07-07 17:44:59,2017-07-07,Friday,225,42,8.583333333333334,1106.75,1787954.738095238,10162188.930012608,0.8571428571428571,128.94174757281553,71.95251647757684,1.15,7,11,0.6666666666666666,0.08349514563106795,1,Bot,Bot
20170707_1745,2017-07-07 17:45:00,2017-07-07 17:45:59,2017-07-07,Friday,226,41,9.416666666666666,1226.4666666666667,22643372.0,43946238.61394637,0.6829268292682927,130.24424778761062,119.92269825394388,2.4096385542168677,12,21,0.4634146341463415,0.05486725663716814,1,Bot,Bot
20170707_1746,2017-07-07 17:46:00,2017-07-07 17:46:59,2017-07-07,Friday,227,69,10.166666666666666,1017.0333333333333,2110865.7536231885,10520046.686939197,0.8985507246376812,100.03606557377049,41.94323152584328,1.1821428571428572,11,20,0.34782608695652173,0.06393442622950819,1,Bot,Bot
20170707_1747,2017-07-07 17:47:00,2017-07-07 17:47:59,2017-07-07,Friday,228,35,13.283333333333333,1505.8666666666666,10332779.8,32218719.461360164,0.7142857142857143,113.3651191969887,91.33803975525358,1.7902097902097902,11,9,0.7714285714285715,0.053952321204516936,1,Bot,Bot
20170707_1748,2017-07-07 17:48:00,2017-07-07 17:48:59,2017-07-07,Friday,229,25,6.966666666666667,783.4,3045022.08,12733115.595765898,0.72,112.44976076555024,82.5706495215653,0.8959276018099548,6,10,0.48,0.05741626794258373,1,Bot,Bot
20170707_1749,2017-07-07 17:49:00,2017-07-07 17:49:59,2017-07-07,Friday,230,66,17.983333333333334,2026.0166666666667,5269794.484848484,23496460.222797327,0.8484848484848485,112.66079703429101,58.44010801954972,1.5592417061611374,14,13,0.5,0.05097312326227989,1,Bot,Bot
20170707_1750,2017-07-07 17:50:00,2017-07-07 17:50:59,2017-07-07,Friday,231,17,7.8,922.6166666666667,4542822.05882353,15613301.036303654,0.5294117647058824,118.28418803418803,108.30024671417476,1.151376146788991,7,11,0.4117647058823529,0.04487179487179487,0,BENIGN,BENIGN
20170707_1751,2017-07-07 17:51:00,2017-07-07 17:51:59,2017-07-07,Friday,232,54,10.283333333333333,943.8166666666667,8667032.203703703,27977858.86363908,0.8518518518518519,91.78119935170179,34.66807958814829,2.074626865671642,10,16,0.5555555555555556,0.07617504051863858,1,Bot,Bot
20170707_1752,2017-07-07 17:52:00,2017-07-07 17:52:59,2017-07-07,Friday,233,107,15.65,2065.8166666666666,1293878.738317757,8586722.461851798,0.9252336448598131,132.0010649627263,59.91178680698969,1.3383084577114428,13,15,0.2523364485981308,0.0670926517571885,1,Bot,Bot
20170707_1753,2017-07-07 17:53:00,2017-07-07 17:53:59,2017-07-07,Friday,234,344,89.28333333333333,34076.38333333333,16073912.046511628,37976116.6894346,0.7267441860465116,381.66567108456223,170.25610231175654,0.9691289966923925,11,48,0.34593023255813954,0.047787941011760315,1,Bot,Bot
20170707_1754,2017-07-07 17:54:00,2017-07-07 17:54:59,2017-07-07,Friday,235,55,12.9,1633.25,5408988.418181818,23106440.409426413,0.8909090909090909,126.60852713178295,91.51669235300139,1.7877697841726619,11,22,0.6,0.06847545219638243,1,Bot,Bot
20170707_1755,2017-07-07 17:55:00,2017-07-07 17:55:59,2017-07-07,Friday,236,349,213.48333333333332,181529.48333333334,5769703.5300859595,15377447.503104594,0.7564469914040115,850.321570770552,163.51123916342263,0.9644226345652507,17,43,0.28653295128939826,0.01889296588336326,0,BENIGN,BENIGN
20170707_1756,2017-07-07 17:56:00,2017-07-07 17:56:59,2017-07-07,Friday,237,81,12.75,1397.2333333333333,4572606.209876543,18355086.00754472,0.7283950617283951,109.58692810457516,76.47982212033999,1.7357142857142858,12,25,0.5802469135802469,0.06535947712418301,1,Bot,Bot
20170707_1757,2017-07-07 17:57:00,2017-07-07 17:57:59,2017-07-07,Friday,238,97,18.816666666666666,3023.4,2150695.793814433,13251782.00406279,0.8969072164948454,160.6767050487157,108.09680674978044,1.1814671814671815,15,10,0.3402061855670103,0.06820194862710363,1,Bot,Bot
20170707_1758,2017-07-07 17:58:00,2017-07-07 17:58:59,2017-07-07,Friday,239,46,15.033333333333333,1503.0333333333333,5002353.891304348,21782116.255404226,0.8043478260869565,99.98004434589801,71.08734509628417,1.6023054755043227,13,10,0.34782608695652173,0.04212860310421286,1,Bot,Bot
20170707_1759,2017-07-07 17:59:00,2017-07-07 17:59:59,2017-07-07,Friday,240,55,11.183333333333334,1286.9666666666667,6733326.781818182,24709361.755470715,0.8181818181818182,115.07898658718331,67.17626635065513,1.1265822784810127,9,19,0.5636363636363636,0.07004470938897168,1,Bot,Bot
20170707_1800,2017-07-07 18:00:00,2017-07-07 18:00:59,2017-07-07,Friday,241,108,27.116666666666667,4292.45,5747642.546296297,19524961.553925537,0.7962962962962963,158.29563614013523,147.9960336042215,1.4969325153374233,20,23,0.26851851851851855,0.059618930547019056,0,BENIGN,BENIGN
20170707_1801,2017-07-07 18:01:00,2017-07-07 18:01:59,2017-07-07,Friday,242,74,9.616666666666667,995.1,3438981.581081081,15294001.395871982,0.8648648648648649,103.47660311958406,48.02981941803928,1.3786008230452675,10,17,0.4189189189189189,0.07105719237435008,0,BENIGN,BENIGN
20170707_1802,2017-07-07 18:02:00,2017-07-07 18:02:59,2017-07-07,Friday,243,52,11.15,1739.8166666666666,9331326.365384616,27723636.300493598,0.7692307692307693,156.0373692077728,109.65058549692206,2.0454545454545454,12,18,0.5192307692307693,0.052316890881913304,0,BENIGN,BENIGN
20170707_1803,2017-07-07 18:03:00,2017-07-07 18:03:59,2017-07-07,Friday,244,33,4.483333333333333,445.78333333333336,5377751.393939394,20746159.542955086,0.7878787878787878,99.43122676579925,57.81866561036592,0.9852941176470589,7,17,0.3939393939393939,0.05947955390334572,0,BENIGN,BENIGN
20170707_1804,2017-07-07 18:04:00,2017-07-07 18:04:59,2017-07-07,Friday,245,1036,220.63333333333333,91409.86666666667,12884530.017374517,33296388.80967201,0.775096525096525,414.3066928539054,114.70306765324376,1.0345781466113417,16,128,0.26158301158301156,0.03996071914186433,0,BENIGN,BENIGN
20170707_1805,2017-07-07 18:05:00,2017-07-07 18:05:59,2017-07-07,Friday,246,32,3.5,428.3666666666667,4586253.53125,15380928.152913764,0.78125,122.39047619047619,91.92054452636526,1.153061224489796,6,7,0.21875,0.05714285714285714,1,PortScan,PortScan
20170707_1806,2017-07-07 18:06:00,2017-07-07 18:06:59,2017-07-07,Friday,247,80,43.93333333333333,31023.333333333332,22114478.7875,42920727.05134588,0.7,706.1456752655539,123.70917128604151,0.987189148455162,12,22,0.625,0.021623672230652504,1,PortScan,PortScan
20170707_1807,2017-07-07 18:07:00,2017-07-07 18:07:59,2017-07-07,Friday,248,239,135.7,109354.1,11200502.70711297,28204164.934164304,0.6610878661087866,805.8518791451731,184.7586398163481,0.8003537475127128,14,31,0.40585774058577406,0.021739130434782608,0,BENIGN,BENIGN
20170707_1808,2017-07-07 18:08:00,2017-07-07 18:08:59,2017-07-07,Friday,249,927,320.3833333333333,154577.88333333333,16623763.868392665,35982111.537988804,0.7281553398058253,482.47791707849973,191.932622274258,0.9149317661121625,13,116,0.3635382955771305,0.034698017999271705,0,BENIGN,BENIGN
20170707_1809,2017-07-07 18:09:00,2017-07-07 18:09:59,2017-07-07,Friday,250,176,32.5,7666.683333333333,10544082.431818182,31188361.82652955,0.7727272727272727,235.8979487179487,114.97054641352847,1.079957356076759,16,40,0.3693181818181818,0.05692307692307692,0,BENIGN,BENIGN
20170707_1810,2017-07-07 18:10:00,2017-07-07 18:10:59,2017-07-07,Friday,251,121,23.533333333333335,4071.9,15001528.545454545,30016263.91772234,0.6694214876033058,173.02691218130312,93.6621462008257,1.2975609756097561,15,33,0.4380165289256198,0.03541076487252125,0,BENIGN,BENIGN
20170707_1811,2017-07-07 18:11:00,2017-07-07 18:11:59,2017-07-07,Friday,252,747,234.68333333333334,145040.5,12993367.215528782,31361878.63711047,0.6987951807228916,618.026418578226,148.41493883415765,0.8773496867084388,12,127,0.34805890227576974,0.030537603863361976,0,BENIGN,BENIGN
20170707_1812,2017-07-07 18:12:00,2017-07-07 18:12:59,2017-07-07,Friday,253,95,17.183333333333334,3141.9333333333334,11092959.084210526,29625208.204054337,0.631578947368421,182.84772065955383,105.03386825978608,1.1680672268907564,12,37,0.45263157894736844,0.058195926285160036,0,BENIGN,BENIGN
20170707_1813,2017-07-07 18:13:00,2017-07-07 18:13:59,2017-07-07,Friday,254,327,65.16666666666667,20299.966666666667,14459542.128440367,35752027.728871375,0.7308868501529052,311.5084398976982,124.52069256071232,1.138326954620011,12,54,0.327217125382263,0.04884910485933504,0,BENIGN,BENIGN
20170707_1814,2017-07-07 18:14:00,2017-07-07 18:14:59,2017-07-07,Friday,255,301,74.16666666666667,27868.05,15675516.485049834,37075382.83992606,0.6843853820598007,375.74898876404495,160.6440873329022,1.0158514492753623,10,61,0.44518272425249167,0.0501123595505618,0,BENIGN,BENIGN
20170707_1815,2017-07-07 18:15:00,2017-07-07 18:15:59,2017-07-07,Friday,256,354,115.26666666666667,64785.55,16262687.31920904,37770010.03489455,0.7457627118644068,562.0493059572007,160.4480314214283,0.9700939903161493,12,60,0.3333333333333333,0.03195488721804511,0,BENIGN,BENIGN
20170707_1816,2017-07-07 18:16:00,2017-07-07 18:16:59,2017-07-07,Friday,257,117,17.483333333333334,2336.3,6864544.025641026,23214315.19920908,0.7948717948717948,133.63012392755004,77.54483249057358,1.2483940042826553,15,30,0.41025641025641024,0.058150619637750235,0,BENIGN,BENIGN
20170707_1817,2017-07-07 18:17:00,2017-07-07 18:17:59,2017-07-07,Friday,258,821,224.11666666666667,122074.73333333334,16674334.495736906,36988572.07513294,0.7101096224116931,544.692793931732,169.7525538786577,0.926923628026938,12,132,0.31303288672350793,0.03643935450286309,0,BENIGN,BENIGN
20170707_1818,2017-07-07 18:18:00,2017-07-07 18:18:59,2017-07-07,Friday,259,646,191.35,85551.15,19176941.6625387,40153798.05480432,0.6873065015479877,447.0925006532532,186.2376956742095,0.9120732722731058,10,98,0.3668730650154799,0.04189530528699591,0,BENIGN,BENIGN
20170707_1819,2017-07-07 18:19:00,2017-07-07 18:19:59,2017-07-07,Friday,260,101,21.433333333333334,1969.2166666666667,9312025.712871287,26436636.852332015,0.7029702970297029,91.87636080870918,70.73318663228893,1.513671875,15,28,0.6336633663366337,0.07153965785381027,0,BENIGN,BENIGN
20170707_1820,2017-07-07 18:20:00,2017-07-07 18:20:59,2017-07-07,Friday,261,74,11.583333333333334,683.5333333333333,5267353.986486486,16579650.213983675,0.5405405405405406,59.01007194244605,53.1186132066429,1.2379421221864952,8,45,0.7297297297297297,0.053237410071942444,0,BENIGN,BENIGN
20170707_1821,2017-07-07 18:21:00,2017-07-07 18:21:59,2017-07-07,Friday,262,185,46.416666666666664,10592.033333333333,17370697.335135136,39403765.41537106,0.6594594594594595,228.19461400359066,118.78064822466152,1.1647241647241646,12,55,0.572972972972973,0.04631956912028725,0,BENIGN,BENIGN
20170707_1822,2017-07-07 18:22:00,2017-07-07 18:22:59,2017-07-07,Friday,263,607,146.05,55911.566666666666,14976691.47940692,35161057.71305265,0.7347611202635914,382.8248316786489,191.88685666852524,1.001827318410233,12,89,0.3311367380560132,0.04770055916923428,0,BENIGN,BENIGN
20170707_1823,2017-07-07 18:23:00,2017-07-07 18:23:59,2017-07-07,Friday,264,361,86.83333333333333,29119.25,14883370.681440443,34114607.75864795,0.6592797783933518,335.3464491362764,200.21390133887667,1.0827338129496402,12,57,0.4515235457063712,0.0581573896353167,0,BENIGN,BENIGN
20170707_1824,2017-07-07 18:24:00,2017-07-07 18:24:59,2017-07-07,Friday,265,230,143.15,126010.11666666667,13819885.17826087,28200090.50225263,0.5217391304347826,880.2662708115031,280.09196544572876,0.7866056572379367,8,49,0.5565217391304348,0.027244149493538247,0,BENIGN,BENIGN
20170707_1825,2017-07-07 18:25:00,2017-07-07 18:25:59,2017-07-07,Friday,266,673,270.6666666666667,170487.85,18953685.68499257,40248046.02277228,0.75037147102526,629.8812192118227,163.92701967943347,0.8397145446307205,14,101,0.3075780089153046,0.024076354679802955,0,BENIGN,BENIGN
20170707_1826,2017-07-07 18:26:00,2017-07-07 18:26:59,2017-07-07,Friday,267,202,42.68333333333333,14495.85,6162813.272277228,19050682.61678023,0.693069306930693,339.61382272549787,215.63969183650784,1.1314475873544094,16,30,0.47029702970297027,0.069113627489262,0,BENIGN,BENIGN
20170707_1827,2017-07-07 18:27:00,2017-07-07 18:27:59,2017-07-07,Friday,268,160,121.26666666666667,78584.31666666667,19057044.36875,41159853.04849156,0.7375,648.0289994502474,173.03603517253526,0.7705596107055961,11,40,0.35,0.016217702034084663,0,BENIGN,BENIGN
20170707_1828,2017-07-07 18:28:00,2017-07-07 18:28:59,2017-07-07,Friday,269,668,198.43333333333334,91716.91666666667,18757797.017964073,40586426.74453434,0.7305389221556886,462.20519066017135,157.2994228523179,0.9002553463134376,11,89,0.36077844311377244,0.03695615655971779,0,BENIGN,BENIGN
20170707_1829,2017-07-07 18:29:00,2017-07-07 18:29:59,2017-07-07,Friday,270,354,141.13333333333333,98476.23333333334,13295027.48022599,28901879.7136721,0.7203389830508474,697.753188474256,203.86770991510255,0.9941134918766188,15,74,0.4322033898305085,0.03613604156825697,0,BENIGN,BENIGN
20170707_1830,2017-07-07 18:30:00,2017-07-07 18:30:59,2017-07-07,Friday,271,71,21.016666666666666,3639.8333333333335,12171614.873239437,29417645.357027434,0.647887323943662,173.18794607454402,121.62253517140165,1.1909722222222223,16,32,0.647887323943662,0.05313243457573354,0,BENIGN,BENIGN
20170707_1831,2017-07-07 18:31:00,2017-07-07 18:31:59,2017-07-07,Friday,272,879,223.98333333333332,86962.53333333334,17447797.75767918,38475598.68531847,0.6803185437997725,388.2544832204777,149.2789034111244,0.9985130111524163,14,105,0.38111490329920367,0.04509264082148969,0,BENIGN,BENIGN
20170707_1832,2017-07-07 18:32:00,2017-07-07 18:32:59,2017-07-07,Friday,273,146,28.516666666666666,5201.4,14191008.267123288,35850850.234916404,0.7054794520547946,182.39859731151373,106.62413148865538,1.1753494282083863,10,35,0.3219178082191781,0.04441846873173583,0,BENIGN,BENIGN
20170707_1833,2017-07-07 18:33:00,2017-07-07 18:33:59,2017-07-07,Friday,274,58,13.266666666666667,1938.9,16246845.827586208,34507801.97679502,0.6896551724137931,146.14824120603015,107.7239101107852,1.154054054054054,14,19,0.8620689655172413,0.08165829145728644,0,BENIGN,BENIGN
20170707_1834,2017-07-07 18:34:00,2017-07-07 18:34:59,2017-07-07,Friday,275,2844,1174.6333333333334,757582.0166666667,18813969.847046413,36769821.58637087,0.630801687763713,644.9519140724765,160.50631057296417,0.8766375545851528,17,364,0.3709563994374121,0.029668832827265245,0,BENIGN,BENIGN
20170707_1835,2017-07-07 18:35:00,2017-07-07 18:35:59,2017-07-07,Friday,276,1833,409.53333333333336,121502.45,15979797.741407529,33236647.446007736,0.5897435897435898,296.685129415595,182.49846162948967,1.0301553205551883,12,229,0.42007637752318605,0.06434152694123392,0,BENIGN,BENIGN
20170707_1836,2017-07-07 18:36:00,2017-07-07 18:36:59,2017-07-07,Friday,277,2732,1005.1333333333333,638590.7166666667,14942624.23169839,34382532.2094467,0.6965592972181552,635.3293592889833,280.18599085719825,0.8006449108768996,13,328,0.5234260614934114,0.04405717317768787,0,BENIGN,BENIGN
20170707_1837,2017-07-07 18:37:00,2017-07-07 18:37:59,2017-07-07,Friday,278,361,107.01666666666667,44580.433333333334,22037787.04432133,41321558.33142065,0.6204986149584487,416.57467684161344,148.82567784969666,1.0006230529595015,11,77,0.45429362880886426,0.035352748793022894,0,BENIGN,BENIGN
20170707_1838,2017-07-07 18:38:00,2017-07-07 18:38:59,2017-07-07,Friday,279,913,213.41666666666666,85629.56666666667,16453753.497261774,34057878.506451085,0.6133625410733844,401.23186255368995,150.9629352150838,1.0037552808637147,12,182,0.45673603504928806,0.047012885591565794,0,BENIGN,BENIGN
20170707_1839,2017-07-07 18:39:00,2017-07-07 18:39:59,2017-07-07,Friday,280,712,221.81666666666666,106804.23333333334,16671435.45505618,36121550.580178946,0.6460674157303371,481.497783454805,186.91187287580203,0.9063305643082211,13,130,0.42275280898876405,0.0400480877601623,0,BENIGN,BENIGN
20170707_1840,2017-07-07 18:40:00,2017-07-07 18:40:59,2017-07-07,Friday,281,821,202.83333333333334,80011.26666666666,12974852.641900122,32860768.313453205,0.7649208282582217,394.4680361544782,184.04593226309464,1.0044466403162056,17,106,0.3215590742996346,0.04067378800328677,0,BENIGN,BENIGN
20170707_1841,2017-07-07 18:41:00,2017-07-07 18:41:59,2017-07-07,Friday,282,192,28.966666666666665,4424.183333333333,11422010.291666666,29918315.522713166,0.78125,152.7336018411968,110.09675446145387,1.0702380952380952,17,44,0.390625,0.05581127733026467,0,BENIGN,BENIGN
20170707_1842,2017-07-07 18:42:00,2017-07-07 18:42:59,2017-07-07,Friday,283,645,171.83333333333334,74794.0,18846438.950387597,38965837.7239572,0.662015503875969,435.270611057226,153.94525605582538,0.9970947123765252,11,114,0.34728682170542635,0.03588748787584869,0,BENIGN,BENIGN
20170707_1843,2017-07-07 18:43:00,2017-07-07 18:43:59,2017-07-07,Friday,284,423,75.85,32586.866666666665,9875172.3356974,30485199.335934225,0.8321513002364066,429.6225005493298,149.45851883371228,0.9774109470026064,21,62,0.3309692671394799,0.049439683586025046,0,BENIGN,BENIGN
20170707_1844,2017-07-07 18:44:00,2017-07-07 18:44:59,2017-07-07,Friday,285,143,27.25,5500.8,12967852.482517483,33744757.61006099,0.7412587412587412,201.86422018348622,92.86343982093142,1.377906976744186,10,38,0.4965034965034965,0.056269113149847096,0,BENIGN,BENIGN
20170707_1845,2017-07-07 18:45:00,2017-07-07 18:45:59,2017-07-07,Friday,286,1065,214.56666666666666,78172.06666666667,11473865.94460094,29501653.5834778,0.7342723004694836,364.3253068199472,115.35722129149764,1.0148669796557122,16,151,0.27793427230046946,0.044197607581171354,0,BENIGN,BENIGN
20170707_1846,2017-07-07 18:46:00,2017-07-07 18:46:59,2017-07-07,Friday,287,999,165.03333333333333,56581.65,6410098.152152152,16814132.81015254,0.7397397397397397,342.8498283175116,136.81557202923486,1.0844032835192592,16,83,0.2822822822822823,0.0542314683902242,0,BENIGN,BENIGN
20170707_1847,2017-07-07 18:47:00,2017-07-07 18:47:59,2017-07-07,Friday,288,968,325.8,189557.25,14743807.598140497,34855306.43348001,0.7200413223140496,581.8209023941068,173.59383315689774,0.9927624872579001,14,132,0.3119834710743802,0.03171679967260078,0,BENIGN,BENIGN
20170707_1848,2017-07-07 18:48:00,2017-07-07 18:48:59,2017-07-07,Friday,289,837,413.03333333333336,321816.31666666665,16055077.12544803,37463258.62884912,0.7335722819593787,779.153377451376,166.58839498287796,0.9414806110458285,13,86,0.3428912783751493,0.023081268662739084,0,BENIGN,BENIGN
20170707_1849,2017-07-07 18:49:00,2017-07-07 18:49:59,2017-07-07,Friday,290,166,39.233333333333334,6019.35,21733039.879518073,44280928.66764754,0.7530120481927711,153.42438402718776,143.3032974593866,1.1866295264623956,12,36,0.43373493975903615,0.04630416312659303,0,BENIGN,BENIGN
20170707_1850,2017-07-07 18:50:00,2017-07-07 18:50:59,2017-07-07,Friday,291,442,170.16666666666666,117827.43333333333,13632979.171945702,33708583.53403327,0.7239819004524887,692.4237022526935,162.95870269849553,0.86672760511883,13,78,0.4411764705882353,0.02830558276199804,0,BENIGN,BENIGN
20170707_1851,2017-07-07 18:51:00,2017-07-07 18:51:59,2017-07-07,Friday,292,133,25.95,3500.45,13067434.338345865,31827572.95982915,0.5714285714285714,134.8921001926782,99.07885566050868,1.2385057471264367,15,51,0.5864661654135338,0.04174694926140013,0,BENIGN,BENIGN
20170707_1852,2017-07-07 18:52:00,2017-07-07 18:52:59,2017-07-07,Friday,293,284,99.31666666666666,51433.75,12663789.852112677,33489560.57808032,0.7640845070422535,517.8763215304581,110.02080458276495,0.8807194698643105,15,52,0.2535211267605634,0.019634166806511158,1,PortScan,PortScan
20170707_1853,2017-07-07 18:53:00,2017-07-07 18:53:59,2017-07-07,Friday,294,776,160.2,43598.0,14533643.844072165,34614732.73544283,0.7074742268041238,272.14731585518103,157.07262629235973,1.1044220665499125,14,124,0.3389175257731959,0.05045776113191844,0,BENIGN,BENIGN
20170707_1854,2017-07-07 18:54:00,2017-07-07 18:54:59,2017-07-07,Friday,295,374,207.43333333333334,124278.43333333333,14665839.737967914,34238848.938042805,0.6871657754010695,599.124698698377,182.82888737654142,0.9043757649938801,14,51,0.3770053475935829,0.02330065884621565,0,BENIGN,BENIGN
20170707_1855,2017-07-07 18:55:00,2017-07-07 18:55:59,2017-07-07,Friday,296,1246,303.35,97969.61666666667,14846491.54975923,34457870.92017527,0.7271268057784912,322.95901324103073,187.51922694723197,1.0447090541451358,18,149,0.3924558587479936,0.0521949343442668,1,PortScan,PortScan
20170707_1856,2017-07-07 18:56:00,2017-07-07 18:56:59,2017-07-07,Friday,297,340,70.93333333333334,23681.016666666666,12013849.141176471,31581704.404393647,0.7176470588235294,333.8489191729323,180.032519452672,1.1920700308959835,18,66,0.5558823529411765,0.07166353383458647,1,PortScan,PortScan
20170707_1857,2017-07-07 18:57:00,2017-07-07 18:57:59,2017-07-07,Friday,298,671,155.2,60510.2,12397903.995529061,30948034.423299648,0.7049180327868853,389.8853092783505,156.84890860271608,1.016673884798614,16,95,0.368107302533532,0.040378006872852236,1,PortScan,PortScan
20170707_1858,2017-07-07 18:58:00,2017-07-07 18:58:59,2017-07-07,Friday,299,663,135.65,43626.63333333333,14599699.945701357,34113275.65585004,0.6998491704374057,321.61174591473156,149.19676802577575,1.02638785163057,14,105,0.3695324283559578,0.04853176065855756,1,PortScan,PortScan
20170707_1859,2017-07-07 18:59:00,2017-07-07 18:59:59,2017-07-07,Friday,300,1079,336.0,175386.0,16845802.610750694,36186727.50326581,0.6811862835959221,521.9821428571429,177.74691043342767,0.8688357434186132,11,125,0.36886005560704355,0.037251984126984126,1,PortScan,PortScan
20170707_1900,2017-07-07 19:00:00,2017-07-07 19:00:59,2017-07-07,Friday,301,438,99.66666666666667,39711.25,11148885.60502283,28850346.639802326,0.7511415525114156,398.440635451505,134.9424291641225,0.9584151931892599,17,60,0.4497716894977169,0.05434782608695652,1,PortScan,PortScan
20170707_1901,2017-07-07 19:01:00,2017-07-07 19:01:59,2017-07-07,Friday,302,321,97.75,48377.066666666666,12239598.841121495,28075875.084526666,0.6573208722741433,494.906052855925,188.3920418824687,1.075725406935598,18,83,0.4797507788161994,0.04092071611253197,0,BENIGN,BENIGN
20170707_1902,2017-07-07 19:02:00,2017-07-07 19:02:59,2017-07-07,Friday,303,316,107.56666666666666,68635.75,12297222.237341773,31994557.06098495,0.6772151898734177,638.0763867369074,181.00926434644833,0.8962984723854289,12,70,0.38924050632911394,0.029903935543848775,0,BENIGN,BENIGN
20170707_1903,2017-07-07 19:03:00,2017-07-07 19:03:59,2017-07-07,Friday,304,194,70.55,32146.05,12429084.216494845,32035482.182902586,0.6907216494845361,455.6491849751949,137.67025779953923,0.9167043911272069,12,38,0.4381443298969072,0.03047484053862509,0,BENIGN,BENIGN
20170707_1904,2017-07-07 19:04:00,2017-07-07 19:04:59,2017-07-07,Friday,305,528,93.5,28460.133333333335,11563721.856060605,31637224.936710786,0.8162878787878788,304.38645276292334,123.76671131777974,1.0168943206326384,14,59,0.23295454545454544,0.040106951871657755,0,BENIGN,BENIGN
20170707_1905,2017-07-07 19:05:00,2017-07-07 19:05:59,2017-07-07,Friday,306,653,190.36666666666667,86293.21666666666,17337364.160796326,37707775.34519142,0.7059724349157733,453.3000350201366,159.17482182421375,0.9253328838698803,11,115,0.3445635528330781,0.03537033794431798,0,BENIGN,BENIGN
20170707_1906,2017-07-07 19:06:00,2017-07-07 19:06:59,2017-07-07,Friday,307,400,204.31666666666666,137932.53333333333,18514033.0575,38791293.63049567,0.575,675.0919324577861,202.75203681681194,0.8101284512033072,15,54,0.365,0.023819234847866872,0,BENIGN,BENIGN
20170707_1907,2017-07-07 19:07:00,2017-07-07 19:07:59,2017-07-07,Friday,308,921,236.7,118523.03333333334,16357917.155266015,36027565.166993216,0.6970684039087948,500.7310237994649,125.72405857981157,0.9448171984116117,15,133,0.2975027144408252,0.03569919729615547,0,BENIGN,BENIGN
20170707_1908,2017-07-07 19:08:00,2017-07-07 19:08:59,2017-07-07,Friday,309,1261,340.1,133117.15,19703403.9777954,39989404.536556356,0.6796193497224425,391.4059100264628,174.83990567443547,0.9357806867767027,15,172,0.3457573354480571,0.039841223169655986,0,BENIGN,BENIGN
20170707_1909,2017-07-07 19:09:00,2017-07-07 19:09:59,2017-07-07,Friday,310,620,166.3,85869.15,18311599.616129033,38638764.18274121,0.717741935483871,516.35087191822,163.7693923251492,1.006635833500905,13,95,0.2854838709677419,0.03397474443776308,0,BENIGN,BENIGN
20170707_1910,2017-07-07 19:10:00,2017-07-07 19:10:59,2017-07-07,Friday,311,1321,279.85,108513.66666666667,13468323.75018925,33773245.571737,0.7479182437547313,387.7565362396522,158.8758316265267,0.994062462890393,16,159,0.3111279333838001,0.044905008635578586,0,BENIGN,BENIGN
20170707_1911,2017-07-07 19:11:00,2017-07-07 19:11:59,2017-07-07,Friday,312,500,160.96666666666667,87256.71666666666,10849759.106,26778402.44707218,0.658,542.0794160281632,157.85764842737865,0.9115377003760142,19,81,0.378,0.03189066059225513,0,BENIGN,BENIGN
20170707_1912,2017-07-07 19:12:00,2017-07-07 19:12:59,2017-07-07,Friday,313,277,56.666666666666664,13495.4,16055437.8267148,36387665.596075185,0.7075812274368231,238.15411764705883,98.90915227359187,1.0232004759071982,15,56,0.2996389891696751,0.03823529411764706,0,BENIGN,BENIGN
20170707_1913,2017-07-07 19:13:00,2017-07-07 19:13:59,2017-07-07,Friday,314,1643,386.6,154985.48333333334,15030910.690809496,33940315.951599374,0.6962872793670115,400.8936454561131,157.5153483985417,0.9860445205479452,18,234,0.3536214242239805,0.04841351957234006,0,BENIGN,BENIGN
20170707_1914,2017-07-07 19:14:00,2017-07-07 19:14:59,2017-07-07,Friday,315,846,214.38333333333333,102566.75,14324909.594562648,33242287.146298315,0.6761229314420804,478.42688330871493,187.00173308961257,0.915711094564408,11,122,0.3806146572104019,0.04617896291689341,1,PortScan,PortScan
20170707_1915,2017-07-07 19:15:00,2017-07-07 19:15:59,2017-07-07,Friday,316,557,113.56666666666666,37433.433333333334,11405047.229802513,27337191.50517693,0.7109515260323159,329.61637804520103,193.6859231222478,1.052710843373494,20,89,0.45960502692998206,0.06486645142353976,1,PortScan,PortScan
20170707_1916,2017-07-07 19:16:00,2017-07-07 19:16:59,2017-07-07,Friday,317,918,178.65,44527.083333333336,13927462.833333334,33676093.56899623,0.6993464052287581,249.24200018658456,160.56537304012858,1.0493213534697,16,140,0.37363834422657954,0.059147308517585595,1,PortScan,PortScan
20170707_1917,2017-07-07 19:17:00,2017-07-07 19:17:59,2017-07-07,Friday,318,108,51.916666666666664,32835.9,13175135.129629629,32099017.577106997,0.7222222222222222,632.4731942215088,112.48241582564953,0.9093137254901961,13,31,0.46296296296296297,0.02086677367576244,0,BENIGN,BENIGN
20170707_1918,2017-07-07 19:18:00,2017-07-07 19:18:59,2017-07-07,Friday,319,651,232.16666666666666,119394.48333333334,22274527.76344086,41496642.81311256,0.6682027649769585,514.2619526202441,180.3392960475356,0.8719430260682612,11,102,0.3579109062980031,0.03165829145728643,0,BENIGN,BENIGN
20170707_1919,2017-07-07 19:19:00,2017-07-07 19:19:59,2017-07-07,Friday,320,447,180.45,101149.78333333334,20106393.53691275,39448235.936237685,0.6845637583892618,560.5418860256766,178.51671042464017,0.8717372515125325,16,76,0.36017897091722595,0.02641544287429574,0,BENIGN,BENIGN
20170707_1920,2017-07-07 19:20:00,2017-07-07 19:20:59,2017-07-07,Friday,321,1208,297.55,130492.11666666667,15055035.21937086,34265257.99722647,0.7094370860927153,438.55525681958216,179.70171260165787,0.9314149718736477,20,168,0.39983443708609273,0.05130790343359659,0,BENIGN,BENIGN
20170707_1921,2017-07-07 19:21:00,2017-07-07 19:21:59,2017-07-07,Friday,322,238,38.61666666666667,5123.966666666666,10748394.785714285,27714332.84212926,0.7352941176470589,132.68795856711264,142.33552084950884,1.283743842364532,16,45,0.3487394957983193,0.06387570133793699,0,BENIGN,BENIGN
20170707_1922,2017-07-07 19:22:00,2017-07-07 19:22:59,2017-07-07,Friday,323,716,230.75,138952.53333333333,13476664.836592179,33788683.18236295,0.7164804469273743,602.1778259299386,136.9041743695806,0.8784425451092118,16,93,0.3226256983240223,0.028096785843264718,0,BENIGN,BENIGN
20170707_1923,2017-07-07 19:23:00,2017-07-07 19:23:59,2017-07-07,Friday,324,603,201.28333333333333,97366.85,18492444.976782754,38012479.369887926,0.6467661691542289,483.7303138196572,200.5008746645561,0.8783825816485226,10,88,0.4660033167495854,0.042311832408710774,0,BENIGN,BENIGN
20170707_1924,2017-07-07 19:24:00,2017-07-07 19:24:59,2017-07-07,Friday,325,836,231.85,107932.86666666667,23763765.71172249,43289336.60708558,0.6854066985645934,465.5288620516138,169.65125806366066,0.9468233977050098,9,110,0.3397129186602871,0.03809934584142046,0,BENIGN,BENIGN
20170707_1925,2017-07-07 19:25:00,2017-07-07 19:25:59,2017-07-07,Friday,326,1831,462.78333333333336,247013.63333333333,12244264.288367013,31748469.560993336,0.7345712725286728,533.7565455396694,144.48680611203375,0.9029605263157895,15,189,0.2867285636264336,0.036878308783808114,0,BENIGN,BENIGN
20170707_1926,2017-07-07 19:26:00,2017-07-07 19:26:59,2017-07-07,Friday,327,151,35.06666666666667,12152.533333333333,13333764.476821192,33174106.322364125,0.6688741721854304,346.5551330798479,134.65026183305275,1.0009505703422052,13,48,0.46357615894039733,0.04182509505703422,0,BENIGN,BENIGN
20170707_1927,2017-07-07 19:27:00,2017-07-07 19:27:59,2017-07-07,Friday,328,618,160.85,58589.833333333336,18716649.86893204,38596428.30505201,0.6957928802588996,364.25137291472385,152.9092446806265,1.0418870319441507,15,95,0.38996763754045305,0.03978862294062791,0,BENIGN,BENIGN
20170707_1928,2017-07-07 19:28:00,2017-07-07 19:28:59,2017-07-07,Friday,329,1258,269.3666666666667,97745.51666666666,14029027.104928458,34375762.250689805,0.6915739268680445,362.8716124242049,160.57614946327425,1.044913967611336,21,167,0.33465818759936405,0.04974631852493503,0,BENIGN,BENIGN
20170707_1929,2017-07-07 19:29:00,2017-07-07 19:29:59,2017-07-07,Friday,330,810,265.7,127602.63333333333,19677024.99259259,39704348.42708417,0.6666666666666666,480.2507840923347,193.73149830669286,0.8905490335586387,12,129,0.36666666666666664,0.03663279387780705,0,BENIGN,BENIGN
20170707_1930,2017-07-07 19:30:00,2017-07-07 19:30:59,2017-07-07,Friday,331,958,277.3333333333333,158145.91666666666,14210416.912317328,34379834.44753109,0.7150313152400835,570.2376802884615,141.09037040237425,0.8412259349413587,12,127,0.3267223382045929,0.034254807692307696,0,BENIGN,BENIGN
20170707_1931,2017-07-07 19:31:00,2017-07-07 19:31:59,2017-07-07,Friday,332,162,41.3,12212.416666666666,15618848.216049382,35371124.92813514,0.6111111111111112,295.7001614205004,117.74286543864773,1.1575282854656224,14,49,0.41975308641975306,0.031476997578692496,0,BENIGN,BENIGN
20170707_1932,2017-07-07 19:32:00,2017-07-07 19:32:59,2017-07-07,Friday,333,127,96.0,70885.85,20369185.20472441,38359073.73768167,0.4881889763779528,738.3942708333333,172.54521143848865,0.8686344469672397,12,45,0.7244094488188977,0.01579861111111111,0,BENIGN,BENIGN
20170707_1933,2017-07-07 19:33:00,2017-07-07 19:33:59,2017-07-07,Friday,334,448,104.31666666666666,31598.383333333335,14590623.044642856,35131340.45570028,0.703125,302.9082920594344,158.8905459481086,1.0887554220887554,13,85,0.35044642857142855,0.044735580763700274,0,BENIGN,BENIGN
20170707_1934,2017-07-07 19:34:00,2017-07-07 19:34:59,2017-07-07,Friday,335,388,139.06666666666666,79290.33333333333,14421014.75515464,32598456.263686653,0.6855670103092784,570.160594439118,192.91382135256293,0.7984913793103449,14,67,0.4072164948453608,0.0387104506232023,0,BENIGN,BENIGN
20170707_1935,2017-07-07 19:35:00,2017-07-07 19:35:59,2017-07-07,Friday,336,769,208.73333333333332,112666.86666666667,14537822.097529259,34893138.34517666,0.7438231469440832,539.7646119450654,127.48832664325789,0.879783881134624,14,88,0.27828348504551365,0.032337911210475884,0,BENIGN,BENIGN
20170707_1936,2017-07-07 19:36:00,2017-07-07 19:36:59,2017-07-07,Friday,337,723,217.23333333333332,112803.36666666667,17747651.437067773,38737033.23031847,0.6970954356846473,519.2728249194414,203.874996558111,0.8984852898339645,11,111,0.3457814661134163,0.038131041890440386,0,BENIGN,BENIGN
20170707_1937,2017-07-07 19:37:00,2017-07-07 19:37:59,2017-07-07,Friday,338,905,251.56666666666666,101890.96666666666,19310986.55469613,38492578.978004955,0.6839779005524862,405.0257055783755,181.4104209957631,0.9890631176703123,11,144,0.3624309392265193,0.04001590035775805,0,BENIGN,BENIGN
20170707_1938,2017-07-07 19:38:00,2017-07-07 19:38:59,2017-07-07,Friday,339,109,42.8,20455.233333333334,24112040.19266055,38243986.966304876,0.48623853211009177,477.9260124610592,230.8702852283484,1.0502793296089385,14,39,0.6605504587155964,0.03777258566978193,0,BENIGN,BENIGN
20170707_1939,2017-07-07 19:39:00,2017-07-07 19:39:59,2017-07-07,Friday,340,1070,317.3,155164.2,17916685.990654204,38585688.380670115,0.6934579439252336,489.0141821619918,203.60366533089825,0.9285858995137763,12,180,0.3850467289719626,0.040130265784221034,0,BENIGN,BENIGN
20170707_1940,2017-07-07 19:40:00,2017-07-07 19:40:59,2017-07-07,Friday,341,833,249.75,142780.95,15345266.140456183,35260650.242858276,0.7106842737094838,571.6954954954955,132.92737916513968,0.8938455705800581,16,100,0.28691476590636256,0.03229896563229897,0,BENIGN,BENIGN
20170707_1941,2017-07-07 19:41:00,2017-07-07 19:41:59,2017-07-07,Friday,342,976,349.75,223825.93333333332,17146447.24692623,37753090.82813131,0.7172131147540983,639.9597807958065,192.60935382832008,0.7834622248661511,8,140,0.33709016393442626,0.03064093400047653,0,BENIGN,BENIGN
20170707_1942,2017-07-07 19:42:00,2017-07-07 19:42:59,2017-07-07,Friday,343,251,60.666666666666664,18600.866666666665,11284690.66135458,29214810.34812624,0.6175298804780877,306.60769230769233,152.86185622990973,1.2093446601941749,14,74,0.5418326693227091,0.0510989010989011,0,BENIGN,BENIGN
20170707_1943,2017-07-07 19:43:00,2017-07-07 19:43:59,2017-07-07,Friday,344,246,56.7,19396.766666666666,13491936.036585366,32981722.09900134,0.6747967479674797,342.0946502057613,159.21601688241222,1.0463018641010222,14,57,0.483739837398374,0.05202821869488536,0,BENIGN,BENIGN
20170707_1944,2017-07-07 19:44:00,2017-07-07 19:44:59,2017-07-07,Friday,345,76,17.816666666666666,1617.55,15002364.210526315,32806415.32707149,0.618421052631579,90.78858746492048,74.47041856251998,1.6616915422885572,10,32,0.40789473684210525,0.031805425631431246,0,BENIGN,BENIGN
20170707_1945,2017-07-07 19:45:00,2017-07-07 19:45:59,2017-07-07,Friday,346,1171,364.18333333333334,212739.65,9212191.211784799,22814121.764827307,0.6695132365499573,584.1553704635943,171.4184914299979,0.8651416865824514,17,145,0.3475661827497865,0.04127957530547801,0,BENIGN,BENIGN
20170707_1946,2017-07-07 19:46:00,2017-07-07 19:46:59,2017-07-07,Friday,347,994,255.05,95967.33333333333,15431322.78470825,35961317.56541543,0.7253521126760564,376.2687054825851,194.21050076261452,1.0002614037380735,15,129,0.34909456740442657,0.04613474482127687,0,BENIGN,BENIGN
20170707_1947,2017-07-07 19:47:00,2017-07-07 19:47:59,2017-07-07,Friday,348,185,55.95,21707.516666666666,17474941.77297297,39847803.91548224,0.7783783783783784,387.9806374739351,145.65430578849077,0.9477958236658933,13,31,0.34594594594594597,0.032171581769437,0,BENIGN,BENIGN
20170707_1948,2017-07-07 19:48:00,2017-07-07 19:48:59,2017-07-07,Friday,349,173,31.716666666666665,5394.2,14802385.040462427,34753268.30659335,0.7572254335260116,170.0746190225959,121.70247616399212,1.336196319018405,14,35,0.3468208092485549,0.047819232790331054,0,BENIGN,BENIGN
20170707_1949,2017-07-07 19:49:00,2017-07-07 19:49:59,2017-07-07,Friday,350,1065,216.78333333333333,79202.03333333334,9669810.697652582,25114304.562767923,0.7680751173708921,365.35111862843087,150.2549749276411,0.9859541984732825,15,132,0.2516431924882629,0.03613438917505958,0,BENIGN,BENIGN
20170707_1950,2017-07-07 19:50:00,2017-07-07 19:50:59,2017-07-07,Friday,351,1317,575.6333333333333,410135.26666666666,14845808.454821564,33809553.379321754,0.7031131359149583,712.4939486941919,180.18407245045643,0.8303656597774245,14,162,0.37661351556567957,0.028171868666396434,0,BENIGN,BENIGN
20170707_1951,2017-07-07 19:51:00,2017-07-07 19:51:59,2017-07-07,Friday,352,11057,395.75,4912.183333333333,146261.34403545267,3728484.629362244,0.9968345844261554,12.41233943988208,1.3732528316747168,1.0093078355051617,1013,21,0.9947544541919147,0.46712992208886084,1,PortScan,PortScan
20170707_1952,2017-07-07 19:52:00,2017-07-07 19:52:59,2017-07-07,Friday,353,44039,1543.7666666666667,26979.216666666667,92807.07752219624,3017930.009416945,0.998546742659915,17.476226977306588,0.7248786764001967,1.0080428373222339,1048,37,0.9972978496332796,0.4770906656878198,1,PortScan,PortScan
20170707_1953,2017-07-07 19:53:00,2017-07-07 19:53:59,2017-07-07,Friday,354,4551,340.9166666666667,113281.56666666667,2255074.4084816524,14279647.85400403,0.9551746868820039,332.2852114397458,23.70380976830265,0.9428245797321683,1002,101,0.9261700725115359,0.21491077976044975,1,PortScan,PortScan
20170707_1954,2017-07-07 19:54:00,2017-07-07 19:54:59,2017-07-07,Friday,355,35778,1468.3,153108.81666666668,397326.47680138634,6160317.556106184,0.9920621611045894,104.27624917705283,4.710498762207169,0.9853743182944967,1188,122,0.9839566213874448,0.40535539966855094,1,PortScan,PortScan
20170707_1955,2017-07-07 19:55:00,2017-07-07 19:55:59,2017-07-07,Friday,356,46109,1851.7666666666667,151358.98333333334,497669.8702205643,6888920.020410776,0.9912381530720683,81.73761093010279,5.052353833790063,1.0038776467193304,1225,185,0.9820642390856449,0.4132900113405217,1,PortScan,PortScan
20170707_1956,2017-07-07 19:56:00,2017-07-07 19:56:59,2017-07-07,Friday,357,1278,120.68333333333334,39178.916666666664,3055764.345852895,15866165.477931136,0.9147104851330203,324.64231459743127,34.95990449708102,0.978688524590164,1001,79,0.8865414710485133,0.16627537632923628,1,PortScan,PortScan
20170707_1957,2017-07-07 19:57:00,2017-07-07 19:57:59,2017-07-07,Friday,358,1411,405.6333333333333,187129.73333333334,19880989.28844791,39665013.7037151,0.6449326718639263,461.3273070917906,186.29412313695565,0.9167585446527012,12,218,0.3905031892274982,0.04133453858164188,0,BENIGN,BENIGN
20170707_1958,2017-07-07 19:58:00,2017-07-07 19:58:59,2017-07-07,Friday,359,838,212.48333333333332,68475.8,17830720.658711217,38877245.17563916,0.6742243436754176,322.2643344576045,188.27406444971248,1.0524790727623954,17,152,0.4009546539379475,0.048788140246293826,0,BENIGN,BENIGN
20170707_1959,2017-07-07 19:59:00,2017-07-07 19:59:59,2017-07-07,Friday,360,135,30.466666666666665,4075.4166666666665,17475000.02962963,34842049.463326536,0.5851851851851851,133.7664113785558,122.74646733562024,1.0666666666666667,11,34,0.6370370370370371,0.058533916849015315,0,BENIGN,BENIGN
20170707_2000,2017-07-07 20:00:00,2017-07-07 20:00:59,2017-07-07,Friday,361,696,208.61666666666667,75436.81666666667,21892461.395114943,42862673.295343675,0.6839080459770115,361.604937285292,173.2695605242233,1.039426523297491,22,112,0.382183908045977,0.03690980266837102,0,BENIGN,BENIGN
20170707_2001,2017-07-07 20:01:00,2017-07-07 20:01:59,2017-07-07,Friday,362,612,152.2,39377.75,18957680.10784314,39310644.88480922,0.6715686274509803,258.7237187910644,168.7902738700882,1.0395265743635551,15,117,0.38562091503267976,0.04643013578624617,0,BENIGN,BENIGN
20170707_2002,2017-07-07 20:02:00,2017-07-07 20:02:59,2017-07-07,Friday,363,379,89.15,20423.316666666666,14995944.936675461,35137355.47797476,0.6912928759894459,229.0893624976631,161.16964123226285,1.0922956589753618,15,75,0.43271767810026385,0.05645915124322303,0,BENIGN,BENIGN
20170707_2003,2017-07-07 20:03:00,2017-07-07 20:03:59,2017-07-07,Friday,364,218,48.56666666666667,11311.3,15495940.444954129,36733487.5263756,0.6697247706422018,232.9025394646534,120.42310739867351,1.054263565891473,13,49,0.3486238532110092,0.04049416609471517,1,PortScan,PortScan
20170707_2004,2017-07-07 20:04:00,2017-07-07 20:04:59,2017-07-07,Friday,365,557,121.35,45494.6,15637900.27827648,34227444.63949998,0.6947935368043088,374.9039967037495,144.7576650335242,0.9729070712544026,13,89,0.3500897666068223,0.04449938195302843,0,BENIGN,BENIGN
20170707_2005,2017-07-07 20:05:00,2017-07-07 20:05:59,2017-07-07,Friday,366,1098,372.8833333333333,187419.55,17522048.88797814,37816598.14510081,0.6876138433515483,502.62249139587897,212.63879839804557,0.9036841657449162,16,163,0.3888888888888889,0.03665132078845036,0,BENIGN,BENIGN
20170707_2006,2017-07-07 20:06:00,2017-07-07 20:06:59,2017-07-07,Friday,367,470,129.93333333333334,47301.75,19358787.282978725,38138093.596134126,0.6425531914893617,364.04630579784504,178.15348044733358,0.9941176470588236,14,106,0.40425531914893614,0.045023088763468444,0,BENIGN,BENIGN
20170707_2007,2017-07-07 20:07:00,2017-07-07 20:07:59,2017-07-07,Friday,368,851,253.88333333333333,128150.28333333334,17778405.223266747,38087029.418532416,0.6792009400705052,504.76051992384953,162.73135916167817,0.9523260284505959,13,128,0.38307873090481787,0.03709052714501412,0,BENIGN,BENIGN
20170707_2008,2017-07-07 20:08:00,2017-07-07 20:08:59,2017-07-07,Friday,369,5969,399.75,95275.86666666667,2388559.049589546,14314844.449016638,0.9420338415144915,238.33862830936002,30.318670448388247,0.9869118621603711,1009,162,0.9033338917741666,0.23610589952053368,1,PortScan,PortScan
20170707_2009,2017-07-07 20:09:00,2017-07-07 20:09:59,2017-07-07,Friday,370,4263,187.3,9508.9,814236.8967863007,8202101.115839224,0.9798264133239503,50.768286171916714,11.26361032577095,1.0580479765610693,1009,45,0.969505043396669,0.3762235273180281,1,PortScan,PortScan
20170707_2010,2017-07-07 20:10:00,2017-07-07 20:10:59,2017-07-07,Friday,371,4041,515.6333333333333,135296.0,7265455.974016333,25416630.80795267,0.8391487255629795,262.3880018100718,84.46417617552657,1.0331865676545968,1007,246,0.69240287057659,0.11468097485293167,1,PortScan,PortScan
20170707_2011,2017-07-07 20:11:00,2017-07-07 20:11:59,2017-07-07,Friday,372,340,86.33333333333333,26299.266666666666,18338487.55,39805463.17319399,0.6764705882352942,304.62471042471043,155.2139449212367,1.123360655737705,11,61,0.4264705882352941,0.04594594594594595,0,BENIGN,BENIGN
20170707_2012,2017-07-07 20:12:00,2017-07-07 20:12:59,2017-07-07,Friday,373,1606,458.1166666666667,234457.51666666666,18128761.60460772,37832079.78491749,0.6930261519302615,511.7856077418416,176.77919889264803,0.9408317446868601,14,194,0.33872976338729766,0.0362353112380398,1,PortScan,PortScan
20170707_2013,2017-07-07 20:13:00,2017-07-07 20:13:59,2017-07-07,Friday,374,350,97.48333333333333,45657.6,16017786.934285713,34996746.18906181,0.6114285714285714,468.3631389981193,150.52346468702706,1.0433112120153685,12,70,0.37714285714285717,0.03368097110617199,1,PortScan,PortScan
20170707_2014,2017-07-07 20:14:00,2017-07-07 20:14:59,2017-07-07,Friday,375,1306,368.5,171297.28333333333,14852484.048238898,32936431.966898594,0.7013782542113323,464.85015829941204,165.06999450030693,0.8929030048797192,12,178,0.34762633996937214,0.038941655359565806,0,BENIGN,BENIGN
20170707_2015,2017-07-07 20:15:00,2017-07-07 20:15:59,2017-07-07,Friday,376,640,215.26666666666668,136014.3,14507831.8484375,34135265.91882846,0.75,631.8409724372871,163.67276823828118,0.8164815075235551,18,97,0.3265625,0.030427376896872096,0,BENIGN,BENIGN
20170707_2016,2017-07-07 20:16:00,2017-07-07 20:16:59,2017-07-07,Friday,377,605,152.86666666666667,63090.48333333333,13868289.571900826,33429556.689113215,0.7322314049586777,412.715765372874,154.2059476077696,1.0089794130530005,14,107,0.31239669421487604,0.035106846925425206,0,BENIGN,BENIGN
20170707_2017,2017-07-07 20:17:00,2017-07-07 20:17:59,2017-07-07,Friday,378,518,152.46666666666667,72682.98333333334,12998840.231660232,31194225.152972415,0.7355212355212355,476.7139265413205,142.6633384444363,1.0138674884437597,12,73,0.3301158301158301,0.02940533449934412,0,BENIGN,BENIGN
20170707_2018,2017-07-07 20:18:00,2017-07-07 20:18:59,2017-07-07,Friday,379,411,104.11666666666666,31876.366666666665,16046424.822384428,35110047.02977387,0.6447688564476886,306.16007683688173,227.69661726820698,1.0193923723335487,11,76,0.4257907542579075,0.0549063550504242,0,BENIGN,BENIGN
20170707_2019,2017-07-07 20:19:00,2017-07-07 20:19:59,2017-07-07,Friday,380,679,285.5,188019.91666666666,17941387.33136966,32756967.3163573,0.6067746686303387,658.5636310566258,245.64079625618902,0.8440258342303553,13,94,0.40795287187039764,0.03234092235843549,0,BENIGN,BENIGN
20170707_2020,2017-07-07 20:20:00,2017-07-07 20:20:59,2017-07-07,Friday,381,535,145.65,58434.9,21973956.88224299,42438689.754011475,0.6654205607476635,401.20082389289394,197.51238614255467,0.9796149490373726,13,79,0.411214953271028,0.04565739787161002,0,BENIGN,BENIGN
20170707_2021,2017-07-07 20:21:00,2017-07-07 20:21:59,2017-07-07,Friday,382,684,213.65,91420.73333333334,22617567.15350877,42204789.042514026,0.6403508771929824,427.89952414384896,213.16754148121828,0.9978182951534985,15,108,0.3932748538011696,0.04095483267025509,1,PortScan,PortScan
20170707_2022,2017-07-07 20:22:00,2017-07-07 20:22:59,2017-07-07,Friday,383,6792,687.2166666666667,266376.8333333333,5192819.766931685,22003775.102442604,0.9141637220259128,387.6169572914898,55.16145088946862,0.9553300455235205,1010,207,0.8330388692579506,0.15274173598816482,1,PortScan,PortScan
20170707_2023,2017-07-07 20:23:00,2017-07-07 20:23:59,2017-07-07,Friday,384,4736,372.06666666666666,104888.65,3266657.9060388515,17384959.432699155,0.940456081081081,281.908215373589,34.41141143208995,0.9774136403897254,1008,118,0.9130067567567568,0.20668339007346354,1,PortScan,PortScan
20170707_2024,2017-07-07 20:24:00,2017-07-07 20:24:59,2017-07-07,Friday,385,247,130.48333333333332,86929.15,19119740.36437247,40782910.13438483,0.6639676113360324,666.2088389321752,141.46609733172318,0.7698915009041591,8,63,0.46963562753036436,0.017882232724485886,0,BENIGN,BENIGN
20170707_2025,2017-07-07 20:25:00,2017-07-07 20:25:59,2017-07-07,Friday,386,846,302.48333333333335,194493.28333333333,13548704.158392435,31295158.485258263,0.6926713947990544,642.9884291145518,162.01635128186632,0.877715704531347,13,117,0.3416075650118203,0.026778334894484546,0,BENIGN,BENIGN
20170707_2026,2017-07-07 20:26:00,2017-07-07 20:26:59,2017-07-07,Friday,387,209,69.0,39735.96666666667,14041444.607655503,34237389.52123804,0.6650717703349283,575.883574879227,119.39686721766041,0.6915849673202614,9,45,0.39712918660287083,0.021014492753623187,0,BENIGN,BENIGN
20170707_2027,2017-07-07 20:27:00,2017-07-07 20:27:59,2017-07-07,Friday,388,1759,596.6,282936.65,21078887.03865833,40957932.98919173,0.6560545764639,474.24849145155883,233.02165225711494,0.9499400806188038,17,160,0.39738487777146103,0.03824449659179797,0,BENIGN,BENIGN
20170707_2028,2017-07-07 20:28:00,2017-07-07 20:28:59,2017-07-07,Friday,389,1255,611.05,422477.3333333333,16519875.55378486,32916877.07812987,0.6262948207171315,691.3956850230478,227.9605554794479,0.7889241278360576,19,161,0.398406374501992,0.026266262989935358,0,BENIGN,BENIGN
20170707_2029,2017-07-07 20:29:00,2017-07-07 20:29:59,2017-07-07,Friday,390,937,372.1666666666667,234283.21666666667,17888520.32230523,36915757.82565585,0.6595517609391676,629.5115539632781,244.7665784382271,0.9148516549476934,12,152,0.43649946638207043,0.033945364979847736,0,BENIGN,BENIGN
20170707_2030,2017-07-07 20:30:00,2017-07-07 20:30:59,2017-07-07,Friday,391,1374,730.4166666666666,586057.7333333333,11730017.756186318,30039728.666580386,0.7358078602620087,802.360844266971,338.8155234847558,0.8725058748130742,14,178,0.450509461426492,0.02571591557330291,0,BENIGN,BENIGN
20170707_2031,2017-07-07 20:31:00,2017-07-07 20:31:59,2017-07-07,Friday,392,1414,462.78333333333336,264025.2,14069910.161244696,32267352.905272223,0.6838755304101839,570.5157921273454,263.60262828971855,0.9281994305950976,13,195,0.43988684582743987,0.04011956639176,0,BENIGN,BENIGN
20170707_2032,2017-07-07 20:32:00,2017-07-07 20:32:59,2017-07-07,Friday,393,210,61.416666666666664,29217.766666666666,15774664.033333333,35672705.41874676,0.7238095238095238,475.7302578018996,124.05680488117135,0.9585547290116897,14,57,0.43333333333333335,0.02795115332428765,0,BENIGN,BENIGN
20170707_2033,2017-07-07 20:33:00,2017-07-07 20:33:59,2017-07-07,Friday,394,1138,274.8,105539.56666666667,17968810.874340948,36859220.43958929,0.664323374340949,384.0595584667637,173.98699802375026,0.9799471661863592,12,199,0.36291739894551844,0.04378942261038331,0,BENIGN,BENIGN
20170707_2034,2017-07-07 20:34:00,2017-07-07 20:34:59,2017-07-07,Friday,395,625,176.75,90647.9,14860283.3776,32618453.559463277,0.6352,512.8594059405941,204.50101893410857,0.9717419594720208,14,105,0.4096,0.039509665252239506,0,BENIGN,BENIGN
20170707_2035,2017-07-07 20:35:00,2017-07-07 20:35:59,2017-07-07,Friday,396,382,95.88333333333334,29084.05,18393893.869109947,36264125.81875533,0.6413612565445026,303.327481314097,172.54484197140195,1.0535331905781584,10,73,0.35340314136125656,0.0380670954284721,0,BENIGN,BENIGN
20170707_2036,2017-07-07 20:36:00,2017-07-07 20:36:59,2017-07-07,Friday,397,521,116.4,44095.51666666667,15766519.550863724,35088966.066364676,0.6986564299424184,378.8274627720504,152.465032924866,0.9237124759019554,12,107,0.381957773512476,0.04266895761741123,0,BENIGN,BENIGN
20170707_2037,2017-07-07 20:37:00,2017-07-07 20:37:59,2017-07-07,Friday,398,834,300.6,145201.36666666667,19796610.444844123,38797656.641865395,0.6714628297362111,483.03847859835884,206.1392624167583,0.9161797514076278,14,114,0.35851318944844124,0.03176979374584165,0,BENIGN,BENIGN
20170707_2038,2017-07-07 20:38:00,2017-07-07 20:38:59,2017-07-07,Friday,399,799,177.26666666666668,62796.183333333334,14915648.028785983,34270998.52183309,0.6770963704630788,354.2469913501316,161.04549145881734,1.0172577280485493,15,136,0.34668335419274093,0.04851447912749154,0,BENIGN,BENIGN
20170707_2039,2017-07-07 20:39:00,2017-07-07 20:39:59,2017-07-07,Friday,400,425,189.95,111474.48333333334,21093655.204705883,42426067.17056717,0.6894117647058824,586.8622444502939,159.36821174799334,0.7910119421747329,10,69,0.37411764705882355,0.021058173203474598,0,BENIGN,BENIGN
20170707_2040,2017-07-07 20:40:00,2017-07-07 20:40:59,2017-07-07,Friday,401,1154,366.71666666666664,196718.83333333334,18090610.63864818,36535912.89110214,0.67157712305026,536.4327591692042,203.71276346326718,0.9219145776923748,15,153,0.34575389948006935,0.033131845657410355,0,BENIGN,BENIGN
20170707_2041,2017-07-07 20:41:00,2017-07-07 20:41:59,2017-07-07,Friday,402,646,201.9,138732.83333333334,4613740.484520124,15146348.272412315,0.7198142414860681,687.1363711408288,184.5347065683861,0.8218045112781955,10,97,0.3715170278637771,0.03450553079082054,0,BENIGN,BENIGN
20170707_2042,2017-07-07 20:42:00,2017-07-07 20:42:59,2017-07-07,Friday,403,696,146.23333333333332,51590.76666666667,10584728.15086207,29675963.975530244,0.7514367816091954,352.79758377023023,161.01950950743426,1.0378541569902462,15,91,0.33764367816091956,0.05345338500113973,0,BENIGN,BENIGN
20170707_2043,2017-07-07 20:43:00,2017-07-07 20:43:59,2017-07-07,Friday,404,139,37.93333333333333,15210.033333333333,7337048.899280575,25462534.98940319,0.7482014388489209,400.96748681898066,90.6679645220924,1.1063829787234043,15,37,0.4460431654676259,0.035588752196836555,0,BENIGN,BENIGN
20170707_2044,2017-07-07 20:44:00,2017-07-07 20:44:59,2017-07-07,Friday,405,79,16.75,1623.0833333333333,14604738.430379746,36949920.56948211,0.7974683544303798,96.90049751243781,62.12629841172942,1.8498583569405098,11,19,0.46835443037974683,0.042786069651741296,0,BENIGN,BENIGN
20170707_2045,2017-07-07 20:45:00,2017-07-07 20:45:59,2017-07-07,Friday,406,319,220.2,178988.26666666666,15019158.178683385,34691458.75155893,0.6739811912225705,812.8440811383591,204.83259292027594,0.7920792079207921,13,50,0.4012539184952978,0.018922191946715107,0,BENIGN,BENIGN
20170707_2046,2017-07-07 20:46:00,2017-07-07 20:46:59,2017-07-07,Friday,407,682,93.81666666666666,23541.416666666668,4848966.82111437,15403994.935526293,0.8240469208211144,250.93000532954343,96.0366870940352,1.1645520953479431,20,73,0.22287390029325513,0.05418369159708652,0,BENIGN,BENIGN
20170707_2047,2017-07-07 20:47:00,2017-07-07 20:47:59,2017-07-07,Friday,408,140,26.933333333333334,9667.333333333334,7583773.557142857,26721742.74333022,0.8357142857142857,358.93564356435644,122.46111741476291,1.1109660574412532,12,25,0.32142857142857145,0.04702970297029703,0,BENIGN,BENIGN
20170707_2048,2017-07-07 20:48:00,2017-07-07 20:48:59,2017-07-07,Friday,409,238,88.96666666666667,54117.816666666666,11510316.457983194,31380310.56636178,0.7184873949579832,608.2931809666542,176.94371508083844,0.9435748088824172,13,46,0.3697478991596639,0.03372049456725365,0,BENIGN,BENIGN
20170707_2049,2017-07-07 20:49:00,2017-07-07 20:49:59,2017-07-07,Friday,410,214,160.25,142377.6,18449922.476635516,36147128.88247251,0.6635514018691588,888.4717628705148,199.8282063420493,0.7288745055735347,11,52,0.4205607476635514,0.016744669786791472,0,BENIGN,BENIGN
20170707_2050,2017-07-07 20:50:00,2017-07-07 20:50:59,2017-07-07,Friday,411,153,53.31666666666667,29283.433333333334,12192093.80392157,34129505.00846553,0.8300653594771242,549.2360112535167,136.16475498020932,0.9230769230769231,14,24,0.21568627450980393,0.02500781494216943,0,BENIGN,BENIGN
20170707_2051,2017-07-07 20:51:00,2017-07-07 20:51:59,2017-07-07,Friday,412,953,410.6166666666667,269010.36666666664,12571346.645330535,32019367.6999508,0.7282266526757608,655.1374761537525,194.6642154745592,0.8594716981132076,13,106,0.39034627492130114,0.030523196817794373,0,BENIGN,BENIGN
20170707_2052,2017-07-07 20:52:00,2017-07-07 20:52:59,2017-07-07,Friday,413,73,13.166666666666666,1231.6166666666666,8011066.98630137,27103304.806491368,0.8493150684931506,93.54050632911392,57.16500160021187,1.9736842105263157,13,18,0.3972602739726027,0.043037974683544304,0,BENIGN,BENIGN
20170707_2053,2017-07-07 20:53:00,2017-07-07 20:53:59,2017-07-07,Friday,414,783,181.9,96125.21666666666,5167207.337164751,19437882.521424588,0.8084291187739464,528.4508887667216,143.7026903554319,0.9791477787851315,19,66,0.31928480204342274,0.04471321238775884,0,BENIGN,BENIGN
20170707_2054,2017-07-07 20:54:00,2017-07-07 20:54:59,2017-07-07,Friday,415,118,19.75,2060.65,7880259.06779661,24276621.314123053,0.5932203389830508,104.33670886075949,102.58618364843831,1.6473214285714286,8,48,0.6186440677966102,0.053164556962025315,0,BENIGN,BENIGN
20170707_2055,2017-07-07 20:55:00,2017-07-07 20:55:59,2017-07-07,Friday,416,493,69.81666666666666,11587.2,2735225.9553752537,13394839.598768337,0.8985801217038539,165.96610169491527,92.15219319162702,1.016361886429259,15,29,0.2129817444219067,0.057292910002387204,0,BENIGN,BENIGN
20170707_2056,2017-07-07 20:56:00,2017-07-07 20:56:59,2017-07-07,Friday,417,2231,535.3166666666667,338341.76666666666,12326150.780815778,26186028.345079906,0.26983415508740477,632.0404122170678,1384.9977473356141,1.2228373702422146,42,134,0.7503361721201255,0.1033344749213861,1,DDoS,DDoS
20170707_2057,2017-07-07 20:57:00,2017-07-07 20:57:59,2017-07-07,Friday,418,5780,1296.7833333333333,1056080.65,7424649.488062284,11776954.973380372,0.15034602076124567,814.384811135245,1912.91463988417,1.3527561912249402,77,59,0.8887543252595156,0.13217319778426107,1,DDoS,DDoS
20170707_2058,2017-07-07 20:58:00,2017-07-07 20:58:59,2017-07-07,Friday,419,6185,1415.95,1094988.0666666667,8687629.44559418,17043796.22417501,0.15796281325788197,773.3239638876138,1765.1374517117133,1.3222085554188876,58,168,0.8682295877122069,0.1256518003225161,1,DDoS,DDoS
20170707_2059,2017-07-07 20:59:00,2017-07-07 20:59:59,2017-07-07,Friday,420,5997,1388.7833333333333,1117703.7833333334,7527206.8899449725,13303202.424431315,0.1567450391862598,804.8078893995944,1809.1783151133752,1.3002898550724638,48,106,0.864432216108054,0.1240534280605326,1,DDoS,DDoS
20170707_2100,2017-07-07 21:00:00,2017-07-07 21:00:59,2017-07-07,Friday,421,5645,1306.2666666666667,1038827.6833333333,7921549.028343667,14612118.854753219,0.13587245349867139,795.2646345820149,1918.8765133792217,1.3682429369995468,69,128,0.9199291408325952,0.13201745432275186,1,DDoS,DDoS
20170707_2101,2017-07-07 21:01:00,2017-07-07 21:01:59,2017-07-07,Friday,422,5805,1234.05,994893.6333333333,6897875.525236865,8330763.443567221,0.1512489233419466,806.2020447577759,1875.175553721189,1.4139797215792391,60,81,0.894229112833764,0.13913536728657672,1,DDoS,DDoS
20170707_2102,2017-07-07 21:02:00,2017-07-07 21:02:59,2017-07-07,Friday,423,5017,1113.4833333333333,958031.0,7063082.598564879,5868592.614074577,0.050627865258122386,860.3909652891077,2121.1795816309273,1.4634955752212389,51,44,0.9906318517042056,0.14768968252780315,1,DDoS,DDoS
20170707_2103,2017-07-07 21:03:00,2017-07-07 21:03:59,2017-07-07,Friday,424,5556,1166.4833333333333,967578.1666666666,6458481.3975881925,5600722.986817055,0.1285097192224622,829.4830616239694,1961.947809953866,1.4423352060578567,55,64,0.9136069114470843,0.14376544885624884,1,DDoS,DDoS
20170707_2104,2017-07-07 21:04:00,2017-07-07 21:04:59,2017-07-07,Friday,425,5093,1230.2333333333333,1071660.0333333334,7087214.341449047,8568999.480622366,0.06027881405851168,871.1030698783428,2123.0223152496224,1.3757644029610556,42,48,0.9654427645788337,0.13300999810334083,1,DDoS,DDoS
20170707_2105,2017-07-07 21:05:00,2017-07-07 21:05:59,2017-07-07,Friday,426,5545,1181.0166666666667,972402.05,6557745.706762849,7987840.5598859,0.13525698827772767,823.3601416858356,1942.0676941317035,1.429026839886196,44,43,0.9038773669972948,0.14174228419017512,1,DDoS,DDoS
20170707_2106,2017-07-07 21:06:00,2017-07-07 21:06:59,2017-07-07,Friday,427,5340,1254.55,1087785.95,6744956.768539326,8535692.831214618,0.08071161048689139,867.0726156789287,2110.0504652834115,1.4059193914405343,23,43,0.9677902621722847,0.1369016778924714,1,DDoS,DDoS
20170707_2107,2017-07-07 21:07:00,2017-07-07 21:07:59,2017-07-07,Friday,428,5692,1205.4,980193.2833333333,6508703.198348559,8721445.862823611,0.1528460997891778,813.1684779602898,1932.8724538952874,1.421244685480901,31,65,0.8937104708362614,0.14050660914772414,1,DDoS,DDoS
20170707_2108,2017-07-07 21:08:00,2017-07-07 21:08:59,2017-07-07,Friday,429,5620,1281.0666666666666,1018703.6666666666,8273648.48113879,14645633.021111865,0.11334519572953737,795.1995732722731,1901.8652111001118,1.3861484493837892,33,111,0.9158362989323844,0.13389883430474606,1,DDoS,DDoS
20170707_2109,2017-07-07 21:09:00,2017-07-07 21:09:59,2017-07-07,Friday,430,5734,1206.5833333333333,972288.7666666667,6748466.260899896,9847998.490105262,0.14196023718172304,805.8198218108986,1880.2934953097167,1.4125566515595842,34,70,0.8868154865713289,0.13998204295876787,1,DDoS,DDoS
20170707_2110,2017-07-07 21:10:00,2017-07-07 21:10:59,2017-07-07,Friday,431,5069,1132.35,964421.75,6600156.652988755,5228967.087068453,0.050700335371868216,851.6993420762132,2164.74047037041,1.4752987467210725,27,26,0.9826395738804498,0.14662722067676368,1,DDoS,DDoS
20170707_2111,2017-07-07 21:11:00,2017-07-07 21:11:59,2017-07-07,Friday,432,5942,1281.0333333333333,1010389.4,7348373.188488725,12433876.18316379,0.15886906765398856,788.729983606984,1826.7857890035023,1.3853458709617354,26,85,0.8694042409962975,0.13360308084619188,1,DDoS,DDoS
20170707_2112,2017-07-07 21:12:00,2017-07-07 21:12:59,2017-07-07,Friday,433,5340,1191.7333333333333,984260.55,7493351.68988764,9501402.801912896,0.08127340823970038,825.9067045200269,2026.2551800896044,1.448633655229094,21,68,0.9569288389513109,0.14276124412620272,1,DDoS,DDoS
20170707_2113,2017-07-07 21:13:00,2017-07-07 21:13:59,2017-07-07,Friday,434,7302,1696.5,1255068.4,7731693.194604218,16546507.360713791,0.25705286222952617,739.7986442676098,1550.9767543935209,1.2376566278302923,34,245,0.7747192549986305,0.11117988014539738,1,DDoS,DDoS
20170707_2114,2017-07-07 21:14:00,2017-07-07 21:14:59,2017-07-07,Friday,435,5688,1256.2833333333333,1008595.25,7679293.717475386,12775642.96883368,0.10952883263009845,802.8405879777652,1915.691288023064,1.4060135976252035,31,112,0.9187763713080169,0.13794658848189767,1,DDoS,DDoS
20170707_2115,2017-07-07 21:15:00,2017-07-07 21:15:59,2017-07-07,Friday,436,5509,1162.7666666666667,959342.7666666667,6546128.882192776,6533863.67012014,0.12524959157741877,825.051830404495,1959.965542727381,1.4499420585033536,27,51,0.9057905245961154,0.14270561591606226,1,DDoS,DDoS
20170707_2116,2017-07-07 21:16:00,2017-07-07 21:16:59,2017-07-07,Friday,437,1989,473.3,317802.68333333335,9102968.757164404,25428064.434347652,0.40623428858722976,671.4614057327981,1296.5749340203395,1.1555218216318786,20,137,0.6978381096028154,0.09701387421649411,1,DDoS,DDoS
20170707_2117,2017-07-07 21:17:00,2017-07-07 21:17:59,2017-07-07,Friday,438,182,51.15,16118.566666666668,15922829.379120879,37923827.10576075,0.7197802197802198,315.1234929944607,161.0729169946827,1.042581503659348,10,39,0.35714285714285715,0.039100684261974585,0,BENIGN,BENIGN
20170707_2118,2017-07-07 21:18:00,2017-07-07 21:18:59,2017-07-07,Friday,439,313,112.78333333333333,81419.31666666667,13114059.437699681,30928793.700568132,0.731629392971246,721.9091177774494,142.32149086436027,0.8696132596685083,11,40,0.2715654952076677,0.02615634697798138,0,BENIGN,BENIGN
20170707_2119,2017-07-07 21:19:00,2017-07-07 21:19:59,2017-07-07,Friday,440,537,153.48333333333332,58035.03333333333,12640730.147113593,30754060.48316044,0.6312849162011173,378.11944836572917,210.0555972583543,1.0832390861795973,15,83,0.41154562383612664,0.05081985014659572,0,BENIGN,BENIGN
20170707_2120,2017-07-07 21:20:00,2017-07-07 21:20:59,2017-07-07,Friday,441,663,238.31666666666666,135886.36666666667,13078060.630467571,32917117.278846964,0.7088989441930619,570.1924610112595,183.92982031773045,0.901595744680851,13,83,0.36199095022624433,0.034128260717532694,0,BENIGN,BENIGN
20170707_2121,2017-07-07 21:21:00,2017-07-07 21:21:59,2017-07-07,Friday,442,243,105.15,59131.98333333333,17385820.49382716,31309523.726503797,0.6172839506172839,562.3583769218577,202.5141086351725,0.983029541169076,15,61,0.4156378600823045,0.029481692819781264,0,BENIGN,BENIGN
20170707_2122,2017-07-07 21:22:00,2017-07-07 21:22:59,2017-07-07,Friday,443,509,144.83333333333334,69044.86666666667,17915594.937131632,37177485.829543665,0.6601178781925344,476.7194476409666,182.8504892331146,0.9883321894303363,11,88,0.37328094302554027,0.03993095512082854,0,BENIGN,BENIGN
20170707_2123,2017-07-07 21:23:00,2017-07-07 21:23:59,2017-07-07,Friday,444,1335,289.7,110592.51666666666,12571012.462172285,32727845.848303948,0.753558052434457,381.7484179035784,145.45479570566167,0.9066578918503894,12,159,0.2644194756554307,0.03946611437118858,0,BENIGN,BENIGN
20170707_2124,2017-07-07 21:24:00,2017-07-07 21:24:59,2017-07-07,Friday,445,60,17.566666666666666,3998.7166666666667,14150495.75,26437635.61351844,0.48333333333333334,227.63092979127134,201.1314366365727,1.1399594320486814,11,29,0.7833333333333333,0.1015180265654649,0,BENIGN,BENIGN
20170707_2125,2017-07-07 21:25:00,2017-07-07 21:25:59,2017-07-07,Friday,446,250,75.95,31265.416666666668,13502623.044,30985056.167082172,0.676,411.65788896203645,146.14905742323438,1.1642924976258309,20,48,0.38,0.031599736668861095,0,BENIGN,BENIGN
20170707_2126,2017-07-07 21:26:00,2017-07-07 21:26:59,2017-07-07,Friday,447,161,35.95,9364.483333333334,11329828.782608695,29300703.187204532,0.546583850931677,260.48632359758926,90.69817710148774,1.1033138401559455,14,48,0.4782608695652174,0.0593416782568382,0,BENIGN,BENIGN
20170707_2127,2017-07-07 21:27:00,2017-07-07 21:27:59,2017-07-07,Friday,448,597,199.4,122921.5,17431029.68844221,37945542.58767076,0.7420435510887772,616.4568706118355,143.88026664170084,0.892297959829195,19,78,0.31825795644891125,0.03075894349715814,0,BENIGN,BENIGN
20170707_2128,2017-07-07 21:28:00,2017-07-07 21:28:59,2017-07-07,Friday,449,137,35.4,11020.6,16963205.525547445,37801571.41717768,0.6642335766423357,311.316384180791,139.22826519754955,1.1123260437375746,13,30,0.3284671532846715,0.05508474576271186,0,BENIGN,BENIGN
20170707_2129,2017-07-07 21:29:00,2017-07-07 21:29:59,2017-07-07,Friday,450,1380,343.28333333333336,135341.58333333334,10243643.436231883,26600047.5194601,0.6471014492753623,394.25620235956694,230.00068469177,0.9801961161315131,9,151,0.40217391304347827,0.05452250327717629,0,BENIGN,BENIGN
20170707_2130,2017-07-07 21:30:00,2017-07-07 21:30:59,2017-07-07,Friday,451,349,88.41666666666667,25537.433333333334,19246455.75931232,37491839.63195992,0.5243553008595988,288.83053722902923,197.70863436551858,1.1131023496614894,13,87,0.5186246418338109,0.06088595664467483,0,BENIGN,BENIGN
20170707_2131,2017-07-07 21:31:00,2017-07-07 21:31:59,2017-07-07,Friday,452,794,169.66666666666666,59900.9,14486118.756926952,34317172.80663598,0.6863979848866498,353.05049115913556,168.48156393501048,0.9597690086621752,12,117,0.38161209068010077,0.05216110019646365,0,BENIGN,BENIGN
20170707_2132,2017-07-07 21:32:00,2017-07-07 21:32:59,2017-07-07,Friday,453,217,158.55,129040.4,18447178.096774194,38724919.444253735,0.6497695852534562,813.8782718385368,187.04693043321805,0.7108433734939759,10,52,0.4147465437788018,0.01808052139177967,0,BENIGN,BENIGN
20170707_2133,2017-07-07 21:33:00,2017-07-07 21:33:59,2017-07-07,Friday,454,217,76.43333333333334,39739.13333333333,21790385.474654377,43626856.54848913,0.6682027649769585,519.9188835586568,188.051085038166,0.9822817631806395,14,61,0.4009216589861751,0.02878325337985172,0,BENIGN,BENIGN
20170707_2134,2017-07-07 21:34:00,2017-07-07 21:34:59,2017-07-07,Friday,455,54,8.466666666666667,917.05,8433218.611111112,20072690.504914917,0.48148148148148145,108.31299212598425,57.26923262670265,1.5323383084577114,10,26,0.5555555555555556,0.10236220472440945,0,BENIGN,BENIGN
20170707_2135,2017-07-07 21:35:00,2017-07-07 21:35:59,2017-07-07,Friday,456,561,137.63333333333333,60119.166666666664,17283661.980392158,38688321.85285812,0.6934046345811051,436.8067328651005,161.21401727609356,0.9446668236402166,11,83,0.3404634581105169,0.043472995882780335,0,BENIGN,BENIGN
20170707_2136,2017-07-07 21:36:00,2017-07-07 21:36:59,2017-07-07,Friday,457,314,92.21666666666667,49126.78333333333,13240156.277070064,32466591.526848834,0.6942675159235668,532.7321525393096,187.5962803912218,0.8428238428238428,7,55,0.39171974522292996,0.04681004879812037,0,BENIGN,BENIGN
20170707_2137,2017-07-07 21:37:00,2017-07-07 21:37:59,2017-07-07,Friday,458,81,12.75,1281.95,7563556.12345679,24221949.613533463,0.7654320987654321,100.54509803921569,64.1938668564019,1.570469798657718,15,22,0.3950617283950617,0.08888888888888889,0,BENIGN,BENIGN
20170707_2138,2017-07-07 21:38:00,2017-07-07 21:38:59,2017-07-07,Friday,459,111,14.033333333333333,1986.3333333333333,5934408.468468469,14679378.062942484,0.6126126126126126,141.54394299287412,79.22910165784091,1.6261682242990654,10,37,0.44144144144144143,0.09619952494061758,0,BENIGN,BENIGN
20170707_2139,2017-07-07 21:39:00,2017-07-07 21:39:59,2017-07-07,Friday,460,74,14.116666666666667,1963.2333333333333,15088344.081081081,35021611.49675201,0.6216216216216216,139.0720188902007,95.79060071190057,1.5619335347432024,13,25,0.3918918918918919,0.05548996458087367,0,BENIGN,BENIGN
20170707_2140,2017-07-07 21:40:00,2017-07-07 21:40:59,2017-07-07,Friday,461,1121,385.1,230320.68333333332,15389270.097234612,35530992.93030427,0.7404103479036575,598.0801956201852,162.7252747327069,0.9333165997322623,9,124,0.280107047279215,0.027611875703280532,0,BENIGN,BENIGN
20170707_2141,2017-07-07 21:41:00,2017-07-07 21:41:59,2017-07-07,Friday,462,855,180.03333333333333,49466.21666666667,14603741.219883041,34022410.127045885,0.7157894736842105,274.7614330679504,183.38471502507446,1.0456352963453892,10,106,0.3368421052631579,0.05378633586372894,0,BENIGN,BENIGN
20170707_2142,2017-07-07 21:42:00,2017-07-07 21:42:59,2017-07-07,Friday,463,601,213.26666666666668,149067.91666666666,14253191.209650582,33552891.946132876,0.7021630615640599,698.9742888402626,181.91782455478577,0.8500795142402776,10,93,0.35108153078202997,0.031181619256017507,0,BENIGN,BENIGN
20170707_2143,2017-07-07 21:43:00,2017-07-07 21:43:59,2017-07-07,Friday,464,432,83.93333333333334,36245.916666666664,5586208.733796297,17710521.763363812,0.6782407407407407,431.84173947577443,164.89306955948985,1.1880973066898348,13,75,0.39351851851851855,0.05440826052422557,0,BENIGN,BENIGN
20170707_2144,2017-07-07 21:44:00,2017-07-07 21:44:59,2017-07-07,Friday,465,125,14.566666666666666,2134.266666666667,3210155.056,12739771.014928678,0.76,146.5171624713959,96.89084115555895,1.3209549071618036,10,31,0.32,0.08466819221967964,0,BENIGN,BENIGN
20170707_2145,2017-07-07 21:45:00,2017-07-07 21:45:59,2017-07-07,Friday,466,765,238.71666666666667,145991.85,16508697.575163398,37455861.0679472,0.7058823529411765,611.569573413391,161.971754631982,0.8947089947089947,15,105,0.31633986928104574,0.034350345597989246,0,BENIGN,BENIGN
20170707_2146,2017-07-07 21:46:00,2017-07-07 21:46:59,2017-07-07,Friday,467,149,29.733333333333334,7189.633333333333,12550984.10067114,31676489.33737848,0.7046979865771812,241.80381165919283,184.7892817049858,1.148014440433213,15,34,0.40268456375838924,0.0734304932735426,0,BENIGN,BENIGN
20170707_2147,2017-07-07 21:47:00,2017-07-07 21:47:59,2017-07-07,Friday,468,372,115.21666666666667,68591.76666666666,9154716.209677419,28245970.015227478,0.7634408602150538,595.3285115000723,183.3013521110651,1.0180969060128429,11,47,0.3279569892473118,0.038622884420656735,0,BENIGN,BENIGN
20170707_2148,2017-07-07 21:48:00,2017-07-07 21:48:59,2017-07-07,Friday,469,292,90.93333333333334,47677.85,15329392.62328767,35622643.19802883,0.6712328767123288,524.3165322580645,146.37893894837995,0.916754478398314,12,62,0.4075342465753425,0.03903958944281525,0,BENIGN,BENIGN
20170707_2149,2017-07-07 21:49:00,2017-07-07 21:49:59,2017-07-07,Friday,470,78,37.56666666666667,29937.083333333332,9270837.076923076,26565367.84332395,0.7948717948717948,796.9055013309671,92.90039144752632,0.7783911671924291,11,22,0.41025641025641024,0.026619343389529725,0,BENIGN,BENIGN
20170707_2150,2017-07-07 21:50:00,2017-07-07 21:50:59,2017-07-07,Friday,471,572,336.6333333333333,268192.01666666666,14251030.49125874,30332983.64760862,0.6468531468531469,796.6888305772849,193.43436393586273,0.8136841160096974,8,85,0.45104895104895104,0.024309337558174077,0,BENIGN,BENIGN
20170707_2151,2017-07-07 21:51:00,2017-07-07 21:51:59,2017-07-07,Friday,472,244,50.2,23059.35,11477264.823770491,32332893.283989258,0.7950819672131147,459.3496015936255,198.76140475506733,1.0073284477015323,7,40,0.4098360655737705,0.059428950863213814,0,BENIGN,BENIGN
20170707_2152,2017-07-07 21:52:00,2017-07-07 21:52:59,2017-07-07,Friday,473,417,151.08333333333334,86238.08333333333,13798754.383693045,29004782.149590746,0.6594724220623501,570.7981246552675,207.02178849014993,0.9277057197533489,12,59,0.42685851318944845,0.03993381136238279,0,BENIGN,BENIGN
20170707_2153,2017-07-07 21:53:00,2017-07-07 21:53:59,2017-07-07,Friday,474,1014,267.78333333333336,98905.98333333334,16964326.958579883,37339442.979823105,0.6755424063116371,369.3507811041265,207.53247527339627,0.9597511891694109,9,144,0.3905325443786982,0.04829775315864816,0,BENIGN,BENIGN
20170707_2154,2017-07-07 21:54:00,2017-07-07 21:54:59,2017-07-07,Friday,475,184,60.416666666666664,23014.65,12306352.505434783,24749498.868384995,0.6413043478260869,380.9321379310345,237.21512780337252,1.1056910569105691,8,43,0.6413043478260869,0.06455172413793103,0,BENIGN,BENIGN
20170707_2155,2017-07-07 21:55:00,2017-07-07 21:55:59,2017-07-07,Friday,476,773,226.53333333333333,115735.81666666667,14817978.388098318,34084239.03085951,0.648124191461837,510.8997204237787,204.0830855759631,0.9264455782312925,14,132,0.38809831824062097,0.041127133608004705,0,BENIGN,BENIGN
20170707_2156,2017-07-07 21:56:00,2017-07-07 21:56:59,2017-07-07,Friday,477,275,74.76666666666667,17984.05,16912050.105454545,35281704.34649708,0.6181818181818182,240.53566651805616,169.2472375118163,1.1770984958757884,14,65,0.6181818181818182,0.06865804725813643,0,BENIGN,BENIGN
20170707_2157,2017-07-07 21:57:00,2017-07-07 21:57:59,2017-07-07,Friday,478,340,189.96666666666667,127901.15,16785734.95882353,36970838.88874397,0.65,673.2820670293033,182.2034099239314,0.8433053040103493,11,61,0.4176470588235294,0.023425162309177048,0,BENIGN,BENIGN
20170707_2158,2017-07-07 21:58:00,2017-07-07 21:58:59,2017-07-07,Friday,479,803,272.4166666666667,124299.86666666667,21578115.93026152,41693830.241070315,0.6587795765877957,456.28583664729274,214.91119384154337,0.9677380522450945,14,120,0.44831880448318806,0.04349954114408076,0,BENIGN,BENIGN
20170707_2159,2017-07-07 21:59:00,2017-07-07 21:59:59,2017-07-07,Friday,480,374,84.0,24918.816666666666,16080877.927807488,35189554.212616995,0.679144385026738,296.65257936507936,213.7740768632137,1.015593762495002,5,57,0.41711229946524064,0.059126984126984125,0,BENIGN,BENIGN
20170707_2200,2017-07-07 22:00:00,2017-07-07 22:00:59,2017-07-07,Friday,481,794,235.96666666666667,112467.9,13570110.369017633,33251575.78480074,0.7506297229219143,476.6262183924283,163.26990719917322,0.9657087324725808,17,118,0.3778337531486146,0.04463907331544004,0,BENIGN,BENIGN
20170707_2201,2017-07-07 22:01:00,2017-07-07 22:01:59,2017-07-07,Friday,482,163,31.766666666666666,4136.983333333334,5903382.2331288345,17031543.62431188,0.6503067484662577,130.23032528856243,128.8936869625541,1.2568047337278105,12,51,0.588957055214724,0.07712486883525708,0,BENIGN,BENIGN
20170707_2202,2017-07-07 22:02:00,2017-07-07 22:02:59,2017-07-07,Friday,483,80,11.35,1238.2333333333333,2345316.5875,6926529.891886191,0.8375,109.09544787077827,83.61330835884912,1.1246105919003115,9,21,0.3375,0.05873715124816446,0,BENIGN,BENIGN
