window_id,window_start,window_end,date,day_name,window_index,flow_count,packet_rate,byte_rate,mean_flow_duration,std_flow_duration,short_flow_ratio,mean_packet_size,packet_length_variability,fwd_bwd_packet_ratio,unique_dst_ports,unique_dst_ips,tcp_flow_ratio,syn_packet_ratio,is_attack_window,attack_category,attack_categories_present
20170703_1355,2017-07-03 13:55:00,2017-07-03 13:55:59,2017-07-03,Monday,0,1,0.13333333333333333,0.0,10.0,0.0,1.0,0.0,0.0,8.0,1,1,1.0,0.0,0,BENIGN,BENIGN
20170703_1356,2017-07-03 13:56:00,2017-07-03 13:56:59,2017-07-03,Monday,1,63,27.6,3815.866666666667,9968426.73015873,24307721.914311554,0.746031746031746,138.256038647343,203.8051401023033,2.964114832535885,15,8,0.42857142857142855,0.06159420289855073,0,BENIGN,BENIGN
20170703_1357,2017-07-03 13:57:00,2017-07-03 13:57:59,2017-07-03,Monday,2,384,82.21666666666667,9430.6,9893131.372395834,26302795.060165375,0.8463541666666666,114.70423677275491,75.49966297425529,2.830745341614907,18,33,0.078125,0.023515102371781876,0,BENIGN,BENIGN
20170703_1358,2017-07-03 13:58:00,2017-07-03 13:58:59,2017-07-03,Monday,3,127,32.583333333333336,4119.233333333334,9652468.204724409,25291064.819035728,0.8188976377952756,126.42148337595908,103.05818542853895,3.0,17,24,0.13385826771653545,0.02557544757033248,0,BENIGN,BENIGN
20170703_1359,2017-07-03 13:59:00,2017-07-03 13:59:59,2017-07-03,Monday,4,109,30.983333333333334,11644.733333333334,13103322.963302752,28377495.39261443,0.7614678899082569,375.838622915546,91.45010720527053,1.8837209302325582,14,21,0.12844036697247707,0.02474448628294782,0,BENIGN,BENIGN
20170703_1400,2017-07-03 14:00:00,2017-07-03 14:00:59,2017-07-03,Monday,5,58,30.85,24458.966666666667,45319494.51724138,35889821.06682707,0.3103448275862069,792.8352242031334,91.70548188131538,1.2920792079207921,9,28,0.10344827586206896,0.004321988114532685,0,BENIGN,BENIGN
20170703_1401,2017-07-03 14:01:00,2017-07-03 14:01:59,2017-07-03,Monday,6,293,86.28333333333333,60077.63333333333,4468638.238907849,19707859.279050056,0.9112627986348123,696.2831755843152,83.8049705744313,0.8136602451838879,20,21,0.10238907849829351,0.015452965037666602,0,BENIGN,BENIGN
20170703_1402,2017-07-03 14:02:00,2017-07-03 14:02:59,2017-07-03,Monday,7,399,120.83333333333333,72379.58333333333,18504754.51879699,35285198.49430411,0.7368421052631579,599.0034482758621,102.47605662930687,1.0152862701500833,12,65,0.13533834586466165,0.01710344827586207,0,BENIGN,BENIGN
20170703_1403,2017-07-03 14:03:00,2017-07-03 14:03:59,2017-07-03,Monday,8,181,124.98333333333333,100658.26666666666,13049295.67955801,28741032.39510516,0.7071823204419889,805.3735164688625,233.6782492330588,1.0408163265306123,23,38,0.3149171270718232,0.021602880384051205,0,BENIGN,BENIGN
20170703_1404,2017-07-03 14:04:00,2017-07-03 14:04:59,2017-07-03,Monday,9,318,75.16666666666667,21433.016666666666,21353960.352201257,34405048.612298235,0.6572327044025157,285.139911308204,116.76003758426113,1.548587570621469,20,67,0.21069182389937108,0.03348115299334811,0,BENIGN,BENIGN
20170703_1405,2017-07-03 14:05:00,2017-07-03 14:05:59,2017-07-03,Monday,10,255,55.6,32587.316666666666,16675635.290196078,30404982.752581425,0.6509803921568628,586.1028177458033,139.5132930141826,1.0322777101096223,16,58,0.2196078431372549,0.029376498800959234,0,BENIGN,BENIGN
20170703_1406,2017-07-03 14:06:00,2017-07-03 14:06:59,2017-07-03,Monday,11,2072,536.0666666666667,301686.31666666665,12750383.504826255,31486985.856203955,0.7625482625482626,562.7776085064047,143.383737289697,0.8469710020097617,15,205,0.22924710424710426,0.029909215271732372,0,BENIGN,BENIGN
20170703_1407,2017-07-03 14:07:00,2017-07-03 14:07:59,2017-07-03,Monday,12,476,96.85,19906.95,19122259.094537817,37090387.28107923,0.6911764705882353,205.54414042333505,153.93974956739083,1.1890772128060263,21,87,0.29411764705882354,0.049044914816726896,0,BENIGN,BENIGN
20170703_1408,2017-07-03 14:08:00,2017-07-03 14:08:59,2017-07-03,Monday,13,183,62.13333333333333,22426.7,18568646.644808743,33435859.737642903,0.6284153005464481,360.94474248927037,188.45634901306974,1.4120310478654592,18,55,0.4972677595628415,0.04774678111587983,0,BENIGN,BENIGN
20170703_1409,2017-07-03 14:09:00,2017-07-03 14:09:59,2017-07-03,Monday,14,697,150.31666666666666,75595.05,18360670.678622667,36220886.64849666,0.6857962697274032,502.9053110100898,102.88786871023872,1.1344060577378134,16,117,0.1951219512195122,0.022840669697305686,0,BENIGN,BENIGN
20170703_1410,2017-07-03 14:10:00,2017-07-03 14:10:59,2017-07-03,Monday,15,374,275.4,240879.3,10235407.323529411,28264604.76442228,0.7754010695187166,874.6525054466231,201.81638217524113,0.9079782934995959,23,58,0.2647058823529412,0.012164124909222949,0,BENIGN,BENIGN
20170703_1411,2017-07-03 14:11:00,2017-07-03 14:11:59,2017-07-03,Monday,16,491,85.18333333333334,27854.983333333334,19356746.763747454,34397566.983684346,0.7006109979633401,327.0003913128546,134.47980006026776,1.003920031360251,11,108,0.2240325865580448,0.04030522402660927,0,BENIGN,BENIGN
20170703_1412,2017-07-03 14:12:00,2017-07-03 14:12:59,2017-07-03,Monday,17,480,396.1333333333333,344980.5,11973662.502083333,29208253.24595431,0.7,870.8696566812521,165.33892572611583,0.8942460949952183,15,70,0.2625,0.010181756984180411,0,BENIGN,BENIGN
20170703_1413,2017-07-03 14:13:00,2017-07-03 14:13:59,2017-07-03,Monday,18,202,5573.083333333333,7035934.216666667,32145376.886138614,38698414.46275291,0.46534653465346537,1262.485018765794,87.75333066367523,0.7561459804946195,12,80,0.35148514851485146,0.00018840558039385737,0,BENIGN,BENIGN
20170703_1414,2017-07-03 14:14:00,2017-07-03 14:14:59,2017-07-03,Monday,19,977,331.6333333333333,217878.96666666667,17269164.71238485,34742952.53945956,0.7001023541453428,656.9875364358227,175.49719312043615,0.8362092830119037,10,134,0.24872057318321392,0.023972258518444065,0,BENIGN,BENIGN
20170703_1415,2017-07-03 14:15:00,2017-07-03 14:15:59,2017-07-03,Monday,20,1675,9172.083333333334,11330469.466666667,14867391.07641791,33620654.47499315,0.7259701492537314,1235.321251987462,172.9534024403611,0.7543290319290014,18,225,0.2853731343283582,0.0017226184527324763,0,BENIGN,BENIGN
20170703_1416,2017-07-03 14:16:00,2017-07-03 14:16:59,2017-07-03,Monday,21,416,85.45,21027.733333333334,25471344.685096152,38610834.47262228,0.5192307692307693,246.08230934269554,149.19849452905174,1.1402337228714525,12,101,0.43990384615384615,0.05929393407450751,0,BENIGN,BENIGN
20170703_1417,2017-07-03 14:17:00,2017-07-03 14:17:59,2017-07-03,Monday,22,533,8322.416666666666,10494503.083333334,20220630.838649157,36600605.495942816,0.6191369606003753,1260.9922698735343,173.74536226303212,0.7572519997325479,16,106,0.3602251407129456,0.000628823759124453,0,BENIGN,BENIGN
20170703_1418,2017-07-03 14:18:00,2017-07-03 14:18:59,2017-07-03,Monday,23,1317,511.6166666666667,339852.9166666667,16008476.985573273,33807853.221661344,0.6492027334851936,664.2725673518585,165.6804159652829,0.9492031240078735,16,242,0.35079726651480636,0.027071049288204058,0,BENIGN,BENIGN
20170703_1419,2017-07-03 14:19:00,2017-07-03 14:19:59,2017-07-03,Monday,24,529,7630.916666666667,9631207.816666666,23997558.875236295,42385465.18079211,0.6351606805293005,1262.1298642583351,161.2352954383862,0.7583470947425016,19,130,0.4007561436672968,0.0007884592283583231,0,BENIGN,BENIGN
20170703_1420,2017-07-03 14:20:00,2017-07-03 14:20:59,2017-07-03,Monday,25,585,294.06666666666666,223233.03333333333,15397155.565811966,31469036.562647652,0.6632478632478632,759.1238948084334,160.10524964610616,0.832294911734164,19,110,0.3094017094017094,0.01836318295171163,0,BENIGN,BENIGN
20170703_1421,2017-07-03 14:21:00,2017-07-03 14:21:59,2017-07-03,Monday,26,1329,1602.7833333333333,1775715.3333333333,14346660.811136192,33090786.23660863,0.744920993227991,1107.8948079902668,171.27232459351515,0.8114486993539152,24,203,0.2626034612490594,0.007538968669086069,0,BENIGN,BENIGN
20170703_1422,2017-07-03 14:22:00,2017-07-03 14:22:59,2017-07-03,Monday,27,624,231.45,112684.51666666666,18299048.392628204,36437803.73203164,0.6682692307692307,486.8633254122561,196.0770732992302,0.8944209521211295,11,108,0.3173076923076923,0.026067545186145315,0,BENIGN,BENIGN
20170703_1423,2017-07-03 14:23:00,2017-07-03 14:23:59,2017-07-03,Monday,28,324,73.93333333333334,34387.98333333333,20852793.09567901,36441314.49610053,0.595679012345679,465.12150586113614,118.78265218773065,1.0095108695652173,12,102,0.36419753086419754,0.030658250676284943,0,BENIGN,BENIGN
20170703_1424,2017-07-03 14:24:00,2017-07-03 14:24:59,2017-07-03,Monday,29,2227,787.6666666666666,477831.86666666664,18757439.280197576,37449478.88366436,0.6470588235294118,606.642234447736,186.29499473071272,0.8896085722282195,24,289,0.33812303547373146,0.03121032585696149,0,BENIGN,BENIGN
20170703_1425,2017-07-03 14:25:00,2017-07-03 14:25:59,2017-07-03,Monday,30,529,124.98333333333333,41656.76666666667,17040351.797731567,35947919.55040348,0.6616257088846881,333.2985731430857,165.6263174279121,1.0314192849404118,14,121,0.3761814744801512,0.047472996399519934,0,BENIGN,BENIGN
20170703_1426,2017-07-03 14:26:00,2017-07-03 14:26:59,2017-07-03,Monday,31,1027,1050.8166666666666,957911.4333333333,15556388.210321324,32993311.12859806,0.697176241480039,911.5875906041333,114.23911851689434,0.8384068112899463,13,186,0.2901655306718598,0.007359355421973386,0,BENIGN,BENIGN
20170703_1427,2017-07-03 14:27:00,2017-07-03 14:27:59,2017-07-03,Monday,32,688,399.73333333333335,319850.7166666667,20467449.63226744,37471716.52213849,0.6031976744186046,800.1602318212141,192.43080527813854,0.8957477078722732,11,140,0.35319767441860467,0.01776184122748499,0,BENIGN,BENIGN
20170703_1428,2017-07-03 14:28:00,2017-07-03 14:28:59,2017-07-03,Monday,33,1308,4722.466666666666,6765153.733333333,18698837.96788991,34508371.31359818,0.5825688073394495,1432.5466352329997,205.05577828201615,0.802165022547018,21,248,0.3570336391437309,0.0032821830399367563,0,BENIGN,BENIGN
20170703_1429,2017-07-03 14:29:00,2017-07-03 14:29:59,2017-07-03,Monday,34,1494,575.5833333333334,425084.06666666665,18632846.129852746,37071856.547007404,0.6345381526104418,738.5274069784277,204.3870166340716,0.9640582347588716,12,229,0.3808567603748327,0.03130157810916462,0,BENIGN,BENIGN
20170703_1430,2017-07-03 14:30:00,2017-07-03 14:30:59,2017-07-03,Monday,35,1386,935.1166666666667,776493.9166666666,11152530.702741703,29288981.970985208,0.8217893217893217,830.3711658081879,373.9508257667726,0.8833876002819644,13,162,0.670995670995671,0.0311904040494056,0,BENIGN,BENIGN
20170703_1431,2017-07-03 14:31:00,2017-07-03 14:31:59,2017-07-03,Monday,36,1035,214.41666666666666,81941.88333333333,8980412.499516908,25847401.245686177,0.8473429951690822,382.1619121647882,274.6346768318645,1.103318620238679,15,127,0.553623188405797,0.0777302759424796,0,BENIGN,BENIGN
20170703_1432,2017-07-03 14:32:00,2017-07-03 14:32:59,2017-07-03,Monday,37,439,70.88333333333334,11230.016666666666,16109080.161731208,30758990.869655695,0.6332574031890661,158.42957912062073,102.29198546682885,1.1398390342052314,12,106,0.33029612756264237,0.03244768398777333,0,BENIGN,BENIGN
20170703_1433,2017-07-03 14:33:00,2017-07-03 14:33:59,2017-07-03,Monday,38,1041,8899.533333333333,10926797.016666668,10853990.869356388,24136845.261662077,0.7348703170028819,1227.7943806042265,218.72500414763812,0.7592505345558657,24,210,0.47166186359269935,0.0018221929239735416,0,BENIGN,BENIGN
20170703_1434,2017-07-03 14:34:00,2017-07-03 14:34:59,2017-07-03,Monday,39,1017,342.05,207263.31666666668,15588906.647000983,35037445.53968826,0.7620452310717798,605.9445012912342,156.95136031044666,0.8806927517639512,22,110,0.2487708947885939,0.025629781221069046,0,BENIGN,BENIGN
20170703_1435,2017-07-03 14:35:00,2017-07-03 14:35:59,2017-07-03,Monday,40,353,8512.65,10673695.75,23943543.847025495,34661262.91163954,0.5807365439093485,1253.86286878939,155.55771445425765,0.7540015865548065,7,121,0.2804532577903683,0.00035045882696144366,0,BENIGN,BENIGN
20170703_1436,2017-07-03 14:36:00,2017-07-03 14:36:59,2017-07-03,Monday,41,194,79.93333333333334,53588.433333333334,17649803.70103093,33875787.805952474,0.6391752577319587,670.4140950792327,144.39102581916924,0.9531758957654723,12,40,0.34536082474226804,0.02335279399499583,0,BENIGN,BENIGN
20170703_1437,2017-07-03 14:37:00,2017-07-03 14:37:59,2017-07-03,Monday,42,881,8472.633333333333,10490293.1,21175852.968217935,38661426.886797346,0.6753688989784336,1238.138449675229,110.84998935922486,0.7502521957383224,14,137,0.2690124858115778,0.0007435704759244469,0,BENIGN,BENIGN
20170703_1438,2017-07-03 14:38:00,2017-07-03 14:38:59,2017-07-03,Monday,43,1285,433.93333333333334,247753.81666666668,16776950.701945525,33936781.90726663,0.6443579766536965,570.949032109387,216.9179169589776,0.9163170677853831,14,185,0.3587548638132296,0.03648793977569519,0,BENIGN,BENIGN
20170703_1439,2017-07-03 14:39:00,2017-07-03 14:39:59,2017-07-03,Monday,44,1208,8615.483333333334,10618382.633333333,21196084.303807948,36774367.49987782,0.5802980132450332,1232.476719239973,207.82663352084313,0.7610026469716532,11,245,0.39403973509933776,0.0017120339543728442,0,BENIGN,BENIGN
20170703_1440,2017-07-03 14:40:00,2017-07-03 14:40:59,2017-07-03,Monday,45,855,175.35,54316.2,16029588.197660819,35789105.428894594,0.7216374269005847,309.7587681779299,127.34474170508692,1.0578916487385097,14,117,0.30058479532163745,0.03877958368976333,0,BENIGN,BENIGN
20170703_1441,2017-07-03 14:41:00,2017-07-03 14:41:59,2017-07-03,Monday,46,611,7317.283333333334,9083570.45,23865592.412438624,41345586.17951161,0.6284779050736498,1241.3856394791328,152.36163269925822,0.7550708763401744,12,148,0.33387888707037644,0.0006195377610543075,0,BENIGN,BENIGN
20170703_1442,2017-07-03 14:42:00,2017-07-03 14:42:59,2017-07-03,Monday,47,762,225.6,82101.46666666666,29755390.968503937,44327650.213617116,0.5485564304461942,363.92494089834514,191.1231713043578,1.039011899382437,11,161,0.40813648293963256,0.04210992907801418,0,BENIGN,BENIGN
20170703_1443,2017-07-03 14:43:00,2017-07-03 14:43:59,2017-07-03,Monday,48,1964,434.3833333333333,144939.8,15798663.962830957,34811882.28840433,0.6705702647657841,333.6679584084718,175.5114324466622,0.9826563213144682,10,244,0.3579429735234216,0.05145225031654069,0,BENIGN,BENIGN
20170703_1444,2017-07-03 14:44:00,2017-07-03 14:44:59,2017-07-03,Monday,49,476,197.0,128612.11666666667,24502044.31512605,39706975.90842152,0.5945378151260504,652.8533840947547,106.17080656458232,0.8147067853853239,11,117,0.2857142857142857,0.015736040609137057,0,BENIGN,BENIGN
20170703_1445,2017-07-03 14:45:00,2017-07-03 14:45:59,2017-07-03,Monday,50,2315,776.6833333333333,521414.7833333333,19392151.86047516,37713516.42236857,0.6302375809935206,671.335100105148,148.69223075009467,0.8359531970216286,19,301,0.30842332613390927,0.029892062402094376,0,BENIGN,BENIGN
20170703_1446,2017-07-03 14:46:00,2017-07-03 14:46:59,2017-07-03,Monday,51,1270,353.4,201913.96666666667,14128823.266141733,31770353.585941684,0.7110236220472441,571.3468213544614,95.25944922080289,0.9110490266762797,35,174,0.24173228346456693,0.025466893039049237,0,BENIGN,BENIGN
20170703_1447,2017-07-03 14:47:00,2017-07-03 14:47:59,2017-07-03,Monday,52,1765,410.78333333333336,200930.06666666668,14554602.460056657,33538830.201590497,0.6963172804532578,489.1387998539376,146.27104425574285,0.954639175257732,30,208,0.26628895184135976,0.03578528827037773,0,BENIGN,BENIGN
20170703_1448,2017-07-03 14:48:00,2017-07-03 14:48:59,2017-07-03,Monday,53,1107,7231.666666666667,10583615.816666666,22230882.128274616,38869355.38121129,0.5718157181571816,1463.50990781286,163.3069738015415,0.8578505673303362,17,211,0.35953026196928634,0.0015717907351924406,0,BENIGN,BENIGN
20170703_1449,2017-07-03 14:49:00,2017-07-03 14:49:59,2017-07-03,Monday,54,3152,642.4666666666667,233937.85,13482920.694162436,31571593.298196144,0.6963832487309645,364.1244941371796,157.2895520323512,1.0061930783242259,26,377,0.287753807106599,0.04640967105945834,0,BENIGN,BENIGN
20170703_1450,2017-07-03 14:50:00,2017-07-03 14:50:59,2017-07-03,Monday,55,851,261.8333333333333,129968.83333333333,25245409.871915393,41352831.35457607,0.5475910693301997,496.38001273074474,153.66749586796385,1.022007722007722,28,202,0.36662749706227965,0.03195416931890516,0,BENIGN,BENIGN
20170703_1451,2017-07-03 14:51:00,2017-07-03 14:51:59,2017-07-03,Monday,56,1478,303.06666666666666,101595.35,16646527.99661705,33950436.10606861,0.6163734776725305,335.22442806863177,149.94991137946468,1.0038567493112949,19,288,0.36874154262516917,0.04960404751429828,0,BENIGN,BENIGN
20170703_1452,2017-07-03 14:52:00,2017-07-03 14:52:59,2017-07-03,Monday,57,1640,346.1666666666667,147109.46666666667,12783258.160365853,32458844.551203884,0.7585365853658537,424.9671641791045,194.78168699674683,0.9676960970064419,18,144,0.33963414634146344,0.04978334135772749,0,BENIGN,BENIGN
20170703_1453,2017-07-03 14:53:00,2017-07-03 14:53:59,2017-07-03,Monday,58,1751,419.5833333333333,176216.98333333334,16203880.956596231,33751059.73179029,0.663049685893775,419.98089374379344,163.45148896537088,0.9452943903569773,18,326,0.3792118789263278,0.049096325719960275,0,BENIGN,BENIGN
20170703_1454,2017-07-03 14:54:00,2017-07-03 14:54:59,2017-07-03,Monday,59,1023,291.28333333333336,155544.85,15678514.873900292,34731547.79426703,0.6627565982404692,533.9984551124335,133.02211667023647,0.872107969151671,23,144,0.34506353861192574,0.03278594724495051,0,BENIGN,BENIGN
20170703_1455,2017-07-03 14:55:00,2017-07-03 14:55:59,2017-07-03,Monday,60,1153,217.06666666666666,62724.96666666667,16908117.717259325,36114756.65966339,0.6418039895923677,288.96636977886976,103.88625384620313,1.0162538699690402,19,184,0.3044232437120555,0.04437960687960688,0,BENIGN,BENIGN
20170703_1456,2017-07-03 14:56:00,2017-07-03 14:56:59,2017-07-03,Monday,61,471,81.66666666666667,29526.85,14179293.146496816,31078323.85133213,0.5626326963906582,361.55326530612246,91.601373506242,1.1234835355285961,18,87,0.35668789808917195,0.045714285714285714,0,BENIGN,BENIGN
20170703_1457,2017-07-03 14:57:00,2017-07-03 14:57:59,2017-07-03,Monday,62,751,181.7,87859.56666666667,16155788.235685753,33797729.0886365,0.6125166444740346,483.5419189139607,118.80619727636451,1.0023875114784206,17,134,0.30892143808255657,0.037149146945514584,0,BENIGN,BENIGN
20170703_1458,2017-07-03 14:58:00,2017-07-03 14:58:59,2017-07-03,Monday,63,1366,413.03333333333336,215290.85,18536198.187408492,35833895.8912369,0.6171303074670571,521.2432814139295,171.35586566743694,0.8905332214509116,29,204,0.33382137628111275,0.035186829150189655,0,BENIGN,BENIGN
20170703_1459,2017-07-03 14:59:00,2017-07-03 14:59:59,2017-07-03,Monday,64,1552,377.65,145803.36666666667,19201789.25579897,36893714.28949296,0.6237113402061856,386.08067434573456,165.74366068324468,0.9920879120879121,22,249,0.3286082474226804,0.043205790193742,0,BENIGN,BENIGN
20170703_1500,2017-07-03 15:00:00,2017-07-03 15:00:59,2017-07-03,Monday,65,1216,257.1666666666667,120553.38333333333,13501515.63486842,26935653.92071736,0.5978618421052632,468.7753078418665,159.33518571581445,0.9204729309271935,27,208,0.32730263157894735,0.046921581335061566,0,BENIGN,BENIGN
20170703_1501,2017-07-03 15:01:00,2017-07-03 15:01:59,2017-07-03,Monday,66,2076,629.9666666666667,297691.1666666667,16711367.381984586,35380405.83958023,0.6526974951830443,472.5506640562993,189.51745429612598,0.9388079606073041,27,265,0.42678227360308285,0.042727128419493096,0,BENIGN,BENIGN
20170703_1502,2017-07-03 15:02:00,2017-07-03 15:02:59,2017-07-03,Monday,67,1237,423.01666666666665,275317.26666666666,12666945.481002426,28481376.880197562,0.6475343573160873,650.8425987943738,217.12034145282885,0.8232885568565477,11,206,0.4624090541632983,0.04018754186202277,0,BENIGN,BENIGN
20170703_1503,2017-07-03 15:03:00,2017-07-03 15:03:59,2017-07-03,Monday,68,1451,391.6,123257.48333333334,7148095.21984838,22823872.61825053,0.7767057201929704,314.753532516173,238.74580161239072,1.191884328358209,9,229,0.5740868366643694,0.06788389513108614,0,BENIGN,BENIGN
20170703_1504,2017-07-03 15:04:00,2017-07-03 15:04:59,2017-07-03,Monday,69,790,258.1333333333333,138306.6,14979826.11392405,32290773.508092687,0.6012658227848101,535.7951962809917,198.15392568901183,0.9748820604360576,14,164,0.5430379746835443,0.042678202479338845,0,BENIGN,BENIGN
20170703_1505,2017-07-03 15:05:00,2017-07-03 15:05:59,2017-07-03,Monday,70,706,203.6,111262.03333333334,15293633.007082153,32370480.970342617,0.6388101983002833,546.4736411263916,150.11608294864183,0.8666157372039724,11,104,0.37110481586402266,0.039047151277013754,0,BENIGN,BENIGN
20170703_1506,2017-07-03 15:06:00,2017-07-03 15:06:59,2017-07-03,Monday,71,1843,457.9166666666667,165928.0,19900441.255561583,39933296.08242332,0.6663049376017363,362.3541401273885,216.44333016271761,1.0388839418224993,12,247,0.44872490504612045,0.05870791628753412,0,BENIGN,BENIGN
20170703_1507,2017-07-03 15:07:00,2017-07-03 15:07:59,2017-07-03,Monday,72,438,160.1,82910.73333333334,25319164.351598173,41774278.63005148,0.4452054794520548,517.8684155735998,187.72802081985557,1.0081521739130435,11,90,0.541095890410959,0.043930876535498646,0,BENIGN,BENIGN
20170703_1508,2017-07-03 15:08:00,2017-07-03 15:08:59,2017-07-03,Monday,73,1828,415.06666666666666,147280.43333333332,14973767.463894967,34103430.78904535,0.7089715536105032,354.8356087375522,178.2324758650324,1.0464256368118323,11,217,0.3490153172866521,0.0478236427883071,0,BENIGN,BENIGN
20170703_1509,2017-07-03 15:09:00,2017-07-03 15:09:59,2017-07-03,Monday,74,860,223.7,84208.4,13384825.820930233,27558485.627311278,0.5720930232558139,376.4345105051408,246.56462933756887,1.0685775928494374,12,175,0.55,0.06578751303829533,0,BENIGN,BENIGN
20170703_1510,2017-07-03 15:10:00,2017-07-03 15:10:59,2017-07-03,Monday,75,1461,417.53333333333336,212516.25,13245854.70020534,31027521.618449606,0.6543463381245722,508.9803209324605,179.80101214230174,0.9236025798525799,12,213,0.39698836413415467,0.044826760338495926,0,BENIGN,BENIGN
20170703_1511,2017-07-03 15:11:00,2017-07-03 15:11:59,2017-07-03,Monday,76,628,268.95,167367.2,18471724.960191082,35764313.78138412,0.5095541401273885,622.2985685071575,202.02768155232724,0.9248568702290076,13,141,0.5031847133757962,0.032533928239449714,0,BENIGN,BENIGN
20170703_1512,2017-07-03 15:12:00,2017-07-03 15:12:59,2017-07-03,Monday,77,619,116.61666666666666,23311.033333333333,10377947.604200322,25069625.84748691,0.691437802907916,199.89452622552523,195.05904704738379,1.2698670126500162,9,141,0.5250403877221325,0.08789481206231242,0,BENIGN,BENIGN
20170703_1513,2017-07-03 15:13:00,2017-07-03 15:13:59,2017-07-03,Monday,78,899,380.03333333333336,225978.2,16929032.47942158,35424530.1805886,0.6373748609566184,594.627313393562,209.98924540780038,0.907721910817368,15,166,0.45383759733036705,0.03337426541531444,0,BENIGN,BENIGN
20170703_1514,2017-07-03 15:14:00,2017-07-03 15:14:59,2017-07-03,Monday,79,1085,255.21666666666667,108562.73333333334,13146921.112442397,31996196.588187367,0.6700460829493088,425.3747795990335,159.70167966057335,0.9399543957436027,16,149,0.36036866359447006,0.050153464376673416,0,BENIGN,BENIGN
20170703_1515,2017-07-03 15:15:00,2017-07-03 15:15:59,2017-07-03,Monday,80,262,83.13333333333334,31100.983333333334,14769505.73664122,30239015.656213883,0.4312977099236641,374.10966319166,170.6813580651574,1.1606756171502814,14,74,0.6259541984732825,0.05813953488372093,0,BENIGN,BENIGN
20170703_1516,2017-07-03 15:16:00,2017-07-03 15:16:59,2017-07-03,Monday,81,367,71.41666666666667,18549.2,14745431.997275203,31543225.321128342,0.5749318801089919,259.7320886814469,162.13961472985392,1.1323383084577114,8,92,0.4332425068119891,0.06254375729288214,0,BENIGN,BENIGN
20170703_1517,2017-07-03 15:17:00,2017-07-03 15:17:59,2017-07-03,Monday,82,745,307.2,172610.65,16188142.667114094,34592053.44354966,0.610738255033557,561.8836263020834,210.48613114969527,0.9474907554146856,11,144,0.487248322147651,0.03624131944444445,0,BENIGN,BENIGN
20170703_1518,2017-07-03 15:18:00,2017-07-03 15:18:59,2017-07-03,Monday,83,666,278.75,167882.73333333334,18431041.855855856,37090802.292182475,0.5480480480480481,602.2698953662182,186.42192343286882,0.8107610696113456,11,101,0.45345345345345345,0.035216741405082214,0,BENIGN,BENIGN
20170703_1519,2017-07-03 15:19:00,2017-07-03 15:19:59,2017-07-03,Monday,84,1232,339.6,163762.36666666667,14827391.845779222,30542330.40431254,0.6071428571428571,482.22133882999606,184.0357253211346,0.9410363878834064,12,249,0.3887987012987013,0.046868865331762856,0,BENIGN,BENIGN
20170703_1520,2017-07-03 15:20:00,2017-07-03 15:20:59,2017-07-03,Monday,85,908,168.31666666666666,51002.9,14110786.5,30470849.15686817,0.6365638766519823,303.0175264877711,176.79125356589753,1.0268914308649408,11,164,0.3623348017621145,0.06168927616595703,0,BENIGN,BENIGN
20170703_1521,2017-07-03 15:21:00,2017-07-03 15:21:59,2017-07-03,Monday,86,880,228.31666666666666,82645.0,18673317.614772726,35464206.72581373,0.5170454545454546,361.97532666618,189.73726591082539,1.0423375074537866,14,208,0.475,0.05518650996423097,0,BENIGN,BENIGN
20170703_1522,2017-07-03 15:22:00,2017-07-03 15:22:59,2017-07-03,Monday,87,1429,362.28333333333336,151796.16666666666,18552096.66759972,35266104.6862058,0.602519244226732,418.9984818512214,192.41197844219778,1.0047957207414921,11,270,0.4653603918824353,0.05350324331784515,0,BENIGN,BENIGN
20170703_1523,2017-07-03 15:23:00,2017-07-03 15:23:59,2017-07-03,Monday,88,1986,467.45,192637.26666666666,13504562.39979859,31453019.38412861,0.6933534743202417,412.1023995436232,173.54717922515584,0.9971518086015381,14,266,0.33131923464249746,0.04642207722751096,0,BENIGN,BENIGN
20170703_1524,2017-07-03 15:24:00,2017-07-03 15:24:59,2017-07-03,Monday,89,673,400.46666666666664,301510.98333333334,21603480.1307578,36229080.80052847,0.4635958395245171,752.8990760779091,217.87239847001084,0.7921390214797136,8,163,0.5557206537890045,0.025553520892292327,0,BENIGN,BENIGN
20170703_1525,2017-07-03 15:25:00,2017-07-03 15:25:59,2017-07-03,Monday,90,2102,442.48333333333335,147629.08333333334,13647185.205994291,32208279.67164883,0.6931493815413892,333.63761346943386,170.130052078596,1.0208555335667528,10,279,0.34776403425309227,0.05115070247466948,0,BENIGN,BENIGN
20170703_1526,2017-07-03 15:26:00,2017-07-03 15:26:59,2017-07-03,Monday,91,271,52.1,8357.333333333334,14237282.870848708,30794451.77729025,0.5018450184501845,160.40946896992963,159.16881201008826,1.2610267534345625,10,86,0.6088560885608856,0.07709532949456174,0,BENIGN,BENIGN
20170703_1527,2017-07-03 15:27:00,2017-07-03 15:27:59,2017-07-03,Monday,92,691,259.0833333333333,173559.65,18494572.047756873,35492759.24710741,0.613603473227207,669.8989385654552,209.0640761301524,0.8118881118881119,13,127,0.38929088277858176,0.033065294306851074,0,BENIGN,BENIGN
20170703_1528,2017-07-03 15:28:00,2017-07-03 15:28:59,2017-07-03,Monday,93,2677,625.9833333333333,263317.15,14972887.731789317,33900195.770626456,0.692566305565932,420.6456242178972,151.27575591948803,0.928923582580115,15,279,0.2824056779977587,0.0386059266753641,0,BENIGN,BENIGN
20170703_1529,2017-07-03 15:29:00,2017-07-03 15:29:59,2017-07-03,Monday,94,663,253.81666666666666,175877.06666666668,18263740.739064857,34018760.55970585,0.6274509803921569,692.9295423205726,244.99013190195362,0.9720315939401787,11,158,0.3891402714932127,0.032503775691115636,0,BENIGN,BENIGN
20170703_1530,2017-07-03 15:30:00,2017-07-03 15:30:59,2017-07-03,Monday,95,838,158.76666666666668,47244.95,17449457.822195705,33922589.13264399,0.6312649164677804,297.5747428091539,138.81008511907055,1.036554082941428,14,176,0.3639618138424821,0.049338652110014695,0,BENIGN,BENIGN
20170703_1531,2017-07-03 15:31:00,2017-07-03 15:31:59,2017-07-03,Monday,96,1210,247.35,79519.35,16543143.11570248,34562166.45543583,0.6239669421487604,321.4851425106125,167.9591700782869,1.0551093879811686,10,259,0.4049586776859504,0.05781281584798868,0,BENIGN,BENIGN
20170703_1532,2017-07-03 15:32:00,2017-07-03 15:32:59,2017-07-03,Monday,97,2464,860.6666666666666,450159.7,13241330.70211039,31362720.10474974,0.716314935064935,523.0360573199071,216.2854867151167,0.9315155595451825,10,391,0.4476461038961039,0.041169635941130905,0,BENIGN,BENIGN
20170703_1533,2017-07-03 15:33:00,2017-07-03 15:33:59,2017-07-03,Monday,98,440,146.76666666666668,69538.11666666667,14842813.293181818,29969162.36447761,0.7,473.8004769475358,223.4066875068772,1.0255289788408464,12,115,0.525,0.04962525550760845,0,BENIGN,BENIGN
20170703_1534,2017-07-03 15:34:00,2017-07-03 15:34:59,2017-07-03,Monday,99,227,38.06666666666667,5022.116666666667,17378279.84140969,32198774.34892797,0.5859030837004405,131.92950963222418,98.28251462855359,1.222762645914397,10,81,0.4889867841409692,0.04903677758318739,0,BENIGN,BENIGN
20170703_1535,2017-07-03 15:35:00,2017-07-03 15:35:59,2017-07-03,Monday,100,706,167.05,60153.48333333333,19346538.083569404,39353014.05432719,0.6430594900849859,360.0926868203133,165.62957517945867,1.0390561432058585,10,143,0.3781869688385269,0.0485882470318268,0,BENIGN,BENIGN
20170703_1536,2017-07-03 15:36:00,2017-07-03 15:36:59,2017-07-03,Monday,101,630,233.16666666666666,150395.2,14474481.247619048,31902054.22196425,0.726984126984127,645.0115796997856,212.64180585608335,0.847972526746797,9,123,0.43333333333333335,0.03795568263045032,0,BENIGN,BENIGN
20170703_1537,2017-07-03 15:37:00,2017-07-03 15:37:59,2017-07-03,Monday,102,326,79.55,21579.25,18739826.110429447,35621373.99544146,0.6196319018404908,271.2664990571967,181.68167233608403,1.0738488271068636,11,83,0.40797546012269936,0.05363503037921642,0,BENIGN,BENIGN
20170703_1538,2017-07-03 15:38:00,2017-07-03 15:38:59,2017-07-03,Monday,103,165,28.983333333333334,4528.1,13963264.030303031,29627989.319605354,0.6606060606060606,156.23116733755032,137.344532834232,1.298546895640687,7,50,0.4303030303030303,0.06958021851638872,0,BENIGN,BENIGN
20170703_1539,2017-07-03 15:39:00,2017-07-03 15:39:59,2017-07-03,Monday,104,839,375.6,243016.23333333334,17223827.026221693,32323872.965658348,0.6174016686531585,647.0080759673411,242.82352239869857,0.9099152542372881,10,202,0.4505363528009535,0.0305733049343273,0,BENIGN,BENIGN
20170703_1540,2017-07-03 15:40:00,2017-07-03 15:40:59,2017-07-03,Monday,105,1500,411.8,139124.76666666666,16903208.539333332,36102042.130084105,0.676,337.84547514974906,204.96818947645093,1.0689106589634094,14,213,0.5533333333333333,0.06775133559980573,0,BENIGN,BENIGN
20170703_1541,2017-07-03 15:41:00,2017-07-03 15:41:59,2017-07-03,Monday,106,2016,430.98333333333335,141977.73333333334,14073665.202876983,33272853.608705427,0.7033730158730159,329.42743338876215,159.81866787593518,0.9728410131217577,14,243,0.3149801587301587,0.04895780966007966,0,BENIGN,BENIGN
20170703_1542,2017-07-03 15:42:00,2017-07-03 15:42:59,2017-07-03,Monday,107,719,202.7,97174.7,8669436.625869263,24770587.232941445,0.8136300417246175,479.4015786877158,171.9762194272447,0.8672090881178999,11,158,0.45479833101529904,0.04818286466041769,0,BENIGN,BENIGN
20170703_1543,2017-07-03 15:43:00,2017-07-03 15:43:59,2017-07-03,Monday,108,827,350.5833333333333,210304.36666666667,13459225.604594922,33545960.496278737,0.7448609431680774,599.8698359876397,200.74961924807155,0.8502946609200457,10,167,0.4570737605804111,0.030805799857380557,0,BENIGN,BENIGN
20170703_1544,2017-07-03 15:44:00,2017-07-03 15:44:59,2017-07-03,Monday,109,376,114.06666666666666,52154.21666666667,17509320.742021278,36218773.7349399,0.6595744680851063,457.2257451782583,165.71968634201022,0.9973737963233148,9,106,0.43882978723404253,0.03609000584453536,0,BENIGN,BENIGN
20170703_1545,2017-07-03 15:45:00,2017-07-03 15:45:59,2017-07-03,Monday,110,385,113.6,47335.48333333333,27039633.716883115,43118575.69184333,0.6077922077922078,416.6855927230047,160.30715178755926,1.0252525252525253,12,118,0.42857142857142855,0.03095657276995305,0,BENIGN,BENIGN
20170703_1546,2017-07-03 15:46:00,2017-07-03 15:46:59,2017-07-03,Monday,111,710,254.18333333333334,148242.03333333333,18600184.152112678,36075487.763199106,0.6591549295774648,583.2091010425546,193.02288973314248,0.8563777994157741,13,141,0.37183098591549296,0.031735623893515176,0,BENIGN,BENIGN
20170703_1547,2017-07-03 15:47:00,2017-07-03 15:47:59,2017-07-03,Monday,112,731,207.51666666666668,86395.6,19454061.830369357,37958434.247583106,0.6853625170998632,416.33089711669743,190.61669615103878,1.0409768890345845,14,143,0.426812585499316,0.04634165930447354,0,BENIGN,BENIGN
20170703_1548,2017-07-03 15:48:00,2017-07-03 15:48:59,2017-07-03,Monday,113,191,34.31666666666667,5303.933333333333,20783520.057591625,34519652.45858139,0.5916230366492147,154.55852355512386,124.55052576004543,1.2991071428571428,8,71,0.45549738219895286,0.0611947547353084,0,BENIGN,BENIGN
20170703_1549,2017-07-03 15:49:00,2017-07-03 15:49:59,2017-07-03,Monday,114,1116,318.1333333333333,123082.21666666666,19679782.08870968,35591254.318782434,0.5833333333333334,386.88877829002513,223.5184883804214,1.0479562278725458,14,266,0.44623655913978494,0.04715004191114837,0,BENIGN,BENIGN
20170703_1550,2017-07-03 15:50:00,2017-07-03 15:50:59,2017-07-03,Monday,115,1269,260.53333333333336,96574.78333333334,13304170.594168637,30344771.838383887,0.6824271079590228,370.68110286591605,169.54864492753885,1.0226419976711087,10,205,0.4066193853427896,0.05693449334698055,0,BENIGN,BENIGN
20170703_1551,2017-07-03 15:51:00,2017-07-03 15:51:59,2017-07-03,Monday,116,641,271.21666666666664,134207.58333333334,12127964.55226209,29128287.301803265,0.7113884555382215,494.8353100227371,290.24088736603346,0.9494489698131289,13,136,0.6131045241809673,0.04750199717323173,0,BENIGN,BENIGN
20170703_1552,2017-07-03 15:52:00,2017-07-03 15:52:59,2017-07-03,Monday,117,1441,363.6166666666667,120824.81666666667,11635214.045801526,29768854.27005152,0.7862595419847328,332.28624467158636,177.45679693519406,1.113532887726436,13,278,0.49271339347675225,0.06109914287023881,0,BENIGN,BENIGN
20170703_1553,2017-07-03 15:53:00,2017-07-03 15:53:59,2017-07-03,Monday,118,658,190.28333333333333,54831.11666666667,11875166.314589666,29590730.506369438,0.7887537993920972,288.15511955855305,208.0845952781217,1.2033963720571208,20,102,0.5075987841945289,0.05728299903652448,0,BENIGN,BENIGN
20170703_1554,2017-07-03 15:54:00,2017-07-03 15:54:59,2017-07-03,Monday,119,2019,709.55,335342.9,8066577.705299653,24132447.85432449,0.8122833085685983,472.61348742160527,250.61065397972874,1.0420164036644444,21,310,0.537890044576523,0.04963239611960632,0,BENIGN,BENIGN
20170703_1555,2017-07-03 15:55:00,2017-07-03 15:55:59,2017-07-03,Monday,120,577,155.65,42451.666666666664,12261399.840554593,30300280.649202883,0.7348353552859619,272.7379805118321,196.53769631674518,1.151082450483648,12,100,0.511265164644714,0.06435378520184173,0,BENIGN,BENIGN
20170703_1556,2017-07-03 15:56:00,2017-07-03 15:56:59,2017-07-03,Monday,121,233,51.75,11584.3,20810701.755364805,34976088.193184726,0.6437768240343348,223.8512077294686,141.0827762719928,1.3318318318318318,12,99,0.5493562231759657,0.04508856682769726,0,BENIGN,BENIGN
20170703_1557,2017-07-03 15:57:00,2017-07-03 15:57:59,2017-07-03,Monday,122,682,187.51666666666668,82829.53333333334,18131049.928152494,38196952.02724505,0.6818181818181818,441.7182472669096,181.1113400421759,0.9106809305484802,13,126,0.3812316715542522,0.044529375166651855,0,BENIGN,BENIGN
20170703_1558,2017-07-03 15:58:00,2017-07-03 15:58:59,2017-07-03,Monday,123,855,239.95,106952.25,23589016.16608187,37071001.54413971,0.5532163742690058,445.7272348405918,223.89625855465212,1.0256049521665729,18,207,0.45380116959064326,0.04938528860179204,0,BENIGN,BENIGN
20170703_1559,2017-07-03 15:59:00,2017-07-03 15:59:59,2017-07-03,Monday,124,1079,305.18333333333334,145617.36666666667,12927102.534754403,28701924.844592363,0.696014828544949,477.14717929113647,191.48527752000325,0.9136795903438186,13,151,0.3568118628359592,0.042269673966468246,0,BENIGN,BENIGN
20170703_1600,2017-07-03 16:00:00,2017-07-03 16:00:59,2017-07-03,Monday,125,1230,323.8833333333333,121676.05,16474433.27804878,32979869.86528997,0.591869918699187,375.6786394277775,221.6043078502265,0.9723941946615244,17,245,0.432520325203252,0.05048114032830752,0,BENIGN,BENIGN
20170703_1601,2017-07-03 16:01:00,2017-07-03 16:01:59,2017-07-03,Monday,126,401,121.2,53963.73333333333,18959333.416458853,34921593.74877825,0.6309226932668329,445.24532453245325,166.48299367236643,0.9849890829694323,11,106,0.3790523690773067,0.03712871287128713,0,BENIGN,BENIGN
20170703_1602,2017-07-03 16:02:00,2017-07-03 16:02:59,2017-07-03,Monday,127,1057,297.5833333333333,126271.03333333334,13218256.660359507,30524743.8732942,0.7313150425733207,424.3215905908709,225.83860844323738,1.0446581930608039,14,222,0.5477767265846736,0.056790814897787735,0,BENIGN,BENIGN
20170703_1603,2017-07-03 16:03:00,2017-07-03 16:03:59,2017-07-03,Monday,128,1077,295.68333333333334,126609.76666666666,15915753.04363974,32442103.173942152,0.6722376973073352,428.193788399752,175.5344726839026,0.9823463687150839,13,197,0.4605385329619313,0.05197001296431994,0,BENIGN,BENIGN
20170703_1604,2017-07-03 16:04:00,2017-07-03 16:04:59,2017-07-03,Monday,129,1998,459.46666666666664,173091.26666666666,12520942.702202203,30758260.235296484,0.7227227227227228,376.7221416134649,168.6296801293538,0.9789677697222022,16,261,0.3613613613613614,0.05176291352292513,0,BENIGN,BENIGN
20170703_1605,2017-07-03 16:05:00,2017-07-03 16:05:59,2017-07-03,Monday,130,1105,184.45,36454.13333333333,11959224.970135747,28454578.151603285,0.6877828054298643,197.6369386464263,128.76693013463526,1.1227464518603758,10,202,0.4099547511312217,0.0724676967561218,0,BENIGN,BENIGN
20170703_1606,2017-07-03 16:06:00,2017-07-03 16:06:59,2017-07-03,Monday,131,530,164.21666666666667,48827.96666666667,12065339.694339622,30838532.1403523,0.8037735849056604,297.3386785750533,240.19664923025192,1.1757562375800397,13,124,0.6849056603773584,0.06292499746270172,0,BENIGN,BENIGN
20170703_1607,2017-07-03 16:07:00,2017-07-03 16:07:59,2017-07-03,Monday,132,1254,301.55,108814.56666666667,15113253.076555025,32584723.804436736,0.6443381180223285,360.85082628640913,162.78927381361623,0.9920731036001321,14,226,0.36921850079744817,0.0493008345769082,0,BENIGN,BENIGN
20170703_1608,2017-07-03 16:08:00,2017-07-03 16:08:59,2017-07-03,Monday,133,1058,321.93333333333334,163701.73333333334,20125236.436672967,37315487.09214871,0.6190926275992439,508.49575481466144,175.01368062901116,0.9545684508752403,14,193,0.39224952741020797,0.0387243735763098,0,BENIGN,BENIGN
20170703_1609,2017-07-03 16:09:00,2017-07-03 16:09:59,2017-07-03,Monday,134,1030,331.43333333333334,168125.5,15256446.404854368,33241205.65903188,0.5970873786407767,507.26792718495426,246.06074837033728,0.9468428781204111,12,164,0.46990291262135925,0.046515136276777634,0,BENIGN,BENIGN
20170703_1610,2017-07-03 16:10:00,2017-07-03 16:10:59,2017-07-03,Monday,135,881,355.76666666666665,218476.85,16281036.14415437,29859356.137001168,0.6140749148694665,614.1015178487772,210.39451095862813,0.8459875475613975,15,248,0.4619750283768445,0.03316780661482245,0,BENIGN,BENIGN
20170703_1611,2017-07-03 16:11:00,2017-07-03 16:11:59,2017-07-03,Monday,136,782,231.43333333333334,97493.73333333334,9614232.530690538,24751268.475042965,0.7046035805626598,421.26055019444044,229.77537989230134,1.0686727245642782,12,139,0.5153452685421995,0.05393921935762638,0,BENIGN,BENIGN
20170703_1612,2017-07-03 16:12:00,2017-07-03 16:12:59,2017-07-03,Monday,137,1589,350.21666666666664,91965.68333333333,7808963.292636879,25160854.826974265,0.8212712397734424,262.5965354780374,194.33723874998591,1.1366548042704627,12,278,0.48709880427942104,0.07071812687384,0,BENIGN,BENIGN
20170703_1613,2017-07-03 16:13:00,2017-07-03 16:13:59,2017-07-03,Monday,138,921,290.68333333333334,106794.36666666667,18483707.300760042,36721820.69724444,0.6786102062975027,367.3907459434665,221.74597483772854,1.0390460603226561,11,169,0.49728555917481,0.04793303136288057,0,BENIGN,BENIGN
20170703_1614,2017-07-03 16:14:00,2017-07-03 16:14:59,2017-07-03,Monday,139,597,189.3,68247.73333333334,10045282.244556114,26973303.22143075,0.7688442211055276,360.52685331924636,232.41349839139886,1.1148761869298083,14,124,0.5494137353433836,0.05212185243880965,0,BENIGN,BENIGN
20170703_1615,2017-07-03 16:15:00,2017-07-03 16:15:59,2017-07-03,Monday,140,1702,562.1666666666666,273309.2833333333,16064013.991186839,35073459.7488543,0.7132784958871915,486.1712718648088,230.58514273225367,0.9143586833144154,11,251,0.45593419506462984,0.04325526237770531,0,BENIGN,BENIGN
20170703_1616,2017-07-03 16:16:00,2017-07-03 16:16:59,2017-07-03,Monday,141,829,245.91666666666666,114737.6,15019889.477683956,33203607.60720758,0.6863691194209891,466.57106065740425,185.82375589498344,1.004891304347826,16,146,0.4209891435464415,0.042019654354456114,0,BENIGN,BENIGN
20170703_1617,2017-07-03 16:17:00,2017-07-03 16:17:59,2017-07-03,Monday,142,708,275.5,128814.98333333334,7559550.769774011,22514618.827593032,0.807909604519774,467.5679975801573,275.97349407643276,1.0221406727828746,17,134,0.653954802259887,0.049304295220810646,0,BENIGN,BENIGN
20170703_1618,2017-07-03 16:18:00,2017-07-03 16:18:59,2017-07-03,Monday,143,306,84.45,16954.766666666666,18632369.274509802,34486799.781560265,0.6372549019607843,200.76692322873495,198.3163687160499,1.2444641275465014,15,100,0.565359477124183,0.05131241365699625,0,BENIGN,BENIGN
20170703_1619,2017-07-03 16:19:00,2017-07-03 16:19:59,2017-07-03,Monday,144,522,150.71666666666667,61439.583333333336,12501004.996168582,29325560.626000736,0.7279693486590039,407.6495631980537,198.4226907160763,1.075263882514915,10,131,0.5708812260536399,0.055401968373327434,0,BENIGN,BENIGN
20170703_1620,2017-07-03 16:20:00,2017-07-03 16:20:59,2017-07-03,Monday,145,941,279.1,141664.08333333334,15732445.007438894,34626750.29367946,0.6875664187035069,507.57464469126955,179.386033304641,0.9896637756920518,12,178,0.37300743889479276,0.03780007165890362,0,BENIGN,BENIGN
20170703_1621,2017-07-03 16:21:00,2017-07-03 16:21:59,2017-07-03,Monday,146,547,277.53333333333336,185650.6,24128483.13893967,40520137.61511151,0.5959780621572212,668.9308191208263,248.94283306878958,0.8567287323001449,13,131,0.489945155393053,0.03050684602450156,0,BENIGN,BENIGN
20170703_1622,2017-07-03 16:22:00,2017-07-03 16:22:59,2017-07-03,Monday,147,1583,472.0833333333333,234487.51666666666,15074344.439039798,33295400.75928171,0.7182564750473784,496.70789055604587,208.8584884531686,0.9758649553571429,18,275,0.3998736576121289,0.043954104148278904,0,BENIGN,BENIGN
20170703_1623,2017-07-03 16:23:00,2017-07-03 16:23:59,2017-07-03,Monday,148,925,238.25,104084.56666666667,12017530.943783784,27755232.588578623,0.7016216216216217,436.8712137110878,191.6973103827323,1.0496057347670251,8,219,0.44972972972972974,0.051346624693948933,0,BENIGN,BENIGN
20170703_1624,2017-07-03 16:24:00,2017-07-03 16:24:59,2017-07-03,Monday,149,430,179.85,84488.96666666666,13027857.274418605,28574691.506575037,0.7046511627906977,469.7746270039848,281.7010689511212,0.9863795324866557,13,103,0.6255813953488372,0.042628116022611434,0,BENIGN,BENIGN
20170703_1625,2017-07-03 16:25:00,2017-07-03 16:25:59,2017-07-03,Monday,150,1818,692.5666666666667,363621.9666666667,13628535.53080308,33590319.64625447,0.7629262926292629,525.0353275256293,242.4636678577286,0.92393166350294,11,263,0.5011001100110011,0.03980362901285075,0,BENIGN,BENIGN
20170703_1626,2017-07-03 16:26:00,2017-07-03 16:26:59,2017-07-03,Monday,151,460,124.33333333333333,25600.733333333334,5870410.510869565,20946810.58796102,0.782608695652174,205.9040214477212,210.4003231052196,1.3084777227722773,17,91,0.5521739130434783,0.06970509383378017,0,BENIGN,BENIGN
20170703_1627,2017-07-03 16:27:00,2017-07-03 16:27:59,2017-07-03,Monday,152,622,182.31666666666666,73988.5,18103059.643086817,36628843.101563185,0.6559485530546624,405.82411554986743,204.62184216938715,1.0139911634756995,9,140,0.4919614147909968,0.048998994423621905,0,BENIGN,BENIGN
20170703_1628,2017-07-03 16:28:00,2017-07-03 16:28:59,2017-07-03,Monday,153,1165,286.01666666666665,144767.35,12746818.328755366,30690935.77804663,0.7021459227467811,506.1500495309131,113.49971839655232,0.9533348508991577,14,206,0.3133047210300429,0.03274867431967834,0,BENIGN,BENIGN
20170703_1629,2017-07-03 16:29:00,2017-07-03 16:29:59,2017-07-03,Monday,154,913,295.81666666666666,121338.95,13673671.95399781,30396472.563925166,0.5618838992332968,410.18293988393714,256.76481536612545,1.0191104538732796,13,197,0.4939759036144578,0.04986196405431292,0,BENIGN,BENIGN
20170703_1630,2017-07-03 16:30:00,2017-07-03 16:30:59,2017-07-03,Monday,155,1343,629.5,361001.3333333333,8711007.60461653,23533188.2900094,0.6574832464631423,573.4731268202277,270.24901482997507,0.854246440844379,13,218,0.4996276991809382,0.035107227958697376,0,BENIGN,BENIGN
20170703_1631,2017-07-03 16:31:00,2017-07-03 16:31:59,2017-07-03,Monday,156,1059,338.68333333333334,137042.2,16890766.95750708,34233165.41904146,0.5864022662889519,404.6322523497859,211.33107452164526,0.9797369702873843,13,185,0.4258734655335222,0.04113970769155061,0,BENIGN,BENIGN
20170703_1632,2017-07-03 16:32:00,2017-07-03 16:32:59,2017-07-03,Monday,157,736,347.25,226728.33333333334,9773809.551630436,25861325.48466982,0.6698369565217391,652.9253659707224,213.52071081073353,0.7857387727116901,11,152,0.41847826086956524,0.02855771538276938,0,BENIGN,BENIGN
20170703_1633,2017-07-03 16:33:00,2017-07-03 16:33:59,2017-07-03,Monday,158,1035,312.6166666666667,133081.13333333333,6209826.045410628,20177133.4784328,0.8164251207729468,425.70069840592845,259.96869338227935,1.0586040386303774,10,221,0.6222222222222222,0.06227008583462174,0,BENIGN,BENIGN
20170703_1634,2017-07-03 16:34:00,2017-07-03 16:34:59,2017-07-03,Monday,159,966,376.6666666666667,178641.45,13502317.00310559,33260309.039812844,0.7039337474120083,474.26933628318585,273.48290910855803,0.9970840328709022,15,168,0.5786749482401656,0.049070796460176994,0,BENIGN,BENIGN
20170703_1635,2017-07-03 16:35:00,2017-07-03 16:35:59,2017-07-03,Monday,160,807,243.88333333333333,117068.38333333333,11253644.946716232,27432364.590283405,0.6629491945477075,480.0179730745575,210.4327811434332,0.9937329700272479,15,165,0.49566294919454773,0.049408870361511655,0,BENIGN,BENIGN
20170703_1636,2017-07-03 16:36:00,2017-07-03 16:36:59,2017-07-03,Monday,161,783,181.81666666666666,41056.416666666664,6218740.771392082,20796902.76188746,0.756066411238825,225.81217343477863,194.63705955136913,1.21387987012987,11,147,0.5031928480204342,0.0726006050050417,0,BENIGN,BENIGN
20170703_1637,2017-07-03 16:37:00,2017-07-03 16:37:59,2017-07-03,Monday,162,454,106.63333333333334,20496.516666666666,9071124.370044053,26348181.417516325,0.7004405286343612,192.21491090965927,170.558490368519,1.2683445586671394,13,79,0.4669603524229075,0.06439512347608628,0,BENIGN,BENIGN
20170703_1638,2017-07-03 16:38:00,2017-07-03 16:38:59,2017-07-03,Monday,163,237,92.83333333333333,40174.833333333336,8169322.194092827,21418959.72212684,0.5611814345991561,432.7630161579892,225.02755259614187,1.022141560798548,8,67,0.6751054852320675,0.05134649910233393,0,BENIGN,BENIGN
20170703_1639,2017-07-03 16:39:00,2017-07-03 16:39:59,2017-07-03,Monday,164,1122,318.73333333333335,124853.23333333334,9781591.379679145,26365979.76602551,0.6550802139037433,391.7169002300774,238.02706959917387,1.0343580470162748,14,206,0.44563279857397503,0.05239489646517465,0,BENIGN,BENIGN
20170703_1640,2017-07-03 16:40:00,2017-07-03 16:40:59,2017-07-03,Monday,165,1389,375.6166666666667,158842.26666666666,11348127.952483801,28463182.44765438,0.5658747300215983,422.88396858499357,220.30232398011583,1.0505868437812755,15,293,0.46652267818574517,0.05391134578692816,0,BENIGN,BENIGN
20170703_1641,2017-07-03 16:41:00,2017-07-03 16:41:59,2017-07-03,Monday,166,289,175.28333333333333,125955.58333333333,14382382.515570935,28446832.172109526,0.5536332179930796,718.5827707521156,246.99010741993493,0.7707070707070707,12,95,0.5709342560553633,0.028905581439574023,0,BENIGN,BENIGN
20170703_1642,2017-07-03 16:42:00,2017-07-03 16:42:59,2017-07-03,Monday,167,897,308.45,139777.21666666667,16707032.229654403,34548618.19726211,0.6231884057971014,453.16004754957584,216.2097204125979,0.9664258393540162,17,177,0.46153846153846156,0.040633273896363536,0,BENIGN,BENIGN
20170703_1643,2017-07-03 16:43:00,2017-07-03 16:43:59,2017-07-03,Monday,168,1006,329.43333333333334,154168.36666666667,5713037.382703777,21891031.52108726,0.8379721669980119,467.9804715167459,223.80987924422814,1.0691929236888935,18,168,0.5497017892644135,0.055600526156025495,0,BENIGN,BENIGN
20170703_1644,2017-07-03 16:44:00,2017-07-03 16:44:59,2017-07-03,Monday,169,800,217.73333333333332,54651.3,9639950.17625,25633099.967023864,0.7525,251.00107164727496,221.42067635698456,1.1851480180632212,14,130,0.61125,0.07118799755052052,0,BENIGN,BENIGN
20170703_1645,2017-07-03 16:45:00,2017-07-03 16:45:59,2017-07-03,Monday,170,975,226.13333333333333,74321.51666666666,11122808.47076923,29177786.09297774,0.6820512820512821,328.66236733490564,190.75004473160934,1.087217351176742,15,159,0.4451282051282051,0.0607311320754717,0,BENIGN,BENIGN
20170703_1646,2017-07-03 16:46:00,2017-07-03 16:46:59,2017-07-03,Monday,171,1428,439.73333333333335,158514.28333333333,19697792.07983193,38766810.25814035,0.6435574229691877,360.4782064887811,219.59382753647193,1.0434479553903346,11,239,0.5105042016806722,0.05313826561552456,0,BENIGN,BENIGN
20170703_1647,2017-07-03 16:47:00,2017-07-03 16:47:59,2017-07-03,Monday,172,736,197.41666666666666,63188.833333333336,8846805.24048913,26646593.60372717,0.7622282608695652,320.07851414098775,219.03263036722,1.1656307129798904,14,150,0.483695652173913,0.0595187842971718,0,BENIGN,BENIGN
20170703_1648,2017-07-03 16:48:00,2017-07-03 16:48:59,2017-07-03,Monday,173,752,260.01666666666665,133143.13333333333,15216099.853723405,32201832.91335675,0.6702127659574468,512.056150246779,192.30174146447106,0.8786273329319687,13,122,0.43882978723404253,0.03877956541247356,0,BENIGN,BENIGN
20170703_1649,2017-07-03 16:49:00,2017-07-03 16:49:59,2017-07-03,Monday,174,1369,556.0333333333333,343869.35,8835470.864134405,24732866.66085675,0.5967859751643535,618.4329776392302,249.48797995616783,0.8803471791692499,14,253,0.4799123447772096,0.037647623044182,0,BENIGN,BENIGN
20170703_1650,2017-07-03 16:50:00,2017-07-03 16:50:59,2017-07-03,Monday,175,1058,487.5833333333333,254468.93333333332,8622225.930056712,25471692.2926369,0.6427221172022685,521.8983421637327,318.39075184269586,1.001231274368972,11,220,0.6427221172022685,0.04583831823619894,0,BENIGN,BENIGN
20170703_1651,2017-07-03 16:51:00,2017-07-03 16:51:59,2017-07-03,Monday,176,461,154.51666666666668,67026.58333333333,10807113.659436008,26356968.069132827,0.5986984815618221,433.78222413979074,246.30824802826953,0.9982758620689656,14,115,0.6073752711496746,0.05296084564771869,0,BENIGN,BENIGN
20170703_1652,2017-07-03 16:52:00,2017-07-03 16:52:59,2017-07-03,Monday,177,413,130.0,38207.683333333334,7349218.656174334,20273723.101971027,0.6682808716707022,293.9052564102564,230.35641980800924,1.1778336125069793,15,98,0.5641646489104116,0.05705128205128205,0,BENIGN,BENIGN
20170703_1653,2017-07-03 16:53:00,2017-07-03 16:53:59,2017-07-03,Monday,178,1106,266.68333333333334,99483.36666666667,9085270.556057867,26880807.169582047,0.8083182640144665,373.0393100431223,188.16718891408578,1.0510125608818253,13,201,0.41952983725135623,0.05599650021873633,0,BENIGN,BENIGN
20170703_1654,2017-07-03 16:54:00,2017-07-03 16:54:59,2017-07-03,Monday,179,590,215.13333333333333,79244.51666666666,9316521.349152543,24818313.60804494,0.7237288135593221,368.35071273628756,222.16612082603723,1.1072477962781586,14,134,0.5288135593220339,0.04493337465137899,0,BENIGN,BENIGN
20170703_1655,2017-07-03 16:55:00,2017-07-03 16:55:59,2017-07-03,Monday,180,1834,452.78333333333336,157857.08333333334,13371741.57306434,31535444.472023536,0.6815703380588877,348.63713328670815,206.52301383394223,1.072785534447242,14,270,0.3893129770992366,0.052195678580630914,0,BENIGN,BENIGN
20170703_1656,2017-07-03 16:56:00,2017-07-03 16:56:59,2017-07-03,Monday,181,684,228.5,118068.3,6845023.293859649,20530514.499853414,0.7046783625730995,516.7102844638949,242.43957994300496,1.0780539557441648,16,127,0.5014619883040936,0.04806710430342816,0,BENIGN,BENIGN
20170703_1657,2017-07-03 16:57:00,2017-07-03 16:57:59,2017-07-03,Monday,182,1309,382.06666666666666,147836.75,13592138.966386555,33258693.296162117,0.732620320855615,386.93967021462225,228.81782919633795,1.0582689890465073,12,249,0.45989304812834225,0.05082010120397836,0,BENIGN,BENIGN
20170703_1658,2017-07-03 16:58:00,2017-07-03 16:58:59,2017-07-03,Monday,183,1079,337.1166666666667,138035.2,12175540.239110287,31343503.98761389,0.7358665430954587,409.4582488752657,211.0619388979731,1.0199720391451967,18,188,0.4652455977757183,0.0480545805111979,0,BENIGN,BENIGN
20170703_1659,2017-07-03 16:59:00,2017-07-03 16:59:59,2017-07-03,Monday,184,1014,290.71666666666664,96803.81666666667,9280318.954635108,26126295.09088144,0.6725838264299803,332.98337441953794,234.09492910604612,1.0749375520399667,11,198,0.5069033530571992,0.0564123143954595,0,BENIGN,BENIGN
20170703_1700,2017-07-03 17:00:00,2017-07-03 17:00:59,2017-07-03,Monday,185,890,252.05,89265.31666666667,6017332.31011236,19559924.021542486,0.7078651685393258,354.1571778086359,232.0466265191368,1.1593375214163335,21,213,0.5134831460674157,0.05766051709316934,0,BENIGN,BENIGN
20170703_1701,2017-07-03 17:01:00,2017-07-03 17:01:59,2017-07-03,Monday,186,1111,374.28333333333336,164742.15,11352214.0090009,27829679.61492623,0.6588658865886589,440.1535824019237,299.23050432042146,1.082722804414356,14,184,0.5841584158415841,0.05757670214187113,0,BENIGN,BENIGN
20170703_1702,2017-07-03 17:02:00,2017-07-03 17:02:59,2017-07-03,Monday,187,1225,322.35,103285.06666666667,16631037.115102042,36374468.73137206,0.7289795918367347,320.41280181996797,183.10674678646436,1.0435287902799788,15,184,0.3820408163265306,0.04948037847060648,0,BENIGN,BENIGN
20170703_1703,2017-07-03 17:03:00,2017-07-03 17:03:59,2017-07-03,Monday,188,536,154.25,51656.75,7181964.830223881,21617710.482972275,0.8152985074626866,334.8897893030794,211.2851665003228,1.2444228903976722,22,119,0.4962686567164179,0.05759049162614803,0,BENIGN,BENIGN
20170703_1704,2017-07-03 17:04:00,2017-07-03 17:04:59,2017-07-03,Monday,189,673,203.31666666666666,81861.8,10043111.809806835,28284923.10743089,0.7800891530460624,402.6320190179523,210.28424434121345,1.0524899057873487,13,150,0.5586924219910847,0.05738175260267235,0,BENIGN,BENIGN
20170703_1705,2017-07-03 17:05:00,2017-07-03 17:05:59,2017-07-03,Monday,190,372,116.41666666666667,31135.766666666666,6972593.774193549,22009029.692227237,0.6666666666666666,267.45110952040085,250.00268904443354,1.1913425345043915,12,102,0.5940860215053764,0.05783822476735863,0,BENIGN,BENIGN
20170703_1706,2017-07-03 17:06:00,2017-07-03 17:06:59,2017-07-03,Monday,191,489,130.06666666666666,34204.38333333333,9383296.73210634,24152101.947069816,0.7116564417177914,262.9757816504357,247.64854443919182,1.2460431654676258,9,127,0.6114519427402862,0.06932342388518709,0,BENIGN,BENIGN
20170703_1707,2017-07-03 17:07:00,2017-07-03 17:07:59,2017-07-03,Monday,192,868,271.98333333333335,110321.75,9539854.448156683,28123431.7487085,0.7868663594470046,405.6195232551014,298.35193994929097,1.0747520976353928,16,129,0.576036866359447,0.060113977572155156,0,BENIGN,BENIGN
20170703_1708,2017-07-03 17:08:00,2017-07-03 17:08:59,2017-07-03,Monday,193,494,144.11666666666667,38148.183333333334,9300935.70445344,24860813.972584985,0.7408906882591093,264.7034809760611,259.92868046107736,1.2462337662337661,8,126,0.6862348178137652,0.07285763848733665,0,BENIGN,BENIGN
20170703_1709,2017-07-03 17:09:00,2017-07-03 17:09:59,2017-07-03,Monday,194,1226,374.46666666666664,189061.45,11742459.62071778,30778241.786948092,0.6117455138662317,504.881920954246,221.22829655686218,0.9779049295774648,21,220,0.4396411092985318,0.04789033291792772,0,BENIGN,BENIGN
20170703_1710,2017-07-03 17:10:00,2017-07-03 17:10:59,2017-07-03,Monday,195,536,160.93333333333334,64675.28333333333,6670593.085820896,19989660.60888032,0.7444029850746269,401.8762427506214,250.01205759372223,1.0241039614336618,13,129,0.5652985074626866,0.059030654515327255,0,BENIGN,BENIGN
20170703_1711,2017-07-03 17:11:00,2017-07-03 17:11:59,2017-07-03,Monday,196,561,185.61666666666667,81583.53333333334,7140690.752228164,20873528.00269718,0.6292335115864528,439.5269821316333,259.17832982532866,1.1050841050841052,15,165,0.5187165775401069,0.0488461883810721,0,BENIGN,BENIGN
20170703_1712,2017-07-03 17:12:00,2017-07-03 17:12:59,2017-07-03,Monday,197,331,129.51666666666668,48825.5,7229012.009063444,21104573.107526552,0.7129909365558912,376.98237035130614,228.76548093496342,0.9690904484418545,11,72,0.595166163141994,0.05057264187363274,0,BENIGN,BENIGN
20170703_1713,2017-07-03 17:13:00,2017-07-03 17:13:59,2017-07-03,Monday,198,388,118.11666666666666,24805.45,9109383.19072165,26686727.067290153,0.7371134020618557,210.00804289544237,244.61291765962457,1.2827697262479871,19,74,0.5876288659793815,0.06250881896430083,0,BENIGN,BENIGN
20170703_1714,2017-07-03 17:14:00,2017-07-03 17:14:59,2017-07-03,Monday,199,824,254.91666666666666,106112.0,4477585.067961165,16629664.464130642,0.8507281553398058,416.2615233736515,306.9773496290188,1.1034103410341034,12,169,0.6893203883495146,0.07211507028440667,0,BENIGN,BENIGN
20170703_1715,2017-07-03 17:15:00,2017-07-03 17:15:59,2017-07-03,Monday,200,568,200.56666666666666,72879.1,7285490.72887324,24211096.608645514,0.7887323943661971,363.3659631045372,294.16840181447645,1.08578856152513,16,112,0.6091549295774648,0.056423466843942165,0,BENIGN,BENIGN
20170703_1716,2017-07-03 17:16:00,2017-07-03 17:16:59,2017-07-03,Monday,201,835,243.66666666666666,91172.01666666666,12431521.014371257,31657689.529768456,0.7209580838323353,374.1669630642955,209.59615305272362,1.0555321242794882,15,153,0.5017964071856288,0.05663474692202462,0,BENIGN,BENIGN
20170703_1717,2017-07-03 17:17:00,2017-07-03 17:17:59,2017-07-03,Monday,202,340,89.35,18531.95,7627286.655882353,23921587.799244564,0.6852941176470588,207.40850587576944,199.40273114639186,1.2267441860465116,15,64,0.5558823529411765,0.0693900391717963,0,BENIGN,BENIGN
20170703_1718,2017-07-03 17:18:00,2017-07-03 17:18:59,2017-07-03,Monday,203,1114,265.3666666666667,85857.08333333333,12973041.017953321,31530368.23141576,0.7190305206463196,323.5413264665243,183.89422255495566,1.0852540597171294,14,176,0.4254937163375224,0.057342042456977764,0,BENIGN,BENIGN
20170703_1719,2017-07-03 17:19:00,2017-07-03 17:19:59,2017-07-03,Monday,204,928,225.73333333333332,68555.0,6818151.117456896,20682676.54209911,0.6767241379310345,303.69905493207324,222.59191766642965,1.136435331230284,13,200,0.4579741379310345,0.06165091553455405,0,BENIGN,BENIGN
20170703_1720,2017-07-03 17:20:00,2017-07-03 17:20:59,2017-07-03,Monday,205,545,190.28333333333333,83662.86666666667,11484463.880733944,29413709.728038672,0.6954128440366972,439.67522116142595,236.75859108507512,1.1035372144436257,9,151,0.5541284403669725,0.04913725146711045,0,BENIGN,BENIGN
20170703_1721,2017-07-03 17:21:00,2017-07-03 17:21:59,2017-07-03,Monday,206,606,215.2,94609.65,16077355.953795379,33244308.57062589,0.5462046204620462,439.63592007434943,226.469112181213,1.0935473411154344,17,202,0.5445544554455446,0.043060718711276334,0,BENIGN,BENIGN
20170703_1722,2017-07-03 17:22:00,2017-07-03 17:22:59,2017-07-03,Monday,207,183,47.983333333333334,11652.233333333334,14073155.93442623,31749005.65631169,0.639344262295082,242.83918027092741,193.53828303191565,1.2552858261550508,13,52,0.5300546448087432,0.06738450850989927,0,BENIGN,BENIGN
20170703_1723,2017-07-03 17:23:00,2017-07-03 17:23:59,2017-07-03,Monday,208,370,95.51666666666667,30500.066666666666,15858886.986486487,28789667.614502747,0.5459459459459459,319.31669865642993,206.14005961158463,1.1166912850812407,15,115,0.5459459459459459,0.056185656953411274,0,BENIGN,BENIGN
20170703_1724,2017-07-03 17:24:00,2017-07-03 17:24:59,2017-07-03,Monday,209,703,162.18333333333334,44441.166666666664,4608928.1322901845,17367834.85388375,0.8349928876244666,274.01808652759223,239.20169599292694,1.2377558059323983,11,170,0.5419630156472262,0.07686774226698181,0,BENIGN,BENIGN
20170703_1725,2017-07-03 17:25:00,2017-07-03 17:25:59,2017-07-03,Monday,210,591,174.96666666666667,62400.816666666666,7436718.890016921,21311825.88778172,0.7631133671742809,356.6440274337969,241.15404563183577,1.0931020733652312,16,142,0.5549915397631133,0.0569632310916365,0,BENIGN,BENIGN
20170703_1726,2017-07-03 17:26:00,2017-07-03 17:26:59,2017-07-03,Monday,211,251,67.68333333333334,21346.933333333334,6445211.54183267,21792579.473634224,0.8007968127490039,315.3942378724452,261.0814847960189,1.2100108813928183,13,56,0.5219123505976095,0.06599359763605023,0,BENIGN,BENIGN
20170703_1727,2017-07-03 17:27:00,2017-07-03 17:27:59,2017-07-03,Monday,212,362,96.41666666666667,22024.25,9954501.522099448,24315880.884048745,0.6629834254143646,228.42783059636992,205.79155818779603,1.237432327919567,18,85,0.5773480662983426,0.06534140017286084,0,BENIGN,BENIGN
20170703_1728,2017-07-03 17:28:00,2017-07-03 17:28:59,2017-07-03,Monday,213,520,140.6,39915.816666666666,5545534.201923077,19491430.326005552,0.8076923076923077,283.89627785680415,277.19223577258344,1.2920402064656344,22,83,0.6807692307692308,0.07918444760550024,0,BENIGN,BENIGN
20170703_1729,2017-07-03 17:29:00,2017-07-03 17:29:59,2017-07-03,Monday,214,1512,426.9,163153.66666666666,12175671.330026455,29603914.789428346,0.6461640211640212,382.18240024986335,210.62553176751518,1.0132830307317457,17,270,0.45105820105820105,0.05372062153509799,0,BENIGN,BENIGN
20170703_1730,2017-07-03 17:30:00,2017-07-03 17:30:59,2017-07-03,Monday,215,635,212.71666666666667,87370.03333333334,20105017.762204725,36561600.36292464,0.6141732283464567,410.7343101151767,211.70499650007508,0.9567683581174307,13,148,0.49133858267716535,0.04614902452401473,0,BENIGN,BENIGN
20170703_1731,2017-07-03 17:31:00,2017-07-03 17:31:59,2017-07-03,Monday,216,456,318.1166666666667,250554.06666666668,9733421.72368421,24311245.40019608,0.6162280701754386,787.616912034369,213.74820354309693,1.016267032850956,19,116,0.40350877192982454,0.01928013831403573,0,BENIGN,BENIGN
20170703_1732,2017-07-03 17:32:00,2017-07-03 17:32:59,2017-07-03,Monday,217,758,227.8,108227.5,10320944.036939314,22679227.623899408,0.5606860158311345,475.09877085162424,250.72581106519687,1.0226398342704943,17,213,0.49604221635883905,0.04770266315481417,0,BENIGN,BENIGN
20170703_1733,2017-07-03 17:33:00,2017-07-03 17:33:59,2017-07-03,Monday,218,352,140.11666666666667,57509.86666666667,11104559.147727273,28391544.033414207,0.6960227272727273,410.4427262995123,243.32721413983046,1.0368217054263567,13,102,0.5994318181818182,0.04520042821458309,0,BENIGN,BENIGN
20170703_1734,2017-07-03 17:34:00,2017-07-03 17:34:59,2017-07-03,Monday,219,548,117.96666666666667,29034.566666666666,7418873.153284672,22414838.311961,0.8284671532846716,246.12517660356033,214.8070954209224,1.245163336504916,11,140,0.5912408759124088,0.08208533484035038,0,BENIGN,BENIGN
20170703_1735,2017-07-03 17:35:00,2017-07-03 17:35:59,2017-07-03,Monday,220,290,89.3,19841.266666666666,10544140.510344828,28471974.63419034,0.7724137931034483,222.1866368047779,242.8458279049815,1.278486394557823,14,68,0.6,0.06382978723404255,0,BENIGN,BENIGN
20170703_1736,2017-07-03 17:36:00,2017-07-03 17:36:59,2017-07-03,Monday,221,318,90.78333333333333,23372.45,10561351.194968553,22506442.557057984,0.6132075471698113,257.4530934459335,253.60720418547638,1.205668016194332,12,99,0.6320754716981132,0.060583807600514045,0,BENIGN,BENIGN
20170703_1737,2017-07-03 17:37:00,2017-07-03 17:37:59,2017-07-03,Monday,222,465,109.2,28715.733333333334,8822993.875268817,25758382.7730766,0.7354838709677419,262.96459096459097,185.06587806241635,1.1691492883151275,14,94,0.41935483870967744,0.05708180708180708,0,BENIGN,BENIGN
20170703_1738,2017-07-03 17:38:00,2017-07-03 17:38:59,2017-07-03,Monday,223,271,80.63333333333334,28754.75,10819676.232472325,28254952.188278906,0.7675276752767528,356.6112029764365,189.1304852248317,1.042634022794428,10,61,0.4612546125461255,0.05353451839603142,0,BENIGN,BENIGN
20170703_1739,2017-07-03 17:39:00,2017-07-03 17:39:59,2017-07-03,Monday,224,342,189.45,138638.41666666666,8185786.605263158,21549490.037018843,0.7105263157894737,731.7942289082432,208.9884805366782,1.1967149758454105,13,79,0.5146198830409356,0.02779977126770476,0,BENIGN,BENIGN
20170703_1740,2017-07-03 17:40:00,2017-07-03 17:40:59,2017-07-03,Monday,225,361,116.1,34932.95,8582189.12465374,23806929.994197626,0.778393351800554,300.8867355727821,225.78282989065744,1.300099042588313,16,90,0.5484764542936288,0.05426356589147287,0,BENIGN,BENIGN
20170703_1741,2017-07-03 17:41:00,2017-07-03 17:41:59,2017-07-03,Monday,226,695,284.78333333333336,128799.53333333334,4026210.728057554,16550775.612915045,0.8676258992805755,452.2720196640721,327.70622193732015,1.0578034682080926,11,134,0.7366906474820144,0.057412067653771874,0,BENIGN,BENIGN
20170703_1742,2017-07-03 17:42:00,2017-07-03 17:42:59,2017-07-03,Monday,227,241,86.03333333333333,30708.283333333333,11414158.286307054,25027977.63650899,0.7053941908713693,356.93471522665635,287.8473277704411,1.1914261460101867,14,82,0.6473029045643154,0.054629988376598215,0,BENIGN,BENIGN
20170703_1743,2017-07-03 17:43:00,2017-07-03 17:43:59,2017-07-03,Monday,228,306,101.68333333333334,34026.53333333333,11864245.866013072,29502616.882902063,0.7483660130718954,334.6323553515817,243.9507316370103,1.1653655074520937,12,67,0.5326797385620915,0.04884445172922472,0,BENIGN,BENIGN
20170703_1744,2017-07-03 17:44:00,2017-07-03 17:44:59,2017-07-03,Monday,229,315,96.23333333333333,27845.533333333333,4890510.425396825,16898866.518075906,0.8571428571428571,289.3543470730863,276.534562231748,1.1800679501698754,14,77,0.6507936507936508,0.06962244544509871,0,BENIGN,BENIGN
20170703_1745,2017-07-03 17:45:00,2017-07-03 17:45:59,2017-07-03,Monday,230,582,121.75,29609.166666666668,5914534.951890035,20427955.616626956,0.8436426116838488,243.19644079397673,221.24575914563633,1.2220194647201947,10,139,0.5085910652920962,0.07693360711841205,0,BENIGN,BENIGN
20170703_1746,2017-07-03 17:46:00,2017-07-03 17:46:59,2017-07-03,Monday,231,160,45.53333333333333,12351.883333333333,8496430.08125,22968004.3319781,0.8125,271.27122986822843,223.8673697134568,1.2493827160493827,14,45,0.5875,0.0629575402635432,0,BENIGN,BENIGN
20170703_1747,2017-07-03 17:47:00,2017-07-03 17:47:59,2017-07-03,Monday,232,160,48.3,15819.283333333333,13535916.50625,29715462.378641445,0.7625,327.5213940648723,240.99070033460626,1.2577881619937694,9,42,0.5875,0.05452035886818495,0,BENIGN,BENIGN
20170703_1748,2017-07-03 17:48:00,2017-07-03 17:48:59,2017-07-03,Monday,233,465,159.31666666666666,74082.0,8328645.804301076,24793492.606974058,0.8021505376344086,464.9984307982007,254.49075283188415,1.0215690420807781,16,73,0.5311827956989247,0.05084213829898525,0,BENIGN,BENIGN
20170703_1749,2017-07-03 17:49:00,2017-07-03 17:49:59,2017-07-03,Monday,234,442,169.73333333333332,87577.13333333333,9224240.459276019,25332448.783318426,0.832579185520362,515.9689709347997,268.959543533962,0.9530201342281879,11,90,0.5610859728506787,0.04556166535742341,0,BENIGN,BENIGN
20170703_1750,2017-07-03 17:50:00,2017-07-03 17:50:59,2017-07-03,Monday,235,700,267.48333333333335,129811.58333333333,12613623.07857143,30485876.503022835,0.7657142857142857,485.30718424823976,259.719667418691,0.9731989181214654,14,125,0.55,0.04841423141628762,0,BENIGN,BENIGN
20170703_1751,2017-07-03 17:51:00,2017-07-03 17:51:59,2017-07-03,Monday,236,455,161.05,61282.8,10289148.393406594,26018979.644610666,0.7758241758241758,380.5203352995964,260.83879554702287,1.1132735622129892,16,126,0.6681318681318681,0.05815999172099762,0,BENIGN,BENIGN
20170703_1752,2017-07-03 17:52:00,2017-07-03 17:52:59,2017-07-03,Monday,237,660,187.4,46277.15,18179287.143939395,39127121.646199875,0.7196969696969697,246.9431696905016,208.02687213172302,1.1169051204819278,18,106,0.4712121212121212,0.05638562789043045,0,BENIGN,BENIGN
20170703_1753,2017-07-03 17:53:00,2017-07-03 17:53:59,2017-07-03,Monday,238,288,83.56666666666666,20963.95,14564077.524305556,31071311.046835553,0.7326388888888888,250.864978061428,200.30380488788714,1.2478709099058718,14,62,0.5694444444444444,0.05883526126844835,0,BENIGN,BENIGN
20170703_1754,2017-07-03 17:54:00,2017-07-03 17:54:59,2017-07-03,Monday,239,1352,342.5,134190.11666666667,13758609.053994082,30518798.315047514,0.6974852071005917,391.7959610705596,183.06544565076445,1.0085027365129007,12,191,0.37943786982248523,0.046423357664233576,0,BENIGN,BENIGN
20170703_1755,2017-07-03 17:55:00,2017-07-03 17:55:59,2017-07-03,Monday,240,865,180.11666666666667,49431.916666666664,6683616.131791907,20189449.882038742,0.8589595375722543,274.443878967336,206.54586759130527,1.222953517071164,12,181,0.47167630057803467,0.07069491995928565,0,BENIGN,BENIGN
20170703_1756,2017-07-03 17:56:00,2017-07-03 17:56:59,2017-07-03,Monday,241,227,70.41666666666667,14999.016666666666,14184279.757709252,30912102.22002381,0.762114537444934,213.00378698224853,236.54714484003725,1.2732651963421193,16,61,0.6916299559471366,0.06532544378698225,0,BENIGN,BENIGN
20170703_1757,2017-07-03 17:57:00,2017-07-03 17:57:59,2017-07-03,Monday,242,529,199.81666666666666,94971.16666666667,7881874.393194707,24030949.90510786,0.8374291115311909,475.2915172241221,306.7105864765965,1.0124202752601543,11,100,0.6597353497164461,0.05321544749353574,0,BENIGN,BENIGN
20170703_1758,2017-07-03 17:58:00,2017-07-03 17:58:59,2017-07-03,Monday,243,381,130.78333333333333,50365.933333333334,8876400.275590552,25586763.412190273,0.7952755905511811,385.10972346119536,235.28308420729576,1.1034575180916644,16,77,0.5695538057742782,0.05352363960749331,0,BENIGN,BENIGN
20170703_1759,2017-07-03 17:59:00,2017-07-03 17:59:59,2017-07-03,Monday,244,248,83.1,28099.433333333334,5919104.45967742,18957105.75518267,0.8588709677419355,338.1399919775371,227.04278967073313,1.1266524520255863,12,69,0.6129032258064516,0.056357801845166464,0,BENIGN,BENIGN
20170703_1800,2017-07-03 18:00:00,2017-07-03 18:00:59,2017-07-03,Monday,245,90,22.45,4712.833333333333,14388642.922222223,32292801.385986265,0.6888888888888889,209.92576095025984,138.4147128576265,1.4157706093189963,13,42,0.5888888888888889,0.05790645879732739,0,BENIGN,BENIGN
20170703_1801,2017-07-03 18:01:00,2017-07-03 18:01:59,2017-07-03,Monday,246,443,123.06666666666666,32642.416666666668,4376995.625282167,15454396.960204344,0.8465011286681715,265.2417388949079,233.7939988793776,1.3107008760951189,7,86,0.636568848758465,0.07394366197183098,0,BENIGN,BENIGN
20170703_1802,2017-07-03 18:02:00,2017-07-03 18:02:59,2017-07-03,Monday,247,837,359.26666666666665,166262.28333333333,21758758.673835125,40659106.848822325,0.6821983273596177,462.78238077565413,270.5830824374698,0.9857221812822402,12,200,0.5424133811230586,0.04040638337353869,0,BENIGN,BENIGN
20170703_1803,2017-07-03 18:03:00,2017-07-03 18:03:59,2017-07-03,Monday,248,744,198.05,70180.43333333333,14284705.852150537,32698596.688926645,0.717741935483871,354.35714886813093,212.4695535762455,1.0603328710124826,7,123,0.4206989247311828,0.052680299587646216,0,BENIGN,BENIGN
20170703_1804,2017-07-03 18:04:00,2017-07-03 18:04:59,2017-07-03,Monday,249,281,123.6,73498.38333333333,8922682.067615658,25556431.05908472,0.8256227758007118,594.647114347357,180.683373567837,0.9884718498659517,14,62,0.4412811387900356,0.02885652642934196,0,BENIGN,BENIGN
20170703_1805,2017-07-03 18:05:00,2017-07-03 18:05:59,2017-07-03,Monday,250,493,99.56666666666666,26673.65,3894749.898580122,15861015.555459348,0.9026369168356998,267.8973886842986,217.26406279414587,1.1966911764705883,11,123,0.5598377281947262,0.08855038500167392,0,BENIGN,BENIGN
20170703_1806,2017-07-03 18:06:00,2017-07-03 18:06:59,2017-07-03,Monday,251,429,144.43333333333334,67080.93333333333,19483387.34032634,39805222.428789586,0.7202797202797203,464.4421878606047,234.90908641243388,1.037855631319069,12,80,0.5407925407925408,0.049273021001615507,0,BENIGN,BENIGN
20170703_1807,2017-07-03 18:07:00,2017-07-03 18:07:59,2017-07-03,Monday,252,754,393.06666666666666,271285.31666666665,9956042.403183024,27168658.642756782,0.7931034482758621,690.1763483717775,271.25979852691864,0.9087892521851731,14,105,0.5610079575596817,0.03434531886024424,0,BENIGN,BENIGN
20170703_1808,2017-07-03 18:08:00,2017-07-03 18:08:59,2017-07-03,Monday,253,249,51.15,9886.033333333333,21189666.016064256,37495036.52412039,0.6586345381526104,193.2753339850114,142.4711179023487,1.4384432088959491,14,84,0.44176706827309237,0.05474095796676442,0,BENIGN,BENIGN
20170703_1809,2017-07-03 18:09:00,2017-07-03 18:09:59,2017-07-03,Monday,254,356,151.11666666666667,95857.61666666667,20813056.09269663,39850863.736110106,0.6769662921348315,634.3285540972759,169.8169056645445,0.8712340074288073,16,82,0.4157303370786517,0.02547700452189258,0,BENIGN,BENIGN
20170703_1810,2017-07-03 18:10:00,2017-07-03 18:10:59,2017-07-03,Monday,255,321,89.16666666666667,59759.9,9168895.23364486,24476227.047990106,0.7009345794392523,670.2044859813084,213.28926411226092,0.9906994047619048,13,60,0.4174454828660436,0.041682242990654206,0,BENIGN,BENIGN
20170703_1811,2017-07-03 18:11:00,2017-07-03 18:11:59,2017-07-03,Monday,256,138,40.25,20622.716666666667,18578789.92753623,32391689.46964603,0.5579710144927537,512.3656314699793,136.86627220755543,0.8470948012232415,14,45,0.5144927536231884,0.04057971014492753,0,BENIGN,BENIGN
20170703_1812,2017-07-03 18:12:00,2017-07-03 18:12:59,2017-07-03,Monday,257,423,133.18333333333334,44154.316666666666,8720113.281323876,23260550.219367515,0.7281323877068558,331.53034663997,253.134053814667,1.1931942919868277,11,100,0.5886524822695035,0.05894130897259417,0,BENIGN,BENIGN
20170703_1813,2017-07-03 18:13:00,2017-07-03 18:13:59,2017-07-03,Monday,258,868,259.65,103386.53333333334,18133557.46198157,34549732.279365726,0.6497695852534562,398.17651967392004,235.0364342970194,1.0443511350216508,14,207,0.543778801843318,0.05610116182039925,0,BENIGN,BENIGN
20170703_1814,2017-07-03 18:14:00,2017-07-03 18:14:59,2017-07-03,Monday,259,202,66.85,18096.616666666665,8012350.242574258,23253309.258399885,0.7277227722772277,270.704811767639,263.8278547619066,1.3190751445086706,12,55,0.6386138613861386,0.0643231114435303,0,BENIGN,BENIGN
20170703_1815,2017-07-03 18:15:00,2017-07-03 18:15:59,2017-07-03,Monday,260,853,256.35,122064.9,14197249.730363423,34133501.17251646,0.7924970691676436,476.1650087770626,231.45990183372783,0.9758509955041746,10,148,0.48182883939038684,0.05116702425069891,0,BENIGN,BENIGN
20170703_1816,2017-07-03 18:16:00,2017-07-03 18:16:59,2017-07-03,Monday,261,514,139.51666666666668,45431.96666666667,4963874.4883268485,18837662.453177698,0.8988326848249028,325.6382749970135,234.991661689145,1.1439180537772087,17,123,0.5583657587548638,0.06964520367936924,0,BENIGN,BENIGN
20170703_1817,2017-07-03 18:17:00,2017-07-03 18:17:59,2017-07-03,Monday,262,591,189.38333333333333,104753.85,18569937.898477156,37717042.83304656,0.751269035532995,553.1313033529877,168.20905857836223,0.9140980293077312,11,123,0.350253807106599,0.030361700255214293,0,BENIGN,BENIGN
20170703_1818,2017-07-03 18:18:00,2017-07-03 18:18:59,2017-07-03,Monday,263,298,100.06666666666666,56505.2,14701466.302013423,32427827.58281712,0.6208053691275168,564.6755496335776,174.55499391962132,0.9970069837046891,10,66,0.3624161073825503,0.027814790139906728,0,BENIGN,BENIGN
20170703_1819,2017-07-03 18:19:00,2017-07-03 18:19:59,2017-07-03,Monday,264,280,39.733333333333334,5467.383333333333,7206223.410714285,22954474.597899184,0.8535714285714285,137.60192953020135,80.27681490254272,1.212430426716141,15,34,0.325,0.057885906040268456,0,BENIGN,BENIGN
20170703_1820,2017-07-03 18:20:00,2017-07-03 18:20:59,2017-07-03,Monday,265,38,13.783333333333333,1402.3666666666666,13066142.315789474,28547946.188190125,0.5263157894736842,101.74365175332527,118.86322939626024,1.524390243902439,11,18,0.5,0.05804111245465538,0,BENIGN,BENIGN
20170703_1821,2017-07-03 18:21:00,2017-07-03 18:21:59,2017-07-03,Monday,266,751,165.88333333333333,64626.85,16422624.579227697,35518628.984619275,0.725699067909454,389.5921832613282,152.0680136017225,0.950999607996864,12,98,0.33422103861517977,0.04481060986637195,0,BENIGN,BENIGN
20170703_1822,2017-07-03 18:22:00,2017-07-03 18:22:59,2017-07-03,Monday,267,460,129.08333333333334,60795.583333333336,15431870.932608696,34175958.55105093,0.7086956521739131,470.97934151065203,191.9172084169109,0.9302267630201844,18,72,0.35434782608695653,0.045319561007101355,0,BENIGN,BENIGN
20170703_1823,2017-07-03 18:23:00,2017-07-03 18:23:59,2017-07-03,Monday,268,255,81.21666666666667,31679.583333333332,18704720.82352941,38279591.63098133,0.6509803921568628,390.06258978042274,184.87205841881536,0.998359983599836,12,38,0.3843137254901961,0.04432587728298789,0,BENIGN,BENIGN
20170703_1824,2017-07-03 18:24:00,2017-07-03 18:24:59,2017-07-03,Monday,269,433,164.75,108116.46666666666,19960824.538106237,38517341.748396024,0.625866050808314,656.2456246838644,136.13367358372403,0.8880825057295646,11,87,0.3371824480369515,0.02144663631765301,0,BENIGN,BENIGN
20170703_1825,2017-07-03 18:25:00,2017-07-03 18:25:59,2017-07-03,Monday,270,923,234.15,86281.35,17816316.858071506,38810826.96264967,0.733477789815818,368.4875080076874,177.9608235872476,0.9658598013152372,12,150,0.3380281690140845,0.045270125987614776,0,BENIGN,BENIGN
20170703_1826,2017-07-03 18:26:00,2017-07-03 18:26:59,2017-07-03,Monday,271,756,306.96666666666664,169231.31666666668,16913271.67328042,38138992.61908356,0.7380952380952381,551.3019328917363,170.82979329738333,0.8238439449450441,10,95,0.3333333333333333,0.026821587577369965,0,BENIGN,BENIGN
20170703_1827,2017-07-03 18:27:00,2017-07-03 18:27:59,2017-07-03,Monday,272,572,160.36666666666667,83564.65,14083184.601398602,33479092.573674597,0.7255244755244755,521.0849095822074,184.65387539609813,0.8802266510355607,11,88,0.31993006993006995,0.03595926002909998,0,BENIGN,BENIGN
20170703_1828,2017-07-03 18:28:00,2017-07-03 18:28:59,2017-07-03,Monday,273,257,43.983333333333334,8396.766666666666,11012322.509727627,27577453.322223835,0.7198443579766537,190.90791966654035,93.80422960130764,1.3529411764705883,12,47,0.41245136186770426,0.04130352406214475,0,BENIGN,BENIGN
20170703_1829,2017-07-03 18:29:00,2017-07-03 18:29:59,2017-07-03,Monday,274,325,104.7,55187.86666666667,13620568.34153846,32859096.245563403,0.6738461538461539,527.1047437121936,151.1636550106859,0.9039393939393939,11,69,0.39076923076923076,0.02562878064310729,0,BENIGN,BENIGN
20170703_1830,2017-07-03 18:30:00,2017-07-03 18:30:59,2017-07-03,Monday,275,892,373.4166666666667,248752.01666666666,20543363.452914797,41270181.49811638,0.6872197309417041,666.1513501450569,170.26672885830743,0.8500536702171579,12,116,0.31053811659192826,0.024949787993751395,0,BENIGN,BENIGN
20170703_1831,2017-07-03 18:31:00,2017-07-03 18:31:59,2017-07-03,Monday,276,390,97.3,30528.566666666666,13209714.833333334,30198122.08330146,0.7307692307692307,313.7571085988352,139.40361500672918,0.8246875,9,64,0.2743589743589744,0.03562863994518671,0,BENIGN,BENIGN
20170703_1832,2017-07-03 18:32:00,2017-07-03 18:32:59,2017-07-03,Monday,277,843,303.68333333333334,138434.96666666667,20328623.09964413,40200104.97095872,0.6488730723606169,455.85302672740244,195.61301527281324,0.9374800637958532,13,127,0.3867141162514828,0.03441084462982273,0,BENIGN,BENIGN
20170703_1833,2017-07-03 18:33:00,2017-07-03 18:33:59,2017-07-03,Monday,278,226,43.03333333333333,9369.566666666668,15768080.305309735,35971445.980114475,0.6371681415929203,217.72811773818745,151.65656547521425,1.2209802235597593,12,47,0.3672566371681416,0.05112316034082107,0,BENIGN,BENIGN
20170703_1834,2017-07-03 18:34:00,2017-07-03 18:34:59,2017-07-03,Monday,279,1002,264.06666666666666,99543.46666666666,17998816.648702595,37651969.807081416,0.6706586826347305,376.9633930825549,201.24301733552116,0.9612575813838347,13,129,0.3722554890219561,0.04266599343600101,0,BENIGN,BENIGN
20170703_1835,2017-07-03 18:35:00,2017-07-03 18:35:59,2017-07-03,Monday,280,1246,373.1166666666667,192999.63333333333,16018774.459871588,37203947.64465699,0.7134831460674157,517.2635011390539,170.77225078514826,0.921551798128916,12,191,0.2985553772070626,0.032474203778978875,0,BENIGN,BENIGN
20170703_1836,2017-07-03 18:36:00,2017-07-03 18:36:59,2017-07-03,Monday,281,544,148.4,49360.35,20374211.974264707,39359231.73027005,0.6397058823529411,332.6169137466307,199.14263426719347,1.0396243701328447,9,88,0.4025735294117647,0.041554357592093444,0,BENIGN,BENIGN
20170703_1837,2017-07-03 18:37:00,2017-07-03 18:37:59,2017-07-03,Monday,282,629,125.36666666666666,46761.23333333333,13395003.421303656,29921038.144505233,0.6343402225755167,372.995745812284,183.7958280600385,0.9657695322707082,5,111,0.3767885532591415,0.050518479127891515,0,BENIGN,BENIGN
20170703_1838,2017-07-03 18:38:00,2017-07-03 18:38:59,2017-07-03,Monday,283,1131,332.06666666666666,165071.35,16473320.377541998,35360956.92677117,0.6843501326259946,497.1030415579201,177.4301759157627,0.8760003766123717,11,130,0.3183023872679045,0.033778357759486045,0,BENIGN,BENIGN
20170703_1839,2017-07-03 18:39:00,2017-07-03 18:39:59,2017-07-03,Monday,284,1679,357.03333333333336,145004.81666666668,12459383.398451459,32274753.12779261,0.7689100655151876,406.1380356642704,137.91039002952718,0.8929928426261377,8,157,0.24359737939249554,0.03650452805527028,0,BENIGN,BENIGN
20170703_1840,2017-07-03 18:40:00,2017-07-03 18:40:59,2017-07-03,Monday,285,970,186.51666666666668,57073.9,12766973.598969072,32758910.326579645,0.7690721649484537,305.9989277097668,138.9659599381759,1.0676150009237022,10,109,0.25773195876288657,0.04298096684836029,0,BENIGN,BENIGN
20170703_1841,2017-07-03 18:41:00,2017-07-03 18:41:59,2017-07-03,Monday,286,454,104.33333333333333,37765.7,15101743.22246696,33789632.51144324,0.6563876651982379,361.97156549520764,145.4048220403876,0.9516832917705735,12,83,0.3986784140969163,0.03706070287539936,0,BENIGN,BENIGN
20170703_1842,2017-07-03 18:42:00,2017-07-03 18:42:59,2017-07-03,Monday,287,188,39.666666666666664,11401.816666666668,15496874.792553192,35025269.9477469,0.6702127659574468,287.440756302521,107.54356973763211,1.1645454545454546,8,55,0.5053191489361702,0.040336134453781515,0,BENIGN,BENIGN
20170703_1843,2017-07-03 18:43:00,2017-07-03 18:43:59,2017-07-03,Monday,288,1486,260.95,65371.4,11637842.47577389,31044081.277152933,0.7624495289367429,250.51312511975473,145.16994740505902,0.9923654408957883,6,162,0.265814266487214,0.04771028932745737,0,BENIGN,BENIGN
20170703_1844,2017-07-03 18:44:00,2017-07-03 18:44:59,2017-07-03,Monday,289,333,56.96666666666667,9753.266666666666,10569451.978978978,29498905.49848082,0.7867867867867868,171.21006436512582,135.09508634488486,1.1763208147676638,14,65,0.2972972972972973,0.0497366881217086,0,BENIGN,BENIGN
20170703_1845,2017-07-03 18:45:00,2017-07-03 18:45:59,2017-07-03,Monday,290,816,153.15,42751.01666666667,12789322.399509804,29146031.354973707,0.7144607843137255,279.14473827402327,153.20714595745355,0.9986950848194868,11,105,0.3137254901960784,0.050059854173468275,0,BENIGN,BENIGN
20170703_1846,2017-07-03 18:46:00,2017-07-03 18:46:59,2017-07-03,Monday,291,1472,329.0833333333333,115837.56666666667,15401494.702445652,35916565.34080117,0.7194293478260869,352.00070904026336,144.13662349805224,0.9632133624975144,8,153,0.3029891304347826,0.04071916940997721,0,BENIGN,BENIGN
20170703_1847,2017-07-03 18:47:00,2017-07-03 18:47:59,2017-07-03,Monday,292,282,45.516666666666666,7134.566666666667,11769830.028368793,30392070.81724447,0.7198581560283688,156.7462467960454,128.46761638763815,1.2709891936824604,10,44,0.2695035460992908,0.061882094470889784,0,BENIGN,BENIGN
20170703_1848,2017-07-03 18:48:00,2017-07-03 18:48:59,2017-07-03,Monday,293,2508,879.8,508070.75,16625326.190988835,33302360.203858104,0.6674641148325359,577.4843714480563,167.28255427985158,0.8291406791406791,11,287,0.2902711323763955,0.025858149579449874,0,BENIGN,BENIGN
20170703_1849,2017-07-03 18:49:00,2017-07-03 18:49:59,2017-07-03,Monday,294,2517,489.96666666666664,223913.18333333332,8674745.198251886,23502808.865716983,0.7361938816050854,456.9967684876522,136.1768454665275,0.9568024494142705,16,215,0.24235200635677392,0.042519899312878424,0,BENIGN,BENIGN
20170703_1850,2017-07-03 18:50:00,2017-07-03 18:50:59,2017-07-03,Monday,295,665,168.81666666666666,65594.48333333334,19839526.25112782,40755011.700010724,0.6676691729323309,388.5545463520584,156.23672413596415,0.9925255704169945,9,83,0.34285714285714286,0.03939184519695923,0,BENIGN,BENIGN
20170703_1851,2017-07-03 18:51:00,2017-07-03 18:51:59,2017-07-03,Monday,296,1360,252.61666666666667,83998.48333333334,14922003.638235293,35067618.327337764,0.7463235294117647,332.5136240680873,133.1323861843402,0.9827338129496402,12,163,0.2566176470588235,0.04268654746981593,0,BENIGN,BENIGN
20170703_1852,2017-07-03 18:52:00,2017-07-03 18:52:59,2017-07-03,Monday,297,71,17.233333333333334,2041.4333333333334,5957888.042253521,21358340.9760924,0.647887323943662,118.45841392649903,92.93215113560225,1.0454545454545454,7,31,0.5211267605633803,0.03481624758220503,0,BENIGN,BENIGN
20170703_1853,2017-07-03 18:53:00,2017-07-03 18:53:59,2017-07-03,Monday,298,2302,567.7,253800.41666666666,16570400.89834926,37134659.824294016,0.7341442224152911,447.06784686747693,138.039802230342,0.9383713651624651,12,233,0.26629018245004343,0.03455463566437673,0,BENIGN,BENIGN
20170703_1854,2017-07-03 18:54:00,2017-07-03 18:54:59,2017-07-03,Monday,299,1338,413.43333333333334,223823.11666666667,13664219.680866966,31632743.061508138,0.7092675635276532,541.3765621220673,176.05023669471834,0.9098467934406036,11,191,0.3064275037369208,0.03229057486092075,0,BENIGN,BENIGN
20170703_1855,2017-07-03 18:55:00,2017-07-03 18:55:59,2017-07-03,Monday,300,670,110.13333333333334,21388.066666666666,12785352.52238806,30774400.843206376,0.7238805970149254,194.20157384987894,139.44243393498698,1.0614472863381161,12,102,0.3119402985074627,0.04600484261501211,0,BENIGN,BENIGN
20170703_1856,2017-07-03 18:56:00,2017-07-03 18:56:59,2017-07-03,Monday,301,513,176.4,88545.45,22092847.83625731,42466786.93410945,0.6179337231968811,501.9583333333333,148.319881318278,0.9472038263428992,11,91,0.3840155945419103,0.02938397581254724,0,BENIGN,BENIGN
20170703_1857,2017-07-03 18:57:00,2017-07-03 18:57:59,2017-07-03,Monday,302,666,167.23333333333332,59541.03333333333,18556655.10960961,39503886.804863475,0.7072072072072072,356.0356786924457,151.34941988127898,1.0078031212484995,13,120,0.36486486486486486,0.04225632848315727,0,BENIGN,BENIGN
20170703_1858,2017-07-03 18:58:00,2017-07-03 18:58:59,2017-07-03,Monday,303,235,90.91666666666667,61146.583333333336,8502490.429787233,24808507.83894754,0.7489361702127659,672.5563703024748,184.63789009181878,0.7238546603475513,10,48,0.39148936170212767,0.024197983501374885,0,BENIGN,BENIGN
20170703_1859,2017-07-03 18:59:00,2017-07-03 18:59:59,2017-07-03,Monday,304,991,230.3,76762.8,18763896.858728558,40539034.01833525,0.7033299697275479,333.31654363873207,156.88576455087167,1.0310111699000588,13,115,0.32896064581231077,0.04573744391373571,0,BENIGN,BENIGN
20170703_1900,2017-07-03 19:00:00,2017-07-03 19:00:59,2017-07-03,Monday,305,85,51.56666666666667,32391.033333333333,13474658.635294117,33875549.9403909,0.7176470588235294,628.1389786683905,133.65808582730986,0.8400713436385255,13,18,0.3411764705882353,0.02197802197802198,0,BENIGN,BENIGN
20170703_1901,2017-07-03 19:01:00,2017-07-03 19:01:59,2017-07-03,Monday,306,1405,267.31666666666666,92733.46666666666,14771030.992170818,33329320.58253351,0.7074733096085409,346.9049192593054,134.64187733258612,1.0077606709225184,10,143,0.26263345195729537,0.043456574599413926,0,BENIGN,BENIGN
20170703_1902,2017-07-03 19:02:00,2017-07-03 19:02:59,2017-07-03,Monday,307,634,140.86666666666667,61347.3,17610714.605678234,38266746.56084774,0.7476340694006309,435.49905347846664,153.02395261698658,0.9521939953810623,12,80,0.2302839116719243,0.035731187884524375,0,BENIGN,BENIGN
20170703_1903,2017-07-03 19:03:00,2017-07-03 19:03:59,2017-07-03,Monday,308,1414,280.8,78460.03333333334,15162628.299858557,34334865.16953883,0.6881188118811881,279.41607312440647,163.53693096621697,1.0607876712328768,7,169,0.3246110325318246,0.055080721747388414,0,BENIGN,BENIGN
20170703_1904,2017-07-03 19:04:00,2017-07-03 19:04:59,2017-07-03,Monday,309,574,132.01666666666668,44677.36666666667,14710698.951219512,34054149.91958108,0.6376306620209059,338.4221689180659,164.25735135001085,1.0168024439918533,13,99,0.4076655052264808,0.05643226865294786,0,BENIGN,BENIGN
20170703_1905,2017-07-03 19:05:00,2017-07-03 19:05:59,2017-07-03,Monday,310,687,194.35,85553.98333333334,20965889.310043667,38287023.75799162,0.5778748180494906,440.2057284966984,161.18657206907469,0.970265247508025,11,146,0.44395924308588064,0.04793756967670011,0,BENIGN,BENIGN
20170703_1906,2017-07-03 19:06:00,2017-07-03 19:06:59,2017-07-03,Monday,311,339,99.86666666666666,53463.8,8026799.135693216,24886669.090991594,0.7610619469026548,535.3518024032043,126.83048657274962,0.8792724992160552,11,53,0.2890855457227139,0.02753671562082777,0,BENIGN,BENIGN
20170703_1907,2017-07-03 19:07:00,2017-07-03 19:07:59,2017-07-03,Monday,312,1211,284.76666666666665,99193.11666666667,19317017.686209746,40129160.650400944,0.6787778695293146,348.33120683600606,148.3383998256363,0.9467927537883104,7,179,0.3509496284062758,0.045183190916539856,0,BENIGN,BENIGN
20170703_1908,2017-07-03 19:08:00,2017-07-03 19:08:59,2017-07-03,Monday,313,140,30.45,4100.066666666667,12265824.8,32992562.546064317,0.6928571428571428,134.64915161466885,112.54153636103388,1.1405152224824355,12,39,0.35,0.04488232074438971,0,BENIGN,BENIGN
20170703_1909,2017-07-03 19:09:00,2017-07-03 19:09:59,2017-07-03,Monday,314,834,183.36666666666667,57242.85,15254647.473621104,35376759.214257,0.7062350119904077,312.176967824032,147.54113329538222,1.0222385590884029,13,143,0.35851318944844124,0.04926377022359571,0,BENIGN,BENIGN
20170703_1910,2017-07-03 19:10:00,2017-07-03 19:10:59,2017-07-03,Monday,315,244,83.73333333333333,42459.03333333333,28380902.54918033,47146976.68488539,0.5491803278688525,507.0744426751592,107.92348828942315,0.8743006340917568,7,52,0.4385245901639344,0.027070063694267517,0,BENIGN,BENIGN
20170703_1911,2017-07-03 19:11:00,2017-07-03 19:11:59,2017-07-03,Monday,316,538,149.5,54148.36666666667,21521909.918215614,40244253.7774946,0.6691449814126395,362.1964325529543,189.99603475160905,1.0264287327761463,16,89,0.38847583643122674,0.0451505016722408,0,BENIGN,BENIGN
20170703_1912,2017-07-03 19:12:00,2017-07-03 19:12:59,2017-07-03,Monday,317,818,520.4,434092.2833333333,23488812.931540344,42694814.224592224,0.6234718826405868,834.1511977965667,199.28076047120635,0.7910404955833429,11,133,0.36674816625916873,0.018255188316679476,0,BENIGN,BENIGN
20170703_1913,2017-07-03 19:13:00,2017-07-03 19:13:59,2017-07-03,Monday,318,1465,399.9166666666667,185892.76666666666,18272551.30102389,38928427.542991616,0.6948805460750853,464.82875599083144,161.13547665794127,0.8802695502272371,15,181,0.33583617747440275,0.0403417378620546,0,BENIGN,BENIGN
20170703_1914,2017-07-03 19:14:00,2017-07-03 19:14:59,2017-07-03,Monday,319,621,157.06666666666666,61690.066666666666,16589721.106280193,38215626.63016393,0.7053140096618358,392.7635823429542,135.11017820447054,0.9109894566098946,7,96,0.36231884057971014,0.039261460101867575,0,BENIGN,BENIGN
20170703_1915,2017-07-03 19:15:00,2017-07-03 19:15:59,2017-07-03,Monday,320,567,169.18333333333334,57714.666666666664,23483914.46208113,43162126.41551359,0.6296296296296297,341.1368338094769,157.68302051863773,1.0769230769230769,9,111,0.42151675485008816,0.03674514826125505,0,BENIGN,BENIGN
20170703_1916,2017-07-03 19:16:00,2017-07-03 19:16:59,2017-07-03,Monday,321,374,109.61666666666666,41009.98333333333,21492656.406417113,41694143.06388785,0.6443850267379679,374.1217880492626,164.15565997089683,1.0067114093959733,14,71,0.42513368983957217,0.04196442146875475,0,BENIGN,BENIGN
20170703_1917,2017-07-03 19:17:00,2017-07-03 19:17:59,2017-07-03,Monday,322,712,196.68333333333334,72918.58333333333,16219260.50983146,37525922.87737721,0.7162921348314607,370.7410388950089,142.69808047651267,0.9630738522954092,10,113,0.34691011235955055,0.035674942801457506,0,BENIGN,BENIGN
20170703_1918,2017-07-03 19:18:00,2017-07-03 19:18:59,2017-07-03,Monday,323,480,136.0,58246.916666666664,22544200.522916667,43112792.69850915,0.69375,428.2861519607843,164.1623172081537,0.9837141468157511,13,82,0.3625,0.0392156862745098,0,BENIGN,BENIGN
20170703_1919,2017-07-03 19:19:00,2017-07-03 19:19:59,2017-07-03,Monday,324,221,74.88333333333334,20180.316666666666,30642773.22171946,45769506.56800457,0.5203619909502263,269.4900957044291,146.13037561845363,1.0863509749303621,11,64,0.4660633484162896,0.037836634765190294,0,BENIGN,BENIGN
20170703_1920,2017-07-03 19:20:00,2017-07-03 19:20:59,2017-07-03,Monday,325,929,362.1,226547.83333333334,14176084.940796556,28960262.858487703,0.6533907427341227,625.6499125471785,183.39026786827748,0.8590741849918713,11,136,0.34983853606027987,0.027938875080548653,0,BENIGN,BENIGN
20170703_1921,2017-07-03 19:21:00,2017-07-03 19:21:59,2017-07-03,Monday,326,898,167.13333333333333,41073.75,14781497.563474387,31896523.489521414,0.6893095768374164,245.75438771439968,162.19801032296047,1.0618832236842106,13,139,0.3351893095768374,0.060530514559234146,0,BENIGN,BENIGN
20170703_1922,2017-07-03 19:22:00,2017-07-03 19:22:59,2017-07-03,Monday,327,234,37.916666666666664,5544.0,8914616.517094018,25928505.231803153,0.7905982905982906,146.2153846153846,124.41298040313193,1.3561076604554865,13,46,0.3247863247863248,0.05978021978021978,0,BENIGN,BENIGN
20170703_1923,2017-07-03 19:23:00,2017-07-03 19:23:59,2017-07-03,Monday,328,1221,387.8833333333333,213595.36666666667,17433414.202293202,36963648.07738562,0.6994266994266994,550.6691015339665,186.17767798087772,0.8761789600967352,11,161,0.31613431613431614,0.031624629398874234,0,BENIGN,BENIGN
20170703_1924,2017-07-03 19:24:00,2017-07-03 19:24:59,2017-07-03,Monday,329,1413,206.6,34101.35,9698243.322009908,27830607.54613704,0.7813163481953291,165.05977734753145,147.72967365577256,1.0779416694602748,15,148,0.2448690728945506,0.05703452726686028,0,BENIGN,BENIGN
20170703_1925,2017-07-03 19:25:00,2017-07-03 19:25:59,2017-07-03,Monday,330,497,105.43333333333334,51948.03333333333,12453943.444668008,33318707.095365725,0.8169014084507042,492.70976920644955,125.00256637872897,0.9219319562575942,8,48,0.2052313883299799,0.025608599430920014,0,BENIGN,BENIGN
20170703_1926,2017-07-03 19:26:00,2017-07-03 19:26:59,2017-07-03,Monday,331,220,51.06666666666667,8488.566666666668,17622696.295454547,37888555.804255895,0.6,166.2251958224543,128.94483372377033,1.3045112781954886,13,56,0.4409090909090909,0.037859007832898174,0,BENIGN,BENIGN
20170703_1927,2017-07-03 19:27:00,2017-07-03 19:27:59,2017-07-03,Monday,332,490,89.21666666666667,25882.216666666667,13963209.242857143,34858485.166596815,0.7714285714285715,290.10517466841026,139.9646342152555,1.0127819548872181,9,62,0.24489795918367346,0.04147207173547544,0,BENIGN,BENIGN
20170703_1928,2017-07-03 19:28:00,2017-07-03 19:28:59,2017-07-03,Monday,333,812,223.75,107095.11666666667,11329452.01724138,30001538.291168172,0.791871921182266,478.6373929236499,146.26377021505743,0.8925852833380321,9,69,0.21551724137931033,0.024878957169459964,0,BENIGN,BENIGN
20170703_1929,2017-07-03 19:29:00,2017-07-03 19:29:59,2017-07-03,Monday,334,866,377.1,247646.16666666666,21240877.90069284,42478533.2339954,0.7009237875288684,656.7121895164854,189.03136776752152,0.819183148416144,16,95,0.31062355658198615,0.02386634844868735,0,BENIGN,BENIGN
20170703_1930,2017-07-03 19:30:00,2017-07-03 19:30:59,2017-07-03,Monday,335,147,67.08333333333333,47792.26666666667,14399833.496598639,34121898.434063554,0.6462585034013606,712.4313043478261,140.4500148269147,0.90625,13,29,0.36054421768707484,0.01937888198757764,0,BENIGN,BENIGN
20170703_1931,2017-07-03 19:31:00,2017-07-03 19:31:59,2017-07-03,Monday,336,1206,274.73333333333335,108215.48333333334,14868281.31177446,34071162.35290634,0.7048092868988391,393.8928051443824,170.2588863174807,0.9991511035653651,11,141,0.34328358208955223,0.049745207473914095,0,BENIGN,BENIGN
20170703_1932,2017-07-03 19:32:00,2017-07-03 19:32:59,2017-07-03,Monday,337,235,67.56666666666666,23322.316666666666,18392181.76595745,39850138.64460635,0.6297872340425532,345.17488899852,166.44041136185837,1.047979797979798,12,51,0.4297872340425532,0.04736063147508633,0,BENIGN,BENIGN
20170703_1933,2017-07-03 19:33:00,2017-07-03 19:33:59,2017-07-03,Monday,338,121,25.383333333333333,3416.45,13459778.917355372,32316998.167090915,0.6776859504132231,134.59422193040052,129.88408333559497,1.2848575712143928,10,29,0.4049586776859504,0.05252790544977019,0,BENIGN,BENIGN
20170703_1934,2017-07-03 19:34:00,2017-07-03 19:34:59,2017-07-03,Monday,339,1248,506.9,299781.75,22226232.691506412,40435117.07609506,0.6266025641025641,591.402150325508,190.03176728743063,0.865149935610474,11,207,0.3918269230769231,0.030972578417833893,0,BENIGN,BENIGN
20170703_1935,2017-07-03 19:35:00,2017-07-03 19:35:59,2017-07-03,Monday,340,762,165.06666666666666,54969.63333333333,11966470.367454069,30929033.180296835,0.6942257217847769,333.0147415185784,174.7679446469256,0.9746810207336523,11,95,0.38451443569553806,0.05947092084006462,0,BENIGN,BENIGN
20170703_1936,2017-07-03 19:36:00,2017-07-03 19:36:59,2017-07-03,Monday,341,151,37.45,10253.883333333333,12098122.562913908,27635339.376072656,0.5827814569536424,273.80195816644414,213.41426311133267,1.2060843964671246,15,38,0.5298013245033113,0.06987093902981753,0,BENIGN,BENIGN
20170703_1937,2017-07-03 19:37:00,2017-07-03 19:37:59,2017-07-03,Monday,342,368,70.66666666666667,19823.3,11406802.418478262,31110820.84312833,0.782608695652174,280.5183962264151,108.15342169672358,1.0677718186250609,9,51,0.25271739130434784,0.03679245283018868,0,BENIGN,BENIGN
20170703_1938,2017-07-03 19:38:00,2017-07-03 19:38:59,2017-07-03,Monday,343,95,28.75,3957.733333333333,18801079.07368421,41239371.533299595,0.6631578947368421,137.66028985507248,162.89998978358184,1.3905817174515236,12,27,0.4,0.05565217391304348,0,BENIGN,BENIGN
20170703_1939,2017-07-03 19:39:00,2017-07-03 19:39:59,2017-07-03,Monday,344,376,130.88333333333333,85536.31666666667,18399895.098404255,39049613.27140132,0.7313829787234043,653.5310072583726,152.18496784091056,0.8466964495650129,11,62,0.2978723404255319,0.026486692983573156,0,BENIGN,BENIGN
20170703_1940,2017-07-03 19:40:00,2017-07-03 19:40:59,2017-07-03,Monday,345,1257,283.85,128206.63333333333,14154744.863166269,34696946.34911987,0.7422434367541766,451.6703658035347,138.3048688625307,0.898138861027527,11,159,0.2752585521081941,0.03986847513357994,0,BENIGN,BENIGN
20170703_1941,2017-07-03 19:41:00,2017-07-03 19:41:59,2017-07-03,Monday,346,47,39.36666666666667,30108.583333333332,11915250.148936171,34055902.6430716,0.723404255319149,764.824301439458,136.60402674467815,0.7753568745304282,9,16,0.2978723404255319,0.014394580863674851,0,BENIGN,BENIGN
20170703_1942,2017-07-03 19:42:00,2017-07-03 19:42:59,2017-07-03,Monday,347,129,95.71666666666667,83799.93333333333,14912916.46511628,33457006.861428123,0.6356589147286822,875.4999129374892,257.11859175422137,0.7690175546658454,5,28,0.37209302325581395,0.013930001741250218,0,BENIGN,BENIGN
20170703_1943,2017-07-03 19:43:00,2017-07-03 19:43:59,2017-07-03,Monday,348,643,178.2,77251.51666666666,10372739.093312597,28784071.04626245,0.5940902021772939,433.5101945379723,263.86151745846223,0.9552020479063814,18,69,0.48367029548989116,0.05695847362514029,0,BENIGN,BENIGN
20170703_1944,2017-07-03 19:44:00,2017-07-03 19:44:59,2017-07-03,Monday,349,502,110.86666666666666,41763.01666666667,11651878.565737052,29958144.72256603,0.7310756972111554,376.69588093806374,153.92597052346912,0.9771173848439821,14,76,0.3247011952191235,0.04975947083583884,0,BENIGN,BENIGN
20170703_1945,2017-07-03 19:45:00,2017-07-03 19:45:59,2017-07-03,Monday,350,441,120.16666666666667,50957.7,16708288.718820862,35000185.08576915,0.7097505668934241,424.05852981969485,147.1408960258017,0.9675306957708049,12,72,0.30385487528344673,0.036754507628294034,0,BENIGN,BENIGN
20170703_1946,2017-07-03 19:46:00,2017-07-03 19:46:59,2017-07-03,Monday,351,155,26.533333333333335,3837.6,9634261.483870968,26711555.553245217,0.7354838709677419,144.63316582914572,111.41910725525953,1.1440107671601616,13,35,0.3161290322580645,0.04334170854271357,0,BENIGN,BENIGN
20170703_1947,2017-07-03 19:47:00,2017-07-03 19:47:59,2017-07-03,Monday,352,543,289.1333333333333,205571.53333333333,23722836.548802946,44749777.32182465,0.6574585635359116,710.9921604795942,216.4255100814435,0.7918818425945052,12,90,0.3775322283609576,0.024210283606179387,0,BENIGN,BENIGN
20170703_1948,2017-07-03 19:48:00,2017-07-03 19:48:59,2017-07-03,Monday,353,445,159.78333333333333,79211.8,15667806.170786517,37413050.164070666,0.7707865168539326,495.74507145092315,145.35009558420276,0.8325688073394495,13,60,0.29213483146067415,0.02837175341608428,0,BENIGN,BENIGN
20170703_1949,2017-07-03 19:49:00,2017-07-03 19:49:59,2017-07-03,Monday,354,456,144.6,72627.95,15791713.32017544,33935401.26899821,0.6578947368421053,502.2679806362379,219.45374053946,0.9631221719457014,11,70,0.41228070175438597,0.04183955739972337,0,BENIGN,BENIGN
20170703_1950,2017-07-03 19:50:00,2017-07-03 19:50:59,2017-07-03,Monday,355,285,160.41666666666666,101567.86666666667,27348861.652631577,46114789.9688901,0.6456140350877193,633.1503376623376,192.01405377640577,0.8597372488408037,11,54,0.3157894736842105,0.0185974025974026,0,BENIGN,BENIGN
20170703_1951,2017-07-03 19:51:00,2017-07-03 19:51:59,2017-07-03,Monday,356,1254,387.3,207979.48333333334,19678987.201754387,40925905.2506411,0.7025518341307815,536.9984077803598,175.4752920507287,0.8890424321248578,7,180,0.3118022328548644,0.03248988725363629,0,BENIGN,BENIGN
20170703_1952,2017-07-03 19:52:00,2017-07-03 19:52:59,2017-07-03,Monday,357,659,212.23333333333332,107812.85,14485640.092564492,34809129.83638752,0.7405159332321699,507.9920684780902,175.88422329694632,0.8664810200791441,14,81,0.36874051593323215,0.036516412753258995,0,BENIGN,BENIGN
20170703_1953,2017-07-03 19:53:00,2017-07-03 19:53:59,2017-07-03,Monday,358,732,201.51666666666668,77513.31666666667,18139895.467213117,38388224.94763621,0.6939890710382514,384.649656769498,163.53611879563536,1.0063049610087937,12,105,0.34153005464480873,0.03630799768422794,0,BENIGN,BENIGN
20170703_1954,2017-07-03 19:54:00,2017-07-03 19:54:59,2017-07-03,Monday,359,132,52.93333333333333,27448.966666666667,17627777.166666668,35664882.50967594,0.5,518.5573047858942,91.59901211500056,0.9012567324955116,12,54,0.553030303030303,0.01700251889168766,0,BENIGN,BENIGN
20170703_1955,2017-07-03 19:55:00,2017-07-03 19:55:59,2017-07-03,Monday,360,139,58.916666666666664,38115.333333333336,19323163.575539567,38212791.66558511,0.5755395683453237,646.936350777935,90.40028431609352,0.7759919638372677,8,49,0.48201438848920863,0.009618104667609617,0,BENIGN,BENIGN
20170703_1956,2017-07-03 19:56:00,2017-07-03 19:56:59,2017-07-03,Monday,361,83,21.433333333333334,2871.383333333333,14434320.373493975,33560899.88467249,0.6265060240963856,133.96811819595646,149.76978051667763,1.2618629173989455,12,25,0.4578313253012048,0.05443234836702955,0,BENIGN,BENIGN
20170703_1957,2017-07-03 19:57:00,2017-07-03 19:57:59,2017-07-03,Monday,362,1007,360.15,220884.88333333333,19743879.277060576,38790202.30559159,0.6881827209533267,613.3135730482669,189.9306800472287,0.8162716422928223,10,110,0.3128103277060576,0.02906196492202323,0,BENIGN,BENIGN
20170703_1958,2017-07-03 19:58:00,2017-07-03 19:58:59,2017-07-03,Monday,363,1293,365.4,148734.4,15805888.890951276,32881998.724286124,0.7177107501933488,407.04542966611933,150.15363459744722,0.9619686800894854,13,105,0.3031709203402939,0.03603357051632914,0,BENIGN,BENIGN
20170703_1959,2017-07-03 19:59:00,2017-07-03 19:59:59,2017-07-03,Monday,364,1159,280.0833333333333,101211.98333333334,14735781.114754098,34243751.7485837,0.722174288179465,361.3638202915799,168.078737984318,1.0160748560460653,11,160,0.31492666091458155,0.04201130615888129,0,BENIGN,BENIGN
20170703_2000,2017-07-03 20:00:00,2017-07-03 20:00:59,2017-07-03,Monday,365,564,110.35,19473.533333333333,17861822.29964539,35769052.586271144,0.700354609929078,176.470623772844,124.24569268628278,1.1416558861578268,10,79,0.29609929078014185,0.03836278507778281,0,BENIGN,BENIGN
20170703_2001,2017-07-03 20:01:00,2017-07-03 20:01:59,2017-07-03,Monday,366,1179,314.7,120821.51666666666,20251203.659881257,40185667.44824561,0.6743002544529262,383.92601419341173,175.02061816134244,0.9661599333610995,14,159,0.35284139100932993,0.03908484270734033,0,BENIGN,BENIGN
20170703_2002,2017-07-03 20:02:00,2017-07-03 20:02:59,2017-07-03,Monday,367,429,111.11666666666666,38220.48333333333,14394272.909090908,28085132.754676934,0.6433566433566433,343.9671516424179,158.26267231967591,0.9839333531686998,13,78,0.38694638694638694,0.041247937603119844,0,BENIGN,BENIGN
20170703_2003,2017-07-03 20:03:00,2017-07-03 20:03:59,2017-07-03,Monday,368,149,26.1,3949.5333333333333,8748413.771812081,22802012.689346705,0.6711409395973155,151.32311621966795,137.56044930617423,1.388719512195122,11,34,0.35570469798657717,0.05874840357598978,0,BENIGN,BENIGN
20170703_2004,2017-07-03 20:04:00,2017-07-03 20:04:59,2017-07-03,Monday,369,875,349.98333333333335,254172.78333333333,19004613.272,39919756.708722465,0.6742857142857143,726.2425353588266,170.35910623271369,0.779811848461734,10,126,0.336,0.027239392352016764,0,BENIGN,BENIGN
20170703_2005,2017-07-03 20:05:00,2017-07-03 20:05:59,2017-07-03,Monday,370,115,24.333333333333332,4104.15,15790007.034782609,38689013.27976302,0.8173913043478261,168.663698630137,132.15793157478348,1.154867256637168,14,25,0.2782608695652174,0.052054794520547946,0,BENIGN,BENIGN
20170703_2006,2017-07-03 20:06:00,2017-07-03 20:06:59,2017-07-03,Monday,371,211,203.83333333333334,217124.11666666667,15865253.800947867,28171963.692112513,0.5639810426540285,1065.2041700735895,234.1366287460544,0.614440337909187,10,38,0.4075829383886256,0.01627146361406378,0,BENIGN,BENIGN
20170703_2007,2017-07-03 20:07:00,2017-07-03 20:07:59,2017-07-03,Monday,372,1182,332.05,130978.9,16886016.16243655,36899665.13777456,0.6641285956006768,394.45535310947145,200.24441265532448,0.9637295485905776,10,161,0.40524534686971236,0.04602720473824223,0,BENIGN,BENIGN
20170703_2008,2017-07-03 20:08:00,2017-07-03 20:08:59,2017-07-03,Monday,373,574,220.46666666666667,155808.78333333333,7991845.980836237,25402202.559400816,0.8048780487804879,706.7226338070759,129.67559742476067,0.8572230801628528,12,47,0.25435540069686413,0.02388872089507106,0,BENIGN,BENIGN
20170703_2009,2017-07-03 20:09:00,2017-07-03 20:09:59,2017-07-03,Monday,374,887,346.1166666666667,218616.85,19722061.417136416,39608660.75590801,0.7204058624577226,631.6276303751143,178.60182472480727,0.7646359078936188,10,127,0.32919954904171367,0.02581017961188424,0,BENIGN,BENIGN
20170703_2010,2017-07-03 20:10:00,2017-07-03 20:10:59,2017-07-03,Monday,375,821,159.5,40530.333333333336,14383884.412911084,32584803.809275012,0.6723507917174177,254.10867293625915,140.83873210751523,0.9981210855949896,13,136,0.37880633373934225,0.06290491118077325,0,BENIGN,BENIGN
20170703_2011,2017-07-03 20:11:00,2017-07-03 20:11:59,2017-07-03,Monday,376,167,63.81666666666667,35665.2,13161737.694610778,33229236.032217506,0.7305389221556886,558.8696787673022,137.7647376934651,0.7905563347358578,13,37,0.3772455089820359,0.030295116218333768,0,BENIGN,BENIGN
20170703_2012,2017-07-03 20:12:00,2017-07-03 20:12:59,2017-07-03,Monday,377,828,210.73333333333332,81457.85,14096405.853864735,33836173.39877332,0.7077294685990339,386.54468522619425,156.91890285907465,0.9109868520477558,13,125,0.36835748792270534,0.044447959506485286,0,BENIGN,BENIGN
20170703_2013,2017-07-03 20:13:00,2017-07-03 20:13:59,2017-07-03,Monday,378,259,106.03333333333333,89626.83333333333,10974837.42084942,28675733.46939298,0.7915057915057915,845.2703552342031,157.30046811028603,0.6617915904936015,11,39,0.23552123552123552,0.017918893429739076,0,BENIGN,BENIGN
20170703_2014,2017-07-03 20:14:00,2017-07-03 20:14:59,2017-07-03,Monday,379,515,158.25,89679.25,13527680.67184466,32294239.910408452,0.7106796116504854,566.6935229067931,161.08959219939248,0.9474979491386383,13,75,0.37281553398058254,0.038441284886782515,0,BENIGN,BENIGN
20170703_2015,2017-07-03 20:15:00,2017-07-03 20:15:59,2017-07-03,Monday,380,1733,456.45,167663.93333333332,20007726.30986728,40344080.633214355,0.6814772071552222,367.3215759301859,188.8225829627546,1.015008828722778,11,264,0.34160415464512406,0.042173293898565015,0,BENIGN,BENIGN
20170703_2016,2017-07-03 20:16:00,2017-07-03 20:16:59,2017-07-03,Monday,381,391,114.53333333333333,41122.28333333333,22131165.337595906,40863891.368544504,0.6317135549872123,359.0420547147846,232.20305653237475,1.016725352112676,9,93,0.5166240409207161,0.05893480791618161,0,BENIGN,BENIGN
20170703_2017,2017-07-03 20:17:00,2017-07-03 20:17:59,2017-07-03,Monday,382,122,45.083333333333336,20965.633333333335,13769681.918032788,31451444.02180269,0.5655737704918032,465.0417744916821,76.06381988899264,1.0407239819004526,11,49,0.6721311475409836,0.016266173752310535,0,BENIGN,BENIGN
20170703_2018,2017-07-03 20:18:00,2017-07-03 20:18:59,2017-07-03,Monday,383,1377,401.95,174977.93333333332,18147568.425562818,37165099.02539136,0.6768336964415396,435.3226354853423,197.8629705812075,0.9393695722097137,16,192,0.36310820624546114,0.040718165609321226,0,BENIGN,BENIGN
20170703_2019,2017-07-03 20:19:00,2017-07-03 20:19:59,2017-07-03,Monday,384,1225,369.45,208372.1,19389212.036734693,39493503.29214621,0.6742857142857143,564.0062254702937,158.86234569617693,0.9759336839290489,11,163,0.34938775510204084,0.03820995173004917,0,BENIGN,BENIGN
20170703_2020,2017-07-03 20:20:00,2017-07-03 20:20:59,2017-07-03,Monday,385,494,222.8,111066.58333333333,28583412.949392714,46284232.18892471,0.6032388663967612,498.50351585876723,244.61108035479643,0.8949681077250177,12,114,0.4352226720647773,0.03201675643327349,0,BENIGN,BENIGN
20170703_2021,2017-07-03 20:21:00,2017-07-03 20:21:59,2017-07-03,Monday,386,1303,345.75,132890.76666666666,19803417.899462778,38936788.633982584,0.6254796623177283,384.35507351168957,192.28821761019637,0.9957671957671957,17,210,0.38756715272448194,0.0460351892022174,0,BENIGN,BENIGN
20170703_2022,2017-07-03 20:22:00,2017-07-03 20:22:59,2017-07-03,Monday,387,598,149.28333333333333,57071.73333333333,19766286.269230768,39991614.17195177,0.6722408026755853,382.30478955007254,152.64826887051206,1.0335981838819523,6,107,0.3494983277591973,0.04220163001004801,0,BENIGN,BENIGN
20170703_2023,2017-07-03 20:23:00,2017-07-03 20:23:59,2017-07-03,Monday,388,314,79.65,41293.78333333333,13796621.751592357,34891295.82713016,0.7707006369426752,518.4404687173048,112.34378815952547,0.8990862137465236,15,53,0.34076433121019106,0.032642812303829254,0,BENIGN,BENIGN
20170703_2024,2017-07-03 20:24:00,2017-07-03 20:24:59,2017-07-03,Monday,389,862,242.95,107682.53333333334,16965877.09860789,35560119.36679111,0.6183294663573086,443.2291966797009,232.81272741142166,0.9573039742212675,9,124,0.41067285382830626,0.04589421691706112,0,BENIGN,BENIGN
20170703_2025,2017-07-03 20:25:00,2017-07-03 20:25:59,2017-07-03,Monday,390,368,218.63333333333333,173973.66666666666,16530700.524456521,34196342.264932975,0.6222826086956522,795.7325811861564,177.27867046092268,0.6842983694954423,11,75,0.3967391304347826,0.019743863393810034,0,BENIGN,BENIGN
20170703_2026,2017-07-03 20:26:00,2017-07-03 20:26:59,2017-07-03,Monday,391,387,106.21666666666667,41407.416666666664,17912088.439276487,37370143.451614924,0.661498708010336,389.8391652283069,189.51705080272166,0.9801180490835664,12,60,0.3462532299741602,0.040169464930174176,0,BENIGN,BENIGN
20170703_2027,2017-07-03 20:27:00,2017-07-03 20:27:59,2017-07-03,Monday,392,576,145.38333333333333,98650.5,5658220.907986111,14992369.495658297,0.6979166666666666,678.5543964232489,165.72822915229204,0.9390975772393866,8,87,0.3142361111111111,0.03622606901295426,0,BENIGN,BENIGN
20170703_2028,2017-07-03 20:28:00,2017-07-03 20:28:59,2017-07-03,Monday,393,902,321.85,142495.5,25394446.001108646,44735443.623840965,0.6208425720620843,442.7388535031847,218.4117609376067,0.9570328334008917,13,158,0.4090909090909091,0.03754336906426389,0,BENIGN,BENIGN
20170703_2029,2017-07-03 20:29:00,2017-07-03 20:29:59,2017-07-03,Monday,394,566,315.5833333333333,231362.11666666667,16208728.272084806,36759501.73368826,0.6713780918727915,733.1252706627938,224.12788727249009,0.7914853358561967,18,81,0.3869257950530035,0.024240823871138104,0,BENIGN,BENIGN
20170703_2030,2017-07-03 20:30:00,2017-07-03 20:30:59,2017-07-03,Monday,395,510,128.68333333333334,55075.416666666664,14581706.364705883,33269440.18333189,0.6764705882352942,427.9918404351768,193.84770296221382,0.9866220735785953,16,81,0.37450980392156863,0.04921642274316798,0,BENIGN,BENIGN
20170703_2031,2017-07-03 20:31:00,2017-07-03 20:31:59,2017-07-03,Monday,396,1159,263.4,119810.06666666667,9926463.951682486,25114414.575884644,0.6626402070750647,454.85978233358645,217.5157923389724,0.9888008053353466,5,186,0.36065573770491804,0.05005062009617818,0,BENIGN,BENIGN
20170703_2032,2017-07-03 20:32:00,2017-07-03 20:32:59,2017-07-03,Monday,397,153,45.21666666666667,14251.416666666666,12971269.653594771,28592048.8041869,0.5686274509803921,315.18061186878,212.25629841708675,1.331615120274914,12,46,0.5294117647058824,0.049391817176557315,0,BENIGN,BENIGN
20170703_2033,2017-07-03 20:33:00,2017-07-03 20:33:59,2017-07-03,Monday,398,152,127.6,107835.75,18746666.79605263,37025576.91980531,0.625,845.1077586206897,210.18383883028656,0.9296875,14,46,0.48026315789473684,0.01567398119122257,0,BENIGN,BENIGN
20170703_2034,2017-07-03 20:34:00,2017-07-03 20:34:59,2017-07-03,Monday,399,594,804.1666666666666,792347.3666666667,20603771.291245792,42091483.54083034,0.6835016835016835,985.3024248704663,207.1638230662043,0.9968134414831982,11,91,0.4057239057239057,0.009595854922279793,0,BENIGN,BENIGN
20170703_2035,2017-07-03 20:35:00,2017-07-03 20:35:59,2017-07-03,Monday,400,255,690.9166666666666,754080.8,17662651.37647059,39032387.353600204,0.6705882352941176,1091.4207695091063,195.63091413489087,0.9634365823624136,11,56,0.33725490196078434,0.004173199855264745,0,BENIGN,BENIGN
20170703_2036,2017-07-03 20:36:00,2017-07-03 20:36:59,2017-07-03,Monday,401,240,341.45,344049.73333333334,17183216.2375,34964982.03813756,0.6333333333333333,1007.6138038756285,173.41750825031775,1.0367829804155482,9,57,0.4125,0.008200322155513253,0,BENIGN,BENIGN
20170703_2037,2017-07-03 20:37:00,2017-07-03 20:37:59,2017-07-03,Monday,402,507,139.96666666666667,69571.85,13596028.871794872,32544456.54293987,0.6429980276134122,497.0601333650869,166.71407609164902,0.8689363595905651,10,92,0.388560157790927,0.038461538461538464,0,BENIGN,BENIGN
20170703_2038,2017-07-03 20:38:00,2017-07-03 20:38:59,2017-07-03,Monday,403,252,72.51666666666667,30629.666666666668,18809632.17857143,40788517.075862,0.7222222222222222,422.38106182486786,183.01398970940997,0.9070990359333918,16,28,0.3531746031746032,0.04665594116295105,0,BENIGN,BENIGN
20170703_2039,2017-07-03 20:39:00,2017-07-03 20:39:59,2017-07-03,Monday,404,82,22.466666666666665,2138.2166666666667,8399188.512195121,24542833.431664094,0.6341463414634146,95.17284866468843,98.75393167052529,1.443840579710145,11,26,0.5609756097560976,0.05637982195845697,0,BENIGN,BENIGN
20170703_2040,2017-07-03 20:40:00,2017-07-03 20:40:59,2017-07-03,Monday,405,284,119.0,60733.48333333333,22031506.82746479,41333445.94626244,0.6091549295774648,510.365406162465,227.08300173642616,0.8601198228705392,10,55,0.397887323943662,0.028991596638655463,0,BENIGN,BENIGN
20170703_2041,2017-07-03 20:41:00,2017-07-03 20:41:59,2017-07-03,Monday,406,826,168.03333333333333,66126.23333333334,15354000.668280872,36829704.39418254,0.7469733656174334,393.5304503074787,133.48380301556435,1.061120196238757,16,111,0.2639225181598063,0.043840507835746875,0,BENIGN,BENIGN
20170703_2042,2017-07-03 20:42:00,2017-07-03 20:42:59,2017-07-03,Monday,407,655,137.15,33084.71666666667,14738212.413740458,34528431.67213869,0.6916030534351145,241.23016162352656,147.76260185338967,1.0285925560759182,15,86,0.3603053435114504,0.05918094543686961,0,BENIGN,BENIGN
20170703_2043,2017-07-03 20:43:00,2017-07-03 20:43:59,2017-07-03,Monday,408,324,62.85,23070.2,8270670.898148148,27764593.276372645,0.8271604938271605,367.0676213206046,109.06169226963873,1.1346915676287492,10,31,0.18209876543209877,0.031291434632723415,0,BENIGN,BENIGN
20170703_2044,2017-07-03 20:44:00,2017-07-03 20:44:59,2017-07-03,Monday,409,77,13.7,987.1333333333333,12514762.233766234,21636284.895741235,0.3246753246753247,72.05352798053528,69.5052641238646,1.3786127167630058,7,36,0.7142857142857143,0.06569343065693431,0,BENIGN,BENIGN
20170703_2045,2017-07-03 20:45:00,2017-07-03 20:45:59,2017-07-03,Monday,410,340,162.66666666666666,109128.21666666666,20940899.644117646,40513831.57766281,0.6264705882352941,670.8701844262295,219.69651236894762,0.8183681073025335,15,54,0.4,0.025,0,BENIGN,BENIGN
20170703_2046,2017-07-03 20:46:00,2017-07-03 20:46:59,2017-07-03,Monday,411,762,190.03333333333333,81676.1,16712440.326771654,37051980.73315297,0.7191601049868767,429.7988072268023,181.72983510061442,0.96875,14,120,0.3083989501312336,0.04323802841606736,0,BENIGN,BENIGN
20170703_2047,2017-07-03 20:47:00,2017-07-03 20:47:59,2017-07-03,Monday,412,560,166.11666666666667,72049.5,17951248.164285716,39052020.48147779,0.7107142857142857,433.728303401224,169.82741833550847,0.9738613861386138,15,76,0.31607142857142856,0.036520517708437845,0,BENIGN,BENIGN
20170703_2048,2017-07-03 20:48:00,2017-07-03 20:48:59,2017-07-03,Monday,413,345,116.45,68017.76666666666,13696674.47536232,33458386.628556084,0.7188405797101449,584.0941748962358,150.50053197796103,0.8283621140763998,11,52,0.34492753623188405,0.0324889079719479,0,BENIGN,BENIGN
20170703_2049,2017-07-03 20:49:00,2017-07-03 20:49:59,2017-07-03,Monday,414,1319,394.6333333333333,174031.85,21844356.80591357,41606688.30171152,0.6322971948445792,440.99632570318437,192.09533783082975,0.969311377245509,14,223,0.3957543593631539,0.04261339640172312,0,BENIGN,BENIGN
20170703_2050,2017-07-03 20:50:00,2017-07-03 20:50:59,2017-07-03,Monday,415,579,196.56666666666666,110481.26666666666,14956919.26597582,33578168.441645466,0.6355785837651122,562.0549431914533,205.39835474159995,0.8914368184733804,12,97,0.4006908462867012,0.036035272172290994,0,BENIGN,BENIGN
20170703_2051,2017-07-03 20:51:00,2017-07-03 20:51:59,2017-07-03,Monday,416,176,47.56666666666667,18042.85,13715697.931818182,32849132.492562003,0.5965909090909091,379.31709880868954,209.64417598342314,1.119524870081663,11,39,0.4375,0.04414856341976174,0,BENIGN,BENIGN
20170703_2052,2017-07-03 20:52:00,2017-07-03 20:52:59,2017-07-03,Monday,417,665,235.0,128478.15,21864247.936842106,41320019.19541308,0.6120300751879699,546.7155319148936,192.31670332906864,0.9334978746743453,8,105,0.4030075187969925,0.030567375886524823,0,BENIGN,BENIGN
20170703_2053,2017-07-03 20:53:00,2017-07-03 20:53:59,2017-07-03,Monday,418,294,109.0,59071.683333333334,20416738.86734694,41243828.558212824,0.6258503401360545,541.9420489296637,176.89130950507388,0.9357798165137615,11,56,0.36394557823129253,0.02996941896024465,0,BENIGN,BENIGN
20170703_2054,2017-07-03 20:54:00,2017-07-03 20:54:59,2017-07-03,Monday,419,1259,343.15,145988.16666666666,16143644.768069897,36216466.2020162,0.7124702144559174,425.4354266841517,166.22353301255887,0.9355141943974431,16,132,0.30262112787926926,0.03681577541405605,0,BENIGN,BENIGN
20170703_2055,2017-07-03 20:55:00,2017-07-03 20:55:59,2017-07-03,Monday,420,535,112.5,38346.38333333333,13574855.755140187,34324062.30246281,0.7214953271028037,340.85674074074075,150.7246806860779,1.0734029484029484,12,72,0.27102803738317754,0.04088888888888889,0,BENIGN,BENIGN
20170703_2056,2017-07-03 20:56:00,2017-07-03 20:56:59,2017-07-03,Monday,421,471,113.81666666666666,37198.316666666666,17426901.280254778,36264506.14518446,0.70276008492569,326.8266217601406,154.08259871161417,0.9751301330248698,12,75,0.29936305732484075,0.027529652950651632,0,BENIGN,BENIGN
20170703_2057,2017-07-03 20:57:00,2017-07-03 20:57:59,2017-07-03,Monday,422,1007,195.83333333333334,66958.38333333333,12097875.901688183,29399796.28549807,0.7130089374379345,341.9151489361702,163.88812137853344,0.9680120582816949,12,118,0.28897715988083417,0.04672340425531915,0,BENIGN,BENIGN
20170703_2058,2017-07-03 20:58:00,2017-07-03 20:58:59,2017-07-03,Monday,423,1249,312.4,132152.88333333333,14264993.554043235,33914882.3657859,0.7365892714171337,423.02459453691847,167.65566790529357,0.8761885697127415,6,151,0.3050440352281825,0.03798548868971404,0,BENIGN,BENIGN
20170703_2059,2017-07-03 20:59:00,2017-07-03 20:59:59,2017-07-03,Monday,424,633,146.48333333333332,52822.45,13258756.205371248,33528666.915653817,0.731437598736177,360.6038229605188,177.6441018422181,0.9695272238404661,16,82,0.31911532385466035,0.04380475594493116,0,BENIGN,BENIGN
20170703_2100,2017-07-03 21:00:00,2017-07-03 21:00:59,2017-07-03,Monday,425,574,101.58333333333333,19634.8,10645344.043554006,22568458.842320416,0.6759581881533101,193.2876127973749,146.20759900233557,1.0762942779291553,13,96,0.3048780487804878,0.0475799835931091,0,BENIGN,BENIGN
20170703_2101,2017-07-03 21:01:00,2017-07-03 21:01:59,2017-07-03,Monday,426,1985,500.3333333333333,182364.98333333334,16741257.646851385,36078532.05752569,0.6952141057934509,364.4869753497668,179.3183111553448,0.9527123715363601,14,258,0.32544080604534004,0.04263824117255163,0,BENIGN,BENIGN
20170703_2102,2017-07-03 21:02:00,2017-07-03 21:02:59,2017-07-03,Monday,427,438,117.38333333333334,50097.38333333333,9337256.856164383,26685339.79673186,0.726027397260274,426.78446684651425,177.65740949374018,0.913090711569799,8,64,0.3698630136986301,0.04458327417293767,0,BENIGN,BENIGN
20170703_2103,2017-07-03 21:03:00,2017-07-03 21:03:59,2017-07-03,Monday,428,448,78.93333333333334,12216.966666666667,13712815.950892856,31432162.148503076,0.7165178571428571,154.77576013513513,146.35530053336498,1.153181818181818,9,88,0.32589285714285715,0.05067567567567568,0,BENIGN,BENIGN
20170703_2104,2017-07-03 21:04:00,2017-07-03 21:04:59,2017-07-03,Monday,429,426,82.1,13480.216666666667,17778411.10093897,35886662.70581694,0.6009389671361502,164.19265123832724,143.71201677833255,1.1227919000430848,11,95,0.4460093896713615,0.05318717011774259,0,BENIGN,BENIGN
20170703_2105,2017-07-03 21:05:00,2017-07-03 21:05:59,2017-07-03,Monday,430,841,222.96666666666667,78642.0,20788589.047562424,40800761.798271514,0.6753864447086801,352.7074301091344,191.71757760451456,1.0213023115274211,15,121,0.36028537455410226,0.04470025414860218,0,BENIGN,BENIGN
20170703_2106,2017-07-03 21:06:00,2017-07-03 21:06:59,2017-07-03,Monday,431,287,103.46666666666667,50261.916666666664,20970468.229965158,39585890.28140014,0.662020905923345,485.7788337628866,200.93315500615532,0.8837985436893204,12,74,0.42857142857142855,0.0351159793814433,0,BENIGN,BENIGN
20170703_2107,2017-07-03 21:07:00,2017-07-03 21:07:59,2017-07-03,Monday,432,714,159.98333333333332,53789.95,12908692.861344539,30902075.62382085,0.7549019607843137,336.2222106469424,133.90637310112263,0.9448946515397083,10,96,0.25210084033613445,0.035524533805604754,0,BENIGN,BENIGN
20170703_2108,2017-07-03 21:08:00,2017-07-03 21:08:59,2017-07-03,Monday,433,928,227.13333333333333,82245.36666666667,17187498.584051725,36915834.44295552,0.6896551724137931,362.1017023774582,171.03867211337558,0.9389671361502347,12,123,0.2941810344827586,0.03867038450249486,0,BENIGN,BENIGN
20170703_2109,2017-07-03 21:09:00,2017-07-03 21:09:59,2017-07-03,Monday,434,972,236.05,101469.8,15440634.312757201,35585011.508567035,0.7304526748971193,429.86570641813177,168.140166873651,0.9666759233546237,15,112,0.2911522633744856,0.04045753018428299,0,BENIGN,BENIGN
20170703_2110,2017-07-03 21:10:00,2017-07-03 21:10:59,2017-07-03,Monday,435,1055,265.85,115585.61666666667,12340285.172511848,30633072.608399805,0.7213270142180095,434.77756880446367,153.23213676042116,0.9143165726629066,7,129,0.2947867298578199,0.033665600902764714,0,BENIGN,BENIGN
20170703_2111,2017-07-03 21:11:00,2017-07-03 21:11:59,2017-07-03,Monday,436,222,49.483333333333334,8404.3,14064466.045045044,32788110.45620884,0.6666666666666666,169.84102391377567,144.6755839121487,1.1521739130434783,14,50,0.38738738738738737,0.048837992590097676,0,BENIGN,BENIGN
20170703_2112,2017-07-03 21:12:00,2017-07-03 21:12:59,2017-07-03,Monday,437,536,116.1,45378.03333333333,13097164.285447761,34527972.90728444,0.7966417910447762,390.85300028710884,102.0518513917229,0.8962983124659771,6,68,0.22574626865671643,0.025409130060292853,0,BENIGN,BENIGN
20170703_2113,2017-07-03 21:13:00,2017-07-03 21:13:59,2017-07-03,Monday,438,302,80.63333333333334,27890.683333333334,15096062.188741721,34469948.45753927,0.7251655629139073,345.8952046300124,141.8496142414562,1.0600255427841634,16,56,0.32781456953642385,0.038032244729226956,0,BENIGN,BENIGN
20170703_2114,2017-07-03 21:14:00,2017-07-03 21:14:59,2017-07-03,Monday,439,228,63.93333333333333,34611.26666666667,8957205.74122807,21292522.935039707,0.6622807017543859,541.3649635036496,188.43162929308727,0.9408194233687405,8,37,0.32894736842105265,0.03597497393117831,0,BENIGN,BENIGN
20170703_2115,2017-07-03 21:15:00,2017-07-03 21:15:59,2017-07-03,Monday,440,1190,222.51666666666668,78708.15,6321968.847899159,16845956.547893237,0.7168067226890756,353.7179986517864,164.8785882810084,0.986018146660717,13,144,0.27983193277310925,0.047037675080518315,0,BENIGN,BENIGN
20170703_2116,2017-07-03 21:16:00,2017-07-03 21:16:59,2017-07-03,Monday,441,89,33.166666666666664,26215.983333333334,10034995.629213484,30171900.33461667,0.8202247191011236,790.4316582914573,82.78625954916711,0.7343205574912892,9,25,0.3146067415730337,0.024623115577889446,0,BENIGN,BENIGN
20170703_2117,2017-07-03 21:17:00,2017-07-03 21:17:59,2017-07-03,Monday,442,1614,298.18333333333334,110965.26666666666,10296281.80111524,28395298.333294787,0.7558859975216853,372.1377228774244,133.574742372233,0.9363636363636364,13,167,0.2527881040892193,0.04734223911463865,0,BENIGN,BENIGN
20170703_2118,2017-07-03 21:18:00,2017-07-03 21:18:59,2017-07-03,Monday,443,502,262.21666666666664,228799.21666666667,24036019.16932271,43687260.425556235,0.6713147410358565,872.5578719888133,213.89435674946,0.7912112932604736,13,71,0.40039840637450197,0.026059874149876056,0,BENIGN,BENIGN
20170703_2119,2017-07-03 21:19:00,2017-07-03 21:19:59,2017-07-03,Monday,444,903,272.3,155160.01666666666,15098499.168327795,33477654.125282764,0.6788482834994463,569.8127677806341,182.21536992030374,0.891087962962963,9,119,0.37763012181616834,0.04113110539845758,0,BENIGN,BENIGN
20170703_2120,2017-07-03 21:20:00,2017-07-03 21:20:59,2017-07-03,Monday,445,527,127.35,34533.73333333333,18146618.889943074,37531093.24699807,0.6337760910815939,271.17183614710115,171.00527871099024,1.0845608292416804,16,87,0.43263757115749524,0.05797670461981416,0,BENIGN,BENIGN
20170703_2121,2017-07-03 21:21:00,2017-07-03 21:21:59,2017-07-03,Monday,446,294,107.33333333333333,54466.51666666667,13210103.336734693,29946772.531696454,0.5510204081632653,507.4520186335404,149.27737118979115,0.833997722095672,13,63,0.48299319727891155,0.03881987577639751,0,BENIGN,BENIGN
20170703_2122,2017-07-03 21:22:00,2017-07-03 21:22:59,2017-07-03,Monday,447,230,91.05,45862.65,14953128.72173913,32605621.034595616,0.5782608695652174,503.70840197693576,141.49294962245037,1.15372487189594,18,54,0.41739130434782606,0.036243822075782535,0,BENIGN,BENIGN
20170703_2123,2017-07-03 21:23:00,2017-07-03 21:23:59,2017-07-03,Monday,448,1391,338.0,137050.7,13766808.455787204,33068457.993414167,0.7045291157440691,405.4754437869822,198.21864239488715,0.979986332129259,8,223,0.35442127965492454,0.0492603550295858,0,BENIGN,BENIGN
20170703_2124,2017-07-03 21:24:00,2017-07-03 21:24:59,2017-07-03,Monday,449,363,67.66666666666667,11447.316666666668,6990093.550964187,21868154.05606435,0.6584022038567493,169.17216748768473,161.80040764972665,1.327220630372493,16,66,0.48760330578512395,0.09655172413793103,0,BENIGN,BENIGN
20170703_2125,2017-07-03 21:25:00,2017-07-03 21:25:59,2017-07-03,Monday,450,457,121.28333333333333,38678.38333333333,12212883.682713348,31110111.244758584,0.700218818380744,318.90930328432046,194.0030946845061,1.107732406602954,17,116,0.5076586433260394,0.06444963583894461,0,BENIGN,BENIGN
20170703_2126,2017-07-03 21:26:00,2017-07-03 21:26:59,2017-07-03,Monday,451,279,75.65,18136.15,7154810.0609319,21121617.83034956,0.6308243727598566,239.73760740251157,214.64144752440808,1.3022312373225151,13,74,0.6308243727598566,0.07799074686054197,0,BENIGN,BENIGN
20170703_2127,2017-07-03 21:27:00,2017-07-03 21:27:59,2017-07-03,Monday,452,633,171.93333333333334,77475.93333333333,4454541.066350711,16381109.344170177,0.7977883096366508,450.61613028305544,226.156257930903,0.9302151543498597,11,111,0.5150078988941548,0.06446297014346646,0,BENIGN,BENIGN
20170703_2128,2017-07-03 21:28:00,2017-07-03 21:28:59,2017-07-03,Monday,453,747,259.06666666666666,143346.85,13077728.115127176,33806409.25938303,0.749665327978581,553.320316520844,209.41314583076084,0.9458004756540243,16,126,0.40562248995983935,0.038921770458054554,0,BENIGN,BENIGN
20170703_2129,2017-07-03 21:29:00,2017-07-03 21:29:59,2017-07-03,Monday,454,501,187.51666666666668,96267.63333333333,11537465.283433134,29412026.83473282,0.7664670658682635,513.3817438449915,237.60444250788711,0.9145822698655777,15,100,0.5169660678642715,0.04666251888721003,0,BENIGN,BENIGN
20170703_2130,2017-07-03 21:30:00,2017-07-03 21:30:59,2017-07-03,Monday,455,1009,345.48333333333335,157363.03333333333,18685124.50445986,37664536.747824214,0.6551040634291377,455.4866129576921,229.22087632709113,0.9763561826675565,12,176,0.44202180376610506,0.04139128756814125,0,BENIGN,BENIGN
20170703_2131,2017-07-03 21:31:00,2017-07-03 21:31:59,2017-07-03,Monday,456,1619,494.8833333333333,272903.35,13553901.138974676,31783216.275912773,0.7158739962940086,551.4498703398108,215.9546573684425,0.8892918495896164,12,213,0.3810994441012971,0.04024517563062001,0,BENIGN,BENIGN
20170703_2132,2017-07-03 21:32:00,2017-07-03 21:32:59,2017-07-03,Monday,457,692,196.38333333333333,71415.28333333334,15759798.050578035,34351072.93565722,0.6994219653179191,363.65246541627766,199.974342729944,0.9828369510348309,10,140,0.4320809248554913,0.04455571586183485,0,BENIGN,BENIGN
20170703_2133,2017-07-03 21:33:00,2017-07-03 21:33:59,2017-07-03,Monday,458,1846,443.3,137718.0,15430965.393824486,33994262.203096755,0.7036836403033586,310.66546356868935,190.06564937160098,1.0691559704395177,14,314,0.3829902491874323,0.051733213023535604,0,BENIGN,BENIGN
20170703_2134,2017-07-03 21:34:00,2017-07-03 21:34:59,2017-07-03,Monday,459,713,199.38333333333333,76888.98333333334,11443217.987377279,29884354.023911316,0.7671809256661991,385.6339546936387,190.63143311671053,1.0308945849601086,9,174,0.5343618513323983,0.05416701496280197,0,BENIGN,BENIGN
20170703_2135,2017-07-03 21:35:00,2017-07-03 21:35:59,2017-07-03,Monday,460,949,182.6,55586.25,12804043.732349843,32412504.07607505,0.743940990516333,304.41538882803945,141.00893330315733,1.0042070605450888,11,143,0.3266596417281349,0.04947060971157357,0,BENIGN,BENIGN
20170703_2136,2017-07-03 21:36:00,2017-07-03 21:36:59,2017-07-03,Monday,461,311,91.45,28604.45,8938433.231511254,22566465.418263596,0.684887459807074,312.78786221979226,227.01418484548265,1.1623325453112687,14,91,0.5594855305466238,0.061053398942956076,0,BENIGN,BENIGN
20170703_2137,2017-07-03 21:37:00,2017-07-03 21:37:59,2017-07-03,Monday,462,1242,330.98333333333335,159936.6,10690750.805958131,30513892.016077187,0.8035426731078905,483.2164761569062,151.27024156344075,0.9461048505634493,10,118,0.2890499194847021,0.035047081927589506,0,BENIGN,BENIGN
20170703_2138,2017-07-03 21:38:00,2017-07-03 21:38:59,2017-07-03,Monday,463,466,85.68333333333334,14048.883333333333,11470851.635193134,27533820.60792142,0.6909871244635193,163.96284769500096,149.05460626703277,1.2279029462738302,8,95,0.4012875536480687,0.060299552616222524,0,BENIGN,BENIGN
20170703_2139,2017-07-03 21:39:00,2017-07-03 21:39:59,2017-07-03,Monday,464,278,58.65,12536.583333333334,9452703.517985612,23041150.862809304,0.7302158273381295,213.7524865018471,178.01270399901267,1.246330567964263,11,80,0.5323741007194245,0.06763285024154589,0,BENIGN,BENIGN
20170703_2140,2017-07-03 21:40:00,2017-07-03 21:40:59,2017-07-03,Monday,465,1244,1078.5,1234649.4666666666,16800068.742765274,38188834.92581734,0.752411575562701,1144.7839282954722,185.50061623005107,0.8518486721611722,15,172,0.3665594855305466,0.013846391593262246,0,BENIGN,BENIGN
20170703_2141,2017-07-03 21:41:00,2017-07-03 21:41:59,2017-07-03,Monday,466,169,35.016666666666666,6812.566666666667,8195422.911242603,24756191.683169454,0.7988165680473372,194.55211803902904,211.95599038453264,1.2577873254564984,9,49,0.4556213017751479,0.06806282722513089,0,BENIGN,BENIGN
20170703_2142,2017-07-03 21:42:00,2017-07-03 21:42:59,2017-07-03,Monday,467,1275,277.05,84598.91666666667,14104601.745882353,31844116.8578372,0.7082352941176471,305.35613306863985,190.6251876902576,1.0900176012069398,10,174,0.37098039215686274,0.053901221199542805,0,BENIGN,BENIGN
20170703_2143,2017-07-03 21:43:00,2017-07-03 21:43:59,2017-07-03,Monday,468,1257,427.4166666666667,236453.5,21917969.946698487,40973524.51552934,0.6587112171837709,553.2154416065509,205.6844887802965,0.8620489363246933,10,192,0.390612569610183,0.03571846363813609,0,BENIGN,BENIGN
20170703_2144,2017-07-03 21:44:00,2017-07-03 21:44:59,2017-07-03,Monday,469,1452,381.6333333333333,191918.81666666668,15613689.113636363,35432542.00611712,0.7258953168044077,502.88798148309894,149.68956476872586,1.05464333781965,9,179,0.3133608815426997,0.03825661629836667,0,BENIGN,BENIGN
20170703_2145,2017-07-03 21:45:00,2017-07-03 21:45:59,2017-07-03,Monday,470,917,303.9,127252.53333333334,17530474.48527808,37752736.59523323,0.7055616139585605,418.7316003071186,234.44201232393647,1.0493369296471118,12,187,0.5179934569247546,0.04848085993199518,0,BENIGN,BENIGN
20170703_2146,2017-07-03 21:46:00,2017-07-03 21:46:59,2017-07-03,Monday,471,1653,435.65,195838.36666666667,16214769.565033272,35377366.85065634,0.6944948578342408,449.5314281342056,157.9874251461528,0.9529323870003735,17,256,0.3514821536600121,0.03810398255480317,0,BENIGN,BENIGN
20170703_2147,2017-07-03 21:47:00,2017-07-03 21:47:59,2017-07-03,Monday,472,209,81.85,38727.23333333333,23987276.411483254,42809010.27010529,0.6124401913875598,473.14884952148236,184.9041281519791,0.9726907630522088,10,48,0.45933014354066987,0.03441254327020973,0,BENIGN,BENIGN
20170703_2148,2017-07-03 21:48:00,2017-07-03 21:48:59,2017-07-03,Monday,473,1629,724.35,520588.73333333334,20180582.64640884,39363844.0927757,0.6844689993861265,718.6977750166816,148.56619938667808,0.8831838467871225,9,216,0.31675874769797424,0.02070822116380203,0,BENIGN,BENIGN
20170703_2149,2017-07-03 21:49:00,2017-07-03 21:49:59,2017-07-03,Monday,474,1806,583.65,335949.0,14402310.861018825,33598216.80662175,0.70874861572536,575.6001028013364,176.06864744955055,0.9451233059320151,14,224,0.3178294573643411,0.03078328907164682,0,BENIGN,BENIGN
20170703_2150,2017-07-03 21:50:00,2017-07-03 21:50:59,2017-07-03,Monday,475,806,184.7,66423.55,18423366.299007446,36666900.60586661,0.6699751861042184,359.6293990254467,181.1872159894293,0.9929868728645928,8,158,0.4106699751861042,0.04773506587258618,0,BENIGN,BENIGN
20170703_2151,2017-07-03 21:51:00,2017-07-03 21:51:59,2017-07-03,Monday,476,603,154.58333333333334,88793.93333333333,18706968.396351576,38743790.20186365,0.6517412935323383,574.4081940700809,119.89040321468018,0.9200993583109087,7,113,0.3466003316749585,0.03040431266846361,0,BENIGN,BENIGN
20170703_2152,2017-07-03 21:52:00,2017-07-03 21:52:59,2017-07-03,Monday,477,670,355.71666666666664,296079.81666666665,19346047.534328356,38423125.21745048,0.6522388059701493,832.3473269924565,157.16508150081626,0.6571428571428571,10,122,0.37910447761194027,0.018694653984913087,0,BENIGN,BENIGN
20170703_2153,2017-07-03 21:53:00,2017-07-03 21:53:59,2017-07-03,Monday,478,1694,453.5833333333333,225838.23333333334,18161763.850059032,37527294.262175724,0.6682408500590319,497.89799742788904,150.24367947584844,0.9044153663144636,7,243,0.3252656434474616,0.03538489803417233,0,BENIGN,BENIGN
20170703_2154,2017-07-03 21:54:00,2017-07-03 21:54:59,2017-07-03,Monday,479,775,305.53333333333336,184533.23333333334,24542561.705806453,44071105.79178569,0.6451612903225806,603.9708706087715,214.88118227403476,0.832383808095952,10,133,0.4012903225806452,0.03158411520837879,0,BENIGN,BENIGN
20170703_2155,2017-07-03 21:55:00,2017-07-03 21:55:59,2017-07-03,Monday,480,853,181.41666666666666,43487.1,21586116.723329425,42717243.95593817,0.6858147713950762,239.70840606339,132.1325733680522,1.0962834585018293,13,129,0.3505275498241501,0.045199816260909506,0,BENIGN,BENIGN
20170703_2156,2017-07-03 21:56:00,2017-07-03 21:56:59,2017-07-03,Monday,481,205,85.45,70019.8,12803841.873170732,32231697.31190203,0.7024390243902439,819.4242246928028,151.42267173599265,0.7341900574907,9,49,0.4975609756097561,0.022625316949483127,0,BENIGN,BENIGN
20170703_2157,2017-07-03 21:57:00,2017-07-03 21:57:59,2017-07-03,Monday,482,980,233.83333333333334,85918.1,13430229.35,32831101.051286332,0.6377551020408163,367.4330719885959,181.0841355765675,1.054920913884007,7,161,0.38979591836734695,0.04932287954383464,0,BENIGN,BENIGN
20170703_2158,2017-07-03 21:58:00,2017-07-03 21:58:59,2017-07-03,Monday,483,318,145.28333333333333,103412.18333333333,24377612.166666668,43467183.56159082,0.6477987421383647,711.7966043363542,188.6922515109331,0.8384647827920708,12,72,0.3867924528301887,0.021681771251577376,0,BENIGN,BENIGN
20170703_2159,2017-07-03 21:59:00,2017-07-03 21:59:59,2017-07-03,Monday,484,330,106.15,63548.71666666667,17237275.5,33800758.71966965,0.706060606060606,598.6690218244622,178.09933401230964,0.8625730994152047,12,57,0.3242424242424242,0.03234416705919296,0,BENIGN,BENIGN
20170703_2200,2017-07-03 22:00:00,2017-07-03 22:00:59,2017-07-03,Monday,485,1430,355.9,199190.31666666668,8681430.71958042,21689693.058741342,0.7517482517482518,559.680575067903,141.62431869974515,0.858410930293273,15,161,0.25804195804195806,0.03427929193593706,0,BENIGN,BENIGN
20170703_2201,2017-07-03 22:01:00,2017-07-03 22:01:59,2017-07-03,Monday,486,83,16.583333333333332,2965.866666666667,1099122.5180722892,2134659.1446042266,0.7108433734939759,178.8462311557789,163.2400869526903,1.3271028037383177,11,19,0.30120481927710846,0.04824120603015075,0,BENIGN,BENIGN
