window_id,window_start,window_end,date,day_name,window_index,flow_count,packet_rate,byte_rate,mean_flow_duration,std_flow_duration,short_flow_ratio,mean_packet_size,packet_length_variability,fwd_bwd_packet_ratio,unique_dst_ports,unique_dst_ips,tcp_flow_ratio,syn_packet_ratio,is_attack_window,attack_category,attack_categories_present
20170706_1359,2017-07-06 13:59:00,2017-07-06 13:59:59,2017-07-06,Thursday,0,6,5.9,846.7166666666667,67809470.66666667,56749496.66235336,0.3333333333333333,143.51129943502823,170.5016256874127,3.6710526315789473,5,4,0.5,0.005649717514124294,0,BENIGN,BENIGN
20170706_1400,2017-07-06 14:00:00,2017-07-06 14:00:59,2017-07-06,Thursday,1,230,41.53333333333333,5691.75,7951867.317391304,25180542.96921009,0.8782608695652174,137.04052969502408,75.26215049971954,2.159695817490494,10,18,0.06956521739130435,0.025682182985553772,0,BENIGN,BENIGN
20170706_1401,2017-07-06 14:01:00,2017-07-06 14:01:59,2017-07-06,Thursday,2,425,272.98333333333335,183665.05,13165057.152941177,29771249.87539001,0.7458823529411764,672.8068258135418,196.44082715674017,1.055980921300364,25,53,0.35294117647058826,0.03089321692411014,0,BENIGN,BENIGN
20170706_1402,2017-07-06 14:02:00,2017-07-06 14:02:59,2017-07-06,Thursday,3,160,22.7,4924.583333333333,4884837.70625,18915650.056226727,0.9125,216.94199706314242,140.76563439417214,1.1296875,12,10,0.1625,0.05873715124816446,0,BENIGN,BENIGN
20170706_1403,2017-07-06 14:03:00,2017-07-06 14:03:59,2017-07-06,Thursday,4,469,187.03333333333333,122316.46666666666,21348384.618336886,38501322.501420096,0.6716417910447762,653.9821778649082,200.3674952340905,0.8951367781155015,13,89,0.3411513859275053,0.03109962573516307,0,BENIGN,BENIGN
20170706_1404,2017-07-06 14:04:00,2017-07-06 14:04:59,2017-07-06,Thursday,5,431,213.86666666666667,132703.1,15461500.141531322,34739426.33156115,0.777262180974478,620.4945448877805,134.1719608338336,1.1359853528628496,15,63,0.20417633410672853,0.016599127182044888,0,BENIGN,BENIGN
20170706_1405,2017-07-06 14:05:00,2017-07-06 14:05:59,2017-07-06,Thursday,6,441,554.3833333333333,562245.2166666667,18849956.893424038,34559013.7264581,0.655328798185941,1014.1813125695217,189.09679479046397,0.8324243926623699,20,80,0.3356009070294785,0.009860806301295735,0,BENIGN,BENIGN
20170706_1406,2017-07-06 14:06:00,2017-07-06 14:06:59,2017-07-06,Thursday,7,329,237.28333333333333,196558.56666666668,29905417.936170213,43560867.391956106,0.541033434650456,828.3707241694177,263.60485598196146,0.9222357229647631,16,88,0.44072948328267475,0.019034909039825805,0,BENIGN,BENIGN
20170706_1407,2017-07-06 14:07:00,2017-07-06 14:07:59,2017-07-06,Thursday,8,286,140.31666666666666,96919.88333333333,32271712.307692308,43456934.50555586,0.5244755244755245,690.7225323672645,161.39935362063136,0.9613324015839739,12,67,0.32167832167832167,0.018291958664924574,0,BENIGN,BENIGN
20170706_1408,2017-07-06 14:08:00,2017-07-06 14:08:59,2017-07-06,Thursday,9,1653,349.56666666666666,118468.3,17055196.043557167,37125490.02719514,0.6944948578342408,338.90044817392965,141.33900737858522,0.9999046529366895,17,185,0.2970356926799758,0.04891770763802804,0,BENIGN,BENIGN
20170706_1409,2017-07-06 14:09:00,2017-07-06 14:09:59,2017-07-06,Thursday,10,397,6876.216666666666,8572923.416666666,25052137.569269523,40619739.66174503,0.6171284634760705,1246.7500418107825,184.9015593398245,0.7561197778108839,15,81,0.27455919395465994,0.0005380865931604831,0,BENIGN,BENIGN
20170706_1410,2017-07-06 14:10:00,2017-07-06 14:10:59,2017-07-06,Thursday,11,884,369.81666666666666,278087.75,21155986.984162897,41141815.40096767,0.6719457013574661,751.9611068547479,121.77557966600271,0.8803491229556817,17,138,0.31108597285067874,0.020685925458560548,0,BENIGN,BENIGN
20170706_1411,2017-07-06 14:11:00,2017-07-06 14:11:59,2017-07-06,Thursday,12,699,8192.383333333333,10301745.733333332,19493959.60658083,37885166.04399793,0.703862660944206,1257.4784789936994,157.11960502510019,0.7535728300809817,18,133,0.25178826895565093,0.0007059402737908993,0,BENIGN,BENIGN
20170706_1412,2017-07-06 14:12:00,2017-07-06 14:12:59,2017-07-06,Thursday,13,900,209.95,97435.8,18672925.23888889,39138206.53182772,0.7233333333333334,464.0904977375566,111.02272728984524,0.9134264884568651,19,119,0.2833333333333333,0.03627847900293721,0,BENIGN,BENIGN
20170706_1413,2017-07-06 14:13:00,2017-07-06 14:13:59,2017-07-06,Thursday,14,341,8007.733333333334,9947718.616666667,19685966.184750732,38126623.41892722,0.6920821114369502,1242.2639719104866,160.56352666681082,0.7436518103726715,14,64,0.30498533724340177,0.0004516467414832329,0,BENIGN,BENIGN
20170706_1414,2017-07-06 14:14:00,2017-07-06 14:14:59,2017-07-06,Thursday,15,1905,526.9333333333333,294213.2833333333,16796731.844619423,36751070.72562648,0.7191601049868767,558.3501075404859,138.6553581188067,0.9781642995682913,12,236,0.2692913385826772,0.03197747975708502,0,BENIGN,BENIGN
20170706_1415,2017-07-06 14:15:00,2017-07-06 14:15:59,2017-07-06,Thursday,16,536,7955.633333333333,9793710.216666667,16592071.776119404,35411980.96394531,0.6194029850746269,1231.040924879226,222.11887626437328,0.7428637150305606,11,101,0.44216417910447764,0.0009469181167223225,1,Brute Force,Brute Force
20170706_1416,2017-07-06 14:16:00,2017-07-06 14:16:59,2017-07-06,Thursday,17,768,115.75,17620.433333333334,17697841.626302082,36734638.88838706,0.69140625,152.22836573074153,93.92445113859965,1.0978556327393536,10,121,0.2682291666666667,0.052699784017278616,1,Brute Force,Brute Force
20170706_1417,2017-07-06 14:17:00,2017-07-06 14:17:59,2017-07-06,Thursday,18,658,7011.483333333334,8557758.683333334,18367798.537993923,38451493.9817353,0.6960486322188449,1220.5346966523964,161.88965141255264,0.7353265106609412,17,119,0.2917933130699088,0.0008081979799804606,0,BENIGN,BENIGN
20170706_1418,2017-07-06 14:18:00,2017-07-06 14:18:59,2017-07-06,Thursday,19,1083,1014.9,1008819.7333333333,22463838.76823638,40745839.217916705,0.6241920590951062,994.008999244589,156.43847181254444,0.6844157999557424,9,190,0.3425669436749769,0.011281899694551187,1,Brute Force,Brute Force
20170706_1419,2017-07-06 14:19:00,2017-07-06 14:19:59,2017-07-06,Thursday,20,475,4423.633333333333,5378361.616666666,19388289.43157895,35514187.055362016,0.6126315789473684,1215.8244617923426,203.5330347488131,0.7509813105691271,16,91,0.40842105263157896,0.0014543098056650264,1,Brute Force,Brute Force
20170706_1420,2017-07-06 14:20:00,2017-07-06 14:20:59,2017-07-06,Thursday,21,1114,325.48333333333335,166095.85,19215619.05475763,37961682.84845406,0.699281867145422,510.30523836345947,159.85243818721693,1.0123647604327666,11,187,0.34470377019748655,0.03640739413180399,0,BENIGN,BENIGN
20170706_1421,2017-07-06 14:21:00,2017-07-06 14:21:59,2017-07-06,Thursday,22,630,196.71666666666667,111079.3,17038920.776190475,36266812.18951194,0.6873015873015873,564.6664407354062,135.46466538874654,0.8677215189873417,12,102,0.27936507936507937,0.027111751249682285,1,Brute Force,Brute Force
20170706_1422,2017-07-06 14:22:00,2017-07-06 14:22:59,2017-07-06,Thursday,23,221,47.416666666666664,8144.516666666666,22077287.380090497,32494278.666201636,0.2579185520361991,171.76485061511423,73.11376539543019,1.2951612903225806,11,80,0.5746606334841629,0.06572934973637962,1,Brute Force,Brute Force
20170706_1423,2017-07-06 14:23:00,2017-07-06 14:23:59,2017-07-06,Thursday,24,1531,323.3333333333333,113932.71666666666,15575456.454604834,35706481.494839415,0.7152188112344873,352.3692268041237,131.87966564997973,1.0257909575023494,17,187,0.3122142390594383,0.04706185567010309,1,Brute Force,Brute Force
20170706_1424,2017-07-06 14:24:00,2017-07-06 14:24:59,2017-07-06,Thursday,25,231,57.2,15113.1,24720292.54978355,37819847.0794304,0.4199134199134199,264.215034965035,113.96674525192162,1.2750165672630882,9,64,0.44155844155844154,0.0574009324009324,1,Brute Force,Brute Force
20170706_1425,2017-07-06 14:25:00,2017-07-06 14:25:59,2017-07-06,Thursday,26,1440,259.46666666666664,65542.43333333333,14400218.977777777,35164956.06764734,0.7548611111111111,252.60444501541625,93.54863536557501,1.1318636176913597,13,149,0.24305555555555555,0.041688078108941415,1,Brute Force,Brute Force
20170706_1426,2017-07-06 14:26:00,2017-07-06 14:26:59,2017-07-06,Thursday,27,267,63.43333333333333,18127.766666666666,18303047.644194756,33300985.57601128,0.47191011235955055,285.77666841828693,87.45959992961782,1.2539964476021315,16,83,0.4606741573033708,0.03862322648449816,1,Brute Force,Brute Force
20170706_1427,2017-07-06 14:27:00,2017-07-06 14:27:59,2017-07-06,Thursday,28,657,109.16666666666667,15778.1,20952711.741248097,40949927.94275828,0.6331811263318112,144.53221374045802,78.34193466904931,1.262085635359116,16,94,0.2907153729071537,0.051908396946564885,1,Brute Force,Brute Force
20170706_1428,2017-07-06 14:28:00,2017-07-06 14:28:59,2017-07-06,Thursday,29,256,57.016666666666666,15935.85,18838022.95703125,30831986.772525966,0.484375,279.49459222449576,94.74411883859992,1.1508485229415462,20,45,0.35546875,0.049693072201110786,1,Brute Force,Brute Force
20170706_1429,2017-07-06 14:29:00,2017-07-06 14:29:59,2017-07-06,Thursday,30,1941,639.2166666666667,369564.73333333334,19259670.126738794,36345433.72464236,0.6609994848016486,578.1525304409042,142.1970836354162,0.8785325953861978,25,252,0.2946934569809377,0.02969780721195213,1,Brute Force,Brute Force
20170706_1430,2017-07-06 14:30:00,2017-07-06 14:30:59,2017-07-06,Thursday,31,547,171.1,110666.28333333334,11461920.914076783,24211078.837124508,0.6489945155393053,646.7930060393533,152.82307605307483,0.9634729393765539,22,89,0.3802559414990859,0.03993765828949932,1,Brute Force,Brute Force
20170706_1431,2017-07-06 14:31:00,2017-07-06 14:31:59,2017-07-06,Thursday,32,1439,268.3,70174.2,14486552.975677554,33523469.702793434,0.715079916608756,261.55124860231086,141.8524945828504,1.1182894736842106,20,192,0.31688672689367614,0.05547272953161884,1,Brute Force,Brute Force
20170706_1432,2017-07-06 14:32:00,2017-07-06 14:32:59,2017-07-06,Thursday,33,411,110.56666666666666,42679.25,12340012.510948906,26113599.215760093,0.6496350364963503,386.00467289719626,114.48947569150877,1.0154921020656136,16,71,0.3284671532846715,0.04265902924329213,1,Brute Force,Brute Force
20170706_1433,2017-07-06 14:33:00,2017-07-06 14:33:59,2017-07-06,Thursday,34,875,203.33333333333334,82828.41666666667,18349469.34285714,37055551.2157488,0.6822857142857143,407.35286885245904,117.63560933325549,1.014031033344338,8,119,0.2845714285714286,0.037377049180327866,1,Brute Force,Brute Force
20170706_1434,2017-07-06 14:34:00,2017-07-06 14:34:59,2017-07-06,Thursday,35,507,114.11666666666666,31097.033333333333,12108011.8382643,23555911.366877735,0.6153846153846154,272.50211771578796,135.59977651895986,1.1636650868878358,29,100,0.42209072978303747,0.05710530159193807,1,Brute Force,Brute Force
20170706_1435,2017-07-06 14:35:00,2017-07-06 14:35:59,2017-07-06,Thursday,36,668,197.6,96243.5,9145790.08532934,24802723.57577622,0.6721556886227545,487.06224696356276,159.95506302202583,1.0425495262704565,40,103,0.44461077844311375,0.047908232118758436,1,Brute Force,Brute Force
20170706_1436,2017-07-06 14:36:00,2017-07-06 14:36:59,2017-07-06,Thursday,37,735,191.36666666666667,72602.23333333334,21539409.43945578,40755997.389298044,0.6503401360544218,379.3880856993555,166.72822078977092,0.9963490959666204,11,112,0.3687074829931973,0.0482494338965337,1,Brute Force,Brute Force
20170706_1437,2017-07-06 14:37:00,2017-07-06 14:37:59,2017-07-06,Thursday,38,1800,452.56666666666666,175672.85,19479305.271111112,38616888.446711965,0.63,388.17010385210284,175.82776952632665,0.9841443811193921,11,240,0.3516666666666667,0.047654120939824705,1,Brute Force,Brute Force
20170706_1438,2017-07-06 14:38:00,2017-07-06 14:38:59,2017-07-06,Thursday,39,152,35.11666666666667,6611.983333333334,18759014.04605263,31907072.86386496,0.46710526315789475,188.2861888941623,62.645916043645315,1.5005931198102016,13,48,0.4144736842105263,0.04935927859515899,1,Brute Force,Brute Force
20170706_1439,2017-07-06 14:39:00,2017-07-06 14:39:59,2017-07-06,Thursday,40,2429,803.35,421655.95,16279540.03581721,34417490.12380496,0.6615891313297654,524.8720358498787,200.231663585455,0.908687732636414,8,336,0.3548785508439687,0.035393456567291134,1,Brute Force,Brute Force
20170706_1440,2017-07-06 14:40:00,2017-07-06 14:40:59,2017-07-06,Thursday,41,781,5831.783333333334,10594050.733333332,8794412.307298336,17999569.169787355,0.5966709346991037,1816.6056809380777,238.68575636327205,0.8744636285229093,11,136,0.4353393085787452,0.0019147945025392462,1,Brute Force,Brute Force
20170706_1441,2017-07-06 14:41:00,2017-07-06 14:41:59,2017-07-06,Thursday,42,1556,378.6,144542.55,16939649.329691518,35660520.39833391,0.6619537275064268,381.78169572107765,160.80955098787396,0.9916710503243906,11,251,0.3329048843187661,0.0442419440042261,1,Brute Force,Brute Force
20170706_1442,2017-07-06 14:42:00,2017-07-06 14:42:59,2017-07-06,Thursday,43,481,105.4,21858.383333333335,17239997.20997921,34693820.990069285,0.5634095634095634,207.38504111321947,120.797019109888,1.219298245614035,10,114,0.44490644490644493,0.05708412397216951,1,Brute Force,Brute Force
20170706_1443,2017-07-06 14:43:00,2017-07-06 14:43:59,2017-07-06,Thursday,44,943,294.3666666666667,137269.33333333334,20978038.074231178,41372924.19760093,0.662778366914104,466.3209149586683,167.72047767915114,0.9739606616003577,11,158,0.34994697773064687,0.03617936813497905,1,Brute Force,Brute Force
20170706_1444,2017-07-06 14:44:00,2017-07-06 14:44:59,2017-07-06,Thursday,45,415,97.6,22048.766666666666,18565509.78313253,38024664.34844868,0.6120481927710844,225.90949453551912,144.77819792998213,1.2570327552986513,15,89,0.41927710843373495,0.0546448087431694,1,Brute Force,Brute Force
20170706_1445,2017-07-06 14:45:00,2017-07-06 14:45:59,2017-07-06,Thursday,46,632,245.71666666666667,135167.56666666668,21244733.235759493,40632991.44047837,0.6392405063291139,550.0952316353523,197.7511015998112,0.9443492021627324,12,105,0.40189873417721517,0.03316828325306925,1,Brute Force,Brute Force
20170706_1446,2017-07-06 14:46:00,2017-07-06 14:46:59,2017-07-06,Thursday,47,1314,360.8666666666667,137320.56666666668,18120844.799847793,38251244.01726561,0.6727549467275494,380.5299279512285,181.50854375217713,1.014794826463199,11,201,0.3729071537290715,0.04438389063365971,1,Brute Force,Brute Force
20170706_1447,2017-07-06 14:47:00,2017-07-06 14:47:59,2017-07-06,Thursday,48,746,179.93333333333334,64916.0,17457375.430294905,38539231.24602303,0.7211796246648794,360.77806595035196,153.9451125291611,1.055788271134806,12,133,0.30563002680965146,0.03844016302334198,1,Brute Force,Brute Force
20170706_1448,2017-07-06 14:48:00,2017-07-06 14:48:59,2017-07-06,Thursday,49,165,34.28333333333333,5865.716666666666,12253523.424242424,29034918.789406583,0.4666666666666667,171.09528439474963,75.85162772226438,1.6762028608582575,8,66,0.5636363636363636,0.049586776859504134,1,Brute Force,Brute Force
20170706_1449,2017-07-06 14:49:00,2017-07-06 14:49:59,2017-07-06,Thursday,50,467,373.3666666666667,295419.18333333335,17254899.08137045,37859311.14277937,0.6231263383297645,791.2307383269351,151.0056747754882,0.7705682446850549,11,99,0.3961456102783726,0.014061244531738237,1,Brute Force,Brute Force
20170706_1450,2017-07-06 14:50:00,2017-07-06 14:50:59,2017-07-06,Thursday,51,1291,322.56666666666666,132418.91666666666,16608979.757552285,36563783.85287072,0.6839659178931061,410.51643071199754,150.49724869256727,0.9667716695457779,10,165,0.33927188226181254,0.04469360338948021,1,Brute Force,Brute Force
20170706_1451,2017-07-06 14:51:00,2017-07-06 14:51:59,2017-07-06,Thursday,52,834,413.3833333333333,299837.9166666667,22625019.72302158,41241195.67077495,0.592326139088729,725.3265733983792,222.65574498007635,0.8863791923340179,12,145,0.4364508393285372,0.0286658871910656,1,Brute Force,Brute Force
20170706_1452,2017-07-06 14:52:00,2017-07-06 14:52:59,2017-07-06,Thursday,53,429,157.3,99120.11666666667,12253060.072261073,29546363.00390962,0.6153846153846154,630.1342445433354,160.84967263502256,0.9330329715338931,10,77,0.40792540792540793,0.0337995337995338,1,Brute Force,Brute Force
20170706_1453,2017-07-06 14:53:00,2017-07-06 14:53:59,2017-07-06,Thursday,54,1296,355.0833333333333,175062.13333333333,15571465.402777778,35143243.986499086,0.6697530864197531,493.017038253931,171.01058964541735,0.9013028734606461,13,221,0.35262345679012347,0.03923961511382305,1,Brute Force,Brute Force
20170706_1454,2017-07-06 14:54:00,2017-07-06 14:54:59,2017-07-06,Thursday,55,714,191.03333333333333,86009.76666666666,12812988.460784314,30932045.726290435,0.6974789915966386,450.2343395567964,131.33769172063464,1.008937960042061,8,106,0.31092436974789917,0.03446169952887803,1,Brute Force,Brute Force
20170706_1455,2017-07-06 14:55:00,2017-07-06 14:55:59,2017-07-06,Thursday,56,864,235.56666666666666,86426.83333333333,19371877.371527776,39261878.2469045,0.6446759259259259,366.8890618367058,173.27777526575417,1.0236220472440944,12,150,0.38425925925925924,0.04457336918069903,1,Brute Force,Brute Force
20170706_1456,2017-07-06 14:56:00,2017-07-06 14:56:59,2017-07-06,Thursday,57,1365,522.9666666666667,294142.5333333333,15915737.85128205,35270495.20904557,0.6879120879120879,562.4498693352031,177.5997344708228,0.8898458202842688,13,215,0.3355311355311355,0.0278857798457518,1,Brute Force,Brute Force
20170706_1457,2017-07-06 14:57:00,2017-07-06 14:57:59,2017-07-06,Thursday,58,702,136.2,23512.333333333332,10126128.173789173,27492396.97659952,0.6837606837606838,172.63093489965738,146.53336953447092,1.1080732525148311,10,133,0.37749287749287747,0.06020558002936858,1,Brute Force,Brute Force
20170706_1458,2017-07-06 14:58:00,2017-07-06 14:58:59,2017-07-06,Thursday,59,842,215.53333333333333,86634.38333333333,15407429.396674585,35899429.39884008,0.6817102137767221,401.95352613671514,162.6868425301794,1.095091527620282,13,136,0.3693586698337292,0.045391277451283636,1,Brute Force,Brute Force
20170706_1459,2017-07-06 14:59:00,2017-07-06 14:59:59,2017-07-06,Thursday,60,596,130.33333333333334,46901.45,9123673.682885906,24399027.039681714,0.6761744966442953,359.8576726342711,117.45536520974831,1.0404382989825203,18,129,0.37080536912751677,0.04296675191815857,1,Brute Force,Brute Force
20170706_1500,2017-07-06 15:00:00,2017-07-06 15:00:59,2017-07-06,Thursday,61,316,103.48333333333333,54718.76666666667,11283168.848101266,22411821.47834914,0.6835443037974683,528.7688838782412,243.80596141122203,1.026762402088773,9,97,0.4462025316455696,0.04300209373490095,1,Brute Force,Brute Force
20170706_1501,2017-07-06 15:01:00,2017-07-06 15:01:59,2017-07-06,Thursday,62,608,210.66666666666666,106842.81666666667,13946185.388157895,33587235.24596023,0.7138157894736842,507.1652689873418,197.8837271218193,0.9141429436705028,15,105,0.3963815789473684,0.03757911392405063,0,BENIGN,BENIGN
20170706_1502,2017-07-06 15:02:00,2017-07-06 15:02:59,2017-07-06,Thursday,63,378,121.26666666666667,52830.63333333333,19846543.412698414,36965369.235320576,0.6640211640211641,435.6566794942276,213.88979399212766,1.0113322277501382,9,66,0.35978835978835977,0.03793293018141836,0,BENIGN,BENIGN
20170706_1503,2017-07-06 15:03:00,2017-07-06 15:03:59,2017-07-06,Thursday,64,298,84.01666666666667,33146.666666666664,23178003.261744965,41898600.03454467,0.6644295302013423,394.52489585399724,154.5192997081997,0.9749314531923228,10,67,0.33557046979865773,0.03332672088871256,0,BENIGN,BENIGN
20170706_1504,2017-07-06 15:04:00,2017-07-06 15:04:59,2017-07-06,Thursday,65,631,203.9,134066.53333333333,15732957.431061806,36238119.020586036,0.705229793977813,657.5111982998202,132.92836055726403,0.8898671609514983,9,122,0.3264659270998415,0.02975314696746771,0,BENIGN,BENIGN
20170706_1505,2017-07-06 15:05:00,2017-07-06 15:05:59,2017-07-06,Thursday,66,278,76.9,28647.783333333333,17165219.60791367,37588313.963791154,0.6906474820143885,372.53294321629824,161.1114358330484,0.9781397342477497,13,66,0.35611510791366907,0.04009536194191591,0,BENIGN,BENIGN
20170706_1506,2017-07-06 15:06:00,2017-07-06 15:06:59,2017-07-06,Thursday,67,723,150.93333333333334,37085.51666666667,15464765.409405256,35729875.632848464,0.7330567081604425,245.70792844522967,156.86286230652613,1.0692254969156956,7,126,0.3112033195020747,0.052120141342756186,0,BENIGN,BENIGN
20170706_1507,2017-07-06 15:07:00,2017-07-06 15:07:59,2017-07-06,Thursday,68,156,115.01666666666667,91764.75,17689297.743589744,36017523.725502156,0.6153846153846154,797.8387190262281,138.64056063127788,0.7843846949327818,8,44,0.40384615384615385,0.01405593392261991,0,BENIGN,BENIGN
20170706_1508,2017-07-06 15:08:00,2017-07-06 15:08:59,2017-07-06,Thursday,69,313,125.8,88408.11666666667,15559402.54632588,36821621.008728325,0.744408945686901,702.7672231054584,143.80129033027748,0.8630306021717671,13,71,0.28434504792332266,0.02066772655007949,0,BENIGN,BENIGN
20170706_1509,2017-07-06 15:09:00,2017-07-06 15:09:59,2017-07-06,Thursday,70,1330,306.5833333333333,112916.85,18111417.381203007,37544888.04844317,0.6669172932330827,368.30720304430554,177.48644098198466,1.009393773894047,11,190,0.3451127819548872,0.050394128839358523,0,BENIGN,BENIGN
20170706_1510,2017-07-06 15:10:00,2017-07-06 15:10:59,2017-07-06,Thursday,71,241,160.01666666666668,161704.71666666667,15236199.302904565,35294824.35524597,0.7427385892116183,1010.5492136235808,143.58843847815072,0.6343829787234042,10,68,0.26556016597510373,0.013227788772002917,0,BENIGN,BENIGN
20170706_1511,2017-07-06 15:11:00,2017-07-06 15:11:59,2017-07-06,Thursday,72,1024,358.8833333333333,193927.91666666666,20797152.065429688,42157171.917137936,0.6806640625,540.3647889286212,196.3043134206281,0.9022968197879858,11,162,0.376953125,0.03566618678307714,0,BENIGN,BENIGN
20170706_1512,2017-07-06 15:12:00,2017-07-06 15:12:59,2017-07-06,Thursday,73,193,96.25,66870.53333333334,15418828.139896372,35119958.60534829,0.6424870466321243,694.7587878787879,202.76810416210432,0.8220820189274448,7,73,0.42487046632124353,0.02354978354978355,0,BENIGN,BENIGN
20170706_1513,2017-07-06 15:13:00,2017-07-06 15:13:59,2017-07-06,Thursday,74,110,31.316666666666666,7723.416666666667,17947855.69090909,34588583.713094085,0.6363636363636364,246.62320383182544,146.25261556306896,1.0958751393534003,10,46,0.44545454545454544,0.04044704630122405,0,BENIGN,BENIGN
20170706_1514,2017-07-06 15:14:00,2017-07-06 15:14:59,2017-07-06,Thursday,75,411,150.46666666666667,63514.61666666667,24173285.04136253,44562826.92471559,0.6155717761557178,422.11752326096587,186.71153994040947,0.9321634924031671,17,88,0.4209245742092457,0.03234381922906513,0,BENIGN,BENIGN
20170706_1515,2017-07-06 15:15:00,2017-07-06 15:15:59,2017-07-06,Thursday,76,262,84.55,46728.88333333333,12293018.240458015,32839704.782559138,0.7519083969465649,552.6775083776857,162.06028005644382,1.019904458598726,9,71,0.3511450381679389,0.03528484131677508,1,Web Attack,Web Attack
20170706_1516,2017-07-06 15:16:00,2017-07-06 15:16:59,2017-07-06,Thursday,77,265,121.38333333333334,87052.53333333334,21770454.362264153,40295170.82910621,0.5094339622641509,717.1703968144996,173.27273513884302,0.894901144640999,10,59,0.4867924528301887,0.033639983523273374,1,Web Attack,Web Attack
20170706_1517,2017-07-06 15:17:00,2017-07-06 15:17:59,2017-07-06,Thursday,78,147,26.95,5244.833333333333,9414540.632653061,23306300.526080273,0.5374149659863946,194.6134817563389,42.95033055727146,1.8090277777777777,10,61,0.4557823129251701,0.05813234384662956,1,Web Attack,Web Attack
20170706_1518,2017-07-06 15:18:00,2017-07-06 15:18:59,2017-07-06,Thursday,79,843,337.0833333333333,180671.25,23805182.979833927,41949490.50217546,0.564650059311981,535.9839307787391,224.52108956347942,0.9410748560460652,11,120,0.4638196915776987,0.039060568603213844,1,Web Attack,Web Attack
20170706_1519,2017-07-06 15:19:00,2017-07-06 15:19:59,2017-07-06,Thursday,80,705,142.13333333333333,31438.25,16683955.224113476,36505647.321179226,0.6042553191489362,221.18843808630393,131.82687108303807,1.1669207317073171,10,138,0.39574468085106385,0.06625234521575984,1,Web Attack,Web Attack
20170706_1520,2017-07-06 15:20:00,2017-07-06 15:20:59,2017-07-06,Thursday,81,592,151.5,72726.25,17726585.013513513,38169302.82322489,0.6503378378378378,480.04125412541254,140.4524665045814,1.055857078245138,11,82,0.3597972972972973,0.046754675467546754,1,Web Attack,Web Attack
20170706_1521,2017-07-06 15:21:00,2017-07-06 15:21:59,2017-07-06,Thursday,82,268,57.333333333333336,19440.633333333335,12759026.343283582,29941659.56621727,0.5634328358208955,339.08081395348836,115.58244755338998,1.1833756345177664,8,80,0.503731343283582,0.05843023255813953,1,Web Attack,Web Attack
20170706_1522,2017-07-06 15:22:00,2017-07-06 15:22:59,2017-07-06,Thursday,83,690,311.26666666666665,198226.96666666667,24770941.750724636,44738190.98086006,0.6260869565217392,636.8396872992075,194.5423499707283,0.859147919569978,11,122,0.4,0.029824373527521954,1,Web Attack,Web Attack
20170706_1523,2017-07-06 15:23:00,2017-07-06 15:23:59,2017-07-06,Thursday,84,359,86.78333333333333,19134.333333333332,18793380.632311977,39849572.638400726,0.6072423398328691,220.48396389475707,152.25245933644862,1.2208955223880598,14,64,0.4568245125348189,0.0637603226425965,1,Web Attack,Web Attack
20170706_1524,2017-07-06 15:24:00,2017-07-06 15:24:59,2017-07-06,Thursday,85,96,22.566666666666666,5128.5,14666510.322916666,31138219.583496377,0.3333333333333333,227.2599704579025,61.123699886282274,1.3483535528596187,7,36,0.8125,0.07828655834564253,1,Web Attack,Web Attack
20170706_1525,2017-07-06 15:25:00,2017-07-06 15:25:59,2017-07-06,Thursday,86,938,208.7,80234.88333333333,14034496.86673774,33083900.29569383,0.6982942430703625,384.4508065804185,141.96305395242365,1.0043213828425097,10,145,0.31663113006396587,0.045679603897141034,1,Web Attack,Web Attack
20170706_1526,2017-07-06 15:26:00,2017-07-06 15:26:59,2017-07-06,Thursday,87,600,120.7,52538.78333333333,6061109.123333333,17784131.749253415,0.6666666666666666,435.28403755868544,184.85838493736205,1.1340601060695346,10,116,0.3566666666666667,0.059928196630764985,1,Web Attack,Web Attack
20170706_1527,2017-07-06 15:27:00,2017-07-06 15:27:59,2017-07-06,Thursday,88,651,279.18333333333334,194550.13333333333,20083702.314900152,36806793.88711839,0.6144393241167435,696.8543967524326,212.0155545146856,1.0236772167190142,10,134,0.3932411674347158,0.03092352695361471,1,Web Attack,Web Attack
20170706_1528,2017-07-06 15:28:00,2017-07-06 15:28:59,2017-07-06,Thursday,89,491,242.63333333333333,166433.85,15867044.588594705,35019630.29575119,0.6456211812627292,685.948001099052,185.79114877932116,0.8043128020820424,8,85,0.43584521384928715,0.029674405824975957,1,Web Attack,Web Attack
20170706_1529,2017-07-06 15:29:00,2017-07-06 15:29:59,2017-07-06,Thursday,90,511,173.65,107319.06666666667,6773623.7397260275,22111524.31146971,0.6692759295499021,618.0193876571648,183.6511666714717,0.9934953127989287,10,81,0.4344422700587084,0.041462712352433054,1,Web Attack,Web Attack
20170706_1530,2017-07-06 15:30:00,2017-07-06 15:30:59,2017-07-06,Thursday,91,499,124.65,73321.98333333334,15216229.118236473,34852065.67458344,0.6533066132264529,588.2228907607969,114.358146786953,0.9154929577464789,7,82,0.3286573146292585,0.04131568391496189,1,Web Attack,Web Attack
20170706_1531,2017-07-06 15:31:00,2017-07-06 15:31:59,2017-07-06,Thursday,92,1086,407.2,241762.38333333333,16576683.956721915,35738787.96609102,0.643646408839779,593.7190160445317,187.49896892160717,0.8323833808309584,14,171,0.39502762430939226,0.0343811394891945,1,Web Attack,Web Attack
20170706_1532,2017-07-06 15:32:00,2017-07-06 15:32:59,2017-07-06,Thursday,93,347,74.48333333333333,15537.4,13476863.066282421,33413419.147559963,0.659942363112392,208.6023718952786,144.44820528861362,1.1836834391792868,11,68,0.42939481268011526,0.06533900201387335,1,Web Attack,Web Attack
20170706_1533,2017-07-06 15:33:00,2017-07-06 15:33:59,2017-07-06,Thursday,94,261,117.86666666666666,79619.63333333333,15599298.421455938,32982845.098514333,0.5517241379310345,675.5059389140272,147.7861028371997,0.9346280087527352,8,47,0.4904214559386973,0.031815610859728505,1,Web Attack,Web Attack
20170706_1534,2017-07-06 15:34:00,2017-07-06 15:34:59,2017-07-06,Thursday,95,493,87.68333333333334,31399.066666666666,13385188.778904665,33009918.225303717,0.6632860040567952,358.0961794335678,74.16726217401944,1.0514619883040937,4,69,0.2616632860040568,0.036304885002851166,1,Web Attack,Web Attack
20170706_1535,2017-07-06 15:35:00,2017-07-06 15:35:59,2017-07-06,Thursday,96,920,681.4666666666667,572407.45,16648641.566304348,36319832.2270592,0.6771739130434783,839.9639747603209,167.8062504485539,0.7342013741623548,9,139,0.33043478260869563,0.014992173742907455,1,Web Attack,Web Attack
20170706_1536,2017-07-06 15:36:00,2017-07-06 15:36:59,2017-07-06,Thursday,97,815,151.23333333333332,50293.01666666667,10099791.834355827,28026756.783951722,0.7656441717791411,332.5524575710822,140.32401159809544,1.0457619477006312,7,121,0.27116564417177913,0.04771875688781133,0,BENIGN,BENIGN
20170706_1537,2017-07-06 15:37:00,2017-07-06 15:37:59,2017-07-06,Thursday,98,423,125.88333333333334,65458.95,11566642.71394799,26950355.376734473,0.7186761229314421,519.9969548523766,155.26079396646045,0.9630977130977131,14,86,0.34278959810874704,0.03204024890771879,0,BENIGN,BENIGN
20170706_1538,2017-07-06 15:38:00,2017-07-06 15:38:59,2017-07-06,Thursday,99,619,311.93333333333334,236292.98333333334,19215014.214862682,40520844.84452708,0.7108239095315024,757.5111669160077,151.35510129413353,0.8084057971014493,11,84,0.3134087237479806,0.019502030348365035,0,BENIGN,BENIGN
20170706_1539,2017-07-06 15:39:00,2017-07-06 15:39:59,2017-07-06,Thursday,100,575,152.7,60011.13333333333,15055319.770434782,34983436.869598635,0.7060869565217391,393.0002182929491,185.61416233619914,0.9859124403987863,7,105,0.3982608695652174,0.042676271556428724,0,BENIGN,BENIGN
20170706_1540,2017-07-06 15:40:00,2017-07-06 15:40:59,2017-07-06,Thursday,101,836,269.4,163818.08333333334,13792462.78229665,32476677.173305918,0.69377990430622,608.0849418460778,168.79690318672377,0.9513520038628682,12,134,0.35406698564593303,0.034954219252660235,1,Web Attack,Web Attack
20170706_1541,2017-07-06 15:41:00,2017-07-06 15:41:59,2017-07-06,Thursday,102,1111,330.05,174424.46666666667,14604838.415841585,34901023.55263107,0.7425742574257426,528.4789173357572,180.92598130420453,0.872010587012005,16,156,0.3357335733573357,0.03529768216936828,1,Web Attack,Web Attack
20170706_1542,2017-07-06 15:42:00,2017-07-06 15:42:59,2017-07-06,Thursday,103,375,116.21666666666667,55524.48333333333,19918828.130666666,39324184.56563443,0.6506666666666666,477.7669582676036,174.96966292461985,0.9270516717325228,6,69,0.384,0.035278933027391365,1,Web Attack,Web Attack
20170706_1543,2017-07-06 15:43:00,2017-07-06 15:43:59,2017-07-06,Thursday,104,1085,214.55,75952.98333333334,13779333.12626728,33585515.916750245,0.7548387096774194,354.010642429892,148.59829214995307,0.950901651765419,5,146,0.2838709677419355,0.04319117532820632,0,BENIGN,BENIGN
20170706_1544,2017-07-06 15:44:00,2017-07-06 15:44:59,2017-07-06,Thursday,105,418,117.23333333333333,36628.75,20499114.33492823,40847818.700976506,0.6339712918660287,312.4431333522889,163.5262817269126,1.0825932504440496,18,96,0.4138755980861244,0.03909582030139323,0,BENIGN,BENIGN
20170706_1545,2017-07-06 15:45:00,2017-07-06 15:45:59,2017-07-06,Thursday,106,944,169.55,37620.73333333333,13348510.941737289,33514351.805505835,0.746822033898305,221.88577607392116,148.9948205592527,1.0616008105369807,9,136,0.2828389830508475,0.05052590189717881,0,BENIGN,BENIGN
20170706_1546,2017-07-06 15:46:00,2017-07-06 15:46:59,2017-07-06,Thursday,107,296,98.3,42983.51666666667,14069363.969594594,34418101.493228205,0.6790540540540541,437.26873516446256,147.99761679342038,1.03133608815427,11,65,0.3885135135135135,0.03306205493387589,0,BENIGN,BENIGN
20170706_1547,2017-07-06 15:47:00,2017-07-06 15:47:59,2017-07-06,Thursday,108,122,18.65,2384.6833333333334,13778407.590163935,32740445.79969547,0.6721311475409836,127.86505808757819,66.32783694332691,1.157996146435453,7,48,0.4344262295081967,0.035746201966041107,0,BENIGN,BENIGN
20170706_1548,2017-07-06 15:48:00,2017-07-06 15:48:59,2017-07-06,Thursday,109,493,128.33333333333334,42931.25,20567920.20892495,40687581.23890823,0.6146044624746451,334.5292207792208,156.35461388857428,0.9680552006133402,12,97,0.3894523326572008,0.04935064935064935,0,BENIGN,BENIGN
20170706_1549,2017-07-06 15:49:00,2017-07-06 15:49:59,2017-07-06,Thursday,110,1634,459.85,261033.45,13534895.045287637,32860035.637566257,0.7356181150550796,567.6491247145808,161.14566269536994,0.9531393784950803,9,197,0.2998776009791922,0.035736290819470114,0,BENIGN,BENIGN
20170706_1550,2017-07-06 15:50:00,2017-07-06 15:50:59,2017-07-06,Thursday,111,85,17.483333333333334,1657.8333333333333,11679350.11764706,32481841.695467595,0.8117647058823529,94.8236415633937,70.60114171406407,1.7486910994764397,11,32,0.3176470588235294,0.025738798856053385,0,BENIGN,BENIGN
20170706_1551,2017-07-06 15:51:00,2017-07-06 15:51:59,2017-07-06,Thursday,112,1091,254.88333333333333,99889.83333333333,15393949.759853346,35504683.54744261,0.7002749770852429,391.90413914863007,177.2230314823091,0.9500191253346933,14,155,0.3244729605866178,0.045380239325181454,0,BENIGN,BENIGN
20170706_1552,2017-07-06 15:52:00,2017-07-06 15:52:59,2017-07-06,Thursday,113,230,71.48333333333333,35146.38333333333,13709926.152173912,33133850.707865298,0.5695652173913044,491.67241781301004,141.49218062984187,0.9870310328855951,11,78,0.4652173913043478,0.02914432268594078,0,BENIGN,BENIGN
20170706_1553,2017-07-06 15:53:00,2017-07-06 15:53:59,2017-07-06,Thursday,114,1381,326.0833333333333,108280.15,16422521.218682114,34853358.886632666,0.667632150615496,332.0628162535139,183.9535576700104,1.0212809917355372,9,191,0.36278059377262856,0.05034500383337592,0,BENIGN,BENIGN
20170706_1554,2017-07-06 15:54:00,2017-07-06 15:54:59,2017-07-06,Thursday,115,1517,326.96666666666664,91007.11666666667,15164044.967699407,34856265.49867827,0.6954515491100857,278.3375981241717,188.1678191435368,1.0196623430100886,13,217,0.35794330916282135,0.05316546029156897,0,BENIGN,BENIGN
20170706_1555,2017-07-06 15:55:00,2017-07-06 15:55:59,2017-07-06,Thursday,116,85,25.133333333333333,3867.0,16870955.82352941,32347641.0864901,0.49411764705882355,153.85941644562334,135.99843034638317,1.1373937677053825,14,39,0.6823529411764706,0.05305039787798409,0,BENIGN,BENIGN
20170706_1556,2017-07-06 15:56:00,2017-07-06 15:56:59,2017-07-06,Thursday,117,310,63.1,13634.85,13158156.05483871,29341050.624025363,0.7032258064516129,216.08320126782885,110.90603480023093,1.3953194180898165,18,82,0.3064516129032258,0.03301637612255679,0,BENIGN,BENIGN
20170706_1557,2017-07-06 15:57:00,2017-07-06 15:57:59,2017-07-06,Thursday,118,200,40.65,7572.2,14292407.44,33922305.92740053,0.635,186.2779827798278,85.73090381625087,1.031640299750208,10,70,0.37,0.036490364903649035,0,BENIGN,BENIGN
20170706_1558,2017-07-06 15:58:00,2017-07-06 15:58:59,2017-07-06,Thursday,119,1092,312.7,169089.88333333333,13970523.108974358,34201985.751425125,0.73992673992674,540.7415520733397,181.26458500876234,0.9349283283489739,15,148,0.315018315018315,0.037895746722097855,0,BENIGN,BENIGN
20170706_1559,2017-07-06 15:59:00,2017-07-06 15:59:59,2017-07-06,Thursday,120,331,147.85,90194.3,19331462.114803627,41345674.01022834,0.7341389728096677,610.0392289482584,192.11311226930914,0.8289012574726861,15,49,0.3413897280966767,0.028519896291286213,0,BENIGN,BENIGN
20170706_1600,2017-07-06 16:00:00,2017-07-06 16:00:59,2017-07-06,Thursday,121,185,54.95,15912.366666666667,24615730.681081083,41568518.69201006,0.6270270270270271,289.57901122232335,152.9461107981489,1.1154586273252085,9,46,0.3837837837837838,0.03821656050955414,0,BENIGN,BENIGN
20170706_1601,2017-07-06 16:01:00,2017-07-06 16:01:59,2017-07-06,Thursday,122,513,132.4,55036.6,15877419.996101364,36205474.27582124,0.6861598440545809,415.68429003021146,172.88658175067104,1.025235788937038,10,117,0.3469785575048733,0.0377643504531722,0,BENIGN,BENIGN
20170706_1602,2017-07-06 16:02:00,2017-07-06 16:02:59,2017-07-06,Thursday,123,312,89.2,42888.066666666666,16110964.259615384,34855305.05895834,0.6538461538461539,480.80792227204785,165.10203691137792,0.9767355982274741,10,62,0.3557692307692308,0.035127055306427506,0,BENIGN,BENIGN
20170706_1603,2017-07-06 16:03:00,2017-07-06 16:03:59,2017-07-06,Thursday,124,109,17.916666666666668,2936.7833333333333,14209602.339449542,33165116.258229375,0.7155963302752294,163.913488372093,147.6148338182472,1.164989939637827,8,28,0.30275229357798167,0.0586046511627907,0,BENIGN,BENIGN
20170706_1604,2017-07-06 16:04:00,2017-07-06 16:04:59,2017-07-06,Thursday,125,126,23.116666666666667,3421.25,6936595.952380952,22719199.51041967,0.6984126984126984,147.99927901946648,107.42231635559091,1.364565587734242,12,42,0.38095238095238093,0.04037490987743331,0,BENIGN,BENIGN
20170706_1605,2017-07-06 16:05:00,2017-07-06 16:05:59,2017-07-06,Thursday,126,1442,716.9166666666666,531490.0166666667,21366008.443828017,41392837.514092185,0.6664355062413315,741.3553644077647,186.39970410026888,0.8136436461759001,10,174,0.3273231622746186,0.02178309891898175,0,BENIGN,BENIGN
20170706_1606,2017-07-06 16:06:00,2017-07-06 16:06:59,2017-07-06,Thursday,127,651,166.0,66994.28333333334,14652653.465437789,34016213.875367306,0.7096774193548387,403.5800200803213,168.17654864335012,0.9957924263674615,10,100,0.31490015360983103,0.0430722891566265,0,BENIGN,BENIGN
20170706_1607,2017-07-06 16:07:00,2017-07-06 16:07:59,2017-07-06,Thursday,128,1013,306.35,161471.15,13305567.578479763,30320116.74715476,0.6702862783810464,527.0806267341276,231.09853739557823,0.9470395085266391,11,171,0.40572556762092793,0.04216310320439584,0,BENIGN,BENIGN
20170706_1608,2017-07-06 16:08:00,2017-07-06 16:08:59,2017-07-06,Thursday,129,144,80.9,53121.333333333336,10868179.993055556,29509854.14583406,0.5902777777777778,656.6295838483725,94.36264628458224,0.8544690603514133,17,46,0.5069444444444444,0.016481252575195716,0,BENIGN,BENIGN
20170706_1609,2017-07-06 16:09:00,2017-07-06 16:09:59,2017-07-06,Thursday,130,333,195.31666666666666,148424.21666666667,12938984.927927928,29507517.81623551,0.6516516516516516,759.9157777967404,200.67559816443062,0.7409387997623291,11,71,0.43243243243243246,0.020820889154364707,0,BENIGN,BENIGN
20170706_1610,2017-07-06 16:10:00,2017-07-06 16:10:59,2017-07-06,Thursday,131,244,62.583333333333336,25787.616666666665,17156272.094262294,38093243.19438462,0.7172131147540983,412.0524633821571,177.50921844355167,1.0237068965517242,10,56,0.3114754098360656,0.03941411451398136,0,BENIGN,BENIGN
20170706_1611,2017-07-06 16:11:00,2017-07-06 16:11:59,2017-07-06,Thursday,132,131,23.216666666666665,5491.266666666666,11217501.847328244,30431480.284942824,0.7938931297709924,236.52261306532662,101.9125375994896,1.2197452229299364,10,50,0.29770992366412213,0.03804737975592247,0,BENIGN,BENIGN
20170706_1612,2017-07-06 16:12:00,2017-07-06 16:12:59,2017-07-06,Thursday,133,96,17.066666666666666,2871.5333333333333,16120783.71875,35082784.6455064,0.6979166666666666,168.25390625,132.8761600612211,1.2676991150442478,8,27,0.34375,0.048828125,0,BENIGN,BENIGN
20170706_1613,2017-07-06 16:13:00,2017-07-06 16:13:59,2017-07-06,Thursday,134,83,92.25,79689.81666666667,25874435.734939758,45708634.952931,0.6024096385542169,863.846251129178,323.2413377813783,0.777207062600321,9,25,0.4819277108433735,0.01084010840108401,0,BENIGN,BENIGN
20170706_1614,2017-07-06 16:14:00,2017-07-06 16:14:59,2017-07-06,Thursday,135,1047,247.4,96045.45,16592255.330468005,37860090.25210008,0.7631327602674307,388.21928051738075,168.01581644589461,0.9561207010146264,11,154,0.3218720152817574,0.042980328752357855,0,BENIGN,BENIGN
20170706_1615,2017-07-06 16:15:00,2017-07-06 16:15:59,2017-07-06,Thursday,136,265,143.93333333333334,117469.41666666667,15621029.396226415,32267965.755919002,0.660377358490566,816.1376794812413,275.35809800891775,0.81411468178954,9,69,0.4,0.025127373784159333,0,BENIGN,BENIGN
20170706_1616,2017-07-06 16:16:00,2017-07-06 16:16:59,2017-07-06,Thursday,137,179,45.983333333333334,19759.816666666666,17007866.446927376,36123736.68677734,0.6759776536312849,429.7169264226169,146.95533204680507,0.9770773638968482,8,41,0.35195530726256985,0.04929322218194998,0,BENIGN,BENIGN
20170706_1617,2017-07-06 16:17:00,2017-07-06 16:17:59,2017-07-06,Thursday,138,402,118.13333333333334,50685.416666666664,15569949.890547264,33870709.646887966,0.5671641791044776,429.05262415349887,192.85031836676143,1.006510048117747,14,105,0.48507462686567165,0.048391647855530476,0,BENIGN,BENIGN
20170706_1618,2017-07-06 16:18:00,2017-07-06 16:18:59,2017-07-06,Thursday,139,495,132.5,60113.833333333336,9725487.49090909,27176449.42432001,0.7292929292929293,453.6893081761006,229.09805554314238,0.9622408687068115,11,95,0.40404040404040403,0.052955974842767296,0,BENIGN,BENIGN
20170706_1619,2017-07-06 16:19:00,2017-07-06 16:19:59,2017-07-06,Thursday,140,123,59.35,41260.583333333336,16625393.528455285,37992170.42106476,0.6910569105691057,695.2078067958439,176.75017058707428,0.8341915550978373,9,36,0.4146341463414634,0.019938219601235607,0,BENIGN,BENIGN
20170706_1620,2017-07-06 16:20:00,2017-07-06 16:20:59,2017-07-06,Thursday,141,59,10.666666666666666,1017.2666666666667,5194604.694915255,21327583.836445294,0.8305084745762712,95.36875,21.4370107666859,1.5236220472440944,9,25,0.2033898305084746,0.0265625,0,BENIGN,BENIGN
20170706_1621,2017-07-06 16:21:00,2017-07-06 16:21:59,2017-07-06,Thursday,142,270,71.95,34344.28333333333,15604656.192592593,36312277.39426952,0.7481481481481481,477.3354181144313,166.89027372277693,1.0177570093457944,13,41,0.25925925925925924,0.02895529302756544,0,BENIGN,BENIGN
20170706_1622,2017-07-06 16:22:00,2017-07-06 16:22:59,2017-07-06,Thursday,143,449,314.28333333333336,261399.25,15893429.0155902,33445306.695006303,0.6124721603563474,831.7311873574799,190.42138804217734,0.8237911025145068,9,83,0.4053452115812918,0.017924378214986478,0,BENIGN,BENIGN
20170706_1623,2017-07-06 16:23:00,2017-07-06 16:23:59,2017-07-06,Thursday,144,600,173.01666666666668,100260.58333333333,15631917.678333333,33865256.00759076,0.7083333333333334,579.4851170407475,179.28685038874656,0.9391109450877848,9,122,0.34833333333333333,0.035449378672574895,0,BENIGN,BENIGN
20170706_1624,2017-07-06 16:24:00,2017-07-06 16:24:59,2017-07-06,Thursday,145,20,1.7666666666666666,190.75,3808635.9,13864359.712593112,0.75,107.97169811320755,46.05090269072004,1.0980392156862746,2,18,0.25,0.03773584905660377,0,BENIGN,BENIGN
20170706_1625,2017-07-06 16:25:00,2017-07-06 16:25:59,2017-07-06,Thursday,146,515,107.68333333333334,42349.933333333334,14825726.39223301,30661241.995412644,0.6679611650485436,393.28215446525303,151.90188441853184,0.9677222898903776,9,101,0.37281553398058254,0.052468658102460916,0,BENIGN,BENIGN
20170706_1626,2017-07-06 16:26:00,2017-07-06 16:26:59,2017-07-06,Thursday,147,520,247.96666666666667,166583.6,20207336.840384614,41849573.40037106,0.6846153846153846,671.798359994623,185.90584563777455,0.9444589649764767,16,90,0.3596153846153846,0.025406640677510417,0,BENIGN,BENIGN
20170706_1627,2017-07-06 16:27:00,2017-07-06 16:27:59,2017-07-06,Thursday,148,185,39.833333333333336,12177.733333333334,16611446.383783784,34428142.5392571,0.7405405405405405,305.7171548117155,110.49403382932533,1.0936952714535901,8,37,0.2648648648648649,0.038493723849372385,0,BENIGN,BENIGN
20170706_1628,2017-07-06 16:28:00,2017-07-06 16:28:59,2017-07-06,Thursday,149,213,88.35,55060.48333333333,20372700.08920188,39416220.378874764,0.6431924882629108,623.208639879268,193.86480220776954,0.8596983514556296,10,52,0.38497652582159625,0.028296547821165818,0,BENIGN,BENIGN
20170706_1629,2017-07-06 16:29:00,2017-07-06 16:29:59,2017-07-06,Thursday,150,299,70.16666666666667,29650.6,16079897.264214046,30974296.670345914,0.6254180602006689,422.57387173396677,133.66443029081148,1.05615234375,9,59,0.3411371237458194,0.04275534441805225,0,BENIGN,BENIGN
20170706_1630,2017-07-06 16:30:00,2017-07-06 16:30:59,2017-07-06,Thursday,151,142,42.03333333333333,27577.35,15171456.211267605,37276861.65976375,0.7535211267605634,656.0828707375099,140.88054729676958,0.7957295373665481,6,26,0.28169014084507044,0.03132434575733545,0,BENIGN,BENIGN
20170706_1631,2017-07-06 16:31:00,2017-07-06 16:31:59,2017-07-06,Thursday,152,195,53.8,21510.216666666667,13771731.123076923,34568156.43657577,0.7128205128205128,399.81815365551427,135.2162669768719,1.080541237113402,11,45,0.26666666666666666,0.030978934324659233,0,BENIGN,BENIGN
20170706_1632,2017-07-06 16:32:00,2017-07-06 16:32:59,2017-07-06,Thursday,153,530,172.7,87036.38333333333,18649891.63962264,41118225.600881055,0.7377358490566037,503.9744257865277,180.47866980863387,0.9028644876973926,9,79,0.35094339622641507,0.037154989384288746,0,BENIGN,BENIGN
20170706_1633,2017-07-06 16:33:00,2017-07-06 16:33:59,2017-07-06,Thursday,154,393,173.25,103152.25,18673195.13740458,38193507.3035864,0.6870229007633588,595.3953823953824,187.59078150896366,0.8306039795738687,11,69,0.3460559796437659,0.025685425685425686,0,BENIGN,BENIGN
20170706_1634,2017-07-06 16:34:00,2017-07-06 16:34:59,2017-07-06,Thursday,155,137,47.916666666666664,20734.166666666668,23171226.82481752,39950082.26193152,0.6496350364963503,432.7130434782609,149.85468679955557,0.9671682626538988,8,36,0.38686131386861317,0.04173913043478261,0,BENIGN,BENIGN
20170706_1635,2017-07-06 16:35:00,2017-07-06 16:35:59,2017-07-06,Thursday,156,1091,441.55,267453.6,16532456.35655362,34523718.747881316,0.6361136571952337,605.7153210281962,203.9600141092072,0.8698567294798504,17,164,0.41979835013748856,0.03348054202997018,0,BENIGN,BENIGN
20170706_1636,2017-07-06 16:36:00,2017-07-06 16:36:59,2017-07-06,Thursday,157,502,190.21666666666667,94684.65,17158824.045816734,37126996.53584005,0.603585657370518,497.7726277052484,191.71269376505631,0.8629019095805451,9,99,0.4103585657370518,0.036449662665381584,0,BENIGN,BENIGN
20170706_1637,2017-07-06 16:37:00,2017-07-06 16:37:59,2017-07-06,Thursday,158,718,241.51666666666668,130498.13333333333,18769620.399721447,38013128.554561526,0.66991643454039,540.3276516458492,217.75784249619505,0.8921530225878052,8,111,0.38857938718662954,0.03760955075564143,0,BENIGN,BENIGN
20170706_1638,2017-07-06 16:38:00,2017-07-06 16:38:59,2017-07-06,Thursday,159,1104,321.71666666666664,130788.25,18367483.069746375,38858405.619091794,0.6802536231884058,406.5324042894887,201.34882955590453,0.9424431475145905,15,166,0.3967391304347826,0.04460446562710459,0,BENIGN,BENIGN
20170706_1639,2017-07-06 16:39:00,2017-07-06 16:39:59,2017-07-06,Thursday,160,308,107.13333333333334,59161.7,14407526.431818182,34029948.14558162,0.6428571428571429,552.2249533291848,169.85195170511506,0.9376130198915009,10,67,0.38961038961038963,0.03204729309271935,0,BENIGN,BENIGN
20170706_1640,2017-07-06 16:40:00,2017-07-06 16:40:59,2017-07-06,Thursday,161,360,130.65,76294.21666666666,13705725.422222223,32020434.702754475,0.6361111111111111,583.9587957647659,181.76934278122067,0.8918918918918919,9,83,0.4638888888888889,0.030998851894374284,0,BENIGN,BENIGN
20170706_1641,2017-07-06 16:41:00,2017-07-06 16:41:59,2017-07-06,Thursday,162,561,1007.25,1080711.8333333333,14020648.98395722,33304955.45539033,0.6310160427807486,1072.9330685860841,227.24788106826625,0.763422035480859,18,137,0.47058823529411764,0.007644576818069,0,BENIGN,BENIGN
20170706_1642,2017-07-06 16:42:00,2017-07-06 16:42:59,2017-07-06,Thursday,163,310,77.66666666666667,25310.733333333334,16145222.86451613,37209394.3400803,0.7290322580645161,325.8892703862661,173.81754174653815,1.0291684806269046,8,47,0.3419354838709677,0.04763948497854077,0,BENIGN,BENIGN
20170706_1643,2017-07-06 16:43:00,2017-07-06 16:43:59,2017-07-06,Thursday,164,917,868.3833333333333,877387.55,13215286.075245366,33025917.659610704,0.7295528898582334,1010.3689422873923,131.85220068625117,0.7621753246753247,12,143,0.31624863685932386,0.010556014049095062,0,BENIGN,BENIGN
20170706_1644,2017-07-06 16:44:00,2017-07-06 16:44:59,2017-07-06,Thursday,165,389,154.38333333333333,91161.05,22575154.36503856,44164214.44324603,0.6735218508997429,590.4850480405916,217.40940260994904,0.8602409638554217,12,70,0.42930591259640105,0.03292669761416388,0,BENIGN,BENIGN
20170706_1645,2017-07-06 16:45:00,2017-07-06 16:45:59,2017-07-06,Thursday,166,628,1268.1166666666666,1277702.6,19063084.52866242,38054632.08244964,0.6480891719745223,1007.5591888233207,199.37349178907238,0.6979380523074177,10,91,0.37420382165605093,0.006111425079185669,0,BENIGN,BENIGN
20170706_1646,2017-07-06 16:46:00,2017-07-06 16:46:59,2017-07-06,Thursday,167,2184,586.9333333333333,283622.61666666664,16215585.983974358,36609924.136946596,0.6836080586080586,483.2279929577465,172.97194409145942,0.9545454545454546,11,284,0.35027472527472525,0.04250908677873694,0,BENIGN,BENIGN
20170706_1647,2017-07-06 16:47:00,2017-07-06 16:47:59,2017-07-06,Thursday,168,255,1063.8666666666666,1146637.7833333334,15392986.51764706,35825013.06950567,0.6392156862745098,1077.8021525253791,142.5942576983565,0.7170486335270067,14,67,0.4392156862745098,0.0027259055019425993,0,BENIGN,BENIGN
20170706_1648,2017-07-06 16:48:00,2017-07-06 16:48:59,2017-07-06,Thursday,169,195,97.56666666666666,73134.68333333333,11504734.512820512,28423809.126251694,0.5487179487179488,749.5867782712675,130.837782375726,0.8458385876418664,11,67,0.5846153846153846,0.019644687393235393,0,BENIGN,BENIGN
20170706_1649,2017-07-06 16:49:00,2017-07-06 16:49:59,2017-07-06,Thursday,170,527,1332.2833333333333,1359967.55,16765759.176470589,37301761.36140385,0.6337760910815939,1020.7795263770219,161.18728813915672,0.6891997548760644,12,99,0.3927893738140417,0.004566095800442848,0,BENIGN,BENIGN
20170706_1650,2017-07-06 16:50:00,2017-07-06 16:50:59,2017-07-06,Thursday,171,291,78.78333333333333,34014.083333333336,14711321.343642611,32994680.75017755,0.6460481099656358,431.74211973767717,168.80543075559262,0.9593866556154165,11,61,0.35738831615120276,0.04061772794584303,0,BENIGN,BENIGN
20170706_1651,2017-07-06 16:51:00,2017-07-06 16:51:59,2017-07-06,Thursday,172,1705,1456.4833333333333,1360079.5666666667,14278522.39882698,29571253.333054155,0.6715542521994134,933.8105940106879,160.2638897365322,0.753129513721714,9,206,0.3120234604105572,0.011992356017347721,0,BENIGN,BENIGN
20170706_1652,2017-07-06 16:52:00,2017-07-06 16:52:59,2017-07-06,Thursday,173,1121,277.06666666666666,96765.91666666667,15303722.073148973,35515239.379191145,0.7172167707404103,349.2513835418672,190.04527649761576,1.0363792258696718,14,162,0.4005352363960749,0.053657362848893164,0,BENIGN,BENIGN
20170706_1653,2017-07-06 16:53:00,2017-07-06 16:53:59,2017-07-06,Thursday,174,635,1305.7166666666667,1272634.5833333333,19634556.62362205,38905367.868024215,0.6362204724409449,974.6636585272456,208.11301838497693,0.6956107696303351,15,102,0.4062992125984252,0.006611950014679039,0,BENIGN,BENIGN
20170706_1654,2017-07-06 16:54:00,2017-07-06 16:54:59,2017-07-06,Thursday,175,1150,306.06666666666666,109771.26666666666,17749058.81826087,38023314.466942206,0.6947826086956522,358.6514920496624,195.52524196612012,0.9362150764364786,9,165,0.38869565217391305,0.0499346547593117,0,BENIGN,BENIGN
20170706_1655,2017-07-06 16:55:00,2017-07-06 16:55:59,2017-07-06,Thursday,176,604,1184.8666666666666,1185129.0,21489901.586092714,42668727.8463708,0.6887417218543046,1000.221403252124,231.84781511381263,0.7161444503451938,10,85,0.40894039735099336,0.00690654363360153,0,BENIGN,BENIGN
20170706_1656,2017-07-06 16:56:00,2017-07-06 16:56:59,2017-07-06,Thursday,177,401,112.3,57721.4,19172892.104738154,34170136.39428553,0.5935162094763092,513.992876224399,129.26617644607535,1.0551997560231778,10,112,0.47381546134663344,0.023449094686850698,0,BENIGN,BENIGN
20170706_1657,2017-07-06 16:57:00,2017-07-06 16:57:59,2017-07-06,Thursday,178,639,315.56666666666666,213331.26666666666,21475640.400625978,39668413.99635644,0.596244131455399,676.0259850005282,236.5460077138038,0.8631309652661616,12,102,0.4522691705790297,0.02640752086194148,0,BENIGN,BENIGN
20170706_1658,2017-07-06 16:58:00,2017-07-06 16:58:59,2017-07-06,Thursday,179,749,161.03333333333333,59467.583333333336,16159216.602136182,33623757.07562946,0.7102803738317757,369.28741461395157,124.19361723687123,1.0257861635220127,14,118,0.28437917222963954,0.03374042641275098,0,BENIGN,BENIGN
20170706_1659,2017-07-06 16:59:00,2017-07-06 16:59:59,2017-07-06,Thursday,180,1888,472.21666666666664,165858.4,19543630.35911017,39064029.63902381,0.6626059322033898,351.2336851021777,184.3518121180706,0.9855641205325858,8,245,0.3511652542372881,0.04623583806868316,0,BENIGN,BENIGN
20170706_1700,2017-07-06 17:00:00,2017-07-06 17:00:59,2017-07-06,Thursday,181,898,311.93333333333334,199812.56666666668,16315296.85857461,33943418.94944635,0.6336302895322939,640.5617653344732,151.43692087061774,0.9048442906574394,6,133,0.39643652561247217,0.030348365035263947,0,BENIGN,BENIGN
20170706_1701,2017-07-06 17:01:00,2017-07-06 17:01:59,2017-07-06,Thursday,182,457,169.31666666666666,86750.98333333334,15099088.262582056,30616894.089227885,0.5798687089715536,512.3593857663155,178.2426431228034,0.9781931464174455,14,74,0.36980306345733044,0.0349443842897923,0,BENIGN,BENIGN
20170706_1702,2017-07-06 17:02:00,2017-07-06 17:02:59,2017-07-06,Thursday,183,1036,269.1166666666667,104036.5,19472551.653474905,37499131.2951018,0.637065637065637,386.58512417167276,189.97268572107976,1.004219932977535,17,178,0.40540540540540543,0.04310398216386945,0,BENIGN,BENIGN
20170706_1703,2017-07-06 17:03:00,2017-07-06 17:03:59,2017-07-06,Thursday,184,84,47.516666666666666,30366.516666666666,15311772.607142856,35063337.54516707,0.6547619047619048,639.070852332515,147.04710432738642,0.9166666666666666,14,25,0.40476190476190477,0.027358821466152226,0,BENIGN,BENIGN
20170706_1704,2017-07-06 17:04:00,2017-07-06 17:04:59,2017-07-06,Thursday,185,441,106.78333333333333,39542.183333333334,20902293.10430839,41501064.385860026,0.7120181405895691,370.3029498985485,172.39999477119056,1.015728216420258,6,88,0.3197278911564626,0.03839550491649758,0,BENIGN,BENIGN
20170706_1705,2017-07-06 17:05:00,2017-07-06 17:05:59,2017-07-06,Thursday,186,79,18.383333333333333,2009.6333333333334,4780607.164556962,15997523.376082884,0.6075949367088608,109.31822302810517,79.82127098049926,1.1775147928994083,12,35,0.45569620253164556,0.04170444242973708,0,BENIGN,BENIGN
20170706_1706,2017-07-06 17:06:00,2017-07-06 17:06:59,2017-07-06,Thursday,187,177,58.7,29587.583333333332,16114016.677966101,36139929.67676863,0.711864406779661,504.0474162407723,168.95567277407926,0.9971655328798186,9,45,0.2994350282485876,0.02867688813174333,0,BENIGN,BENIGN
20170706_1707,2017-07-06 17:07:00,2017-07-06 17:07:59,2017-07-06,Thursday,188,645,135.45,46567.083333333336,11029906.17364341,29563800.780032996,0.7503875968992249,343.79537344653625,195.91217089863932,0.9505639548836093,7,103,0.3643410852713178,0.05537098560354374,0,BENIGN,BENIGN
20170706_1708,2017-07-06 17:08:00,2017-07-06 17:08:59,2017-07-06,Thursday,189,56,12.95,1519.6166666666666,14225869.785714285,36078751.541026585,0.8214285714285714,117.34491634491634,67.72986264668842,2.3106382978723405,11,29,0.21428571428571427,0.02574002574002574,0,BENIGN,BENIGN
20170706_1709,2017-07-06 17:09:00,2017-07-06 17:09:59,2017-07-06,Thursday,190,172,34.166666666666664,7486.3,17508128.970930234,36842027.22236856,0.6802325581395349,219.11121951219513,124.70295830074944,1.1144329896907217,11,52,0.37790697674418605,0.041951219512195125,0,BENIGN,BENIGN
20170706_1710,2017-07-06 17:10:00,2017-07-06 17:10:59,2017-07-06,Thursday,191,361,146.0,47150.8,29989205.102493074,48364467.35579064,0.49584487534626037,322.9506849315068,214.6053224509791,1.0849595430747263,8,52,0.4404432132963989,0.038470319634703196,0,BENIGN,BENIGN
20170706_1711,2017-07-06 17:11:00,2017-07-06 17:11:59,2017-07-06,Thursday,192,67,14.25,1561.75,13805534.656716418,35644507.38348247,0.7611940298507462,109.59649122807018,89.52918408504813,1.3910614525139664,9,21,0.22388059701492538,0.028070175438596492,0,BENIGN,BENIGN
20170706_1712,2017-07-06 17:12:00,2017-07-06 17:12:59,2017-07-06,Thursday,193,43,19.8,2913.233333333333,19387524.441860463,39280656.926443346,0.5116279069767442,147.13299663299662,121.09802911399264,1.4465020576131686,11,22,0.5813953488372093,0.02861952861952862,0,BENIGN,BENIGN
20170706_1713,2017-07-06 17:13:00,2017-07-06 17:13:59,2017-07-06,Thursday,194,100,78.53333333333333,49161.416666666664,14688939.2,34658019.23070585,0.72,625.9942699490662,156.33908252363983,0.6996033177064551,13,24,0.34,0.018463497453310697,0,BENIGN,BENIGN
20170706_1714,2017-07-06 17:14:00,2017-07-06 17:14:59,2017-07-06,Thursday,195,1434,358.75,108806.46666666666,17892829.59902371,38253305.1440825,0.7078103207810321,303.2932868757259,196.4372874903159,1.0294145375695296,15,177,0.3563458856345886,0.0478513356562137,0,BENIGN,BENIGN
20170706_1715,2017-07-06 17:15:00,2017-07-06 17:15:59,2017-07-06,Thursday,196,41,11.3,2490.016666666667,22841393.536585364,42609275.37588273,0.7317073170731707,220.35545722713863,237.54553555364646,1.1419558359621451,9,20,0.4878048780487805,0.061946902654867256,0,BENIGN,BENIGN
20170706_1716,2017-07-06 17:16:00,2017-07-06 17:16:59,2017-07-06,Thursday,197,599,180.96666666666667,69557.15,18660342.24040067,37138889.48082174,0.656093489148581,384.3644317553877,176.4273514560663,0.9822928075940124,15,112,0.39065108514190316,0.04162829250322343,0,BENIGN,BENIGN
20170706_1717,2017-07-06 17:17:00,2017-07-06 17:17:59,2017-07-06,Thursday,198,998,189.13333333333333,56020.2,13083691.199398797,32452888.729498096,0.6713426853707415,296.19421924568206,143.30724083699306,1.0762897914379803,14,164,0.342685370741483,0.055075784279168136,0,BENIGN,BENIGN
20170706_1718,2017-07-06 17:18:00,2017-07-06 17:18:59,2017-07-06,Thursday,199,104,30.95,7326.916666666667,26409733.278846152,41444756.59698803,0.5673076923076923,236.73397953688746,154.25994173307203,0.8843813387423936,8,38,0.49038461538461536,0.021540118470651588,0,BENIGN,BENIGN
20170706_1719,2017-07-06 17:19:00,2017-07-06 17:19:59,2017-07-06,Thursday,200,567,119.46666666666667,33859.166666666664,13802820.335097002,34017532.640350506,0.7195767195767195,283.4193638392857,170.1333664853322,1.0160292463442069,9,102,0.3386243386243386,0.04827008928571429,0,BENIGN,BENIGN
20170706_1720,2017-07-06 17:20:00,2017-07-06 17:20:59,2017-07-06,Thursday,201,156,39.2,6897.35,16757578.993589744,38010757.835448325,0.6987179487179487,175.95280612244898,106.72518541764946,1.0249569707401032,11,35,0.3717948717948718,0.03571428571428571,0,BENIGN,BENIGN
20170706_1721,2017-07-06 17:21:00,2017-07-06 17:21:59,2017-07-06,Thursday,202,74,17.216666666666665,3587.65,10650641.094594594,30125929.830864612,0.7702702702702703,208.38238141335916,117.75058738561253,1.5979899497487438,8,25,0.22972972972972974,0.027105517909002903,0,BENIGN,BENIGN
20170706_1722,2017-07-06 17:22:00,2017-07-06 17:22:59,2017-07-06,Thursday,203,81,17.216666666666665,2492.5666666666666,9268585.333333334,26281678.269813325,0.6666666666666666,144.7763794772507,133.5981165239543,1.0846774193548387,10,22,0.38271604938271603,0.060019361084220714,0,BENIGN,BENIGN
20170706_1723,2017-07-06 17:23:00,2017-07-06 17:23:59,2017-07-06,Thursday,204,51,11.933333333333334,1555.3166666666666,3039973.4901960786,16569297.97893603,0.8627450980392157,130.33379888268158,94.92356246291217,1.7056603773584906,13,14,0.21568627450980393,0.04888268156424581,0,BENIGN,BENIGN
20170706_1724,2017-07-06 17:24:00,2017-07-06 17:24:59,2017-07-06,Thursday,205,272,135.85,69055.2,32236578.040441178,51049124.25034507,0.6544117647058824,508.3194700036805,184.200268544753,0.8451788139429606,9,49,0.3713235294117647,0.026745184639921482,0,BENIGN,BENIGN
20170706_1725,2017-07-06 17:25:00,2017-07-06 17:25:59,2017-07-06,Thursday,206,29,6.8,837.1166666666667,6689520.448275862,23108985.911765903,0.7241379310344828,123.10539215686275,156.4225877645888,1.50920245398773,7,16,0.3103448275862069,0.049019607843137254,0,BENIGN,BENIGN
20170706_1726,2017-07-06 17:26:00,2017-07-06 17:26:59,2017-07-06,Thursday,207,66,10.3,1270.6166666666666,9451919.651515152,26635418.954270184,0.8333333333333334,123.36084142394822,64.82568807581467,1.6340425531914893,7,22,0.18181818181818182,0.022653721682847898,0,BENIGN,BENIGN
20170706_1727,2017-07-06 17:27:00,2017-07-06 17:27:59,2017-07-06,Thursday,208,341,118.98333333333333,61465.53333333333,17597069.255131964,38265487.14130668,0.7067448680351907,516.5894382966802,189.9298621198101,0.9761970661500139,12,49,0.3870967741935484,0.04076201148620255,0,BENIGN,BENIGN
20170706_1728,2017-07-06 17:28:00,2017-07-06 17:28:59,2017-07-06,Thursday,209,239,100.11666666666666,53744.26666666667,16372504.192468619,37750822.391775295,0.6778242677824268,536.8163808889628,209.16964401368824,0.8151057401812689,10,33,0.38493723849372385,0.032795072415515235,0,BENIGN,BENIGN
20170706_1729,2017-07-06 17:29:00,2017-07-06 17:29:59,2017-07-06,Thursday,210,172,68.35,31046.15,18327713.43023256,40646820.04237222,0.7441860465116279,454.22311631309435,154.9595365784575,0.9025974025974026,13,33,0.36046511627906974,0.033650329188002925,0,BENIGN,BENIGN
20170706_1730,2017-07-06 17:30:00,2017-07-06 17:30:59,2017-07-06,Thursday,211,228,93.78333333333333,54636.933333333334,17450105.692982458,36349318.27486627,0.6666666666666666,582.5868135773947,140.04350941665166,0.8154838709677419,10,42,0.38596491228070173,0.025946330193708903,0,BENIGN,BENIGN
20170706_1731,2017-07-06 17:31:00,2017-07-06 17:31:59,2017-07-06,Thursday,212,77,24.133333333333333,3217.9333333333334,15531541.922077922,33629451.48585768,0.6103896103896104,133.33977900552486,133.22468791272016,1.3560975609756099,9,29,0.44155844155844154,0.04903314917127072,0,BENIGN,BENIGN
20170706_1732,2017-07-06 17:32:00,2017-07-06 17:32:59,2017-07-06,Thursday,213,66,21.033333333333335,3838.633333333333,19711855.757575758,40395548.69137836,0.5757575757575758,182.50237717908084,171.3973960780985,1.0738916256157636,8,24,0.5,0.0491283676703645,0,BENIGN,BENIGN
20170706_1733,2017-07-06 17:33:00,2017-07-06 17:33:59,2017-07-06,Thursday,214,57,14.85,2182.35,3960762.3684210526,12516983.14692224,0.631578947368421,146.95959595959596,128.2951359576086,1.8138801261829653,13,24,0.38596491228070173,0.06060606060606061,0,BENIGN,BENIGN
20170706_1734,2017-07-06 17:34:00,2017-07-06 17:34:59,2017-07-06,Thursday,215,20,1.7333333333333334,142.88333333333333,607824.75,1423011.494429956,0.85,82.4326923076923,26.677881676454035,1.0192307692307692,4,16,0.15,0.019230769230769232,0,BENIGN,BENIGN
20170706_1735,2017-07-06 17:35:00,2017-07-06 17:35:59,2017-07-06,Thursday,216,21,10.3,2431.3,7444562.285714285,22846689.301552717,0.7619047619047619,236.04854368932038,189.7961936918488,1.0564784053156147,8,12,0.42857142857142855,0.05177993527508091,0,BENIGN,BENIGN
20170706_1736,2017-07-06 17:36:00,2017-07-06 17:36:59,2017-07-06,Thursday,217,25,9.533333333333333,1332.5666666666666,7706426.04,22588941.82892511,0.68,139.77972027972027,200.34783268715753,2.2742857142857145,11,10,0.44,0.07167832167832168,0,BENIGN,BENIGN
20170706_1737,2017-07-06 17:37:00,2017-07-06 17:37:59,2017-07-06,Thursday,218,25,15.466666666666667,2199.1,6578809.28,18669884.504942592,0.44,142.1831896551724,231.4757053506222,0.9557894736842105,12,6,0.72,0.06573275862068965,0,BENIGN,BENIGN
20170706_1738,2017-07-06 17:38:00,2017-07-06 17:38:59,2017-07-06,Thursday,219,16,4.083333333333333,378.03333333333336,10505947.6875,28627832.859577168,0.625,92.57959183673469,91.3255510727124,3.641509433962264,7,9,0.1875,0.024489795918367346,0,BENIGN,BENIGN
20170706_1739,2017-07-06 17:39:00,2017-07-06 17:39:59,2017-07-06,Thursday,220,17,9.083333333333334,1119.5666666666666,9900448.294117646,26398850.001741126,0.4117647058823529,123.25504587155963,196.18528834649445,0.956989247311828,6,8,0.5882352941176471,0.047706422018348627,0,BENIGN,BENIGN
20170706_1740,2017-07-06 17:40:00,2017-07-06 17:40:59,2017-07-06,Thursday,221,22,12.366666666666667,1173.0166666666667,11200921.363636363,26556476.77031437,0.36363636363636365,94.85309973045823,140.9787662892973,1.8358778625954197,8,11,0.36363636363636365,0.03504043126684636,0,BENIGN,BENIGN
20170706_1741,2017-07-06 17:41:00,2017-07-06 17:41:59,2017-07-06,Thursday,222,176,41.55,12950.85,10485008.517045455,31136566.801712938,0.7727272727272727,311.69314079422384,165.48179897249773,0.9591516103692066,10,33,0.30113636363636365,0.05254713196951464,0,BENIGN,BENIGN
20170706_1742,2017-07-06 17:42:00,2017-07-06 17:42:59,2017-07-06,Thursday,223,35,8.983333333333333,1252.55,16058935.542857142,37728330.88046968,0.7428571428571429,139.430426716141,161.8775349012397,1.8421052631578947,8,14,0.3142857142857143,0.0575139146567718,0,BENIGN,BENIGN
20170706_1743,2017-07-06 17:43:00,2017-07-06 17:43:59,2017-07-06,Thursday,224,363,133.05,44580.2,34628243.56473829,50086115.23945764,0.5702479338842975,335.06350995866217,243.06619292198732,1.0284552845528456,9,78,0.45454545454545453,0.04259050482274834,0,BENIGN,BENIGN
20170706_1744,2017-07-06 17:44:00,2017-07-06 17:44:59,2017-07-06,Thursday,225,583,220.25,125073.88333333333,19036661.77186964,39651625.94279926,0.6535162950257289,567.8723420355657,237.7728791317934,0.9262498178108147,10,80,0.41509433962264153,0.03738176314793795,0,BENIGN,BENIGN
20170706_1745,2017-07-06 17:45:00,2017-07-06 17:45:59,2017-07-06,Thursday,226,46,7.833333333333333,1630.9666666666667,10602046.217391305,29428507.64418696,0.782608695652174,208.20851063829787,157.63017985272623,1.3908629441624365,6,16,0.30434782608695654,0.04680851063829787,0,BENIGN,BENIGN
20170706_1746,2017-07-06 17:46:00,2017-07-06 17:46:59,2017-07-06,Thursday,227,72,20.633333333333333,3107.016666666667,15767086.986111112,35648272.81832347,0.4722222222222222,150.58239095315025,178.8370677599892,1.3158878504672897,7,26,0.5416666666666666,0.05815831987075929,0,BENIGN,BENIGN
20170706_1747,2017-07-06 17:47:00,2017-07-06 17:47:59,2017-07-06,Thursday,228,36,13.7,1770.7,7567702.666666667,19278497.583560035,0.3333333333333333,129.24817518248176,157.4284573790149,1.4567164179104477,11,20,0.8055555555555556,0.058394160583941604,0,BENIGN,BENIGN
20170706_1748,2017-07-06 17:48:00,2017-07-06 17:48:59,2017-07-06,Thursday,229,27,11.616666666666667,1679.25,9441091.148148147,30949301.596273337,0.5555555555555556,144.55523672883788,141.0174211721194,1.0529411764705883,7,12,0.5185185185185185,0.043041606886657105,0,BENIGN,BENIGN
20170706_1749,2017-07-06 17:49:00,2017-07-06 17:49:59,2017-07-06,Thursday,230,50,10.616666666666667,1624.4,2244696.92,14977620.766972154,0.92,153.00470957613814,118.3453252875804,1.3895131086142323,8,6,0.16,0.04395604395604396,0,BENIGN,BENIGN
20170706_1750,2017-07-06 17:50:00,2017-07-06 17:50:59,2017-07-06,Thursday,231,17,10.3,1759.3833333333334,4275586.705882353,14474192.221538834,0.5882352941176471,170.81391585760517,251.63677983330084,1.022875816993464,7,8,0.6470588235294118,0.05825242718446602,0,BENIGN,BENIGN
20170706_1751,2017-07-06 17:51:00,2017-07-06 17:51:59,2017-07-06,Thursday,232,180,36.916666666666664,14849.716666666667,2809802.738888889,12463032.216673937,0.7888888888888889,402.24966139954853,162.36062029218172,1.0671641791044777,14,34,0.2611111111111111,0.04875846501128668,0,BENIGN,BENIGN
20170706_1752,2017-07-06 17:52:00,2017-07-06 17:52:59,2017-07-06,Thursday,233,132,13.183333333333334,2687.6666666666665,604970.0606060605,1994773.2540093116,0.9242424242424242,203.8685208596713,89.20397828909324,0.9949622166246851,6,31,0.15151515151515152,0.05309734513274336,0,BENIGN,BENIGN
20170706_1753,2017-07-06 17:53:00,2017-07-06 17:53:59,2017-07-06,Thursday,234,22,8.183333333333334,1154.4,10098528.090909092,27977147.068605453,0.7272727272727273,141.06720977596743,145.11404347182585,1.6885245901639345,9,12,0.36363636363636365,0.04480651731160896,0,BENIGN,BENIGN
20170706_1754,2017-07-06 17:54:00,2017-07-06 17:54:59,2017-07-06,Thursday,235,61,18.866666666666667,5239.983333333334,19090780.442622952,40382096.655530006,0.7377049180327869,277.73763250883394,157.26298920141284,1.0053097345132744,8,14,0.32786885245901637,0.045936395759717315,0,BENIGN,BENIGN
20170706_1755,2017-07-06 17:55:00,2017-07-06 17:55:59,2017-07-06,Thursday,236,768,232.88333333333333,130584.5,18279082.239583332,39047972.678921245,0.7005208333333334,560.729263579761,196.3811352528957,0.9269167126309984,9,94,0.3268229166666667,0.036642095469834685,0,BENIGN,BENIGN
20170706_1756,2017-07-06 17:56:00,2017-07-06 17:56:59,2017-07-06,Thursday,237,374,129.73333333333332,76204.8,13970337.294117646,33900803.066094175,0.7513368983957219,587.3956834532374,214.02777851071957,0.8909400048579063,11,58,0.39037433155080214,0.03892600205549846,0,BENIGN,BENIGN
20170706_1757,2017-07-06 17:57:00,2017-07-06 17:57:59,2017-07-06,Thursday,238,407,97.33333333333333,28805.516666666666,13406532.557739558,33773510.13761872,0.7518427518427518,295.94708904109586,188.6371750004408,1.0295343988881167,11,61,0.36117936117936117,0.050684931506849315,0,BENIGN,BENIGN
20170706_1758,2017-07-06 17:58:00,2017-07-06 17:58:59,2017-07-06,Thursday,239,138,29.233333333333334,3700.266666666667,6168892.15942029,23019853.649854776,0.7971014492753623,126.5769669327252,102.26620940674562,1.3462566844919786,14,36,0.34057971014492755,0.04789053591790194,0,BENIGN,BENIGN
20170706_1759,2017-07-06 17:59:00,2017-07-06 17:59:59,2017-07-06,Thursday,240,113,24.25,3830.7,9261401.407079646,26160379.305929754,0.7345132743362832,157.96701030927835,117.48196670483901,1.1538461538461537,13,22,0.3185840707964602,0.056357388316151204,0,BENIGN,BENIGN
20170706_1800,2017-07-06 18:00:00,2017-07-06 18:00:59,2017-07-06,Thursday,241,129,74.08333333333333,50382.45,14629687.0,33780034.09233985,0.6821705426356589,680.0780652418448,170.78959391432227,0.8213846784104875,8,38,0.37209302325581395,0.015298087739032622,0,BENIGN,BENIGN
20170706_1801,2017-07-06 18:01:00,2017-07-06 18:01:59,2017-07-06,Thursday,242,584,184.73333333333332,101618.93333333333,10496909.034246575,28309386.595002618,0.726027397260274,550.084446048358,194.75133685828877,0.9043119738876482,9,74,0.3287671232876712,0.03644893540238181,0,BENIGN,BENIGN
20170706_1802,2017-07-06 18:02:00,2017-07-06 18:02:59,2017-07-06,Thursday,243,40,9.15,1373.2833333333333,14544713.45,35521715.04286265,0.65,150.0856102003643,149.96356405355132,1.4774774774774775,6,12,0.375,0.051001821493624776,0,BENIGN,BENIGN
20170706_1803,2017-07-06 18:03:00,2017-07-06 18:03:59,2017-07-06,Thursday,244,40,8.35,807.9,17346332.825,27937155.50630904,0.25,96.75449101796407,87.99538503562596,1.2818181818181817,8,26,0.85,0.05389221556886228,0,BENIGN,BENIGN
20170706_1804,2017-07-06 18:04:00,2017-07-06 18:04:59,2017-07-06,Thursday,245,211,51.233333333333334,17957.483333333334,13673640.028436018,33910800.67355931,0.7203791469194313,350.50390370852307,155.96819964187625,1.0216962524654833,11,36,0.33175355450236965,0.044892648015614836,0,BENIGN,BENIGN
20170706_1805,2017-07-06 18:05:00,2017-07-06 18:05:59,2017-07-06,Thursday,246,8,1.8833333333333333,250.9,22153877.875,43038373.42767141,0.5,133.2212389380531,165.70864070010973,0.9655172413793104,3,5,0.5,0.061946902654867256,0,BENIGN,BENIGN
20170706_1806,2017-07-06 18:06:00,2017-07-06 18:06:59,2017-07-06,Thursday,247,89,23.05,2926.0833333333335,16811916.38202247,36335504.84880633,0.7415730337078652,126.94504699927694,105.7278631777234,1.4195804195804196,10,19,0.25842696629213485,0.033261026753434564,0,BENIGN,BENIGN
20170706_1807,2017-07-06 18:07:00,2017-07-06 18:07:59,2017-07-06,Thursday,248,17,6.2,1200.1666666666667,1691880.4117647058,3910607.352866177,0.7647058823529411,193.5752688172043,238.61789310274506,1.0722222222222222,10,6,0.5882352941176471,0.0913978494623656,0,BENIGN,BENIGN
20170706_1808,2017-07-06 18:08:00,2017-07-06 18:08:59,2017-07-06,Thursday,249,824,335.1666666666667,206597.33333333334,22087397.27184466,43360492.449653305,0.7087378640776699,616.4017901541522,201.57372749890388,0.876026119402985,12,97,0.3883495145631068,0.03028344107409249,0,BENIGN,BENIGN
20170706_1809,2017-07-06 18:09:00,2017-07-06 18:09:59,2017-07-06,Thursday,250,173,55.18333333333333,28025.9,16640673.410404624,39453441.64148546,0.7745664739884393,507.8689217758985,144.61177012572028,0.8298342541436464,11,39,0.2658959537572254,0.0320144971307762,0,BENIGN,BENIGN
20170706_1810,2017-07-06 18:10:00,2017-07-06 18:10:59,2017-07-06,Thursday,251,958,264.96666666666664,105669.6,17798969.967640918,37653132.162327155,0.7014613778705637,398.8033714932696,183.91751298457237,0.9323043266893535,10,122,0.31941544885177453,0.03843250723361429,0,BENIGN,BENIGN
20170706_1811,2017-07-06 18:11:00,2017-07-06 18:11:59,2017-07-06,Thursday,252,777,195.06666666666666,67707.31666666667,21949119.236808237,41080423.45985267,0.6422136422136422,347.09834244702665,195.10514292831348,0.9967587853974753,7,116,0.3655083655083655,0.043233082706766915,0,BENIGN,BENIGN
20170706_1812,2017-07-06 18:12:00,2017-07-06 18:12:59,2017-07-06,Thursday,253,698,189.16666666666666,83894.83333333333,17096411.226361033,37284767.97687047,0.6934097421203438,443.4969162995595,147.12933270428363,0.9255301102629346,8,97,0.32808022922636104,0.035594713656387666,0,BENIGN,BENIGN
20170706_1813,2017-07-06 18:13:00,2017-07-06 18:13:59,2017-07-06,Thursday,254,930,266.75,122405.5,15282747.99139785,35162092.09114221,0.6989247311827957,458.8772258669166,184.03043343610926,0.9277369625436589,10,115,0.35053763440860214,0.038925335832552324,0,BENIGN,BENIGN
20170706_1814,2017-07-06 18:14:00,2017-07-06 18:14:59,2017-07-06,Thursday,255,148,33.18333333333333,5489.55,18950491.533783782,37239896.76609594,0.5878378378378378,165.43093922651934,96.89259288868443,1.273972602739726,10,49,0.5540540540540541,0.04018081366147665,0,BENIGN,BENIGN
20170706_1815,2017-07-06 18:15:00,2017-07-06 18:15:59,2017-07-06,Thursday,256,1014,254.03333333333333,140618.78333333333,12912119.958579881,31749793.373581156,0.6745562130177515,553.5446135677732,164.62379972854976,0.8811551277304702,10,172,0.3520710059171598,0.04192363206928225,0,BENIGN,BENIGN
20170706_1816,2017-07-06 18:16:00,2017-07-06 18:16:59,2017-07-06,Thursday,257,146,30.266666666666666,3300.0,16507969.5,33929107.527450524,0.5136986301369864,109.03083700440529,116.28016701001962,1.489041095890411,10,61,0.5273972602739726,0.05671806167400881,0,BENIGN,BENIGN
20170706_1817,2017-07-06 18:17:00,2017-07-06 18:17:59,2017-07-06,Thursday,258,768,277.9,158914.66666666666,15859357.001302084,34590117.17500404,0.6770833333333334,571.8411898764543,221.01062845168278,0.9663915094339622,11,118,0.40234375,0.03670385030586542,0,BENIGN,BENIGN
20170706_1818,2017-07-06 18:18:00,2017-07-06 18:18:59,2017-07-06,Thursday,259,528,166.81666666666666,106086.0,9342554.142045455,25831607.56393879,0.7708333333333334,635.9436507143571,139.52881317640748,0.8994307400379506,9,80,0.3162878787878788,0.03077230492556699,0,BENIGN,BENIGN
20170706_1819,2017-07-06 18:19:00,2017-07-06 18:19:59,2017-07-06,Thursday,260,1472,365.8333333333333,182159.58333333334,9789565.51290761,26517151.74169505,0.6440217391304348,497.93052391799546,204.59313529989663,0.9574638844301766,7,197,0.38179347826086957,0.049840546697038725,0,BENIGN,BENIGN
20170706_1820,2017-07-06 18:20:00,2017-07-06 18:20:59,2017-07-06,Thursday,261,1255,342.51666666666665,174629.98333333334,13608639.491633466,33100412.73260581,0.6796812749003984,509.8437545618218,174.48807167483525,0.902962962962963,12,171,0.38645418326693226,0.04676171475840592,0,BENIGN,BENIGN
20170706_1821,2017-07-06 18:21:00,2017-07-06 18:21:59,2017-07-06,Thursday,262,677,176.66666666666666,59060.15,14770925.150664696,35079321.81265075,0.7607090103397341,334.3027358490566,236.91972571912342,0.996421845574388,10,88,0.4963072378138848,0.060660377358490565,0,BENIGN,BENIGN
20170706_1822,2017-07-06 18:22:00,2017-07-06 18:22:59,2017-07-06,Thursday,263,707,191.76666666666668,87205.41666666667,19507604.256011315,38775609.50567345,0.6534653465346535,454.74752303146187,190.86692574140272,0.9457220155563071,8,112,0.41725601131541723,0.05092994959151747,0,BENIGN,BENIGN
20170706_1823,2017-07-06 18:23:00,2017-07-06 18:23:59,2017-07-06,Thursday,264,509,255.3,180086.8,21071183.92141454,41407666.76429693,0.6699410609037328,705.3928711320016,207.54827063827094,0.7409932946925787,11,91,0.37721021611001965,0.02252252252252252,0,BENIGN,BENIGN
20170706_1824,2017-07-06 18:24:00,2017-07-06 18:24:59,2017-07-06,Thursday,265,867,296.76666666666665,173565.25,18847392.974625144,39641875.60372328,0.6562860438292965,584.8542626081096,184.24620276828327,0.8817499735813167,9,121,0.3817762399077278,0.035212849601258006,0,BENIGN,BENIGN
20170706_1825,2017-07-06 18:25:00,2017-07-06 18:25:59,2017-07-06,Thursday,266,887,346.26666666666665,251887.26666666666,17350992.016910937,36861582.64411515,0.6922209695603156,727.4372352714671,175.3768161362223,0.8484875444839858,8,138,0.342728297632469,0.027579899884482093,0,BENIGN,BENIGN
20170706_1826,2017-07-06 18:26:00,2017-07-06 18:26:59,2017-07-06,Thursday,267,1418,286.95,89516.75,16312505.368829338,36518410.61168136,0.6840620592383639,311.9594005924377,153.75275651905656,1.0316224188790561,6,189,0.33638928067700985,0.05482952895394087,0,BENIGN,BENIGN
20170706_1827,2017-07-06 18:27:00,2017-07-06 18:27:59,2017-07-06,Thursday,268,216,92.96666666666667,57278.23333333333,15764619.078703703,33487918.63686079,0.5509259259259259,616.1158121190391,174.14268488529544,0.9459365190094176,10,78,0.5185185185185185,0.024381498745069917,0,BENIGN,BENIGN
20170706_1828,2017-07-06 18:28:00,2017-07-06 18:28:59,2017-07-06,Thursday,269,681,184.55,81601.26666666666,16616809.064610867,37413034.38908114,0.7019089574155654,442.16346067009846,153.93947412807236,0.9641716920893934,10,104,0.3436123348017621,0.03937505644360155,0,BENIGN,BENIGN
20170706_1829,2017-07-06 18:29:00,2017-07-06 18:29:59,2017-07-06,Thursday,270,409,114.48333333333333,51218.01666666667,18184107.606356967,40488456.4599083,0.7457212713936431,447.38404425680596,153.43391728316547,0.9152495121271257,10,65,0.37897310513447435,0.037851215606347355,0,BENIGN,BENIGN
20170706_1830,2017-07-06 18:30:00,2017-07-06 18:30:59,2017-07-06,Thursday,271,82,66.83333333333333,76438.71666666666,29460539.256097563,43103604.281286925,0.5487804878048781,1143.7214463840398,244.24424124947362,0.5426923076923077,6,25,0.4878048780487805,0.017456359102244388,0,BENIGN,BENIGN
20170706_1831,2017-07-06 18:31:00,2017-07-06 18:31:59,2017-07-06,Thursday,272,831,250.85,100543.9,20989163.249097474,41639936.31100864,0.6606498194945848,400.8128363563883,170.65349440050292,0.9686110384514779,11,114,0.3574007220216607,0.03594445551790579,0,BENIGN,BENIGN
20170706_1832,2017-07-06 18:32:00,2017-07-06 18:32:59,2017-07-06,Thursday,273,828,252.66666666666666,119665.1,14482562.875603864,34649491.7084337,0.6727053140096618,473.6085751978892,163.64117627210422,0.8984472827448035,8,105,0.3502415458937198,0.039775725593667544,0,BENIGN,BENIGN
20170706_1833,2017-07-06 18:33:00,2017-07-06 18:33:59,2017-07-06,Thursday,274,95,47.2,23830.35,13883434.136842106,29915083.045845218,0.5578947368421052,504.88029661016947,185.19212609570945,0.9259007477906186,9,27,0.4421052631578947,0.022598870056497175,0,BENIGN,BENIGN
20170706_1834,2017-07-06 18:34:00,2017-07-06 18:34:59,2017-07-06,Thursday,275,857,229.68333333333334,84533.95,18896644.68028005,38738945.190922275,0.6441073512252042,368.0456425513388,167.3019507775797,0.9297115653878465,6,136,0.36406067677946324,0.04208693128220013,0,BENIGN,BENIGN
20170706_1835,2017-07-06 18:35:00,2017-07-06 18:35:59,2017-07-06,Thursday,276,272,62.3,24003.483333333334,5548987.323529412,22188589.037025496,0.8014705882352942,385.2886570358481,77.10069909510759,0.996262680192205,11,33,0.19852941176470587,0.02086677367576244,0,BENIGN,BENIGN
20170706_1836,2017-07-06 18:36:00,2017-07-06 18:36:59,2017-07-06,Thursday,277,404,406.21666666666664,365132.2,26281838.257425744,46530147.893834636,0.6881188118811881,898.8607065195093,205.97671627765143,0.872762197464464,10,72,0.3712871287128713,0.01185738316990112,0,BENIGN,BENIGN
20170706_1837,2017-07-06 18:37:00,2017-07-06 18:37:59,2017-07-06,Thursday,278,1441,432.85,248822.86666666667,11605147.543372657,31052432.077110756,0.7203331020124913,574.8477917677409,176.3673248118211,0.8660727115964938,9,140,0.29424011103400416,0.03165068730507104,0,BENIGN,BENIGN
20170706_1838,2017-07-06 18:38:00,2017-07-06 18:38:59,2017-07-06,Thursday,279,643,177.68333333333334,87602.7,13414272.511664074,33310450.704461895,0.7045101088646968,493.0271081512053,137.1220151819968,0.8910961333806314,10,79,0.2986003110419907,0.03526873651627427,0,BENIGN,BENIGN
20170706_1839,2017-07-06 18:39:00,2017-07-06 18:39:59,2017-07-06,Thursday,280,219,95.76666666666667,57504.03333333333,23847551.15525114,40314575.93648246,0.547945205479452,600.4597981204316,156.61317927221862,0.9067684140676842,8,59,0.5388127853881278,0.023668639053254437,0,BENIGN,BENIGN
20170706_1840,2017-07-06 18:40:00,2017-07-06 18:40:59,2017-07-06,Thursday,281,748,228.85,104800.91666666667,21754128.971925132,40209153.6756687,0.6390374331550802,457.9458888646129,161.57118501091648,0.8943302524486136,10,114,0.3195187165775401,0.0305877212147695,0,BENIGN,BENIGN
20170706_1841,2017-07-06 18:41:00,2017-07-06 18:41:59,2017-07-06,Thursday,282,2190,670.3166666666667,338826.86666666664,20040556.321004566,39458817.6441166,0.647945205479452,505.4728362216863,167.7950807583305,0.949493480684407,9,293,0.3561643835616438,0.03893682090554216,0,BENIGN,BENIGN
20170706_1842,2017-07-06 18:42:00,2017-07-06 18:42:59,2017-07-06,Thursday,283,980,292.03333333333336,138238.56666666668,17876599.78367347,37309204.91138175,0.65,473.36571167674924,179.72258232598642,0.9111135347366125,8,150,0.36428571428571427,0.038637141878780965,0,BENIGN,BENIGN
20170706_1843,2017-07-06 18:43:00,2017-07-06 18:43:59,2017-07-06,Thursday,284,277,141.65,100601.35,13553142.263537906,30832325.19410759,0.6425992779783394,710.210730674197,180.77810810612002,0.9252548131370328,7,71,0.3971119133574007,0.018825744205200612,0,BENIGN,BENIGN
20170706_1844,2017-07-06 18:44:00,2017-07-06 18:44:59,2017-07-06,Thursday,285,742,225.55,117185.75,14226199.355795149,31906211.00326424,0.6684636118598383,519.555530924407,153.36931404044793,0.9746133644587103,9,133,0.3490566037735849,0.032217542303997634,0,BENIGN,BENIGN
20170706_1845,2017-07-06 18:45:00,2017-07-06 18:45:59,2017-07-06,Thursday,286,579,178.3,88044.75,16607744.602763385,36953803.02980261,0.6597582037996546,493.8011777902412,182.99523824902477,0.8979953876175271,8,104,0.3626943005181347,0.038792297625724434,0,BENIGN,BENIGN
20170706_1846,2017-07-06 18:46:00,2017-07-06 18:46:59,2017-07-06,Thursday,287,186,28.233333333333334,4742.583333333333,11030245.059139784,30481394.06531229,0.7419354838709677,167.97815820543093,106.61701068248001,1.3772791023842916,11,39,0.25806451612903225,0.06552538370720189,0,BENIGN,BENIGN
20170706_1847,2017-07-06 18:47:00,2017-07-06 18:47:59,2017-07-06,Thursday,288,368,93.93333333333334,28047.133333333335,17890861.038043477,36805708.21018789,0.6902173913043478,298.5855216465578,152.9528629315708,1.0003548616039744,8,75,0.375,0.04187366926898509,0,BENIGN,BENIGN
20170706_1848,2017-07-06 18:48:00,2017-07-06 18:48:59,2017-07-06,Thursday,289,1316,309.68333333333334,126580.48333333334,13370013.674772037,30980807.234555747,0.7066869300911854,408.7416716000215,170.87639304279972,0.9759676733304976,12,178,0.31458966565349544,0.04413110166298907,0,BENIGN,BENIGN
20170706_1849,2017-07-06 18:49:00,2017-07-06 18:49:59,2017-07-06,Thursday,290,254,93.63333333333334,40278.88333333333,14970062.716535432,36948376.27951476,0.7913385826771654,430.1767532929868,123.22255325065629,1.0226781857451404,20,33,0.2440944881889764,0.027945888216447133,0,BENIGN,BENIGN
20170706_1850,2017-07-06 18:50:00,2017-07-06 18:50:59,2017-07-06,Thursday,291,457,529.7666666666667,514544.35,17592618.98905908,38134608.70429139,0.6849015317286652,971.2659976090102,217.13995646284127,0.7334896657032229,13,77,0.350109409190372,0.009563958975649657,0,BENIGN,BENIGN
20170706_1851,2017-07-06 18:51:00,2017-07-06 18:51:59,2017-07-06,Thursday,292,394,133.65,51670.95,27814609.134517767,47361485.28647524,0.6142131979695431,386.6139169472503,210.46630246876612,0.9925465838509316,17,63,0.4289340101522843,0.042773413143783516,0,BENIGN,BENIGN
20170706_1852,2017-07-06 18:52:00,2017-07-06 18:52:59,2017-07-06,Thursday,293,102,48.93333333333333,25127.983333333334,10161858.87254902,28963544.817351006,0.6764705882352942,513.5146457765668,182.44001751768027,0.7985303123086344,12,26,0.4117647058823529,0.02861035422343324,0,BENIGN,BENIGN
20170706_1853,2017-07-06 18:53:00,2017-07-06 18:53:59,2017-07-06,Thursday,294,604,220.85,127693.23333333334,19488642.236754965,36660543.542355105,0.6258278145695364,578.1898724624557,212.811593010839,0.8544640358242374,11,88,0.3824503311258278,0.0313183910648253,0,BENIGN,BENIGN
20170706_1854,2017-07-06 18:54:00,2017-07-06 18:54:59,2017-07-06,Thursday,295,1080,361.3,202815.78333333333,13947151.414814815,32391944.08003502,0.6944444444444444,561.3500784205185,186.80235837620543,0.8484822646657572,11,135,0.3398148148148148,0.03381308238767414,0,BENIGN,BENIGN
20170706_1855,2017-07-06 18:55:00,2017-07-06 18:55:59,2017-07-06,Thursday,296,1077,360.73333333333335,186330.0,16167554.808727948,35844833.2586711,0.6935933147632312,516.5311402698208,190.51748417736482,0.8756499133448874,13,150,0.37697307335190344,0.03686934023285899,0,BENIGN,BENIGN
20170706_1856,2017-07-06 18:56:00,2017-07-06 18:56:59,2017-07-06,Thursday,297,431,509.2,514396.26666666666,14179284.294663573,29684681.129372388,0.6218097447795824,1010.204765645457,254.73176067914306,0.8542817260423621,17,62,0.4222737819025522,0.011423147420790782,0,BENIGN,BENIGN
20170706_1857,2017-07-06 18:57:00,2017-07-06 18:57:59,2017-07-06,Thursday,298,689,274.2,151817.95,22924229.718432512,42036212.13024563,0.5863570391872278,553.6759664478483,219.26130032393823,0.9933365640901382,21,99,0.44992743105950656,0.0350109409190372,0,BENIGN,BENIGN
20170706_1858,2017-07-06 18:58:00,2017-07-06 18:58:59,2017-07-06,Thursday,299,874,263.7,141978.03333333333,13801640.411899313,32472506.709759716,0.6979405034324943,538.4074074074074,156.8636269009702,0.8845878989995236,14,107,0.3169336384439359,0.033940083428138035,0,BENIGN,BENIGN
20170706_1859,2017-07-06 18:59:00,2017-07-06 18:59:59,2017-07-06,Thursday,300,1286,382.6166666666667,146704.4,16954173.39424572,34935407.958246455,0.6539657853810265,383.4239665461515,223.19570934302791,1.0001742463843875,12,159,0.4059097978227061,0.04586836259093087,0,BENIGN,BENIGN
20170706_1900,2017-07-06 19:00:00,2017-07-06 19:00:59,2017-07-06,Thursday,301,1247,88.03333333333333,14570.583333333334,3028433.180433039,16397568.599673871,0.9334402566158782,165.51211662249148,33.26115515091083,1.075834970530452,962,64,0.8853247794707297,0.2192351382052253,0,BENIGN,BENIGN
20170706_1901,2017-07-06 19:01:00,2017-07-06 19:01:59,2017-07-06,Thursday,302,997,349.6166666666667,194428.36666666667,13845737.552657973,33263479.569349892,0.7031093279839519,556.1187014349049,179.77971456621972,0.9291888909324996,13,136,0.3299899699097292,0.029174810506745485,0,BENIGN,BENIGN
20170706_1902,2017-07-06 19:02:00,2017-07-06 19:02:59,2017-07-06,Thursday,303,843,273.8333333333333,128798.01666666666,12521771.419928826,30691844.85802952,0.6714116251482799,470.3518563603165,191.72677233599669,0.8921004145555044,17,111,0.36773428232502964,0.03524041387705417,0,BENIGN,BENIGN
20170706_1903,2017-07-06 19:03:00,2017-07-06 19:03:59,2017-07-06,Thursday,304,976,296.0833333333333,165362.61666666667,16514107.61987705,36235605.15963608,0.7059426229508197,558.5002533070644,176.989806896513,0.8744460856720827,12,128,0.33811475409836067,0.035519279482127776,0,BENIGN,BENIGN
20170706_1904,2017-07-06 19:04:00,2017-07-06 19:04:59,2017-07-06,Thursday,305,992,245.06666666666666,67350.81666666667,18661881.02016129,37678428.84399444,0.6381048387096774,274.82650979325354,195.95154877793314,1.0369857320958582,12,169,0.38911290322580644,0.05413492927094668,0,BENIGN,BENIGN
20170706_1905,2017-07-06 19:05:00,2017-07-06 19:05:59,2017-07-06,Thursday,306,944,230.15,67272.81666666667,16340809.67266949,33773604.740165435,0.638771186440678,292.2998768918821,186.35560519330886,1.0605789316621903,10,159,0.4226694915254237,0.05047432833659208,0,BENIGN,BENIGN
20170706_1906,2017-07-06 19:06:00,2017-07-06 19:06:59,2017-07-06,Thursday,307,298,91.48333333333333,29951.516666666666,24244075.22147651,43585853.51005386,0.5771812080536913,327.3986154126435,158.5063165237068,1.127906976744186,13,76,0.4865771812080537,0.036072144288577156,0,BENIGN,BENIGN
20170706_1907,2017-07-06 19:07:00,2017-07-06 19:07:59,2017-07-06,Thursday,308,371,186.68333333333334,109038.48333333334,18366073.86522911,38407998.3096319,0.6792452830188679,584.0825819123293,178.0879226870541,0.7812052790586739,12,76,0.40431266846361186,0.023212213195250422,0,BENIGN,BENIGN
20170706_1908,2017-07-06 19:08:00,2017-07-06 19:08:59,2017-07-06,Thursday,309,338,89.2,32314.5,8877939.174556212,21723753.434954,0.665680473372781,362.27017937219733,222.05395229854935,1.0828793774319065,14,56,0.41124260355029585,0.04857997010463378,0,BENIGN,BENIGN
20170706_1909,2017-07-06 19:09:00,2017-07-06 19:09:59,2017-07-06,Thursday,310,410,119.48333333333333,38924.38333333333,22098345.89268293,39841900.3942469,0.573170731707317,325.7724926768029,213.09743564700267,1.0282885431400284,14,111,0.4585365853658537,0.04798437717952295,0,BENIGN,BENIGN
20170706_1910,2017-07-06 19:10:00,2017-07-06 19:10:59,2017-07-06,Thursday,311,446,131.95,57600.7,14377686.239910314,34705913.83594524,0.7309417040358744,436.53429329291396,149.3123428718478,1.0081156479837687,18,84,0.3183856502242152,0.035114310976379945,0,BENIGN,BENIGN
20170706_1911,2017-07-06 19:11:00,2017-07-06 19:11:59,2017-07-06,Thursday,312,530,219.06666666666666,151509.53333333333,16369964.252830189,35384827.610734425,0.690566037735849,691.6138161898965,209.90027313969637,0.7881920827098354,16,76,0.360377358490566,0.029138770541692026,0,BENIGN,BENIGN
20170706_1912,2017-07-06 19:12:00,2017-07-06 19:12:59,2017-07-06,Thursday,313,183,102.48333333333333,58832.5,25160729.486338798,41388527.32541376,0.5737704918032787,574.0689543015125,240.69351325081024,0.8195266272189349,12,42,0.4426229508196721,0.024719466579931695,0,BENIGN,BENIGN
20170706_1913,2017-07-06 19:13:00,2017-07-06 19:13:59,2017-07-06,Thursday,314,267,44.65,7833.6,12696398.464419475,33079484.607037395,0.7340823970037453,175.44456886898095,75.14093558127811,1.120253164556962,10,49,0.27715355805243447,0.039567002612915264,0,BENIGN,BENIGN
20170706_1914,2017-07-06 19:14:00,2017-07-06 19:14:59,2017-07-06,Thursday,315,1190,354.1166666666667,170720.36666666667,17776794.5302521,36940113.45803199,0.6789915966386555,482.1020379347673,187.04207965374354,0.8991776903825527,15,165,0.33865546218487397,0.037840636325128255,0,BENIGN,BENIGN
20170706_1915,2017-07-06 19:15:00,2017-07-06 19:15:59,2017-07-06,Thursday,316,549,141.61666666666667,41488.03333333333,19834858.825136613,37309147.323649116,0.6083788706739527,292.96010356596446,184.3848257969448,1.0047180938900684,13,102,0.4134790528233151,0.051547605037071904,0,BENIGN,BENIGN
20170706_1916,2017-07-06 19:16:00,2017-07-06 19:16:59,2017-07-06,Thursday,317,264,62.35,13459.716666666667,11353429.106060605,28968700.915103633,0.6856060606060606,215.8735632183908,136.91631625198963,1.2155121373593842,20,60,0.36742424242424243,0.05586741512964448,0,BENIGN,BENIGN
20170706_1917,2017-07-06 19:17:00,2017-07-06 19:17:59,2017-07-06,Thursday,318,578,175.78333333333333,71796.43333333333,21962193.46020761,40996411.302731365,0.6401384083044983,408.4370911159571,192.23889800743584,0.9192139737991266,13,100,0.3892733564013841,0.03944249549634967,0,BENIGN,BENIGN
20170706_1918,2017-07-06 19:18:00,2017-07-06 19:18:59,2017-07-06,Thursday,319,599,284.68333333333334,180208.05,18999481.4590985,38515255.94810818,0.6393989983305509,633.0122943621568,210.1452468772423,0.8397415185783522,17,90,0.39398998330550916,0.0255254376207482,0,BENIGN,BENIGN
20170706_1919,2017-07-06 19:19:00,2017-07-06 19:19:59,2017-07-06,Thursday,320,1997,511.0,218497.66666666666,15911666.63144717,35326290.42512462,0.700050075112669,427.5883887801696,181.48321813277258,0.928243506697692,16,263,0.3299949924887331,0.04275929549902153,1,Infiltration,Infiltration
20170706_1920,2017-07-06 19:20:00,2017-07-06 19:20:59,2017-07-06,Thursday,321,214,45.6,7134.383333333333,13743451.214953272,30540318.613678347,0.6635514018691588,156.45577485380116,90.31291299926843,1.5507921714818267,16,68,0.35046728971962615,0.031432748538011694,0,BENIGN,BENIGN
20170706_1921,2017-07-06 19:21:00,2017-07-06 19:21:59,2017-07-06,Thursday,322,219,443.03333333333336,483649.4666666667,21312753.488584474,38198323.23971248,0.6027397260273972,1091.677375667745,171.95681837686914,0.7164718796409892,16,74,0.4657534246575342,0.006094349559852532,0,BENIGN,BENIGN
20170706_1922,2017-07-06 19:22:00,2017-07-06 19:22:59,2017-07-06,Thursday,323,224,77.41666666666667,41163.816666666666,12780816.651785715,28862821.570402343,0.5580357142857143,531.7177610333692,150.7182619773329,1.0359333917616127,14,66,0.45535714285714285,0.025618945102260496,0,BENIGN,BENIGN
20170706_1923,2017-07-06 19:23:00,2017-07-06 19:23:59,2017-07-06,Thursday,324,545,167.86666666666667,59455.15,16570600.423853211,35457102.028779596,0.691743119266055,354.18079825258144,164.4108550425131,1.2635955056179775,18,88,0.3357798165137615,0.03733121525019857,0,BENIGN,BENIGN
20170706_1924,2017-07-06 19:24:00,2017-07-06 19:24:59,2017-07-06,Thursday,325,295,152.4,119681.36666666667,12575415.755932203,31276952.395418342,0.6779661016949152,785.3108048993876,203.45710922314515,0.7952493129171574,11,45,0.37966101694915255,0.025590551181102362,0,BENIGN,BENIGN
20170706_1925,2017-07-06 19:25:00,2017-07-06 19:25:59,2017-07-06,Thursday,326,135,68.98333333333333,41684.333333333336,22054069.874074075,43932049.54333405,0.7555555555555555,604.2667310944672,144.38880264884176,0.8921389396709324,11,33,0.32592592592592595,0.02126117419666586,0,BENIGN,BENIGN
20170706_1926,2017-07-06 19:26:00,2017-07-06 19:26:59,2017-07-06,Thursday,327,117,23.083333333333332,3520.116666666667,5159143.452991453,18786081.45891437,0.7692307692307693,152.49602888086642,75.66327787933875,1.3333333333333333,16,32,0.28205128205128205,0.04332129963898917,0,BENIGN,BENIGN
20170706_1927,2017-07-06 19:27:00,2017-07-06 19:27:59,2017-07-06,Thursday,328,349,110.05,41360.333333333336,21884632.661891118,42720405.52958152,0.667621776504298,375.83219748599123,218.631650112799,1.0326254232071406,17,59,0.4040114613180516,0.04603967893381796,0,BENIGN,BENIGN
20170706_1928,2017-07-06 19:28:00,2017-07-06 19:28:59,2017-07-06,Thursday,329,547,423.45,193419.45,20845418.747714806,41062658.21611886,0.6892138939670932,456.7704569606801,193.14245867145559,0.9181639740298958,11,79,0.31992687385740404,0.014169323414806943,1,Infiltration,Infiltration
20170706_1929,2017-07-06 19:29:00,2017-07-06 19:29:59,2017-07-06,Thursday,330,82,26.683333333333334,4191.816666666667,13245487.841463415,31643241.36548284,0.6585365853658537,157.0949406620862,117.35955059511221,1.5348101265822784,12,23,0.35365853658536583,0.03497813866333541,0,BENIGN,BENIGN
20170706_1930,2017-07-06 19:30:00,2017-07-06 19:30:59,2017-07-06,Thursday,331,1986,910.75,429646.9166666667,18694711.514602214,38208108.32324963,0.6611278952668681,471.7506633726782,196.24981933583206,0.9436599679886182,13,243,0.3690835850956697,0.026315307896422363,1,Infiltration,Infiltration
20170706_1931,2017-07-06 19:31:00,2017-07-06 19:31:59,2017-07-06,Thursday,332,1446,334.6666666666667,155950.28333333333,13469367.571922544,32095949.138967924,0.6970954356846473,465.9869023904383,141.17936255272923,0.8897986071899116,14,170,0.2717842323651452,0.03899402390438247,0,BENIGN,BENIGN
20170706_1932,2017-07-06 19:32:00,2017-07-06 19:32:59,2017-07-06,Thursday,333,656,712.35,530837.4666666667,10319350.015243903,28186574.35131638,0.7759146341463414,745.1919234458717,354.19843970281084,0.7587852851617151,15,78,0.43140243902439024,0.011604782293348307,1,Infiltration,Infiltration
20170706_1933,2017-07-06 19:33:00,2017-07-06 19:33:59,2017-07-06,Thursday,334,3221,621.35,480951.51666666666,6491593.866501086,24387155.311923113,0.8779882024216082,774.0428368337759,135.51548722871922,0.8394513518847444,1006,156,0.8158956845700093,0.13915935731337678,0,BENIGN,BENIGN
20170706_1934,2017-07-06 19:34:00,2017-07-06 19:34:59,2017-07-06,Thursday,335,276,394.8666666666667,365980.81666666665,7946746.079710145,26777383.761763245,0.8152173913043478,926.8465726827621,562.2872929686421,0.6706388379636159,10,39,0.6268115942028986,0.012071585345264224,1,Infiltration,Infiltration
20170706_1935,2017-07-06 19:35:00,2017-07-06 19:35:59,2017-07-06,Thursday,336,621,232.73333333333332,130867.7,24349019.29951691,44592264.85391335,0.644122383252818,562.3075050128903,181.96266080925705,0.9172158154859967,9,84,0.3413848631239936,0.027714122028072184,0,BENIGN,BENIGN
20170706_1936,2017-07-06 19:36:00,2017-07-06 19:36:59,2017-07-06,Thursday,337,411,321.85,204705.33333333334,21083472.87104623,38619929.9601982,0.610705596107056,636.0271347936409,191.70648683853997,0.8976122629458583,13,95,0.39659367396593675,0.013256693076484905,1,Infiltration,Infiltration
20170706_1937,2017-07-06 19:37:00,2017-07-06 19:37:59,2017-07-06,Thursday,338,1212,338.7,202682.31666666668,12995441.0660066,33803473.937569134,0.7582508250825083,598.4125086113571,144.49058248311215,0.9203439478408769,14,146,0.2590759075907591,0.029475445330184036,0,BENIGN,BENIGN
20170706_1938,2017-07-06 19:38:00,2017-07-06 19:38:59,2017-07-06,Thursday,339,102,40.31666666666667,9057.533333333333,19027478.166666668,36659435.9923231,0.5294117647058824,224.6597767672592,121.90256773284051,1.1061792863359443,15,37,0.5490196078431373,0.02645721372467962,1,Infiltration,Infiltration
20170706_1939,2017-07-06 19:39:00,2017-07-06 19:39:59,2017-07-06,Thursday,340,875,311.8,142632.5,18271024.858285714,38163917.22379269,0.6788571428571428,457.4486850545221,173.94345241064363,1.0074034334763948,12,143,0.3394285714285714,0.02982681205901219,1,Infiltration,Infiltration
20170706_1940,2017-07-06 19:40:00,2017-07-06 19:40:59,2017-07-06,Thursday,341,605,161.68333333333334,74139.28333333334,14047897.819834711,34586049.23942759,0.7256198347107438,458.5462323471807,139.7875993674776,0.9627756423224763,12,94,0.2793388429752066,0.02979074322234821,1,Infiltration,Infiltration
20170706_1941,2017-07-06 19:41:00,2017-07-06 19:41:59,2017-07-06,Thursday,342,225,101.76666666666667,74902.28333333334,15324554.506666666,32675139.915868245,0.6577777777777778,736.0198165738618,180.44071968602915,0.9970568999345978,14,47,0.38222222222222224,0.026203734032099576,0,BENIGN,BENIGN
20170706_1942,2017-07-06 19:42:00,2017-07-06 19:42:59,2017-07-06,Thursday,343,354,191.31666666666666,155616.65,8481153.793785311,21861481.73655606,0.655367231638418,813.3982925341928,170.67121797093597,0.8588082901554405,15,71,0.3898305084745763,0.019078316926561548,1,Infiltration,Infiltration
20170706_1943,2017-07-06 19:43:00,2017-07-06 19:43:59,2017-07-06,Thursday,344,178,115.56666666666666,85491.21666666666,14908251.033707865,32887123.700106025,0.6629213483146067,739.7567060859533,123.7876831445807,1.1444032158317872,15,39,0.398876404494382,0.018892414190943178,0,BENIGN,BENIGN
20170706_1944,2017-07-06 19:44:00,2017-07-06 19:44:59,2017-07-06,Thursday,345,1041,352.46666666666664,212316.73333333334,15349826.795389049,36318091.633716635,0.7425552353506244,602.3739360696047,183.91448568472097,0.9452722590139808,16,138,0.32372718539865514,0.03300548515226026,0,BENIGN,BENIGN
20170706_1945,2017-07-06 19:45:00,2017-07-06 19:45:59,2017-07-06,Thursday,346,81,30.333333333333332,11095.7,13669027.75308642,31007605.377433587,0.691358024691358,365.7923076923077,187.39578465836942,1.389763779527559,14,26,0.35802469135802467,0.03626373626373627,0,BENIGN,BENIGN
20170706_1946,2017-07-06 19:46:00,2017-07-06 19:46:59,2017-07-06,Thursday,347,343,163.53333333333333,122891.16666666667,21019150.93877551,40516316.477764614,0.6880466472303207,751.4747248267428,143.46725782770574,0.8585227272727273,12,58,0.3236151603498542,0.017223807582551976,0,BENIGN,BENIGN
20170706_1947,2017-07-06 19:47:00,2017-07-06 19:47:59,2017-07-06,Thursday,348,1417,617.8,497597.35,14296408.50388144,32420878.58933403,0.6958362738179252,805.4343638718032,171.49462946303532,0.8957246599161297,14,169,0.3048694424841214,0.02214848386748678,0,BENIGN,BENIGN
20170706_1948,2017-07-06 19:48:00,2017-07-06 19:48:59,2017-07-06,Thursday,349,487,464.8666666666667,416770.9,17956572.665297743,36581271.380879104,0.6550308008213552,896.5385773698551,237.45834996144893,0.7584793846929769,19,57,0.41683778234086244,0.0170299727520436,0,BENIGN,BENIGN
20170706_1949,2017-07-06 19:49:00,2017-07-06 19:49:59,2017-07-06,Thursday,350,405,1279.2666666666667,1126545.8333333333,14943465.804938272,30761227.64744099,0.6567901234567901,880.6184532805253,217.03153724700215,0.5606726037981375,18,73,0.5851851851851851,0.006318724269112512,0,BENIGN,BENIGN
20170706_1950,2017-07-06 19:50:00,2017-07-06 19:50:59,2017-07-06,Thursday,351,1535,499.46666666666664,253211.45,16086543.274918567,34037379.429563254,0.6631921824104234,506.96366123865454,214.16368404884165,0.9127521062037274,17,183,0.36482084690553745,0.03743993593166044,0,BENIGN,BENIGN
20170706_1951,2017-07-06 19:51:00,2017-07-06 19:51:59,2017-07-06,Thursday,352,328,94.3,39617.6,9766799.856707318,22481406.93926414,0.6341463414634146,420.12301166489925,223.12797066682415,0.9261402314499659,14,54,0.4573170731707317,0.04772004241781548,0,BENIGN,BENIGN
20170706_1952,2017-07-06 19:52:00,2017-07-06 19:52:59,2017-07-06,Thursday,353,1062,686.2,602655.6833333333,17206339.739171375,35542469.27839032,0.6770244821092278,878.2507772272418,206.82409505531948,0.8287732077818246,14,141,0.3860640301318267,0.018532012047022248,0,BENIGN,BENIGN
20170706_1953,2017-07-06 19:53:00,2017-07-06 19:53:59,2017-07-06,Thursday,354,649,274.81666666666666,165821.8,19519750.38366718,35777902.8785112,0.6363636363636364,603.3906240523986,238.22860138092733,0.7587457337883959,12,97,0.43605546995377503,0.030929710716235067,0,BENIGN,BENIGN
20170706_1954,2017-07-06 19:54:00,2017-07-06 19:54:59,2017-07-06,Thursday,355,451,302.0,235030.05,19855444.920177385,40753108.19157989,0.7339246119733924,778.2451986754967,274.09535919073807,1.0360674157303371,17,94,0.5698447893569845,0.025496688741721854,0,BENIGN,BENIGN
20170706_1955,2017-07-06 19:55:00,2017-07-06 19:55:59,2017-07-06,Thursday,356,1951,1116.0,910731.9166666666,14946569.441312147,34132439.63147975,0.690927729369554,816.0680256869773,187.29452239043377,0.9146484430846653,13,226,0.38390568939005637,0.022252090800477898,0,BENIGN,BENIGN
20170706_1956,2017-07-06 19:56:00,2017-07-06 19:56:59,2017-07-06,Thursday,357,770,248.63333333333333,132395.68333333332,10735375.938961038,26522308.123801176,0.7,532.4936988872503,260.7975904706907,1.007400430570506,15,101,0.525974025974026,0.0524198954283416,0,BENIGN,BENIGN
20170706_1957,2017-07-06 19:57:00,2017-07-06 19:57:59,2017-07-06,Thursday,358,566,488.53333333333336,371262.61666666664,20469316.88869258,40761062.058404095,0.6802120141342756,759.9535002729258,250.19295824101988,1.3260593556578322,15,90,0.5565371024734982,0.01818367903930131,0,BENIGN,BENIGN
20170706_1958,2017-07-06 19:58:00,2017-07-06 19:58:59,2017-07-06,Thursday,359,1292,417.01666666666665,220172.2,17098138.09597523,36905351.601804815,0.6795665634674922,527.9697853802805,228.50888042306872,1.027550441617373,13,191,0.456656346749226,0.043363574597338236,0,BENIGN,BENIGN
20170706_1959,2017-07-06 19:59:00,2017-07-06 19:59:59,2017-07-06,Thursday,360,1007,415.15,222967.28333333333,15986602.552135054,34218036.94843795,0.692154915590864,537.076438235176,280.4335742057573,0.9861266145750279,19,130,0.5014895729890765,0.04018627805210968,0,BENIGN,BENIGN
20170706_2000,2017-07-06 20:00:00,2017-07-06 20:00:59,2017-07-06,Thursday,361,934,311.71666666666664,169625.9,12566576.029978586,31630240.193459075,0.715203426124197,544.1669250922312,219.85779937345526,0.9481304030830122,17,119,0.4817987152034261,0.04539378709297973,0,BENIGN,BENIGN
20170706_2001,2017-07-06 20:01:00,2017-07-06 20:01:59,2017-07-06,Thursday,362,1204,398.23333333333335,182813.38333333333,14956235.828903655,34307066.50724867,0.7167774086378738,459.06097765129323,191.40421822971433,0.858520650229447,14,165,0.4277408637873754,0.03954967774336653,0,BENIGN,BENIGN
20170706_2002,2017-07-06 20:02:00,2017-07-06 20:02:59,2017-07-06,Thursday,363,950,301.51666666666665,163742.9,11950557.608421052,30352219.660203032,0.7252631578947368,543.0641755569068,238.18459028262328,0.9991160220994475,15,141,0.4631578947368421,0.04405505499972362,0,BENIGN,BENIGN
20170706_2003,2017-07-06 20:03:00,2017-07-06 20:03:59,2017-07-06,Thursday,364,1582,511.23333333333335,270256.26666666666,17075170.11694058,36690808.30386504,0.6630847029077117,528.6358479494035,191.74415926644542,0.9424392097264438,12,206,0.4557522123893805,0.04283758231727196,0,BENIGN,BENIGN
20170706_2004,2017-07-06 20:04:00,2017-07-06 20:04:59,2017-07-06,Thursday,365,425,181.06666666666666,109440.75,12873951.136470588,33291151.07872398,0.7105882352941176,604.4224042709867,258.06078477040495,0.9877424076106842,10,86,0.6611764705882353,0.044182621502209134,1,Infiltration,Infiltration
20170706_2005,2017-07-06 20:05:00,2017-07-06 20:05:59,2017-07-06,Thursday,366,2534,355.5833333333333,234198.78333333333,2452280.467245462,13297893.76842268,0.9313338595106551,658.6326224513709,58.47853926209001,1.4766105629715611,1008,77,0.9194948697711128,0.2179985938598547,0,BENIGN,BENIGN
20170706_2006,2017-07-06 20:06:00,2017-07-06 20:06:59,2017-07-06,Thursday,367,1211,453.03333333333336,263489.0833333333,15873744.425268373,36196058.55395189,0.7200660611065235,581.6108086233537,227.84737573617429,1.012810070344317,15,171,0.48307184145334436,0.03998969906555809,0,BENIGN,BENIGN
20170706_2007,2017-07-06 20:07:00,2017-07-06 20:07:59,2017-07-06,Thursday,368,2287,412.1333333333333,147167.11666666667,8023397.891560997,26267175.639314834,0.8377787494534324,357.08617761242317,113.16664583861828,1.007549926936191,979,161,0.7275907302142545,0.12961015852474927,1,Infiltration,Infiltration
20170706_2008,2017-07-06 20:08:00,2017-07-06 20:08:59,2017-07-06,Thursday,369,1870,296.95,119721.01666666666,5951897.810160427,21056445.259450395,0.8684491978609625,403.16893977661783,84.82924669057151,0.9941801902630106,960,112,0.841711229946524,0.14474939664365494,0,BENIGN,BENIGN
20170706_2009,2017-07-06 20:09:00,2017-07-06 20:09:59,2017-07-06,Thursday,370,2359,202.85,53206.45,3388153.963119966,17108991.374052078,0.9275116574819839,262.2945526250924,26.066425893765707,1.9429400386847195,1013,85,0.9342941924544298,0.36677347793936405,1,Infiltration,Infiltration
20170706_2010,2017-07-06 20:10:00,2017-07-06 20:10:59,2017-07-06,Thursday,371,4275,487.3833333333333,199068.88333333333,4310397.599766082,19387374.28884295,0.9129824561403509,408.44417467428104,46.43354538716104,1.2923884925923024,1015,158,0.8430409356725146,0.23420989638545978,0,BENIGN,BENIGN
20170706_2011,2017-07-06 20:11:00,2017-07-06 20:11:59,2017-07-06,Thursday,372,1511,225.71666666666667,88221.8,4091898.8762409003,17464665.864158545,0.8947716743878227,390.85195303847007,68.7689060084202,0.9404011461318051,1010,63,0.7961614824619457,0.18518791995865022,0,BENIGN,BENIGN
20170706_2012,2017-07-06 20:12:00,2017-07-06 20:12:59,2017-07-06,Thursday,373,1321,107.1,5019.25,3193164.308099924,14002166.889232088,0.93111279333838,46.86507936507937,11.321242989097843,1.1302618495193901,962,78,0.9318697956093869,0.3336445689386866,1,Infiltration,Infiltration
20170706_2013,2017-07-06 20:13:00,2017-07-06 20:13:59,2017-07-06,Thursday,374,3257,228.73333333333332,21326.133333333335,1064796.9649984648,10063500.137101203,0.9769726742400983,93.23579131448557,10.457399919164104,1.2622383385528269,1015,52,0.9637703408044213,0.43106965899154764,0,BENIGN,BENIGN
20170706_2014,2017-07-06 20:14:00,2017-07-06 20:14:59,2017-07-06,Thursday,375,3852,273.6666666666667,39765.15,2532791.0654205605,14843140.11601932,0.9452232606438213,145.30505481120585,23.51808167714645,1.6705155309806472,1012,80,0.8657840083073728,0.3887332521315469,1,Infiltration,Infiltration
20170706_2015,2017-07-06 20:15:00,2017-07-06 20:15:59,2017-07-06,Thursday,376,1168,193.95,45241.85,16313124.440068493,34425503.26408071,0.6815068493150684,233.2655323536994,136.88409668854663,1.048943661971831,13,162,0.3219178082191781,0.060754489988828736,0,BENIGN,BENIGN
20170706_2016,2017-07-06 20:16:00,2017-07-06 20:16:59,2017-07-06,Thursday,377,2103,354.5,167837.48333333334,6201038.025202093,21382449.335808206,0.8630527817403709,473.44847202632815,66.37868483208949,0.9332000363537217,954,135,0.7042320494531622,0.12228490832157969,1,Infiltration,Infiltration
20170706_2017,2017-07-06 20:17:00,2017-07-06 20:17:59,2017-07-06,Thursday,378,982,231.36666666666667,71847.6,13330520.228105906,30698158.0686491,0.6283095723014257,310.53565768621235,134.46340641678452,1.0246463467988915,25,145,0.38391038696537677,0.062382941939201846,0,BENIGN,BENIGN
20170706_2018,2017-07-06 20:18:00,2017-07-06 20:18:59,2017-07-06,Thursday,379,2431,418.8333333333333,218699.23333333334,5557825.141916906,21347275.643140864,0.8716577540106952,522.1629128531636,63.77461086731127,0.9063187438367595,952,123,0.6264911559029206,0.10131317150815758,0,BENIGN,BENIGN
20170706_2019,2017-07-06 20:19:00,2017-07-06 20:19:59,2017-07-06,Thursday,380,5048,390.0,124395.18333333333,3485359.6154912836,17204791.180495095,0.9217511885895404,318.96200854700857,32.50778871536241,1.9982062780269059,1015,161,0.8692551505546752,0.38200854700854703,1,Infiltration,Infiltration
20170706_2020,2017-07-06 20:20:00,2017-07-06 20:20:59,2017-07-06,Thursday,381,3671,560.6333333333333,277747.73333333334,7092707.893217107,25068016.722789194,0.8755107600108962,495.4178012961532,63.97131254501878,0.8746656263932233,1011,190,0.7654590029964587,0.13993103038230573,0,BENIGN,BENIGN
20170706_2021,2017-07-06 20:21:00,2017-07-06 20:21:59,2017-07-06,Thursday,382,1829,232.55,69056.63333333333,5737594.837069437,22372694.848612875,0.8857299070530344,296.95391672041853,60.81670277784035,0.9456218627997769,962,104,0.747949699289229,0.17766788504264316,1,Infiltration,Infiltration
20170706_2022,2017-07-06 20:22:00,2017-07-06 20:22:59,2017-07-06,Thursday,383,2337,403.0833333333333,200477.2,6707182.73470261,24730874.94855093,0.8810440735986307,497.3591895803184,69.86422567426922,0.8883510306058713,979,116,0.7462558836114677,0.13913582799255736,0,BENIGN,BENIGN
20170706_2023,2017-07-06 20:23:00,2017-07-06 20:23:59,2017-07-06,Thursday,384,3158,504.0833333333333,257411.93333333332,4946365.922735909,20233781.826553427,0.9018366054464851,510.65352950900973,60.09096942456877,0.8233662888835303,1012,159,0.8378720709309689,0.15867085468672507,1,Infiltration,Infiltration
20170706_2024,2017-07-06 20:24:00,2017-07-06 20:24:59,2017-07-06,Thursday,385,2806,288.0833333333333,76794.53333333334,4792165.0035637915,20375297.448906723,0.8980755523877405,266.5705525021695,53.190573871319046,1.6330540746382332,1007,120,0.8221667854597291,0.2684408446630026,0,BENIGN,BENIGN
20170706_2025,2017-07-06 20:25:00,2017-07-06 20:25:59,2017-07-06,Thursday,386,1285,275.73333333333335,105346.28333333334,14090014.691828793,34588161.59224833,0.7245136186770428,382.0585710831721,154.66275267092675,0.9762302914476828,15,162,0.31984435797665367,0.0491416827852998,0,BENIGN,BENIGN
20170706_2026,2017-07-06 20:26:00,2017-07-06 20:26:59,2017-07-06,Thursday,387,1618,201.61666666666667,43821.166666666664,5892132.014833127,23527344.922415335,0.8819530284301607,217.34892948664958,44.819953004434986,1.0627450980392157,999,75,0.8009888751545118,0.22088121021740928,1,Infiltration,Infiltration
20170706_2027,2017-07-06 20:27:00,2017-07-06 20:27:59,2017-07-06,Thursday,388,1560,204.6,83442.45,3322425.174358974,16782531.390360456,0.9217948717948717,407.83211143695013,32.60889258268556,0.8534118357487923,953,91,0.8442307692307692,0.1893939393939394,0,BENIGN,BENIGN
20170706_2028,2017-07-06 20:28:00,2017-07-06 20:28:59,2017-07-06,Thursday,389,2382,206.31666666666666,68247.91666666667,3770257.307304786,19398211.892583854,0.9420654911838791,330.7920672105986,27.52542677143564,1.8864537188155748,1013,87,0.9093198992443325,0.35770256078843204,1,Infiltration,Infiltration
20170706_2029,2017-07-06 20:29:00,2017-07-06 20:29:59,2017-07-06,Thursday,390,3834,314.3,79215.26666666666,3224648.85732916,17972830.8873012,0.9514866979655712,252.0371195248701,22.088677734342657,1.5440442465938216,1013,91,0.892018779342723,0.34250715876551063,0,BENIGN,BENIGN
20170706_2030,2017-07-06 20:30:00,2017-07-06 20:30:59,2017-07-06,Thursday,391,1518,196.41666666666666,73359.18333333333,3080107.355731225,15723355.526894946,0.9334650856389987,373.48756894357234,37.35904076799267,0.9226753670473083,954,68,0.8333333333333334,0.19193890538820535,0,BENIGN,BENIGN
20170706_2031,2017-07-06 20:31:00,2017-07-06 20:31:59,2017-07-06,Thursday,392,3054,416.01666666666665,106072.68333333333,7388539.700720367,25609434.883427657,0.8372626064178127,254.9721966267377,86.13891171397472,1.0025671881267548,967,206,0.5740013097576948,0.12247105484555908,1,Infiltration,Infiltration
20170706_2032,2017-07-06 20:32:00,2017-07-06 20:32:59,2017-07-06,Thursday,393,3250,227.38333333333333,36504.75,535321.0424615385,6324414.234682141,0.9846153846153847,160.542769185663,8.546055660933083,1.2477759472817134,1016,25,0.9618461538461538,0.42930440518947444,0,BENIGN,BENIGN
20170706_2033,2017-07-06 20:33:00,2017-07-06 20:33:59,2017-07-06,Thursday,394,4312,520.3333333333334,228853.33333333334,4463295.635667903,20409204.571401957,0.9202226345083488,439.8206278026906,47.159728495746904,1.1465108284633896,1013,151,0.8177179962894249,0.21201153106982704,1,Infiltration,Infiltration
20170706_2034,2017-07-06 20:34:00,2017-07-06 20:34:59,2017-07-06,Thursday,395,230,1053.8166666666666,1200950.7166666666,13850043.513043478,31248383.580678303,0.6869565217391305,1139.6201584715875,196.30441612900768,0.8520254239770364,11,45,0.34347826086956523,0.0021192807098008824,0,BENIGN,BENIGN
20170706_2035,2017-07-06 20:35:00,2017-07-06 20:35:59,2017-07-06,Thursday,396,1365,135.61666666666667,34271.833333333336,2603093.892307692,14898290.037456673,0.9355311355311355,252.7110728769817,13.055664242085895,0.9805305427111219,980,41,0.947985347985348,0.2949489984023596,0,BENIGN,BENIGN
20170706_2036,2017-07-06 20:36:00,2017-07-06 20:36:59,2017-07-06,Thursday,397,919,223.6,98278.2,14636120.600652883,34865952.297854185,0.6800870511425462,439.5268336314848,124.25977095683808,1.005230907188761,23,123,0.32100108813928185,0.04241204531902206,1,Infiltration,Infiltration
20170706_2037,2017-07-06 20:37:00,2017-07-06 20:37:59,2017-07-06,Thursday,398,4645,745.75,348962.68333333335,6421499.244994618,23896382.05402258,0.8766415500538213,467.93521063806014,94.48963897450287,1.004030813328556,991,201,0.7022604951560818,0.13816068834506648,0,BENIGN,BENIGN
20170706_2038,2017-07-06 20:38:00,2017-07-06 20:38:59,2017-07-06,Thursday,399,4489,427.31666666666666,200862.86666666667,2492333.7115170415,14579475.589963654,0.9458676765426598,470.056242443153,27.0533189625662,1.3045119539816645,1016,122,0.900423256850078,0.31416981941573385,0,BENIGN,BENIGN
20170706_2039,2017-07-06 20:39:00,2017-07-06 20:39:59,2017-07-06,Thursday,400,1686,253.85,101888.8,5055826.254448399,20898907.92156,0.8944246737841044,401.37403978727593,46.11352290531808,0.884682009403613,949,98,0.8072360616844603,0.14470487820891603,1,Infiltration,Infiltration
20170706_2040,2017-07-06 20:40:00,2017-07-06 20:40:59,2017-07-06,Thursday,401,1890,350.8333333333333,192150.75,5215521.84021164,21323104.256493058,0.8899470899470899,547.6980997624703,62.98778130520733,0.827978464744703,975,102,0.737037037037037,0.1195249406175772,0,BENIGN,BENIGN
20170706_2041,2017-07-06 20:41:00,2017-07-06 20:41:59,2017-07-06,Thursday,402,3698,476.71666666666664,181020.06666666668,4091019.1909140074,19468720.02454667,0.9288804759329368,379.7225465860224,39.98591123474638,0.9859751440672082,1013,119,0.8439697133585722,0.20228647344684125,1,Infiltration,Infiltration
20170706_2042,2017-07-06 20:42:00,2017-07-06 20:42:59,2017-07-06,Thursday,403,4497,394.3333333333333,98788.56666666667,3632871.3878140985,17976044.881260313,0.9317322659550812,250.5204564666103,41.55017395093437,1.3765568501406187,1010,143,0.7756281965754948,0.28233305156382077,0,BENIGN,BENIGN
20170706_2043,2017-07-06 20:43:00,2017-07-06 20:43:59,2017-07-06,Thursday,404,304,182.86666666666667,164578.28333333333,24947964.26973684,43425257.85963741,0.6546052631578947,899.9906124681006,147.55419615915267,0.8294431477159053,12,61,0.34539473684210525,0.012304046664236238,0,BENIGN,BENIGN
20170706_2044,2017-07-06 20:44:00,2017-07-06 20:44:59,2017-07-06,Thursday,405,3305,576.9166666666666,241570.55,6708705.583055976,23002191.485446423,0.8517397881996974,418.7269391882132,93.37338263321064,0.8955207534771658,1002,177,0.5098335854765507,0.09544994944388271,1,Infiltration,Infiltration
20170706_2045,2017-07-06 20:45:00,2017-07-06 20:45:59,2017-07-06,Thursday,406,1106,213.13333333333333,83758.35,8521113.46835443,22849494.632627614,0.7477396021699819,392.9856897091023,113.66751583668145,0.9815618221258134,30,137,0.29294755877034356,0.055208007507037846,0,BENIGN,BENIGN
20170706_2046,2017-07-06 20:46:00,2017-07-06 20:46:59,2017-07-06,Thursday,407,723,108.76666666666667,30852.566666666666,4882127.932226833,18973761.84389693,0.8741355463347165,283.6582899172541,106.37775493540065,0.986910197869102,15,60,0.21991701244813278,0.04734906527735213,0,BENIGN,BENIGN
20170706_2047,2017-07-06 20:47:00,2017-07-06 20:47:59,2017-07-06,Thursday,408,837,216.08333333333334,96670.88333333333,13419291.161290323,29867616.11755247,0.6618876941457587,447.3777863478596,190.55497176958266,0.9491882140709561,8,133,0.3835125448028674,0.04543000385653683,0,BENIGN,BENIGN
20170706_2048,2017-07-06 20:48:00,2017-07-06 20:48:59,2017-07-06,Thursday,409,1133,240.56666666666666,70372.4,12119943.356575463,31055985.875054326,0.7749338040600177,292.52764306498545,167.4225853449736,1.096282311937264,16,134,0.2815533980582524,0.04884300956075932,0,BENIGN,BENIGN
20170706_2049,2017-07-06 20:49:00,2017-07-06 20:49:59,2017-07-06,Thursday,410,512,177.01666666666668,96331.5,14967711.41015625,35661324.15909162,0.6875,544.1945202899915,214.27771778582016,0.9393828738360416,19,69,0.361328125,0.03850861500800301,0,BENIGN,BENIGN
20170706_2050,2017-07-06 20:50:00,2017-07-06 20:50:59,2017-07-06,Thursday,411,694,195.78333333333333,107575.03333333334,16508996.488472622,36916776.43435393,0.7204610951008645,549.4596067080956,179.2179560699918,0.8832959281821097,14,88,0.2953890489913545,0.03285945347748361,0,BENIGN,BENIGN
20170706_2051,2017-07-06 20:51:00,2017-07-06 20:51:59,2017-07-06,Thursday,412,807,252.76666666666668,100755.58333333333,22606316.581164807,41755937.51946412,0.620817843866171,398.6110378478175,225.52860904230053,1.0123391269735968,9,134,0.41511771995043373,0.04140841355663985,0,BENIGN,BENIGN
20170706_2052,2017-07-06 20:52:00,2017-07-06 20:52:59,2017-07-06,Thursday,413,810,184.48333333333332,89118.25,12767982.0654321,32226785.534312412,0.7209876543209877,483.0693829614238,126.58719501699431,0.9704521181915272,9,130,0.30864197530864196,0.03866654621013642,0,BENIGN,BENIGN
20170706_2053,2017-07-06 20:53:00,2017-07-06 20:53:59,2017-07-06,Thursday,414,120,28.85,3947.3166666666666,19399711.583333332,36677702.95258788,0.5666666666666667,136.82206816868862,150.55117980708386,1.3596730245231607,13,34,0.5166666666666667,0.06008087810514154,0,BENIGN,BENIGN
20170706_2054,2017-07-06 20:54:00,2017-07-06 20:54:59,2017-07-06,Thursday,415,195,46.5,14126.283333333333,15045326.482051281,33015846.549644977,0.5692307692307692,303.7910394265233,145.5743752701164,1.0239303843364758,11,63,0.4358974358974359,0.034408602150537634,0,BENIGN,BENIGN
20170706_2055,2017-07-06 20:55:00,2017-07-06 20:55:59,2017-07-06,Thursday,416,523,331.1333333333333,286880.63333333336,15452555.369024856,36467441.73908114,0.7265774378585086,866.3598751761626,175.32658207765232,0.8156812574248378,14,78,0.32695984703632885,0.01671028790014093,0,BENIGN,BENIGN
20170706_2056,2017-07-06 20:56:00,2017-07-06 20:56:59,2017-07-06,Thursday,417,534,121.2,44961.71666666667,17420670.56367041,36942929.82772962,0.6891385767790262,370.9712596259626,167.8496618712319,0.9614347357065803,14,74,0.32397003745318353,0.05046754675467547,0,BENIGN,BENIGN
20170706_2057,2017-07-06 20:57:00,2017-07-06 20:57:59,2017-07-06,Thursday,418,376,329.35,288284.98333333334,20574740.021276597,39873740.14788639,0.5904255319148937,875.3149638176205,222.8265161285129,0.7717410794333871,14,64,0.4601063829787234,0.01755984008906432,0,BENIGN,BENIGN
20170706_2058,2017-07-06 20:58:00,2017-07-06 20:58:59,2017-07-06,Thursday,419,1593,304.71666666666664,92625.93333333333,14229250.747645952,34015865.70205244,0.706842435655995,303.97396488541267,130.32063569229706,0.9891209747606614,12,188,0.2919020715630885,0.050648143083738995,0,BENIGN,BENIGN
20170706_2059,2017-07-06 20:59:00,2017-07-06 20:59:59,2017-07-06,Thursday,420,78,21.766666666666666,2938.5833333333335,9846716.897435898,23015938.49983522,0.3717948717948718,135.00382848392036,161.1336995572022,1.1391162029459903,8,31,0.7307692307692307,0.05972434915773354,0,BENIGN,BENIGN
20170706_2100,2017-07-06 21:00:00,2017-07-06 21:00:59,2017-07-06,Thursday,421,817,254.16666666666666,151605.78333333333,16996294.05140759,36357387.83104354,0.6621787025703795,596.4817704918033,197.52811836181974,0.9339335531321329,10,122,0.3818849449204406,0.03685245901639344,0,BENIGN,BENIGN
20170706_2101,2017-07-06 21:01:00,2017-07-06 21:01:59,2017-07-06,Thursday,422,576,191.83333333333334,92582.73333333334,15370731.329861112,35946154.81792927,0.6909722222222222,482.62067767158993,157.60715669815787,0.8053638644918444,11,104,0.3385416666666667,0.03119026933101651,0,BENIGN,BENIGN
20170706_2102,2017-07-06 21:02:00,2017-07-06 21:02:59,2017-07-06,Thursday,423,285,52.333333333333336,7754.9,10795726.042105263,27227433.78902109,0.743859649122807,148.1828025477707,129.30530221186777,1.3266666666666667,14,65,0.3157894736842105,0.05191082802547771,0,BENIGN,BENIGN
20170706_2103,2017-07-06 21:03:00,2017-07-06 21:03:59,2017-07-06,Thursday,424,353,87.96666666666667,26555.75,17506466.38243626,38814710.30887684,0.6515580736543909,301.884236453202,150.962665539278,0.9653760238272524,12,64,0.39943342776203966,0.045471769609700646,0,BENIGN,BENIGN
20170706_2104,2017-07-06 21:04:00,2017-07-06 21:04:59,2017-07-06,Thursday,425,259,71.43333333333334,28828.166666666668,19785994.77992278,41051949.343976244,0.6486486486486487,403.5674288380775,158.41519359054288,0.9865616311399444,11,56,0.3783783783783784,0.03803079794680354,0,BENIGN,BENIGN
20170706_2105,2017-07-06 21:05:00,2017-07-06 21:05:59,2017-07-06,Thursday,426,457,105.51666666666667,38507.683333333334,18681577.768052515,36279212.47669433,0.6849015317286652,364.9440846627705,161.1756783704075,1.051847051198963,12,83,0.37636761487964987,0.04628020849786763,0,BENIGN,BENIGN
20170706_2106,2017-07-06 21:06:00,2017-07-06 21:06:59,2017-07-06,Thursday,427,106,18.766666666666666,1756.6833333333334,9218602.311320756,24673033.97671066,0.5377358490566038,93.60657193605684,58.114512576148904,1.4446854663774404,10,33,0.3584905660377358,0.05772646536412078,0,BENIGN,BENIGN
20170706_2107,2017-07-06 21:07:00,2017-07-06 21:07:59,2017-07-06,Thursday,428,746,153.43333333333334,46355.4,14920836.038873995,30626486.116163548,0.6863270777479893,302.12079078861615,140.31120566280205,1.0036996735582155,16,132,0.3351206434316354,0.044970671301325225,0,BENIGN,BENIGN
20170706_2108,2017-07-06 21:08:00,2017-07-06 21:08:59,2017-07-06,Thursday,429,648,130.0,36873.316666666666,12108368.129629629,31197356.090924818,0.7361111111111112,283.64089743589744,136.61903013020128,1.0780500799147577,17,95,0.28703703703703703,0.04846153846153846,0,BENIGN,BENIGN
20170706_2109,2017-07-06 21:09:00,2017-07-06 21:09:59,2017-07-06,Thursday,430,375,85.36666666666666,27750.066666666666,22287318.477333333,40310310.808947474,0.6906666666666667,325.0691136274893,149.40437308404108,1.0058731401722787,12,69,0.408,0.04588051542366263,0,BENIGN,BENIGN
20170706_2110,2017-07-06 21:10:00,2017-07-06 21:10:59,2017-07-06,Thursday,431,50,18.05,1714.1,14504529.68,33402738.084323324,0.4,94.96398891966759,95.00495654068278,1.4414414414414414,10,22,0.54,0.034164358264081256,0,BENIGN,BENIGN
20170706_2111,2017-07-06 21:11:00,2017-07-06 21:11:59,2017-07-06,Thursday,432,1408,432.31666666666666,189557.1,17046151.74502841,36502214.4499415,0.6747159090909091,438.4681753344385,173.65713019320472,0.9494964677589057,12,181,0.3828125,0.03959289101353175,0,BENIGN,BENIGN
20170706_2112,2017-07-06 21:12:00,2017-07-06 21:12:59,2017-07-06,Thursday,433,367,336.3666666666667,279731.13333333336,17551904.97002725,36751627.696155824,0.6267029972752044,831.6256069765137,227.21874409435497,0.838997722095672,14,66,0.4114441416893733,0.013972847091467644,0,BENIGN,BENIGN
20170706_2113,2017-07-06 21:13:00,2017-07-06 21:13:59,2017-07-06,Thursday,434,161,80.9,22771.583333333332,15665079.583850931,34142306.639926955,0.6645962732919255,281.47816234033786,158.74141044491773,0.9719740048740861,14,39,0.40993788819875776,0.022249690976514216,0,BENIGN,BENIGN
20170706_2114,2017-07-06 21:14:00,2017-07-06 21:14:59,2017-07-06,Thursday,435,725,251.13333333333333,161170.58333333334,14580999.36413793,32378442.847941324,0.6262068965517241,641.7729625696841,185.68385313757656,0.9024113117030678,14,141,0.3972413793103448,0.033050172551101674,0,BENIGN,BENIGN
20170706_2115,2017-07-06 21:15:00,2017-07-06 21:15:59,2017-07-06,Thursday,436,303,141.7,60629.6,17731690.75577558,35665681.60648534,0.6303630363036303,427.8729710656316,210.7638597139742,0.9259343148357871,15,43,0.41914191419141916,0.03128675605739826,0,BENIGN,BENIGN
20170706_2116,2017-07-06 21:16:00,2017-07-06 21:16:59,2017-07-06,Thursday,437,235,89.78333333333333,47532.86666666667,16753620.561702128,33662877.76944294,0.5957446808510638,529.4174865416744,242.67617526434398,0.9140319715808171,11,56,0.4978723404255319,0.04139595322071654,0,BENIGN,BENIGN
20170706_2117,2017-07-06 21:17:00,2017-07-06 21:17:59,2017-07-06,Thursday,438,544,174.28333333333333,74819.05,9771820.764705881,20064044.82335713,0.6764705882352942,429.2954958401071,190.95099913540994,0.9691206929015251,11,98,0.35661764705882354,0.03547862675719614,0,BENIGN,BENIGN
20170706_2118,2017-07-06 21:18:00,2017-07-06 21:18:59,2017-07-06,Thursday,439,374,146.83333333333334,97513.33333333333,11735202.155080214,30261824.829325344,0.6336898395721925,664.1089670828604,283.06654332179556,0.8691132795927026,10,51,0.45989304812834225,0.038138479001135074,0,BENIGN,BENIGN
20170706_2119,2017-07-06 21:19:00,2017-07-06 21:19:59,2017-07-06,Thursday,440,946,354.9166666666667,198166.18333333332,16516067.344608879,35875416.44194191,0.6638477801268499,558.3456679971824,184.74061982352492,0.8425333102612909,8,137,0.3403805496828753,0.030429678328246067,0,BENIGN,BENIGN
20170706_2120,2017-07-06 21:20:00,2017-07-06 21:20:59,2017-07-06,Thursday,441,160,44.85,7209.216666666666,16610500.41875,34932601.92431342,0.625,160.74061687105166,177.57368282487644,1.2321724709784412,14,28,0.4,0.057599405425492384,0,BENIGN,BENIGN
20170706_2121,2017-07-06 21:21:00,2017-07-06 21:21:59,2017-07-06,Thursday,442,261,122.76666666666667,49523.36666666667,11643704.065134099,21424165.599496655,0.49808429118773945,403.3942438229704,301.1358572004283,0.9561869357408391,12,50,0.5977011494252874,0.03556882975834917,0,BENIGN,BENIGN
20170706_2122,2017-07-06 21:22:00,2017-07-06 21:22:59,2017-07-06,Thursday,443,252,87.0,41210.96666666667,18409725.456349205,39398935.842984214,0.6507936507936508,473.68927203065135,189.41938707769327,1.0096227867590455,10,49,0.38095238095238093,0.03524904214559387,0,BENIGN,BENIGN
20170706_2123,2017-07-06 21:23:00,2017-07-06 21:23:59,2017-07-06,Thursday,444,415,130.26666666666668,38882.88333333333,17434946.09879518,38958129.02285466,0.7060240963855422,298.48682190378713,161.59637155616883,1.052783613445378,13,75,0.3036144578313253,0.033393039918116686,0,BENIGN,BENIGN
20170706_2124,2017-07-06 21:24:00,2017-07-06 21:24:59,2017-07-06,Thursday,445,577,101.5,31444.183333333334,11414367.296360485,29645217.833486363,0.7157712305025996,309.79490968801315,145.6582450961758,0.9782396882104579,8,86,0.317157712305026,0.060755336617405585,0,BENIGN,BENIGN
20170706_2125,2017-07-06 21:25:00,2017-07-06 21:25:59,2017-07-06,Thursday,446,248,107.3,37317.21666666667,10326474.185483871,27205867.06344647,0.6048387096774194,347.78393911152534,171.42802809171778,1.0197616060225847,11,48,0.4475806451612903,0.02904628766697732,0,BENIGN,BENIGN
20170706_2126,2017-07-06 21:26:00,2017-07-06 21:26:59,2017-07-06,Thursday,447,86,18.966666666666665,3042.1,5541081.0,14166686.522039248,0.5930232558139535,160.3919156414763,159.68991686056697,1.086080586080586,11,22,0.43023255813953487,0.06239015817223199,0,BENIGN,BENIGN
20170706_2127,2017-07-06 21:27:00,2017-07-06 21:27:59,2017-07-06,Thursday,448,1518,441.78333333333336,151586.85,21089180.54743083,41176011.09823938,0.6469038208168643,343.1248726751424,188.37131214964046,1.0072694229895502,15,226,0.3682476943346509,0.042102086241370205,0,BENIGN,BENIGN
20170706_2128,2017-07-06 21:28:00,2017-07-06 21:28:59,2017-07-06,Thursday,449,524,151.4,68104.0,14912504.414122138,33147446.34524773,0.6526717557251909,449.82826948480846,244.12250158303357,0.9247881355932204,10,61,0.38549618320610685,0.04535446939674152,0,BENIGN,BENIGN
20170706_2129,2017-07-06 21:29:00,2017-07-06 21:29:59,2017-07-06,Thursday,450,151,118.75,53900.316666666666,22654304.317880794,36158879.388356365,0.4768211920529801,453.8974035087719,191.84671307337584,0.8942052099946837,11,53,0.6688741721854304,0.01712280701754386,0,BENIGN,BENIGN
20170706_2130,2017-07-06 21:30:00,2017-07-06 21:30:59,2017-07-06,Thursday,451,540,119.16666666666667,50299.25,13454121.31851852,32972295.06861975,0.7,422.0916083916084,147.8133746383845,0.9694299091159461,9,95,0.30185185185185187,0.04125874125874126,0,BENIGN,BENIGN
20170706_2131,2017-07-06 21:31:00,2017-07-06 21:31:59,2017-07-06,Thursday,452,850,294.45,108208.25,24018573.622352943,44209274.70351017,0.6258823529411764,367.49278315503483,190.30126885356614,0.9692376281765492,10,128,0.38588235294117645,0.0344144450104715,0,BENIGN,BENIGN
20170706_2132,2017-07-06 21:32:00,2017-07-06 21:32:59,2017-07-06,Thursday,453,466,189.33333333333334,113603.83333333333,24693928.150214594,44547673.89969609,0.6566523605150214,600.0202464788732,187.99851835135033,0.8303528274528758,11,69,0.33476394849785407,0.028873239436619718,0,BENIGN,BENIGN
20170706_2133,2017-07-06 21:33:00,2017-07-06 21:33:59,2017-07-06,Thursday,454,974,302.06666666666666,111400.6,19128385.4137577,37918500.330012105,0.6416837782340863,368.79474729640253,173.55431883246365,0.9733260751224823,12,135,0.3788501026694045,0.03956080335466784,0,BENIGN,BENIGN
20170706_2134,2017-07-06 21:34:00,2017-07-06 21:34:59,2017-07-06,Thursday,455,1182,262.4166666666667,89348.0,17571731.060067683,35700998.13563024,0.61082910321489,340.4814226738647,198.087697819213,0.9919038583175206,7,150,0.3849407783417936,0.05423944109241029,0,BENIGN,BENIGN
20170706_2135,2017-07-06 21:35:00,2017-07-06 21:35:59,2017-07-06,Thursday,456,1767,633.9,359170.38333333336,15559208.724957556,32524498.35743867,0.66723259762309,566.6041699531997,194.33396911189078,0.9158313604996726,9,239,0.3469156762874929,0.031655886838092236,0,BENIGN,BENIGN
20170706_2136,2017-07-06 21:36:00,2017-07-06 21:36:59,2017-07-06,Thursday,457,1186,254.03333333333333,92757.51666666666,14874210.017706577,34142768.35762866,0.6947723440134908,365.1391549665398,154.32520464466828,0.9757615035644848,10,173,0.33473861720067455,0.049862222805406115,0,BENIGN,BENIGN
20170706_2137,2017-07-06 21:37:00,2017-07-06 21:37:59,2017-07-06,Thursday,458,574,195.0,89313.9,20536882.51916376,38822189.15568317,0.5975609756097561,458.02,221.6076066159907,0.9771882392700236,11,129,0.44076655052264807,0.04042735042735043,0,BENIGN,BENIGN
20170706_2138,2017-07-06 21:38:00,2017-07-06 21:38:59,2017-07-06,Thursday,459,267,63.1,24840.283333333333,10858921.917602995,30605351.44353333,0.7677902621722846,393.66534601162175,106.40529371856141,0.9410558687852384,11,56,0.36704119850187267,0.039619651347068144,0,BENIGN,BENIGN
20170706_2139,2017-07-06 21:39:00,2017-07-06 21:39:59,2017-07-06,Thursday,460,407,156.55,101926.96666666666,12960384.965601966,30145920.05614946,0.601965601965602,651.0825082508251,203.32746986430342,0.9155791190864601,7,80,0.4152334152334152,0.03066113062919195,0,BENIGN,BENIGN
20170706_2140,2017-07-06 21:40:00,2017-07-06 21:40:59,2017-07-06,Thursday,461,223,149.08333333333334,99614.26666666666,29434469.84304933,49142831.88275372,0.6412556053811659,668.1784237003912,199.74754455236803,1.108910891089109,12,42,0.3991031390134529,0.020458356623812186,0,BENIGN,BENIGN
20170706_2141,2017-07-06 21:41:00,2017-07-06 21:41:59,2017-07-06,Thursday,462,97,15.216666666666667,1172.5166666666667,14922097.81443299,31958707.950674564,0.6494845360824743,77.05476451259584,50.09377245008254,1.688235294117647,6,35,0.3402061855670103,0.033953997809419496,0,BENIGN,BENIGN
20170706_2142,2017-07-06 21:42:00,2017-07-06 21:42:59,2017-07-06,Thursday,463,307,281.06666666666666,211060.8,22379691.02931596,41602960.687494084,0.6026058631921825,750.9278937381404,227.7577807154561,0.818132815868909,10,65,0.41042345276872966,0.014705882352941176,0,BENIGN,BENIGN
20170706_2143,2017-07-06 21:43:00,2017-07-06 21:43:59,2017-07-06,Thursday,464,548,120.5,48682.166666666664,11576144.406934306,29805029.335102253,0.7335766423357665,404.00138312586444,139.1725200148248,0.9969621651477493,13,78,0.3010948905109489,0.048409405255878286,0,BENIGN,BENIGN
20170706_2144,2017-07-06 21:44:00,2017-07-06 21:44:59,2017-07-06,Thursday,465,290,77.33333333333333,24588.833333333332,16782198.451724138,34081985.733101144,0.7,317.9590517241379,147.98483119937433,1.0134490238611713,13,52,0.3689655172413793,0.04698275862068965,0,BENIGN,BENIGN
20170706_2145,2017-07-06 21:45:00,2017-07-06 21:45:59,2017-07-06,Thursday,466,228,100.31666666666666,68914.73333333334,10468178.96491228,21510573.97361827,0.6447368421052632,686.9719222462203,190.06089293451313,0.8143459915611815,8,40,0.40350877192982454,0.029074597109154346,0,BENIGN,BENIGN
20170706_2146,2017-07-06 21:46:00,2017-07-06 21:46:59,2017-07-06,Thursday,467,1797,456.48333333333335,153051.61666666667,19392489.4590985,39992719.948283546,0.6850306065664997,335.28412866479243,176.70188823601586,1.0124908155767818,14,211,0.3377851975514747,0.0441052977472708,0,BENIGN,BENIGN
20170706_2147,2017-07-06 21:47:00,2017-07-06 21:47:59,2017-07-06,Thursday,468,666,200.76666666666668,86114.05,15210356.429429429,33291668.99498644,0.6381381381381381,428.9260335381039,201.2235857218964,1.0294811320754718,8,116,0.42342342342342343,0.047733687531130664,0,BENIGN,BENIGN
20170706_2148,2017-07-06 21:48:00,2017-07-06 21:48:59,2017-07-06,Thursday,469,336,70.15,17442.333333333332,12508824.80654762,31593122.27642186,0.6904761904761905,248.6433832264196,151.56372871643066,1.0407174018419778,10,64,0.3869047619047619,0.04727963886909004,0,BENIGN,BENIGN
20170706_2149,2017-07-06 21:49:00,2017-07-06 21:49:59,2017-07-06,Thursday,470,960,243.25,103991.25,16096774.727083333,35572295.22800966,0.6625,427.50770811921893,183.65210239078792,0.9942615111354011,11,139,0.371875,0.04261733470366564,0,BENIGN,BENIGN
20170706_2150,2017-07-06 21:50:00,2017-07-06 21:50:59,2017-07-06,Thursday,471,1146,290.73333333333335,115348.78333333334,20100046.02356021,40547972.85549225,0.6701570680628273,396.75114652602616,177.1328442745642,0.9758749575263337,10,159,0.34205933682373474,0.04247878926851639,0,BENIGN,BENIGN
20170706_2151,2017-07-06 21:51:00,2017-07-06 21:51:59,2017-07-06,Thursday,472,381,135.28333333333333,99044.1,15565008.149606299,33805584.76585354,0.6272965879265092,732.1234446223974,163.2945334959839,0.8201793721973094,7,70,0.38320209973753283,0.0289515830972034,0,BENIGN,BENIGN
20170706_2152,2017-07-06 21:52:00,2017-07-06 21:52:59,2017-07-06,Thursday,473,1460,324.0833333333333,94689.6,16414169.683561644,35875196.61868292,0.6719178082191781,292.1767035227565,182.897908160636,1.047162859248342,10,208,0.3561643835616438,0.051632810491128826,0,BENIGN,BENIGN
20170706_2153,2017-07-06 21:53:00,2017-07-06 21:53:59,2017-07-06,Thursday,474,884,201.91666666666666,64323.833333333336,16112986.451357465,35018829.09049349,0.6210407239819005,318.5662401981015,161.67534330064754,1.0301608579088473,7,166,0.5192307692307693,0.06562113082955015,0,BENIGN,BENIGN
20170706_2154,2017-07-06 21:54:00,2017-07-06 21:54:59,2017-07-06,Thursday,475,1102,418.21666666666664,245702.13333333333,20939961.595281307,39807060.152603604,0.6415607985480943,587.4996214083609,213.2894901875831,0.8881866064710309,10,185,0.42014519056261346,0.033156657235085485,0,BENIGN,BENIGN
20170706_2155,2017-07-06 21:55:00,2017-07-06 21:55:59,2017-07-06,Thursday,476,225,35.1,5999.516666666666,8653340.64888889,22107989.7632403,0.6222222222222222,170.9264007597341,83.52336013871667,1.1766528925619835,13,55,0.4177777777777778,0.05887939221272555,0,BENIGN,BENIGN
20170706_2156,2017-07-06 21:56:00,2017-07-06 21:56:59,2017-07-06,Thursday,477,117,28.783333333333335,12482.233333333334,11069267.965811966,27035590.763120897,0.5384615384615384,433.66184134337,46.21311750016074,1.2647444298820445,8,48,0.5384615384615384,0.03937463810075275,0,BENIGN,BENIGN
20170706_2157,2017-07-06 21:57:00,2017-07-06 21:57:59,2017-07-06,Thursday,478,1069,297.1166666666667,146551.01666666666,15551645.12160898,34516054.52354522,0.695977549111319,493.24401189207384,154.11338903526357,0.9057188669160876,12,163,0.3246024321796071,0.03887361866831211,0,BENIGN,BENIGN
20170706_2158,2017-07-06 21:58:00,2017-07-06 21:58:59,2017-07-06,Thursday,479,1631,468.5,224841.83333333334,16333382.916002452,36383140.86656778,0.703862660944206,479.91853432942014,181.52050626376038,0.9091958706873132,9,211,0.3231146535867566,0.03749555318392031,0,BENIGN,BENIGN
20170706_2159,2017-07-06 21:59:00,2017-07-06 21:59:59,2017-07-06,Thursday,480,165,68.6,33119.7,9728627.484848484,21627409.85322991,0.5878787878787879,482.79446064139944,156.32241224636297,1.030078895463511,9,43,0.5575757575757576,0.04033041788143829,0,BENIGN,BENIGN
20170706_2200,2017-07-06 22:00:00,2017-07-06 22:00:59,2017-07-06,Thursday,481,381,143.16666666666666,88951.91666666667,18867767.472440943,35947846.59666436,0.5721784776902887,621.3172293364377,180.82202048806855,0.9108096085409253,8,75,0.46981627296587924,0.033527357392316645,0,BENIGN,BENIGN
20170706_2201,2017-07-06 22:01:00,2017-07-06 22:01:59,2017-07-06,Thursday,482,402,164.1,79887.78333333334,7814378.293532338,17876006.04803209,0.7039800995024875,486.8237863091611,305.46455919217505,0.940295566502463,18,87,0.6019900497512438,0.049969530773918344,0,BENIGN,BENIGN
20170706_2202,2017-07-06 22:02:00,2017-07-06 22:02:59,2017-07-06,Thursday,483,652,119.73333333333333,34395.96666666667,3607714.1165644173,8873099.212718045,0.7131901840490797,287.27143652561244,186.995832530541,1.1288888888888888,17,109,0.3588957055214724,0.06333518930957684,0,BENIGN,BENIGN
20170706_2203,2017-07-06 22:03:00,2017-07-06 22:03:59,2017-07-06,Thursday,484,93,11.833333333333334,1690.5166666666667,3648814.430107527,11382600.373100325,0.7419354838709677,142.8605633802817,84.07321060582325,1.402027027027027,10,13,0.3010752688172043,0.08732394366197183,0,BENIGN,BENIGN
20170706_2204,2017-07-06 22:04:00,2017-07-06 22:04:59,2017-07-06,Thursday,485,27,7.966666666666667,769.85,2261435.777777778,4601766.739050761,0.7037037037037037,96.63389121338912,80.72687725870956,1.8011695906432748,8,9,0.4444444444444444,0.0502092050209205,0,BENIGN,BENIGN
