window_id,window_start,window_end,date,day_name,window_index,flow_count,packet_rate,byte_rate,mean_flow_duration,std_flow_duration,short_flow_ratio,mean_packet_size,packet_length_variability,fwd_bwd_packet_ratio,unique_dst_ports,unique_dst_ips,tcp_flow_ratio,syn_packet_ratio,is_attack_window,attack_category,attack_categories_present
20170704_1353,2017-07-04 13:53:00,2017-07-04 13:53:59,2017-07-04,Tuesday,0,1,0.3333333333333333,0.16666666666666666,90030854.0,0.0,0.0,0.5,0.5129891760425771,0.9090909090909091,1,1,1.0,0.0,0,BENIGN,BENIGN
20170704_1354,2017-07-04 13:54:00,2017-07-04 13:54:59,2017-07-04,Tuesday,1,50,10.266666666666667,1779.5,15912587.0,36250470.54384007,0.76,173.32792207792207,187.6872868230311,1.3914728682170543,11,11,0.42,0.1185064935064935,0,BENIGN,BENIGN
20170704_1355,2017-07-04 13:55:00,2017-07-04 13:55:59,2017-07-04,Tuesday,2,103,19.233333333333334,7548.05,8744569.650485437,21317234.46107273,0.7184466019417476,392.446273830156,198.2698872375395,0.9282136894824707,4,22,0.32038834951456313,0.06239168110918544,0,BENIGN,BENIGN
20170704_1356,2017-07-04 13:56:00,2017-07-04 13:56:59,2017-07-04,Tuesday,3,99,22.633333333333333,2553.05,5276478.393939394,22559651.52118619,0.9292929292929293,112.80044182621502,104.58540287933654,2.9051724137931036,10,7,0.12121212121212122,0.033873343151693665,0,BENIGN,BENIGN
20170704_1357,2017-07-04 13:57:00,2017-07-04 13:57:59,2017-07-04,Tuesday,4,701,158.7,23581.033333333333,8224355.021398003,22865619.771521218,0.8359486447931527,148.58874186095358,118.42066459022072,2.190284757118928,23,40,0.16833095577746077,0.046838899390884266,0,BENIGN,BENIGN
20170704_1358,2017-07-04 13:58:00,2017-07-04 13:58:59,2017-07-04,Tuesday,5,217,58.65,10830.983333333334,7663070.68202765,22264661.02238706,0.815668202764977,184.67149758454107,138.81356745808108,1.8876127973748975,21,28,0.2488479262672811,0.05456095481670929,0,BENIGN,BENIGN
20170704_1359,2017-07-04 13:59:00,2017-07-04 13:59:59,2017-07-04,Tuesday,6,251,128.63333333333333,82016.83333333333,35258188.780876495,41794923.44738629,0.450199203187251,637.6017102876393,248.13900672661774,0.8313167259786477,11,62,0.4103585657370518,0.027597823270277273,0,BENIGN,BENIGN
20170704_1400,2017-07-04 14:00:00,2017-07-04 14:00:59,2017-07-04,Tuesday,7,56,15.833333333333334,1634.85,52409934.428571425,32671177.135781825,0.19642857142857142,103.25368421052632,64.27633582145981,2.804,13,30,0.19642857142857142,0.018947368421052633,0,BENIGN,BENIGN
20170704_1401,2017-07-04 14:01:00,2017-07-04 14:01:59,2017-07-04,Tuesday,8,2410,516.1,220063.76666666666,10193250.676348548,27127655.157948498,0.7481327800829876,426.39753277788543,147.25921625738408,0.9941399961362611,18,235,0.22987551867219916,0.03561971194213008,0,BENIGN,BENIGN
20170704_1402,2017-07-04 14:02:00,2017-07-04 14:02:59,2017-07-04,Tuesday,9,426,125.86666666666666,77205.13333333333,16588522.593896713,31212988.73066288,0.7089201877934272,613.3882415254237,138.7508101674352,1.1062465142219744,19,64,0.20892018779342722,0.02701271186440678,0,BENIGN,BENIGN
20170704_1403,2017-07-04 14:03:00,2017-07-04 14:03:59,2017-07-04,Tuesday,10,144,41.13333333333333,16631.6,25356092.923611112,40736924.588439345,0.5902777777777778,404.3338735818476,128.45064328762345,0.983132530120482,9,36,0.4027777777777778,0.01985413290113452,0,BENIGN,BENIGN
20170704_1404,2017-07-04 14:04:00,2017-07-04 14:04:59,2017-07-04,Tuesday,11,148,34.95,9370.0,36662820.62162162,37889825.77303715,0.35135135135135137,268.0972818311874,90.89136671164994,1.5216346153846154,12,49,0.30405405405405406,0.016213638531235097,0,BENIGN,BENIGN
20170704_1405,2017-07-04 14:05:00,2017-07-04 14:05:59,2017-07-04,Tuesday,12,459,145.11666666666667,55264.316666666666,24890966.958605666,42493237.946029015,0.6318082788671024,380.8268060181463,196.71441464989553,1.0983132530120483,18,81,0.35947712418300654,0.0370965889514184,0,BENIGN,BENIGN
20170704_1406,2017-07-04 14:06:00,2017-07-04 14:06:59,2017-07-04,Tuesday,13,886,368.1,295221.75,11781439.630925508,29210075.101890657,0.7652370203160271,802.0150774246129,145.47867765779657,0.7962752114508783,17,110,0.22686230248307,0.020737118536629538,0,BENIGN,BENIGN
20170704_1407,2017-07-04 14:07:00,2017-07-04 14:07:59,2017-07-04,Tuesday,14,336,241.76666666666668,222703.76666666666,16640161.270833334,33804367.3606903,0.6785714285714286,921.1516613814973,159.58143971629315,1.0298027144256332,17,72,0.30952380952380953,0.011443540603888046,0,BENIGN,BENIGN
20170704_1408,2017-07-04 14:08:00,2017-07-04 14:08:59,2017-07-04,Tuesday,15,411,1618.8333333333333,1807416.2666666666,17161668.683698297,34096304.4196122,0.6982968369829684,1116.49311232369,164.9518660010148,0.9540315442182344,23,74,0.25304136253041365,0.002419437866776485,0,BENIGN,BENIGN
20170704_1409,2017-07-04 14:09:00,2017-07-04 14:09:59,2017-07-04,Tuesday,16,1312,621.0833333333334,477350.68333333335,18395440.56554878,36388060.68226145,0.6585365853658537,768.5775124111096,153.16607728736756,1.1185901080159182,17,172,0.27896341463414637,0.019294243928619347,0,BENIGN,BENIGN
20170704_1410,2017-07-04 14:10:00,2017-07-04 14:10:59,2017-07-04,Tuesday,17,1095,256.2,87612.03333333334,18237595.598173518,35877468.867804036,0.6420091324200913,341.9673432214416,174.89531943603467,1.0412959766299297,8,153,0.33515981735159817,0.04716367421285454,0,BENIGN,BENIGN
20170704_1411,2017-07-04 14:11:00,2017-07-04 14:11:59,2017-07-04,Tuesday,18,1812,444.4,191158.38333333333,12245074.067328919,30091487.332644604,0.7367549668874173,430.1493774377438,152.78997560247768,0.9973782771535581,19,214,0.4299116997792494,0.049054905490549056,0,BENIGN,BENIGN
20170704_1412,2017-07-04 14:12:00,2017-07-04 14:12:59,2017-07-04,Tuesday,19,1711,444.0,252619.96666666667,10625694.772647575,28487319.775578152,0.7434248977206313,568.9638888888888,131.91231253076378,0.9626491822602034,16,204,0.39976621858562245,0.041704204204204204,0,BENIGN,BENIGN
20170704_1413,2017-07-04 14:13:00,2017-07-04 14:13:59,2017-07-04,Tuesday,20,350,81.01666666666667,22525.133333333335,16802583.257142857,34266712.68507078,0.64,278.0308578481794,113.09872560782108,1.2333486449242077,20,90,0.4114285714285714,0.03641226085167661,0,BENIGN,BENIGN
20170704_1414,2017-07-04 14:14:00,2017-07-04 14:14:59,2017-07-04,Tuesday,21,475,147.73333333333332,68623.63333333333,22894227.968421053,38424733.46777218,0.5705263157894737,464.5101534296029,165.99360011318498,0.9621513944223108,15,113,0.3705263157894737,0.03260379061371841,0,BENIGN,BENIGN
20170704_1415,2017-07-04 14:15:00,2017-07-04 14:15:59,2017-07-04,Tuesday,22,2724,702.9833333333333,390241.23333333334,12110118.31938326,28411277.74750151,0.683920704845815,555.121600796605,134.58488010310523,0.9540442879644214,61,248,0.27165932452276065,0.03568126318784229,0,BENIGN,BENIGN
20170704_1416,2017-07-04 14:16:00,2017-07-04 14:16:59,2017-07-04,Tuesday,23,1331,476.5,350251.25,13035703.480090158,29949218.127212916,0.6010518407212622,735.0498426023084,181.18997543992356,0.8108176578630693,15,180,0.4049586776859504,0.038020286813571176,0,BENIGN,BENIGN
20170704_1417,2017-07-04 14:17:00,2017-07-04 14:17:59,2017-07-04,Tuesday,24,878,955.8,1147874.7833333334,15752570.640091116,33554643.380149364,0.6765375854214123,1200.9570865592523,260.59471542596697,0.8012186312384183,17,140,0.4168564920273349,0.01156099602427286,1,Brute Force,Brute Force
20170704_1418,2017-07-04 14:18:00,2017-07-04 14:18:59,2017-07-04,Tuesday,25,1812,6213.833333333333,7398782.733333333,21633033.9696468,39625335.66257276,0.5849889624724062,1190.6953946839042,222.43523160681585,0.7425999411080108,11,307,0.4282560706401766,0.003991095137193895,0,BENIGN,BENIGN
20170704_1419,2017-07-04 14:19:00,2017-07-04 14:19:59,2017-07-04,Tuesday,26,1066,895.8333333333334,849165.0333333333,18491973.143527206,35966507.236751944,0.6097560975609756,947.9051534883721,209.62841215089077,0.7660916707737802,15,154,0.3874296435272045,0.014716279069767442,1,Brute Force,Brute Force
20170704_1420,2017-07-04 14:20:00,2017-07-04 14:20:59,2017-07-04,Tuesday,27,2410,8582.833333333334,10468186.4,11686782.483817426,29537883.803994793,0.7029045643153526,1219.6655805192536,167.3534384140019,0.760994008863599,17,289,0.362655601659751,0.0031807678117171875,1,Brute Force,Brute Force
20170704_1421,2017-07-04 14:21:00,2017-07-04 14:21:59,2017-07-04,Tuesday,28,574,486.95,406743.51666666666,16958922.641114984,33755467.40421191,0.5836236933797909,835.2880514768799,103.88158933715478,0.8120813693872488,13,120,0.39547038327526135,0.011602833966526338,1,Brute Force,Brute Force
20170704_1422,2017-07-04 14:22:00,2017-07-04 14:22:59,2017-07-04,Tuesday,29,1053,14157.333333333334,17804105.5,17420976.20797721,34907860.39388209,0.6267806267806267,1257.5889174044075,125.78616872565831,0.754905606584607,12,175,0.35327635327635326,0.0007357788660764739,1,Brute Force,Brute Force
20170704_1423,2017-07-04 14:23:00,2017-07-04 14:23:59,2017-07-04,Tuesday,30,522,412.8,315601.93333333335,18689170.816091955,36993990.787468664,0.5881226053639846,764.5395671834625,124.25449096191355,0.8168414875669332,18,105,0.3773946360153257,0.014575258397932816,1,Brute Force,Brute Force
20170704_1424,2017-07-04 14:24:00,2017-07-04 14:24:59,2017-07-04,Tuesday,31,1172,13366.366666666667,16679745.35,19018659.29778157,37279701.18036284,0.6049488054607508,1247.8892556192034,167.02364532592108,0.7495609643295789,13,176,0.3993174061433447,0.0010374297677503983,1,Brute Force,Brute Force
20170704_1425,2017-07-04 14:25:00,2017-07-04 14:25:59,2017-07-04,Tuesday,32,1161,506.76666666666665,319348.48333333334,14804023.768303188,32058069.44701481,0.6201550387596899,630.1686838124054,147.25881614294514,0.8848871807587404,13,188,0.39190353143841516,0.02690258501611524,1,Brute Force,Brute Force
20170704_1426,2017-07-04 14:26:00,2017-07-04 14:26:59,2017-07-04,Tuesday,33,1062,6805.733333333334,8394513.433333334,14260407.950094162,31415188.689767744,0.6694915254237288,1233.4473042336854,135.72737357099325,0.754262736657602,22,175,0.3747645951035782,0.0016897517779127403,1,Brute Force,Brute Force
20170704_1427,2017-07-04 14:27:00,2017-07-04 14:27:59,2017-07-04,Tuesday,34,653,456.3,340265.51666666666,16949837.612557426,34204566.13764764,0.5650842266462481,745.705712615969,155.7995508712445,0.8202912040422844,17,134,0.44104134762633995,0.01815326174300533,1,Brute Force,Brute Force
20170704_1428,2017-07-04 14:28:00,2017-07-04 14:28:59,2017-07-04,Tuesday,35,289,5672.533333333334,6826917.966666667,22358570.982698962,32395064.5329712,0.39792387543252594,1203.5042485426852,101.20480402428954,0.7224429273427497,14,75,0.4913494809688581,0.0006816472358029335,1,Brute Force,Brute Force
20170704_1429,2017-07-04 14:29:00,2017-07-04 14:29:59,2017-07-04,Tuesday,36,1916,855.1,561998.3833333333,15692867.545929018,34698668.797370374,0.6638830897703549,657.2311815382217,185.95813582555496,0.8347518237734229,15,229,0.33716075156576203,0.024714458347951506,1,Brute Force,Brute Force
20170704_1430,2017-07-04 14:30:00,2017-07-04 14:30:59,2017-07-04,Tuesday,37,1254,6842.366666666667,8072585.383333334,15118269.641945774,33723605.85115929,0.6738437001594896,1179.7943279859307,108.17019462189853,0.7168336623063798,14,188,0.291866028708134,0.0016928840410968915,1,Brute Force,Brute Force
20170704_1431,2017-07-04 14:31:00,2017-07-04 14:31:59,2017-07-04,Tuesday,38,686,250.33333333333334,144556.25,11579474.67638484,27619017.56993515,0.6690962099125365,577.4550599201066,166.7309109054871,0.9240425259382605,8,128,0.446064139941691,0.03475366178428762,1,Brute Force,Brute Force
20170704_1432,2017-07-04 14:32:00,2017-07-04 14:32:59,2017-07-04,Tuesday,39,382,10968.683333333332,14031046.666666666,22936696.2486911,35548427.09241941,0.42670157068062825,1279.1915164536613,124.91909631680117,0.7116395924036015,13,110,0.5366492146596858,0.0004102589037578196,1,Brute Force,Brute Force
20170704_1433,2017-07-04 14:33:00,2017-07-04 14:33:59,2017-07-04,Tuesday,40,1034,282.55,125021.1,17394724.09574468,36307942.94174633,0.6431334622823984,442.47425234471774,128.3196244037539,0.8524912587412588,16,150,0.3230174081237911,0.03763345720521442,1,Brute Force,Brute Force
20170704_1434,2017-07-04 14:34:00,2017-07-04 14:34:59,2017-07-04,Tuesday,41,2496,6176.466666666666,7187078.416666667,12206646.95713141,28047519.29004649,0.671875,1163.6229586494976,133.32887049431622,0.751340954523329,11,295,0.30248397435897434,0.00405571686077261,1,Brute Force,Brute Force
20170704_1435,2017-07-04 14:35:00,2017-07-04 14:35:59,2017-07-04,Tuesday,42,1021,391.85,175675.95,18968821.930460334,37810550.679179795,0.6258570029382958,448.3244864106163,258.14098469446355,0.9500704984656216,16,201,0.545543584720862,0.04487261281953128,1,Brute Force,Brute Force
20170704_1436,2017-07-04 14:36:00,2017-07-04 14:36:59,2017-07-04,Tuesday,43,876,2064.6666666666665,2290852.4166666665,21058650.279680364,39124555.44931072,0.5924657534246576,1109.5507345818535,169.7437295641864,0.7283711196372514,9,143,0.408675799086758,0.004940264772360349,1,Brute Force,Brute Force
20170704_1437,2017-07-04 14:37:00,2017-07-04 14:37:59,2017-07-04,Tuesday,44,1777,434.18333333333334,185508.36666666667,16771773.186831739,34573266.0124752,0.6330894766460327,427.2581474799432,118.33555126422472,0.9239347167860572,10,250,0.325267304445695,0.0422632528501785,1,Brute Force,Brute Force
20170704_1438,2017-07-04 14:38:00,2017-07-04 14:38:59,2017-07-04,Tuesday,45,1158,304.4,102952.93333333333,20789800.59758204,39631545.01408479,0.6001727115716753,338.21594393342093,150.3221517766475,0.9307610993657506,13,192,0.39291882556131263,0.04681340341655716,1,Brute Force,Brute Force
20170704_1439,2017-07-04 14:39:00,2017-07-04 14:39:59,2017-07-04,Tuesday,46,1661,535.4666666666667,249907.35,21191717.1192053,40283129.30234118,0.633353401565322,466.7094434760956,176.3618911493369,0.8856153530136746,11,258,0.3889223359422035,0.03632345617529881,1,Brute Force,Brute Force
20170704_1440,2017-07-04 14:40:00,2017-07-04 14:40:59,2017-07-04,Tuesday,47,654,213.33333333333334,104607.9,18431855.779816512,36947629.260370545,0.591743119266055,490.34953125,132.42431835652638,0.8085617406046905,13,125,0.39602446483180426,0.03234375,1,Brute Force,Brute Force
20170704_1441,2017-07-04 14:41:00,2017-07-04 14:41:59,2017-07-04,Tuesday,48,579,169.53333333333333,67701.2,17759879.671848014,32281009.456300262,0.5664939550949913,399.3385764844672,128.87642160027787,0.8922991071428571,16,106,0.4058721934369603,0.03588281557215887,1,Brute Force,Brute Force
20170704_1442,2017-07-04 14:42:00,2017-07-04 14:42:59,2017-07-04,Tuesday,49,1554,406.78333333333336,157114.18333333332,16529665.64028314,31819197.794907138,0.6048906048906049,386.235547179088,147.12208421651627,0.9036031820308844,16,201,0.33783783783783783,0.041627401974843284,1,Brute Force,Brute Force
20170704_1443,2017-07-04 14:43:00,2017-07-04 14:43:59,2017-07-04,Tuesday,50,2169,461.78333333333336,159491.18333333332,13183106.904564315,30478468.50869266,0.677731673582296,345.3809867542498,131.95903146763877,0.9330263708664713,14,266,0.3102812355924389,0.04879633305662829,1,Brute Force,Brute Force
20170704_1444,2017-07-04 14:44:00,2017-07-04 14:44:59,2017-07-04,Tuesday,51,1013,220.36666666666667,62755.78333333333,12826818.469891412,27874778.840482827,0.6051332675222113,284.7789290576312,140.14782155887292,0.9854354354354354,12,158,0.3998025666337611,0.059522008773256696,1,Brute Force,Brute Force
20170704_1445,2017-07-04 14:45:00,2017-07-04 14:45:59,2017-07-04,Tuesday,52,372,140.48333333333332,63263.316666666666,25328569.56451613,40504552.241159685,0.5026881720430108,450.3261359591885,137.6696964973286,0.8704237852229865,12,91,0.5483870967741935,0.03582868667694863,1,Brute Force,Brute Force
20170704_1446,2017-07-04 14:46:00,2017-07-04 14:46:59,2017-07-04,Tuesday,53,636,172.71666666666667,78994.48333333334,14934506.465408806,30706674.478323128,0.5408805031446541,457.36456624529575,116.82051532452616,0.8670509818050801,10,93,0.41037735849056606,0.04776609090031844,1,Brute Force,Brute Force
20170704_1447,2017-07-04 14:47:00,2017-07-04 14:47:59,2017-07-04,Tuesday,54,1818,568.7333333333333,319724.73333333334,14953034.380088009,31920063.535330713,0.6584158415841584,562.1698511311687,148.39163006440435,0.8585589020205872,15,245,0.36688668866886687,0.03824287891220256,1,Brute Force,Brute Force
20170704_1448,2017-07-04 14:48:00,2017-07-04 14:48:59,2017-07-04,Tuesday,55,1730,407.1166666666667,177371.55,14548640.316763006,33743200.27503002,0.6872832369942197,435.67744708723956,106.93398900311747,0.9376536844610137,13,192,0.2901734104046243,0.04081549105498015,1,Brute Force,Brute Force
20170704_1449,2017-07-04 14:49:00,2017-07-04 14:49:59,2017-07-04,Tuesday,56,1101,272.03333333333336,108919.46666666666,15413634.97184378,33113281.64924851,0.6330608537693007,400.39014826614385,156.15259875223424,0.9276098252243741,13,176,0.3760217983651226,0.04625658620267124,1,Brute Force,Brute Force
20170704_1450,2017-07-04 14:50:00,2017-07-04 14:50:59,2017-07-04,Tuesday,57,579,6934.8,10511677.633333333,17729142.587219343,33762990.86788387,0.5233160621761658,1515.7867037742017,134.93934513443259,0.7797629486417239,10,104,0.43523316062176165,0.0011031320297629347,1,Brute Force,Brute Force
20170704_1451,2017-07-04 14:51:00,2017-07-04 14:51:59,2017-07-04,Tuesday,58,1731,444.1333333333333,180885.4,13611328.164067013,31798702.84143316,0.6943963027151935,407.2772440708496,209.7726812168374,0.9742924877759668,12,198,0.38937030618139806,0.047808465926148305,1,Brute Force,Brute Force
20170704_1452,2017-07-04 14:52:00,2017-07-04 14:52:59,2017-07-04,Tuesday,59,1498,410.3666666666667,178214.8,15919686.279038718,34503387.48738228,0.6568758344459279,434.2818617496548,141.79065446817063,0.8879773040944641,10,186,0.32910547396528705,0.038786451141255784,1,Brute Force,Brute Force
20170704_1453,2017-07-04 14:53:00,2017-07-04 14:53:59,2017-07-04,Tuesday,60,812,310.43333333333334,149336.73333333334,21258503.42857143,37962436.59635848,0.47044334975369456,481.05894985504136,196.0841185072531,0.8872340425531915,13,172,0.5110837438423645,0.04091055513797917,1,Brute Force,Brute Force
20170704_1454,2017-07-04 14:54:00,2017-07-04 14:54:59,2017-07-04,Tuesday,61,1745,433.4,148694.65,18109221.13467049,36816130.93439803,0.6269340974212034,343.088717120443,170.32886165742667,0.9551161566799489,12,242,0.3805157593123209,0.047569604676203664,1,Brute Force,Brute Force
20170704_1455,2017-07-04 14:55:00,2017-07-04 14:55:59,2017-07-04,Tuesday,62,1212,280.1,101709.61666666667,15145443.75330033,32108271.32355542,0.5866336633663366,363.1189456146614,135.39261788112816,0.967341683249444,10,173,0.3976897689768977,0.047245031536356064,1,Brute Force,Brute Force
20170704_1456,2017-07-04 14:56:00,2017-07-04 14:56:59,2017-07-04,Tuesday,63,1150,459.9,285356.45,20772776.29652174,39413504.21412215,0.5765217391304348,620.4749945640357,186.412250256464,0.8380736694864451,13,200,0.43478260869565216,0.033268101761252444,1,Brute Force,Brute Force
20170704_1457,2017-07-04 14:57:00,2017-07-04 14:57:59,2017-07-04,Tuesday,64,1070,512.7166666666667,340255.2833333333,19965067.45140187,38513991.021085404,0.5728971962616822,663.6321880180736,182.572709897657,0.7403405555241274,13,187,0.4383177570093458,0.02756558203036115,1,Brute Force,Brute Force
20170704_1458,2017-07-04 14:58:00,2017-07-04 14:58:59,2017-07-04,Tuesday,65,1489,432.6333333333333,196516.33333333334,14715355.69039624,33819178.70581027,0.6265950302216252,454.2329917559134,176.68831968766813,0.8895763575484059,14,229,0.43519140362659503,0.04645966561368364,1,Brute Force,Brute Force
20170704_1459,2017-07-04 14:59:00,2017-07-04 14:59:59,2017-07-04,Tuesday,66,542,118.88333333333334,30443.066666666666,11884701.210332103,27225692.810791623,0.525830258302583,256.07514369830363,136.1655554279016,0.9380603096984516,10,107,0.5,0.0658909294826861,1,Brute Force,Brute Force
20170704_1500,2017-07-04 15:00:00,2017-07-04 15:00:59,2017-07-04,Tuesday,67,1176,301.75,115406.5,14236474.18367347,32535950.935394507,0.6309523809523809,382.45733222866613,172.01648646919674,0.9214687466836464,13,208,0.4005102040816326,0.048826291079812206,1,Brute Force,Brute Force
20170704_1501,2017-07-04 15:01:00,2017-07-04 15:01:59,2017-07-04,Tuesday,68,816,258.0833333333333,124953.3,15349125.0625,33536105.117800683,0.6078431372549019,484.1587342589603,159.3637329170681,0.8590636254501801,12,142,0.4215686274509804,0.041136583790765256,1,Brute Force,Brute Force
20170704_1502,2017-07-04 15:02:00,2017-07-04 15:02:59,2017-07-04,Tuesday,69,402,111.78333333333333,36213.46666666667,13060945.883084577,28567163.637595516,0.48507462686567165,323.9612345310869,122.03656772437549,0.8243132988849605,14,84,0.527363184079602,0.059937378857909646,1,Brute Force,Brute Force
20170704_1503,2017-07-04 15:03:00,2017-07-04 15:03:59,2017-07-04,Tuesday,70,947,294.55,108978.63333333333,16303172.81626188,35079480.957311615,0.6409714889123548,369.9834776212301,170.79736032085333,0.9231773667029379,14,144,0.41816261879619854,0.042324449725570076,1,Brute Force,Brute Force
20170704_1504,2017-07-04 15:04:00,2017-07-04 15:04:59,2017-07-04,Tuesday,71,1508,478.6166666666667,251632.2,13507870.543103449,31545635.283763934,0.6538461538461539,525.748929205697,182.69017646004363,0.873931484502447,12,185,0.3726790450928382,0.04001114322526726,1,Brute Force,Brute Force
20170704_1505,2017-07-04 15:05:00,2017-07-04 15:05:59,2017-07-04,Tuesday,72,470,122.03333333333333,35138.183333333334,11621730.423404256,26154192.10514849,0.5893617021276596,287.93922425566785,126.48686869093342,0.8893188854489165,16,90,0.4531914893617021,0.049440043703906034,1,Brute Force,Brute Force
20170704_1506,2017-07-04 15:06:00,2017-07-04 15:06:59,2017-07-04,Tuesday,73,1745,494.45,211140.96666666667,17786241.732378222,36827777.150394015,0.6148997134670487,427.02187615869485,166.38493101019725,0.9243692028280469,11,250,0.3891117478510029,0.04075235109717868,1,Brute Force,Brute Force
20170704_1507,2017-07-04 15:07:00,2017-07-04 15:07:59,2017-07-04,Tuesday,74,514,270.71666666666664,176695.31666666668,17363843.02140078,36028743.55409312,0.585603112840467,652.6946376900819,144.04700910182098,0.8074997218204073,9,105,0.42996108949416345,0.024749122699008804,1,Brute Force,Brute Force
20170704_1508,2017-07-04 15:08:00,2017-07-04 15:08:59,2017-07-04,Tuesday,75,612,188.73333333333332,70956.9,18669084.272875816,36608797.36315363,0.5849673202614379,375.9637937124691,147.35269862985632,0.848074412532637,14,101,0.39869281045751637,0.03514659131049099,1,Brute Force,Brute Force
20170704_1509,2017-07-04 15:09:00,2017-07-04 15:09:59,2017-07-04,Tuesday,76,766,225.08333333333334,97609.55,15282996.994778069,33388037.64941807,0.6370757180156658,433.65960755275825,151.33656530379764,0.8665008291873963,11,138,0.3968668407310705,0.03917067752684191,1,Brute Force,Brute Force
20170704_1510,2017-07-04 15:10:00,2017-07-04 15:10:59,2017-07-04,Tuesday,77,2651,727.4166666666666,318454.43333333335,15710317.516408902,33627149.04142318,0.6439079592606564,437.78820025203345,173.00926040279487,0.8898462870751245,14,332,0.3515654470011316,0.04037117653797686,1,Brute Force,Brute Force
20170704_1511,2017-07-04 15:11:00,2017-07-04 15:11:59,2017-07-04,Tuesday,78,475,127.85,36798.46666666667,14680379.197894737,32334274.726503983,0.6273684210526316,287.8253161256681,124.80138118320635,0.8836238644733612,12,86,0.39789473684210525,0.04341024638247947,1,Brute Force,Brute Force
20170704_1512,2017-07-04 15:12:00,2017-07-04 15:12:59,2017-07-04,Tuesday,79,292,97.7,29458.5,14502302.56849315,27500396.23756715,0.4349315068493151,301.51995905834184,91.42153178224257,0.910394265232975,13,94,0.6506849315068494,0.038894575230296824,1,Brute Force,Brute Force
20170704_1513,2017-07-04 15:13:00,2017-07-04 15:13:59,2017-07-04,Tuesday,80,727,264.5833333333333,158034.26666666666,16275829.273727648,35208930.855759226,0.562585969738652,597.2948661417323,156.74880233069,0.8292430003456619,9,123,0.437414030261348,0.03464566929133858,1,Brute Force,Brute Force
20170704_1514,2017-07-04 15:14:00,2017-07-04 15:14:59,2017-07-04,Tuesday,81,1051,373.4,195442.4,17648754.80970504,37962184.45085841,0.6764985727878211,523.4129619710766,169.24311575433705,0.838887065003283,15,143,0.3368220742150333,0.03160149973219068,1,Brute Force,Brute Force
20170704_1515,2017-07-04 15:15:00,2017-07-04 15:15:59,2017-07-04,Tuesday,82,1091,411.21666666666664,177885.46666666667,25090192.861594867,43597411.36690785,0.5902841429880843,432.5833096907551,201.75017960128247,0.9192594897324207,9,179,0.42529789184234645,0.03724719328820979,1,Brute Force,Brute Force
20170704_1516,2017-07-04 15:16:00,2017-07-04 15:16:59,2017-07-04,Tuesday,83,436,251.06666666666666,166136.23333333334,12267592.206422018,28073887.653388154,0.5711009174311926,661.7215878916622,156.38058206688646,0.7841070582662245,13,102,0.5344036697247706,0.02343335103558152,1,Brute Force,Brute Force
20170704_1517,2017-07-04 15:17:00,2017-07-04 15:17:59,2017-07-04,Tuesday,84,803,261.51666666666665,143681.18333333332,11268667.551681196,29977897.306303464,0.6488169364881694,549.4150149767382,165.29940240578372,0.8450323339212228,14,102,0.37359900373599003,0.033012554967815945,1,Brute Force,Brute Force
20170704_1518,2017-07-04 15:18:00,2017-07-04 15:18:59,2017-07-04,Tuesday,85,258,89.33333333333333,30910.45,11651892.988372093,25662240.42160053,0.5193798449612403,346.0125,109.32377882471289,0.8397391901166781,12,65,0.5852713178294574,0.04794776119402985,1,Brute Force,Brute Force
20170704_1519,2017-07-04 15:19:00,2017-07-04 15:19:59,2017-07-04,Tuesday,86,694,196.76666666666668,75204.86666666667,15889240.655619597,35489534.33825477,0.654178674351585,382.2032864645096,155.17595805890787,0.9074313408723748,11,95,0.37319884726224783,0.04328307640182958,1,Brute Force,Brute Force
20170704_1520,2017-07-04 15:20:00,2017-07-04 15:20:59,2017-07-04,Tuesday,87,253,64.78333333333333,30894.916666666668,11521830.632411066,28856246.682215057,0.6758893280632411,476.8960638024183,100.34177322521533,0.8531935176358436,14,73,0.33201581027667987,0.029585798816568046,1,Brute Force,Brute Force
20170704_1521,2017-07-04 15:21:00,2017-07-04 15:21:59,2017-07-04,Tuesday,88,99,34.03333333333333,16139.183333333332,14825712.363636363,34357281.89622957,0.7171717171717171,474.21694417238,99.93414029744754,1.036889332003988,12,37,0.25252525252525254,0.024485798237022526,0,BENIGN,BENIGN
20170704_1522,2017-07-04 15:22:00,2017-07-04 15:22:59,2017-07-04,Tuesday,89,1237,323.4166666666667,165072.78333333333,14953081.519805983,33642181.85891059,0.713823767178658,510.4028343210513,151.43268500908974,0.8782423538521099,10,175,0.2700080840743735,0.033444988405050245,0,BENIGN,BENIGN
20170704_1523,2017-07-04 15:23:00,2017-07-04 15:23:59,2017-07-04,Tuesday,90,1313,419.23333333333335,230551.0,16277953.664127951,34545556.48319786,0.6686976389946687,549.9348016220084,177.2354986627092,0.8076315033055476,16,198,0.3313023610053313,0.035223026158861415,0,BENIGN,BENIGN
20170704_1524,2017-07-04 15:24:00,2017-07-04 15:24:59,2017-07-04,Tuesday,91,375,122.26666666666667,70868.28333333334,16083873.829333333,35142260.90455952,0.72,579.6206379498365,163.77504036951774,0.825578502114954,6,76,0.328,0.02821701199563795,0,BENIGN,BENIGN
20170704_1525,2017-07-04 15:25:00,2017-07-04 15:25:59,2017-07-04,Tuesday,92,438,106.93333333333334,50799.666666666664,16746971.429223744,36985271.48393923,0.7168949771689498,475.0592269326683,154.2506955221717,0.9720344191763983,8,104,0.3356164383561644,0.03350997506234414,0,BENIGN,BENIGN
20170704_1526,2017-07-04 15:26:00,2017-07-04 15:26:59,2017-07-04,Tuesday,93,186,44.2,27089.033333333333,11466289.08064516,27773294.831195284,0.6935483870967742,612.8740573152338,108.742547336332,0.8221153846153846,11,70,0.3333333333333333,0.01847662141779789,0,BENIGN,BENIGN
20170704_1527,2017-07-04 15:27:00,2017-07-04 15:27:59,2017-07-04,Tuesday,94,1022,329.0833333333333,180402.43333333332,17120364.6555773,36248726.696076415,0.6702544031311155,548.1968093188149,188.66330401546145,0.9034123770965876,9,164,0.3639921722113503,0.036515573562927325,0,BENIGN,BENIGN
20170704_1528,2017-07-04 15:28:00,2017-07-04 15:28:59,2017-07-04,Tuesday,95,797,230.43333333333334,101913.63333333333,19419615.35884567,40539527.82821901,0.6963613550815558,442.26949226095763,181.61489882258212,0.9439055250948967,15,138,0.33500627352572143,0.036959351945609724,0,BENIGN,BENIGN
20170704_1529,2017-07-04 15:29:00,2017-07-04 15:29:59,2017-07-04,Tuesday,96,321,142.33333333333334,87143.21666666666,13227122.507788163,29745668.026415143,0.7414330218068536,612.2474238875878,254.63981838332026,0.8632198952879581,15,88,0.4953271028037383,0.037822014051522246,0,BENIGN,BENIGN
20170704_1530,2017-07-04 15:30:00,2017-07-04 15:30:59,2017-07-04,Tuesday,97,289,138.13333333333333,103498.45,13591950.653979238,31251225.44563432,0.6228373702422145,749.2648407335907,150.85945618513463,0.7802835051546392,11,78,0.3875432525951557,0.01833976833976834,0,BENIGN,BENIGN
20170704_1531,2017-07-04 15:31:00,2017-07-04 15:31:59,2017-07-04,Tuesday,98,1128,611.3333333333334,428104.8333333333,18689299.911347516,38017485.57423244,0.6764184397163121,700.2805343511451,182.11376993269508,0.7684408446630026,12,162,0.33599290780141844,0.01995637949836423,0,BENIGN,BENIGN
20170704_1532,2017-07-04 15:32:00,2017-07-04 15:32:59,2017-07-04,Tuesday,99,203,55.61666666666667,29045.55,8478275.66502463,25065760.277132917,0.7487684729064039,522.2454300269703,158.03301650096478,0.8596100278551532,15,51,0.3793103448275862,0.04075516931375487,0,BENIGN,BENIGN
20170704_1533,2017-07-04 15:33:00,2017-07-04 15:33:59,2017-07-04,Tuesday,100,1041,450.96666666666664,288184.0333333333,15695530.479346782,36007445.34986808,0.7262247838616714,639.0362184936063,180.2844193777001,0.8222775944508047,16,152,0.32949087415946204,0.024318131421391085,0,BENIGN,BENIGN
20170704_1534,2017-07-04 15:34:00,2017-07-04 15:34:59,2017-07-04,Tuesday,101,195,50.766666666666666,27161.3,8989174.343589744,24518452.548606142,0.6666666666666666,535.0223243598161,93.41527520160686,0.9594855305466238,12,61,0.3282051282051282,0.02068286277084701,0,BENIGN,BENIGN
20170704_1535,2017-07-04 15:35:00,2017-07-04 15:35:59,2017-07-04,Tuesday,102,782,413.51666666666665,297899.86666666664,17995793.098465472,38992989.859111145,0.7071611253196931,720.4059489742453,176.1357380556298,0.7939411466994433,11,118,0.3452685421994885,0.02059570351860062,0,BENIGN,BENIGN
20170704_1536,2017-07-04 15:36:00,2017-07-04 15:36:59,2017-07-04,Tuesday,103,1040,355.73333333333335,177818.75,13739414.963461539,33354355.79259585,0.7471153846153846,499.8653017241379,233.45822137341986,0.9183068212456188,13,156,0.4230769230769231,0.039776986506746624,0,BENIGN,BENIGN
20170704_1537,2017-07-04 15:37:00,2017-07-04 15:37:59,2017-07-04,Tuesday,104,123,153.56666666666666,149804.23333333334,14591362.203252032,33480068.14741685,0.7317073170731707,975.4996744085088,145.9333758973155,0.7522342650694048,12,34,0.37398373983739835,0.008573909268504449,0,BENIGN,BENIGN
20170704_1538,2017-07-04 15:38:00,2017-07-04 15:38:59,2017-07-04,Tuesday,105,707,162.95,72487.36666666667,14782008.540311174,34496711.78832135,0.7298444130127298,444.8442262452695,153.5325919539551,0.9274590971811552,10,113,0.32956152758132956,0.03671882990692441,0,BENIGN,BENIGN
20170704_1539,2017-07-04 15:39:00,2017-07-04 15:39:59,2017-07-04,Tuesday,106,897,287.5,173856.85,11245570.926421404,27934779.219638746,0.7023411371237458,604.7194782608696,168.29896542667723,0.9057666813963765,11,146,0.32441471571906355,0.033391304347826084,0,BENIGN,BENIGN
20170704_1540,2017-07-04 15:40:00,2017-07-04 15:40:59,2017-07-04,Tuesday,107,250,87.18333333333334,44012.38333333333,18103260.892,36810539.53377347,0.664,504.8256547505257,150.71587846061155,0.8319327731092437,11,67,0.34,0.028675205505639456,0,BENIGN,BENIGN
20170704_1541,2017-07-04 15:41:00,2017-07-04 15:41:59,2017-07-04,Tuesday,108,528,270.71666666666664,204969.93333333332,18048151.257575758,38193662.5771046,0.6666666666666666,757.138213384227,167.2875086994446,0.8417233560090703,12,98,0.3541666666666667,0.018161669642307456,0,BENIGN,BENIGN
20170704_1542,2017-07-04 15:42:00,2017-07-04 15:42:59,2017-07-04,Tuesday,109,438,204.5,127066.1,16726732.374429224,36742898.12129007,0.6529680365296804,621.3501222493887,203.7091037250945,0.809882005899705,10,88,0.3972602739726027,0.02893235533822331,0,BENIGN,BENIGN
20170704_1543,2017-07-04 15:43:00,2017-07-04 15:43:59,2017-07-04,Tuesday,110,327,243.68333333333334,209424.48333333334,19671291.66055046,39387113.742896184,0.6880733944954128,859.4124204910745,299.4733508705822,0.8288930581613508,11,66,0.581039755351682,0.02188632788454962,0,BENIGN,BENIGN
20170704_1544,2017-07-04 15:44:00,2017-07-04 15:44:59,2017-07-04,Tuesday,111,183,76.98333333333333,50401.3,14211124.158469945,31267645.9684792,0.639344262295082,654.7040484953453,127.46109977931391,0.7427385892116183,9,65,0.33879781420765026,0.016237280796709243,0,BENIGN,BENIGN
20170704_1545,2017-07-04 15:45:00,2017-07-04 15:45:59,2017-07-04,Tuesday,112,664,323.3666666666667,242236.16666666666,18129793.909638554,37894499.790250935,0.6822289156626506,749.106793114112,203.02992560390257,0.8419403835200304,13,104,0.35542168674698793,0.022987320894753117,0,BENIGN,BENIGN
20170704_1546,2017-07-04 15:46:00,2017-07-04 15:46:59,2017-07-04,Tuesday,113,957,566.95,419061.61666666664,22541459.087774295,43150372.868791856,0.6050156739811913,739.1509245377312,239.07185832971447,0.8399048082643734,11,122,0.4117032392894462,0.023811623599964724,0,BENIGN,BENIGN
20170704_1547,2017-07-04 15:47:00,2017-07-04 15:47:59,2017-07-04,Tuesday,114,1180,402.3,244033.91666666666,11457963.712711865,31107351.58460543,0.7076271186440678,606.5968597232579,188.89685934210408,0.9079196964906734,9,124,0.3364406779661017,0.03305990554312702,0,BENIGN,BENIGN
20170704_1548,2017-07-04 15:48:00,2017-07-04 15:48:59,2017-07-04,Tuesday,115,149,48.016666666666666,19953.666666666668,10527736.087248322,26730444.497914873,0.6845637583892618,415.55709822978133,158.64028489655425,0.92904953145917,15,53,0.4161073825503356,0.03748698368622006,0,BENIGN,BENIGN
20170704_1549,2017-07-04 15:49:00,2017-07-04 15:49:59,2017-07-04,Tuesday,116,364,216.78333333333333,185422.5,15120413.851648351,35141941.20925131,0.6730769230769231,855.3355885292535,141.96327489080846,0.8177752934600335,10,96,0.3708791208791209,0.011686015222572461,0,BENIGN,BENIGN
20170704_1550,2017-07-04 15:50:00,2017-07-04 15:50:59,2017-07-04,Tuesday,117,880,199.4,84845.11666666667,11720019.886363637,32016900.00849903,0.8079545454545455,425.50208960213973,186.72601364228393,0.9901862940785097,13,129,0.3034090909090909,0.043547308592443996,0,BENIGN,BENIGN
20170704_1551,2017-07-04 15:51:00,2017-07-04 15:51:59,2017-07-04,Tuesday,118,413,356.95,325354.2166666667,12850703.479418887,24613909.849331927,0.6174334140435835,911.4840080310034,217.5797465750099,0.756869821999836,7,86,0.38256658595641646,0.014007564084605687,0,BENIGN,BENIGN
20170704_1552,2017-07-04 15:52:00,2017-07-04 15:52:59,2017-07-04,Tuesday,119,1438,318.96666666666664,135615.3,13415499.85674548,33949494.163002886,0.7357440890125174,425.17075974500995,138.73214040663845,0.9771694214876033,10,177,0.4318497913769124,0.05371512174730902,0,BENIGN,BENIGN
20170704_1553,2017-07-04 15:53:00,2017-07-04 15:53:59,2017-07-04,Tuesday,120,618,252.23333333333332,186318.16666666666,10821501.493527507,29538557.736849327,0.7847896440129449,738.6738469670939,115.67974125753138,0.8803578084234066,14,85,0.25080906148867316,0.020153297211576583,0,BENIGN,BENIGN
20170704_1554,2017-07-04 15:54:00,2017-07-04 15:54:59,2017-07-04,Tuesday,121,1374,579.2833333333333,369701.76666666666,13901112.113537118,32927145.64950586,0.7183406113537117,638.2054262450729,176.44724981973212,0.8693126815101646,14,140,0.2889374090247453,0.023966395258509077,0,BENIGN,BENIGN
20170704_1555,2017-07-04 15:55:00,2017-07-04 15:55:59,2017-07-04,Tuesday,122,492,239.11666666666667,177287.26666666666,14989840.697154472,33243373.0908068,0.7235772357723578,741.4258033038266,174.07450060729386,0.8812114855119969,9,87,0.3333333333333333,0.01951627517948003,0,BENIGN,BENIGN
20170704_1556,2017-07-04 15:56:00,2017-07-04 15:56:59,2017-07-04,Tuesday,123,336,101.01666666666667,45084.26666666667,8228085.744047619,25340335.325774644,0.8154761904761905,446.30523016003957,184.44705190876243,1.0472813238770686,14,62,0.44642857142857145,0.03844250123741957,0,BENIGN,BENIGN
20170704_1557,2017-07-04 15:57:00,2017-07-04 15:57:59,2017-07-04,Tuesday,124,536,198.88333333333333,146992.0,9718297.774253732,25594093.28942446,0.6902985074626866,739.0865666638733,163.37271847298751,0.8796660891478973,11,101,0.3656716417910448,0.0256431743903461,0,BENIGN,BENIGN
20170704_1558,2017-07-04 15:58:00,2017-07-04 15:58:59,2017-07-04,Tuesday,125,600,173.61666666666667,94017.16666666667,15575566.278333334,36191811.31925766,0.7616666666666667,541.5215513103581,134.26895738089587,0.9299740644683216,12,84,0.28,0.03023903235096477,0,BENIGN,BENIGN
20170704_1559,2017-07-04 15:59:00,2017-07-04 15:59:59,2017-07-04,Tuesday,126,1190,328.75,175995.1,18707213.20420168,38325501.16029447,0.7025210084033613,535.3463117870723,160.59383452949345,0.8921822541966427,11,157,0.2815126050420168,0.03401774397972117,0,BENIGN,BENIGN
20170704_1600,2017-07-04 16:00:00,2017-07-04 16:00:59,2017-07-04,Tuesday,127,853,662.9666666666667,637053.7,18026313.608440798,37527169.1713812,0.6858147713950762,960.9136205942983,193.7698064215389,0.8230522456461962,12,114,0.347010550996483,0.01490773794559807,0,BENIGN,BENIGN
20170704_1601,2017-07-04 16:01:00,2017-07-04 16:01:59,2017-07-04,Tuesday,128,1324,287.2,132054.78333333333,12648386.104984894,28501828.144456707,0.7077039274924471,459.80077762302693,156.70066618828167,0.9966400185378288,13,185,0.2930513595166163,0.04253714020427112,0,BENIGN,BENIGN
20170704_1602,2017-07-04 16:02:00,2017-07-04 16:02:59,2017-07-04,Tuesday,129,1804,424.45,181647.11666666667,15338611.112527717,35723633.601319075,0.717849223946785,427.958809439667,162.0122325119315,1.0323996488708005,15,218,0.30598669623059865,0.04217222287666392,0,BENIGN,BENIGN
20170704_1603,2017-07-04 16:03:00,2017-07-04 16:03:59,2017-07-04,Tuesday,130,291,104.56666666666666,55996.933333333334,22553752.773195878,42738856.912135705,0.6426116838487973,535.5141855275741,235.59055804841597,0.9770006301197227,14,68,0.4570446735395189,0.03331208160663054,0,BENIGN,BENIGN
20170704_1604,2017-07-04 16:04:00,2017-07-04 16:04:59,2017-07-04,Tuesday,131,1131,279.76666666666665,104192.06666666667,21729287.73740053,42620526.68323634,0.6825817860300619,372.42487787441917,174.85305681079655,1.0549638878687722,12,157,0.358974358974359,0.04515667818420112,0,BENIGN,BENIGN
20170704_1605,2017-07-04 16:05:00,2017-07-04 16:05:59,2017-07-04,Tuesday,132,1057,307.51666666666665,134531.26666666666,17441410.46357616,36879893.78205799,0.6527909176915799,437.47634274565064,187.48767175860988,0.9823807477438762,13,175,0.3784295175023652,0.04059400574494607,0,BENIGN,BENIGN
20170704_1606,2017-07-04 16:06:00,2017-07-04 16:06:59,2017-07-04,Tuesday,133,1153,271.2,117570.58333333333,12786529.352992194,33782003.98656573,0.7606244579358196,433.51985004916423,134.09261971226292,0.9456001912960306,16,154,0.30789245446660884,0.039700098328416915,0,BENIGN,BENIGN
20170704_1607,2017-07-04 16:07:00,2017-07-04 16:07:59,2017-07-04,Tuesday,134,1211,543.5,270324.15,4522546.158546655,19495189.623021014,0.8777869529314616,497.37654093836244,463.99481162079627,1.0200074331020812,7,105,0.8026424442609413,0.05979760809567617,0,BENIGN,BENIGN
20170704_1608,2017-07-04 16:08:00,2017-07-04 16:08:59,2017-07-04,Tuesday,135,656,140.98333333333332,42962.833333333336,16664461.4375,38011278.80021685,0.711890243902439,304.7369665445088,117.01067822153804,1.0133269871489767,15,102,0.3079268292682927,0.04031209362808843,0,BENIGN,BENIGN
20170704_1609,2017-07-04 16:09:00,2017-07-04 16:09:59,2017-07-04,Tuesday,136,398,134.18333333333334,84676.5,14771590.17085427,36098497.997917615,0.7361809045226131,631.0508011427152,143.47006522127634,0.9012987012987013,13,64,0.3065326633165829,0.029685753322568623,0,BENIGN,BENIGN
20170704_1610,2017-07-04 16:10:00,2017-07-04 16:10:59,2017-07-04,Tuesday,137,649,159.88333333333333,67956.2,19977496.724191062,40739779.30055586,0.7072419106317411,425.0361722089023,130.27130499508442,0.9916960763960971,13,110,0.3066255778120185,0.03669342228708433,0,BENIGN,BENIGN
20170704_1611,2017-07-04 16:11:00,2017-07-04 16:11:59,2017-07-04,Tuesday,138,588,199.51666666666668,103714.23333333334,16130303.357142856,37400457.551180944,0.7517006802721088,519.8274162559519,169.99529831814382,0.8081860746110859,14,92,0.32142857142857145,0.033247013616239246,0,BENIGN,BENIGN
20170704_1612,2017-07-04 16:12:00,2017-07-04 16:12:59,2017-07-04,Tuesday,139,592,133.41666666666666,45087.51666666667,17115185.048986487,38374759.16236629,0.7043918918918919,337.94515927545285,125.27801487877467,1.065531475748194,11,97,0.36655405405405406,0.04547158026233604,0,BENIGN,BENIGN
20170704_1613,2017-07-04 16:13:00,2017-07-04 16:13:59,2017-07-04,Tuesday,140,237,114.73333333333333,81646.4,22454318.06329114,41702225.474921934,0.6413502109704642,711.6188262638001,204.91481627138643,0.7887763055339049,10,58,0.3881856540084388,0.023968622893666473,0,BENIGN,BENIGN
20170704_1614,2017-07-04 16:14:00,2017-07-04 16:14:59,2017-07-04,Tuesday,141,1146,290.78333333333336,115671.78333333334,19332384.282722514,39908709.526741646,0.6701570680628273,397.79371811772796,127.14133700886352,0.9768864717878993,12,153,0.3298429319371728,0.03811543531839285,0,BENIGN,BENIGN
20170704_1615,2017-07-04 16:15:00,2017-07-04 16:15:59,2017-07-04,Tuesday,142,400,109.95,43222.9,18515731.0975,38455288.13640219,0.6975,393.11414279217826,189.55858058790898,0.9354649457318862,14,66,0.36,0.0469910565408519,0,BENIGN,BENIGN
20170704_1616,2017-07-04 16:16:00,2017-07-04 16:16:59,2017-07-04,Tuesday,143,1014,271.31666666666666,129247.11666666667,16956263.696252465,38805557.10283974,0.7337278106508875,476.36998587136804,130.98794911984126,0.9616821303771539,11,138,0.3047337278106509,0.034584433933288285,0,BENIGN,BENIGN
20170704_1617,2017-07-04 16:17:00,2017-07-04 16:17:59,2017-07-04,Tuesday,144,114,40.016666666666666,22756.75,11300272.859649124,28762859.969320476,0.7456140350877193,568.6817992503123,167.32817686503535,0.8434382194934766,17,27,0.37719298245614036,0.03581840899625156,0,BENIGN,BENIGN
20170704_1618,2017-07-04 16:18:00,2017-07-04 16:18:59,2017-07-04,Tuesday,145,789,166.91666666666666,49421.21666666667,17002590.953105196,38745831.00713191,0.7072243346007605,296.0831752371443,106.47611465476227,0.9482590935615639,10,106,0.2965779467680608,0.04053919121318023,0,BENIGN,BENIGN
20170704_1619,2017-07-04 16:19:00,2017-07-04 16:19:59,2017-07-04,Tuesday,146,194,60.766666666666666,25854.233333333334,11081592.262886599,28765102.758484907,0.654639175257732,425.46736149204605,161.72604513107075,0.9907205240174672,13,64,0.4381443298969072,0.0405924300603401,0,BENIGN,BENIGN
20170704_1620,2017-07-04 16:20:00,2017-07-04 16:20:59,2017-07-04,Tuesday,147,991,220.88333333333333,73418.81666666667,18927483.72048436,39909098.045937985,0.7124117053481333,332.38730853391684,142.6288828795551,1.0350069092584062,12,142,0.29969727547931385,0.04248094770995246,0,BENIGN,BENIGN
20170704_1621,2017-07-04 16:21:00,2017-07-04 16:21:59,2017-07-04,Tuesday,148,470,111.85,58720.01666666667,10946867.434042552,30859689.577997312,0.7936170212765957,524.988973327373,135.0684686785343,0.8827489481065919,14,65,0.3680851063829787,0.04172254507524959,0,BENIGN,BENIGN
20170704_1622,2017-07-04 16:22:00,2017-07-04 16:22:59,2017-07-04,Tuesday,149,561,147.26666666666668,71013.46666666666,18759420.395721924,40145379.615478724,0.7272727272727273,482.21004979628793,141.48647760577856,0.937938596491228,9,81,0.3761140819964349,0.039044816659121774,0,BENIGN,BENIGN
20170704_1623,2017-07-04 16:23:00,2017-07-04 16:23:59,2017-07-04,Tuesday,150,449,107.15,42363.95,15742142.022271715,37087641.00820542,0.7126948775055679,395.37050863275783,128.4241696944584,1.0232850849590938,15,77,0.311804008908686,0.03701975423860632,0,BENIGN,BENIGN
20170704_1624,2017-07-04 16:24:00,2017-07-04 16:24:59,2017-07-04,Tuesday,151,311,126.31666666666666,81044.9,16386753.948553056,37197477.41447456,0.7202572347266881,641.6010027708141,194.4145299706138,0.851037851037851,11,60,0.3408360128617363,0.02269428684523024,0,BENIGN,BENIGN
20170704_1625,2017-07-04 16:25:00,2017-07-04 16:25:59,2017-07-04,Tuesday,152,660,140.11666666666667,44601.2,17917448.275757577,40015130.92718413,0.7257575757575757,318.31473771856787,116.14013796278692,1.0192122958693564,11,95,0.3106060606060606,0.04341620078506007,0,BENIGN,BENIGN
20170704_1626,2017-07-04 16:26:00,2017-07-04 16:26:59,2017-07-04,Tuesday,153,441,115.18333333333334,45542.566666666666,16898736.76643991,36376381.053693645,0.6961451247165533,395.3919837939517,153.68292435372905,0.9291096846218253,13,80,0.30612244897959184,0.036608305599768486,0,BENIGN,BENIGN
20170704_1627,2017-07-04 16:27:00,2017-07-04 16:27:59,2017-07-04,Tuesday,154,1389,354.73333333333335,163760.35,15853686.720662346,35985797.834858306,0.7019438444924406,461.64353504980267,149.80221392484793,0.953110662506882,12,204,0.34053275737940963,0.04125164442773915,0,BENIGN,BENIGN
20170704_1628,2017-07-04 16:28:00,2017-07-04 16:28:59,2017-07-04,Tuesday,155,107,36.78333333333333,20184.566666666666,14655214.102803739,34479430.33535367,0.7102803738317757,548.7421839601269,189.28137019882305,0.84,13,45,0.411214953271028,0.02809243316719529,0,BENIGN,BENIGN
20170704_1629,2017-07-04 16:29:00,2017-07-04 16:29:59,2017-07-04,Tuesday,156,1181,277.5,114776.05,14333504.469093988,32527258.11731073,0.6883996613039797,413.6073873873874,149.48176628211442,0.9886540069270273,16,154,0.31498729889923793,0.04258258258258258,0,BENIGN,BENIGN
20170704_1630,2017-07-04 16:30:00,2017-07-04 16:30:59,2017-07-04,Tuesday,157,1037,338.25,184659.9,16096088.028929604,35649524.59167155,0.6846673095467696,545.9272727272727,187.34843719928756,0.9366412213740458,13,149,0.3751205400192864,0.036708548903670854,0,BENIGN,BENIGN
20170704_1631,2017-07-04 16:31:00,2017-07-04 16:31:59,2017-07-04,Tuesday,158,827,327.78333333333336,190145.81666666668,13894296.847642079,31944265.923758075,0.6916565900846433,580.0960492195047,207.07474404389714,0.8639120545868082,13,137,0.3639661426844015,0.028931713021813188,0,BENIGN,BENIGN
20170704_1632,2017-07-04 16:32:00,2017-07-04 16:32:59,2017-07-04,Tuesday,159,897,304.48333333333335,173987.21666666667,14658233.314381272,34792757.38735786,0.705685618729097,571.4178663309432,157.8066689611102,0.9092904169714704,9,123,0.3333333333333333,0.02895615523564508,0,BENIGN,BENIGN
20170704_1633,2017-07-04 16:33:00,2017-07-04 16:33:59,2017-07-04,Tuesday,160,288,165.9,99861.18333333333,26219715.0625,44875917.41345392,0.5902777777777778,601.936005625879,267.6828701748866,0.8597048384083691,14,65,0.5729166666666666,0.026321076953988345,0,BENIGN,BENIGN
20170704_1634,2017-07-04 16:34:00,2017-07-04 16:34:59,2017-07-04,Tuesday,161,1082,296.3833333333333,126609.31666666667,13804852.543438077,32669037.076411206,0.7051756007393716,427.1809593431929,181.05341335450439,0.8921161825726142,11,158,0.3419593345656192,0.03970083787887308,0,BENIGN,BENIGN
20170704_1635,2017-07-04 16:35:00,2017-07-04 16:35:59,2017-07-04,Tuesday,162,512,128.63333333333333,45884.666666666664,14071043.49609375,32694632.924379945,0.701171875,356.7089919668308,151.71120763416633,0.9636224879165607,15,88,0.365234375,0.04094324954651464,0,BENIGN,BENIGN
20170704_1636,2017-07-04 16:36:00,2017-07-04 16:36:59,2017-07-04,Tuesday,163,125,42.266666666666666,19983.8,21017553.04,34589097.67113112,0.544,472.80283911671927,215.90941882835332,0.8737075332348597,8,49,0.56,0.03785488958990536,0,BENIGN,BENIGN
20170704_1637,2017-07-04 16:37:00,2017-07-04 16:37:59,2017-07-04,Tuesday,164,252,74.95,36292.066666666666,11850230.936507937,30021963.686319724,0.6944444444444444,484.21703357794087,174.64936565306394,0.9522569444444444,12,65,0.4126984126984127,0.035134534133867024,0,BENIGN,BENIGN
20170704_1638,2017-07-04 16:38:00,2017-07-04 16:38:59,2017-07-04,Tuesday,165,1410,433.0833333333333,229164.53333333333,16530098.929078015,35711832.08509119,0.6702127659574468,529.1465076005388,194.64649550368367,0.875433025404157,9,178,0.3617021276595745,0.039522801616317105,0,BENIGN,BENIGN
20170704_1639,2017-07-04 16:39:00,2017-07-04 16:39:59,2017-07-04,Tuesday,166,434,172.11666666666667,108854.53333333334,17269947.050691243,38023530.82993138,0.7073732718894009,632.4462089667861,220.34918939350922,0.8338068181818182,11,67,0.38018433179723504,0.03147090152028663,0,BENIGN,BENIGN
20170704_1640,2017-07-04 16:40:00,2017-07-04 16:40:59,2017-07-04,Tuesday,167,158,47.35,25768.566666666666,11391326.5,28436506.09886737,0.6139240506329114,544.2147131291798,262.3189366188888,0.8021559923906151,8,40,0.4810126582278481,0.039422738472368886,0,BENIGN,BENIGN
20170704_1641,2017-07-04 16:41:00,2017-07-04 16:41:59,2017-07-04,Tuesday,168,474,136.75,66201.73333333334,13009237.459915612,32559696.72896437,0.6729957805907173,484.10773918342477,167.37510407620914,0.9308235294117647,16,78,0.5569620253164557,0.04338817794028032,0,BENIGN,BENIGN
20170704_1642,2017-07-04 16:42:00,2017-07-04 16:42:59,2017-07-04,Tuesday,169,1041,226.85,104487.56666666667,13941026.386167146,35204989.889244474,0.7800192122958693,460.6020130776578,133.7919822209841,0.8863636363636364,11,111,0.5984630163304515,0.062155609433546394,0,BENIGN,BENIGN
20170704_1643,2017-07-04 16:43:00,2017-07-04 16:43:59,2017-07-04,Tuesday,170,458,153.51666666666668,85830.68333333333,14662024.58951965,34287463.9331332,0.6528384279475983,559.0968407339051,207.2091764708229,0.8704568527918781,18,63,0.42358078602620086,0.04190641624145044,0,BENIGN,BENIGN
20170704_1644,2017-07-04 16:44:00,2017-07-04 16:44:59,2017-07-04,Tuesday,171,1032,229.36666666666667,92464.73333333334,14117643.147286821,33982713.04915213,0.7131782945736435,403.1306496148816,148.48914679104604,0.9450254381006218,13,130,0.30523255813953487,0.045269582909460836,0,BENIGN,BENIGN
20170704_1645,2017-07-04 16:45:00,2017-07-04 16:45:59,2017-07-04,Tuesday,172,166,54.06666666666667,30229.283333333333,9528549.759036144,25212020.686905798,0.6927710843373494,559.1112823674476,252.94034966128174,0.8800695249130939,12,56,0.5301204819277109,0.04408138101109741,0,BENIGN,BENIGN
20170704_1646,2017-07-04 16:46:00,2017-07-04 16:46:59,2017-07-04,Tuesday,173,574,321.98333333333335,189065.0,24136495.85714286,43056887.19950109,0.6411149825783972,587.1887778870542,215.57773376388846,0.8300653594771242,8,93,0.4564459930313589,0.023189606087271598,0,BENIGN,BENIGN
20170704_1647,2017-07-04 16:47:00,2017-07-04 16:47:59,2017-07-04,Tuesday,174,303,89.3,42645.333333333336,13913493.508250825,34332552.29880802,0.7062706270627063,477.55132512131394,198.71196115546695,0.926312005751258,16,56,0.3465346534653465,0.036394176931690926,0,BENIGN,BENIGN
20170704_1648,2017-07-04 16:48:00,2017-07-04 16:48:59,2017-07-04,Tuesday,175,1308,386.8,204480.53333333333,13822331.005351681,33419178.29338024,0.7377675840978594,528.6466735608411,177.3311940584991,0.8484389933099713,7,149,0.3012232415902141,0.032661151327128574,0,BENIGN,BENIGN
20170704_1649,2017-07-04 16:49:00,2017-07-04 16:49:59,2017-07-04,Tuesday,176,469,104.88333333333334,38225.166666666664,12200351.90618337,27543839.112582833,0.6588486140724946,364.45415541077386,180.99562822772668,1.1915041782729805,13,74,0.31769722814498935,0.04401716192594947,0,BENIGN,BENIGN
20170704_1650,2017-07-04 16:50:00,2017-07-04 16:50:59,2017-07-04,Tuesday,177,846,329.6166666666667,240187.45,14107266.28605201,34109013.70052506,0.7399527186761229,728.687212418466,387.93990753088326,1.1146156313482305,10,138,0.41843971631205673,0.03529352277898569,0,BENIGN,BENIGN
20170704_1651,2017-07-04 16:51:00,2017-07-04 16:51:59,2017-07-04,Tuesday,178,1233,220.08333333333334,72360.6,9475167.246553123,27375556.662700284,0.7274939172749392,328.78727754638396,191.86201969446483,1.0229779411764706,15,145,0.2733171127331711,0.05232866338508141,0,BENIGN,BENIGN
20170704_1652,2017-07-04 16:52:00,2017-07-04 16:52:59,2017-07-04,Tuesday,179,243,85.63333333333334,44781.05,13436391.176954733,33195165.132827695,0.6995884773662552,522.9394706111327,213.51198221043776,0.8044241573033708,9,53,0.4403292181069959,0.033086804203970414,0,BENIGN,BENIGN
20170704_1653,2017-07-04 16:53:00,2017-07-04 16:53:59,2017-07-04,Tuesday,180,601,189.85,98911.31666666667,13755197.44093178,33256112.639370717,0.7154742096505824,520.9971907646387,189.62909133377997,0.8660114660114661,13,91,0.37603993344425957,0.035905539460977964,0,BENIGN,BENIGN
20170704_1654,2017-07-04 16:54:00,2017-07-04 16:54:59,2017-07-04,Tuesday,181,1032,476.8,287147.26666666666,18934036.26162791,38381756.14196366,0.6472868217054264,602.2383948545861,218.52003149199237,0.7808278867102396,13,149,0.3798449612403101,0.02709032438478747,0,BENIGN,BENIGN
20170704_1655,2017-07-04 16:55:00,2017-07-04 16:55:59,2017-07-04,Tuesday,182,224,62.35,41147.03333333333,4852675.602678572,16364327.795408173,0.6651785714285714,659.9363806468858,260.05558441196484,0.7526932084309134,7,47,0.41517857142857145,0.05346164127238706,0,BENIGN,BENIGN
20170704_1656,2017-07-04 16:56:00,2017-07-04 16:56:59,2017-07-04,Tuesday,183,247,62.666666666666664,28223.45,10329537.032388665,27201986.992926504,0.6963562753036437,450.3742021276596,199.26715077735312,0.9857444561774024,16,60,0.47368421052631576,0.04973404255319149,0,BENIGN,BENIGN
20170704_1657,2017-07-04 16:57:00,2017-07-04 16:57:59,2017-07-04,Tuesday,184,246,85.33333333333333,45584.53333333333,8934894.646341464,20631652.857739903,0.5691056910569106,534.19375,240.36851488885972,0.8547627671133647,14,52,0.5121951219512195,0.0552734375,0,BENIGN,BENIGN
20170704_1658,2017-07-04 16:58:00,2017-07-04 16:58:59,2017-07-04,Tuesday,185,1857,402.48333333333335,149239.0,14686377.157781368,32117450.791609373,0.6849757673667205,370.7954780736262,157.50563396617378,0.9648523309738833,18,227,0.32687129779213786,0.052176073543417946,0,BENIGN,BENIGN
20170704_1659,2017-07-04 16:59:00,2017-07-04 16:59:59,2017-07-04,Tuesday,186,526,174.38333333333333,107112.9,11119712.574144486,30437266.359791428,0.779467680608365,614.2381726082385,205.39272272442471,0.8481102084069233,15,66,0.30988593155893535,0.034120233202714324,0,BENIGN,BENIGN
20170704_1700,2017-07-04 17:00:00,2017-07-04 17:00:59,2017-07-04,Tuesday,187,266,99.28333333333333,47115.433333333334,10628807.838345865,28509251.1901307,0.7894736842105263,474.55531307705223,350.3314946797083,0.986,15,38,0.5939849624060151,0.05707570924962229,0,BENIGN,BENIGN
20170704_1701,2017-07-04 17:01:00,2017-07-04 17:01:59,2017-07-04,Tuesday,188,247,117.11666666666666,76298.65,3525510.3117408906,16993010.330523867,0.8825910931174089,651.4755941369006,422.3058333073701,0.8877249529948966,14,38,0.6396761133603239,0.04198093069588729,0,BENIGN,BENIGN
20170704_1702,2017-07-04 17:02:00,2017-07-04 17:02:59,2017-07-04,Tuesday,189,1008,269.18333333333334,121317.95,14796450.425595239,33614392.84235454,0.7301587301587301,450.688935669618,185.34433159490487,0.9242315939957112,14,149,0.3253968253968254,0.04055476441087239,0,BENIGN,BENIGN
20170704_1703,2017-07-04 17:03:00,2017-07-04 17:03:59,2017-07-04,Tuesday,190,137,50.61666666666667,25877.533333333333,9753091.080291972,28296786.791288234,0.7518248175182481,511.24530786960815,244.8306922656276,0.8400969109630527,14,33,0.45255474452554745,0.04609812314784326,0,BENIGN,BENIGN
20170704_1704,2017-07-04 17:04:00,2017-07-04 17:04:59,2017-07-04,Tuesday,191,774,125.81666666666666,41837.78333333333,8445080.669250647,20464647.000618502,0.7454780361757106,332.5297390382832,126.80024222662884,1.0090473656200107,12,118,0.28165374677002586,0.054841700887534775,0,BENIGN,BENIGN
20170704_1705,2017-07-04 17:05:00,2017-07-04 17:05:59,2017-07-04,Tuesday,192,179,66.73333333333333,26194.883333333335,9527588.089385474,27954730.352500692,0.7932960893854749,392.53071928071927,177.88648245072832,1.5300063171193936,13,49,0.45251396648044695,0.030469530469530468,0,BENIGN,BENIGN
20170704_1706,2017-07-04 17:06:00,2017-07-04 17:06:59,2017-07-04,Tuesday,193,263,77.13333333333334,29952.733333333334,7114805.619771863,23015034.69652454,0.8098859315589354,388.32411408815904,202.9697165098797,1.0841963079693833,18,27,0.30798479087452474,0.04386343993085566,0,BENIGN,BENIGN
20170704_1707,2017-07-04 17:07:00,2017-07-04 17:07:59,2017-07-04,Tuesday,194,74,34.81666666666667,25753.15,5588478.824324325,21704320.189765584,0.8648648648648649,739.6787936811871,390.7126677061826,0.8110918544194108,11,20,0.527027027027027,0.03925323121110579,0,BENIGN,BENIGN
20170704_1708,2017-07-04 17:08:00,2017-07-04 17:08:59,2017-07-04,Tuesday,195,108,41.55,20642.65,13912846.24074074,32930088.29351269,0.75,496.8146811070999,223.57050846114169,1.1081994928148775,18,29,0.39814814814814814,0.03449659045326915,0,BENIGN,BENIGN
20170704_1709,2017-07-04 17:09:00,2017-07-04 17:09:59,2017-07-04,Tuesday,196,49,35.733333333333334,22354.45,8197923.591836735,27416896.08618761,0.7959183673469388,625.5909514925373,379.21415669156676,0.7654320987654321,11,13,0.6530612244897959,0.030783582089552237,0,BENIGN,BENIGN
20170704_1710,2017-07-04 17:10:00,2017-07-04 17:10:59,2017-07-04,Tuesday,197,248,137.95,77000.55,15645419.306451613,36109201.615176305,0.7137096774193549,558.1772381297571,217.87394379852967,0.8843614841793763,16,41,0.4032258064516129,0.025854778301316904,0,BENIGN,BENIGN
20170704_1711,2017-07-04 17:11:00,2017-07-04 17:11:59,2017-07-04,Tuesday,198,89,39.36666666666667,22671.95,6422782.08988764,24211700.15115586,0.8651685393258427,575.9174428450466,222.74342130543937,0.7753568745304282,10,26,0.4044943820224719,0.029635901778154106,0,BENIGN,BENIGN
20170704_1712,2017-07-04 17:12:00,2017-07-04 17:12:59,2017-07-04,Tuesday,199,121,48.68333333333333,27070.566666666666,11582078.347107438,28371899.01296545,0.7355371900826446,556.0540910647038,298.3894511376863,1.0635593220338984,18,46,0.5041322314049587,0.040739472783293394,0,BENIGN,BENIGN
20170704_1713,2017-07-04 17:13:00,2017-07-04 17:13:59,2017-07-04,Tuesday,200,79,40.65,25735.6,7263836.417721519,24106780.79991908,0.7088607594936709,633.1020910209102,375.4851247007043,0.7341862117981521,8,29,0.6835443037974683,0.041820418204182044,0,BENIGN,BENIGN
20170704_1714,2017-07-04 17:14:00,2017-07-04 17:14:59,2017-07-04,Tuesday,201,79,38.71666666666667,19753.283333333333,11038063.139240507,30846219.09128569,0.8227848101265823,510.20103314679295,242.83031134796516,1.005176876617774,13,17,0.4050632911392405,0.030133448127421438,0,BENIGN,BENIGN
20170704_1715,2017-07-04 17:15:00,2017-07-04 17:15:59,2017-07-04,Tuesday,202,490,214.56666666666666,125797.65,17156329.053061225,38812360.217997536,0.7306122448979592,586.2870125835017,174.71042698388396,0.822105859043306,18,75,0.3142857142857143,0.024545595774429083,0,BENIGN,BENIGN
20170704_1716,2017-07-04 17:16:00,2017-07-04 17:16:59,2017-07-04,Tuesday,203,86,44.3,22240.233333333334,14328739.61627907,34966092.96646148,0.7558139534883721,502.03686982693756,351.4535779711056,0.8325292901447278,15,17,0.5930232558139535,0.04815650865312265,0,BENIGN,BENIGN
20170704_1717,2017-07-04 17:17:00,2017-07-04 17:17:59,2017-07-04,Tuesday,204,115,50.3,23694.916666666668,4866259.521739131,17636685.114072565,0.7739130434782608,471.0719019218025,197.16192872405787,0.8705080545229245,13,31,0.4956521739130435,0.03512259774685222,0,BENIGN,BENIGN
20170704_1718,2017-07-04 17:18:00,2017-07-04 17:18:59,2017-07-04,Tuesday,205,45,29.1,18881.65,11189843.133333333,28996492.688970532,0.6666666666666666,648.8539518900344,400.125120484933,0.7417746759720838,10,12,0.8222222222222222,0.037800687285223365,0,BENIGN,BENIGN
20170704_1719,2017-07-04 17:19:00,2017-07-04 17:19:59,2017-07-04,Tuesday,206,86,41.166666666666664,23810.15,8558043.255813954,26399049.04832679,0.8255813953488372,578.3842105263158,283.15110487118005,0.8705526116578349,9,28,0.5232558139534884,0.03684210526315789,0,BENIGN,BENIGN
20170704_1720,2017-07-04 17:20:00,2017-07-04 17:20:59,2017-07-04,Tuesday,207,78,39.416666666666664,19597.066666666666,4883243.794871795,18829898.14249998,0.8205128205128205,497.1771670190275,235.00746546492687,0.8703557312252964,10,23,0.4230769230769231,0.032135306553911204,0,BENIGN,BENIGN
20170704_1721,2017-07-04 17:21:00,2017-07-04 17:21:59,2017-07-04,Tuesday,208,61,34.516666666666666,22046.35,15185514.344262294,33795146.59694829,0.7377049180327869,638.7160791887977,334.2700915023117,0.8434163701067615,9,19,0.5081967213114754,0.03766296475132786,0,BENIGN,BENIGN
20170704_1722,2017-07-04 17:22:00,2017-07-04 17:22:59,2017-07-04,Tuesday,209,113,38.166666666666664,20046.0,3865036.9115044246,18196315.201007735,0.911504424778761,525.2227074235808,197.98272086915335,0.8125,9,14,0.2743362831858407,0.034934497816593885,0,BENIGN,BENIGN
20170704_1723,2017-07-04 17:23:00,2017-07-04 17:23:59,2017-07-04,Tuesday,210,87,52.7,25061.233333333334,8177395.264367816,23017861.426466446,0.7586206896551724,475.5452245414295,267.9405679292244,0.9793491864831039,22,15,0.5057471264367817,0.03795066413662239,0,BENIGN,BENIGN
20170704_1724,2017-07-04 17:24:00,2017-07-04 17:24:59,2017-07-04,Tuesday,211,40,32.583333333333336,18774.533333333333,491256.9,695321.2558078055,0.775,576.2005115089514,384.4046857748872,0.735581188997338,6,13,0.625,0.031713554987212275,0,BENIGN,BENIGN
20170704_1725,2017-07-04 17:25:00,2017-07-04 17:25:59,2017-07-04,Tuesday,212,92,47.43333333333333,25319.616666666665,11469949.804347826,30036131.3562454,0.782608695652174,533.7937456078707,308.90400289275243,0.9661602209944752,13,29,0.6086956521739131,0.03935347856640899,0,BENIGN,BENIGN
20170704_1726,2017-07-04 17:26:00,2017-07-04 17:26:59,2017-07-04,Tuesday,213,60,29.433333333333334,18417.733333333334,1336064.8333333333,7892105.315225266,0.8166666666666667,625.7440543601359,267.38954427611844,0.7055984555984556,8,15,0.4,0.030577576443941108,0,BENIGN,BENIGN
20170704_1727,2017-07-04 17:27:00,2017-07-04 17:27:59,2017-07-04,Tuesday,214,56,39.55,22760.066666666666,11903757.857142856,28150815.983219303,0.7142857142857143,575.4757690686894,392.2132128947956,0.8474708171206226,12,16,0.6607142857142857,0.03961230509903076,0,BENIGN,BENIGN
20170704_1728,2017-07-04 17:28:00,2017-07-04 17:28:59,2017-07-04,Tuesday,215,172,76.6,43764.433333333334,15555360.058139535,37702343.391962744,0.7209302325581395,571.3372497824195,252.61751741216642,0.8536290322580645,13,28,0.4186046511627907,0.03350739773716275,0,BENIGN,BENIGN
20170704_1729,2017-07-04 17:29:00,2017-07-04 17:29:59,2017-07-04,Tuesday,216,512,228.26666666666668,159154.5,15636427.3671875,36145193.48330821,0.732421875,697.2305782710281,184.4430023909343,0.8093791281373844,14,87,0.33984375,0.026869158878504672,0,BENIGN,BENIGN
20170704_1730,2017-07-04 17:30:00,2017-07-04 17:30:59,2017-07-04,Tuesday,217,113,112.56666666666666,92665.31666666667,11396512.0,30933236.109626196,0.7256637168141593,823.2038791827066,316.21905752975977,0.7481884057971014,17,36,0.4690265486725664,0.016286644951140065,0,BENIGN,BENIGN
20170704_1731,2017-07-04 17:31:00,2017-07-04 17:31:59,2017-07-04,Tuesday,218,105,49.5,24522.833333333332,18063739.04761905,33854848.116240904,0.6190476190476191,495.4107744107744,259.2930162438451,0.8453416149068324,12,31,0.6285714285714286,0.03771043771043771,0,BENIGN,BENIGN
20170704_1732,2017-07-04 17:32:00,2017-07-04 17:32:59,2017-07-04,Tuesday,219,576,193.55,111014.63333333333,17167159.883680556,38863228.897642724,0.7430555555555556,573.5708257986739,189.0896715952268,0.8496575887880236,9,78,0.3472222222222222,0.03168862481701541,0,BENIGN,BENIGN
20170704_1733,2017-07-04 17:33:00,2017-07-04 17:33:59,2017-07-04,Tuesday,220,108,52.13333333333333,25407.5,11266890.777777778,30232029.024791628,0.6111111111111112,487.3561381074169,292.56411396797984,0.8384253819036428,9,16,0.5462962962962963,0.04092071611253197,0,BENIGN,BENIGN
20170704_1734,2017-07-04 17:34:00,2017-07-04 17:34:59,2017-07-04,Tuesday,221,43,24.933333333333334,17761.866666666665,10485508.88372093,26251204.176452786,0.7674418604651163,712.3743315508021,340.04326015939637,0.792814371257485,6,17,0.7209302325581395,0.02406417112299465,0,BENIGN,BENIGN
20170704_1735,2017-07-04 17:35:00,2017-07-04 17:35:59,2017-07-04,Tuesday,222,98,65.68333333333334,48544.5,12849246.408163264,32423296.12518018,0.6530612244897959,739.0687642730271,342.7059305156566,0.8032936870997255,10,29,0.5714285714285714,0.02232935803095661,0,BENIGN,BENIGN
20170704_1736,2017-07-04 17:36:00,2017-07-04 17:36:59,2017-07-04,Tuesday,223,52,33.56666666666667,19410.333333333332,12376489.807692308,28401825.99185722,0.7115384615384616,578.2621648460774,387.51281934751273,0.8153153153153153,12,16,0.6923076923076923,0.044687189672293945,0,BENIGN,BENIGN
20170704_1737,2017-07-04 17:37:00,2017-07-04 17:37:59,2017-07-04,Tuesday,224,71,52.166666666666664,41205.78333333333,15595492.591549296,36735194.50991599,0.6056338028169014,789.8872204472843,508.5793682864322,0.727924944812362,8,17,0.6338028169014085,0.030031948881789138,0,BENIGN,BENIGN
20170704_1738,2017-07-04 17:38:00,2017-07-04 17:38:59,2017-07-04,Tuesday,225,130,34.46666666666667,16900.816666666666,3535849.346153846,17241544.571022592,0.9076923076923077,490.3525145067698,163.44018463531583,0.8843351548269581,14,16,0.23846153846153847,0.037717601547388784,0,BENIGN,BENIGN
20170704_1739,2017-07-04 17:39:00,2017-07-04 17:39:59,2017-07-04,Tuesday,226,90,52.81666666666667,38253.23333333333,10057698.522222223,30038663.847927812,0.7333333333333333,724.26443673083,413.49621686276765,0.7909604519774012,6,24,0.5666666666666667,0.02903124013884506,0,BENIGN,BENIGN
20170704_1740,2017-07-04 17:40:00,2017-07-04 17:40:59,2017-07-04,Tuesday,227,60,38.68333333333333,22019.083333333332,9700705.816666666,26913661.225015234,0.6833333333333333,569.2137009909521,374.1368848393267,0.9863130881094953,11,16,0.5833333333333334,0.03317535545023697,0,BENIGN,BENIGN
20170704_1741,2017-07-04 17:41:00,2017-07-04 17:41:59,2017-07-04,Tuesday,228,80,43.083333333333336,31037.933333333334,10433448.575,31030138.276906244,0.775,720.4162475822051,377.96478335494237,0.7663934426229508,8,15,0.4625,0.02862669245647969,0,BENIGN,BENIGN
20170704_1742,2017-07-04 17:42:00,2017-07-04 17:42:59,2017-07-04,Tuesday,229,732,332.9,163691.83333333334,28103246.707650274,47731959.889653586,0.6461748633879781,491.7147291478923,226.0684097831254,0.9262295081967213,15,99,0.3825136612021858,0.03013918093521578,0,BENIGN,BENIGN
20170704_1743,2017-07-04 17:43:00,2017-07-04 17:43:59,2017-07-04,Tuesday,230,555,180.98333333333332,71047.53333333334,20935464.727927927,40301772.35763555,0.654054054054054,392.56395616539277,290.841571147239,0.9585211902614968,16,133,0.4864864864864865,0.051017589096601895,0,BENIGN,BENIGN
20170704_1744,2017-07-04 17:44:00,2017-07-04 17:44:59,2017-07-04,Tuesday,231,99,43.63333333333333,22048.35,20734720.17171717,41696558.95607384,0.7373737373737373,505.3097784568373,207.7586623873971,0.8353188507358094,13,24,0.5858585858585859,0.02826585179526356,0,BENIGN,BENIGN
20170704_1745,2017-07-04 17:45:00,2017-07-04 17:45:59,2017-07-04,Tuesday,232,149,92.96666666666667,63839.51666666667,14732761.731543625,35025318.03144498,0.6510067114093959,686.6925421297956,333.48106096461765,0.8279816513761468,18,52,0.5570469798657718,0.024381498745069917,0,BENIGN,BENIGN
20170704_1746,2017-07-04 17:46:00,2017-07-04 17:46:59,2017-07-04,Tuesday,233,93,38.03333333333333,22405.1,16190584.021505376,32053045.02711915,0.7526881720430108,589.091148115688,275.83400615059776,0.7905882352941176,3,30,0.5806451612903226,0.034618755477651184,0,BENIGN,BENIGN
20170704_1747,2017-07-04 17:47:00,2017-07-04 17:47:59,2017-07-04,Tuesday,234,616,126.55,61148.51666666667,3647920.412337662,14070228.473567529,0.797077922077922,483.1964967733439,145.8786528710318,0.8932934430316629,13,69,0.23863636363636365,0.04043197682075596,0,BENIGN,BENIGN
20170704_1748,2017-07-04 17:48:00,2017-07-04 17:48:59,2017-07-04,Tuesday,235,53,30.15,20604.95,6906935.962264151,21941555.244377185,0.7735849056603774,683.4145936981757,308.91441508033034,0.8834547346514048,12,25,0.5094339622641509,0.02542841348811498,0,BENIGN,BENIGN
20170704_1749,2017-07-04 17:49:00,2017-07-04 17:49:59,2017-07-04,Tuesday,236,68,41.35,25885.733333333334,19578231.54411765,41137381.61148151,0.6911764705882353,626.0153164046756,400.29594833965325,0.8536221060492906,9,18,0.5294117647058824,0.02902055622732769,0,BENIGN,BENIGN
20170704_1750,2017-07-04 17:50:00,2017-07-04 17:50:59,2017-07-04,Tuesday,237,232,185.0,137223.01666666666,10272027.862068966,29116013.812248636,0.7198275862068966,741.746036036036,239.617656611558,0.9169400794336039,12,37,0.4353448275862069,0.018738738738738738,0,BENIGN,BENIGN
20170704_1751,2017-07-04 17:51:00,2017-07-04 17:51:59,2017-07-04,Tuesday,238,117,52.88333333333333,26740.033333333333,9764300.017094018,27587070.549504362,0.7606837606837606,505.6419791994957,299.4858080658088,1.09228740936058,16,16,0.4017094017094017,0.03529782540182792,0,BENIGN,BENIGN
20170704_1752,2017-07-04 17:52:00,2017-07-04 17:52:59,2017-07-04,Tuesday,239,137,50.21666666666667,25427.75,6598525.386861314,21300219.95930408,0.8613138686131386,506.36076999668103,219.46936356250004,1.0378634212305613,17,27,0.39416058394160586,0.03849983405243943,0,BENIGN,BENIGN
20170704_1753,2017-07-04 17:53:00,2017-07-04 17:53:59,2017-07-04,Tuesday,240,155,52.1,29271.433333333334,6972650.3161290325,26157593.748460688,0.8516129032258064,561.8317338451695,238.63365911778186,0.9338280766852195,14,20,0.3096774193548387,0.03198976327575176,0,BENIGN,BENIGN
20170704_1754,2017-07-04 17:54:00,2017-07-04 17:54:59,2017-07-04,Tuesday,241,75,36.45,22157.433333333334,11040291.066666666,28172702.91795053,0.6666666666666666,607.8856881572931,325.3252489930474,0.7659402744148507,10,16,0.52,0.038866026520347506,0,BENIGN,BENIGN
20170704_1755,2017-07-04 17:55:00,2017-07-04 17:55:59,2017-07-04,Tuesday,242,127,54.38333333333333,31760.383333333335,2965112.1653543306,13203843.022444589,0.7952755905511811,584.0095004596997,290.03517922552675,1.0829610721123166,17,24,0.3543307086614173,0.02819491265706405,0,BENIGN,BENIGN
20170704_1756,2017-07-04 17:56:00,2017-07-04 17:56:59,2017-07-04,Tuesday,243,1009,308.95,160642.71666666667,15307372.338949455,36596881.535135984,0.7472745292368682,519.9634784485083,199.85622600172005,0.9571368243243243,16,125,0.3280475718533201,0.03608998219776663,0,BENIGN,BENIGN
20170704_1757,2017-07-04 17:57:00,2017-07-04 17:57:59,2017-07-04,Tuesday,244,86,46.31666666666667,21989.633333333335,11240968.337209303,28410843.015587796,0.6744186046511628,474.7671824397265,307.59816019368697,0.9577464788732394,14,20,0.4883720930232558,0.039582583663188196,0,BENIGN,BENIGN
20170704_1758,2017-07-04 17:58:00,2017-07-04 17:58:59,2017-07-04,Tuesday,245,165,50.766666666666666,26345.033333333333,9179781.242424242,26064195.73245871,0.703030303030303,518.9435325016415,220.79037335199212,0.8647490820073439,15,35,0.509090909090909,0.044320420223243596,0,BENIGN,BENIGN
20170704_1759,2017-07-04 17:59:00,2017-07-04 17:59:59,2017-07-04,Tuesday,246,383,90.56666666666666,40630.35,10131095.817232376,29435902.927142292,0.7519582245430809,448.6236658078763,177.09557152991184,0.9536304816678648,12,66,0.3524804177545692,0.04158998895841001,0,BENIGN,BENIGN
20170704_1800,2017-07-04 18:00:00,2017-07-04 18:00:59,2017-07-04,Tuesday,247,50,33.416666666666664,21562.216666666667,8688894.8,24735062.18712595,0.76,645.2533665835412,381.3885898798385,0.7736516357206012,11,17,0.64,0.03192019950124688,0,BENIGN,BENIGN
20170704_1801,2017-07-04 18:01:00,2017-07-04 18:01:59,2017-07-04,Tuesday,248,112,61.166666666666664,44086.26666666667,8720666.517857144,26386600.314479813,0.7767857142857143,720.7564032697547,249.62991320186936,0.7855058365758755,13,29,0.45535714285714285,0.03160762942779292,0,BENIGN,BENIGN
20170704_1802,2017-07-04 18:02:00,2017-07-04 18:02:59,2017-07-04,Tuesday,249,95,38.88333333333333,22350.75,6778921.189473684,18736457.33623555,0.8210526315789474,574.8156879554222,235.82454556422803,0.7995373939861218,10,15,0.4,0.03600514359194171,0,BENIGN,BENIGN
20170704_1803,2017-07-04 18:03:00,2017-07-04 18:03:59,2017-07-04,Tuesday,250,94,48.666666666666664,28791.25,18893395.19148936,41112498.18390063,0.7340425531914894,591.6010273972603,325.4406569305631,0.8593252705283259,12,26,0.5212765957446809,0.030821917808219176,0,BENIGN,BENIGN
20170704_1804,2017-07-04 18:04:00,2017-07-04 18:04:59,2017-07-04,Tuesday,251,86,32.25,21595.95,12501346.011627907,31326983.801686153,0.8023255813953488,669.6418604651162,234.41993190326372,0.7616014558689718,7,31,0.37209302325581395,0.03979328165374677,0,BENIGN,BENIGN
20170704_1805,2017-07-04 18:05:00,2017-07-04 18:05:59,2017-07-04,Tuesday,252,124,41.21666666666667,20832.933333333334,11241281.233870968,29839345.408286877,0.8145161290322581,505.449251920744,205.47620634774367,0.9823717948717948,14,34,0.3629032258064516,0.035988677719369186,0,BENIGN,BENIGN
20170704_1806,2017-07-04 18:06:00,2017-07-04 18:06:59,2017-07-04,Tuesday,253,119,39.65,24092.166666666668,6775566.445378152,22054056.8651893,0.865546218487395,607.6208490962589,234.47330547760177,0.8112633181126332,9,29,0.4369747899159664,0.03362757461118117,0,BENIGN,BENIGN
20170704_1807,2017-07-04 18:07:00,2017-07-04 18:07:59,2017-07-04,Tuesday,254,849,347.6166666666667,168956.23333333334,24872290.359246172,43446892.29095253,0.6277974087161367,486.0418085055377,266.64724454205356,0.9323698350935705,12,170,0.464075382803298,0.038452318166562784,0,BENIGN,BENIGN
20170704_1808,2017-07-04 18:08:00,2017-07-04 18:08:59,2017-07-04,Tuesday,255,931,233.05,90623.88333333333,13461824.558539204,32152984.44778888,0.7314715359828142,388.8602588857899,199.99640529751412,0.9116883116883117,14,105,0.3447905477980666,0.04677107916756061,0,BENIGN,BENIGN
20170704_1809,2017-07-04 18:09:00,2017-07-04 18:09:59,2017-07-04,Tuesday,256,910,334.9166666666667,198242.91666666666,16705278.073626373,36898033.82478803,0.7142857142857143,591.9171435680518,200.77665468291138,0.8654042513691637,12,120,0.3659340659340659,0.03209753670067181,0,BENIGN,BENIGN
20170704_1810,2017-07-04 18:10:00,2017-07-04 18:10:59,2017-07-04,Tuesday,257,569,142.45,57372.53333333333,13783181.970123023,32021596.177250072,0.6731107205623902,402.75558675558676,190.34158355132226,0.9269612263300271,13,113,0.4235500878734622,0.04118404118404118,0,BENIGN,BENIGN
20170704_1811,2017-07-04 18:11:00,2017-07-04 18:11:59,2017-07-04,Tuesday,258,201,73.78333333333333,41168.2,11013293.174129354,30276954.422937885,0.7810945273631841,557.9606957307432,250.98036840415946,0.8620689655172413,14,44,0.4925373134328358,0.037497176417438445,0,BENIGN,BENIGN
20170704_1812,2017-07-04 18:12:00,2017-07-04 18:12:59,2017-07-04,Tuesday,259,452,167.91666666666666,77188.5,21884444.362831857,38666854.73787459,0.5331858407079646,459.6833746898263,226.91426558115344,0.9369473279507882,7,109,0.504424778761062,0.03285359801488834,0,BENIGN,BENIGN
20170704_1813,2017-07-04 18:13:00,2017-07-04 18:13:59,2017-07-04,Tuesday,260,862,242.18333333333334,117814.16666666667,15645183.873549884,35253425.44308526,0.6867749419953596,486.4668639460464,203.86662119656623,0.855464759959142,10,130,0.3561484918793503,0.04259858234120157,0,BENIGN,BENIGN
20170704_1814,2017-07-04 18:14:00,2017-07-04 18:14:59,2017-07-04,Tuesday,261,130,54.21666666666667,23793.15,13972455.415384615,29033535.423862062,0.6461538461538462,438.85305871503226,209.17806014786368,0.9567047504509922,19,34,0.5846153846153846,0.0411927451583154,0,BENIGN,BENIGN
20170704_1815,2017-07-04 18:15:00,2017-07-04 18:15:59,2017-07-04,Tuesday,262,111,35.266666666666666,20360.55,11282990.783783784,31668817.77908361,0.8738738738738738,577.3312854442344,210.66058565766483,0.8489082969432314,10,24,0.34234234234234234,0.0330812854442344,0,BENIGN,BENIGN
20170704_1816,2017-07-04 18:16:00,2017-07-04 18:16:59,2017-07-04,Tuesday,263,270,101.51666666666667,44079.4,23486748.166666668,42272622.3905489,0.6185185185185185,434.2085043506813,250.47002862235735,0.9531901250400769,9,66,0.4962962962962963,0.043178460022984734,0,BENIGN,BENIGN
20170704_1817,2017-07-04 18:17:00,2017-07-04 18:17:59,2017-07-04,Tuesday,264,554,228.53333333333333,146076.56666666668,18268906.723826714,39657846.15191955,0.723826714801444,639.1915110851809,191.02714666554596,0.7979546348498754,11,86,0.34296028880866425,0.027567094515752625,0,BENIGN,BENIGN
20170704_1818,2017-07-04 18:18:00,2017-07-04 18:18:59,2017-07-04,Tuesday,265,258,124.31666666666666,91344.18333333333,9855006.395348838,29486148.943341903,0.8255813953488372,734.7702104839791,318.90005575664105,0.760679726221383,12,48,0.49612403100775193,0.033918755865397505,0,BENIGN,BENIGN
20170704_1819,2017-07-04 18:19:00,2017-07-04 18:19:59,2017-07-04,Tuesday,266,85,38.61666666666667,21594.066666666666,12238782.082352942,30199109.727859844,0.7647058823529411,559.190332326284,309.8249651441494,0.8618473895582329,11,31,0.6823529411764706,0.0466119982736297,0,BENIGN,BENIGN
20170704_1820,2017-07-04 18:20:00,2017-07-04 18:20:59,2017-07-04,Tuesday,267,79,34.766666666666666,20563.116666666665,5213939.46835443,18012763.551743448,0.6962025316455697,591.460690316395,195.0615440475555,0.9413953488372093,9,34,0.5189873417721519,0.02109300095877277,0,BENIGN,BENIGN
20170704_1821,2017-07-04 18:21:00,2017-07-04 18:21:59,2017-07-04,Tuesday,268,584,220.95,116247.35,19134897.133561645,39197815.170888945,0.678082191780822,526.1251414347138,216.4827555771859,0.8749823221609391,12,92,0.375,0.03288828543411028,0,BENIGN,BENIGN
20170704_1822,2017-07-04 18:22:00,2017-07-04 18:22:59,2017-07-04,Tuesday,269,83,33.75,21852.15,8000753.096385542,22640110.55913184,0.8554216867469879,647.4711111111111,252.3489095310198,0.8655616942909761,8,34,0.3855421686746988,0.028641975308641977,0,BENIGN,BENIGN
20170704_1823,2017-07-04 18:23:00,2017-07-04 18:23:59,2017-07-04,Tuesday,270,250,76.43333333333334,32753.516666666666,14819404.52,36218186.63245563,0.768,428.5239860444832,201.23880244420627,0.8714810281517748,16,47,0.384,0.04099433057130397,0,BENIGN,BENIGN
20170704_1824,2017-07-04 18:24:00,2017-07-04 18:24:59,2017-07-04,Tuesday,271,334,116.48333333333333,68412.7,14291236.155688623,34937403.183172435,0.718562874251497,587.3174989268852,215.25559951859213,0.8815612382234186,13,47,0.36227544910179643,0.03491200457862355,0,BENIGN,BENIGN
20170704_1825,2017-07-04 18:25:00,2017-07-04 18:25:59,2017-07-04,Tuesday,272,1292,401.6,164574.4,9530109.85139319,29829062.99089947,0.8537151702786377,409.796812749004,264.6847474929153,1.0632759654079973,11,121,0.5069659442724458,0.05507138114209827,0,BENIGN,BENIGN
20170704_1826,2017-07-04 18:26:00,2017-07-04 18:26:59,2017-07-04,Tuesday,273,163,53.483333333333334,25996.733333333334,9102475.417177914,27917132.641966034,0.852760736196319,486.07167341851044,228.57664385811808,0.9573170731707317,13,31,0.4049079754601227,0.03801807416640698,0,BENIGN,BENIGN
20170704_1827,2017-07-04 18:27:00,2017-07-04 18:27:59,2017-07-04,Tuesday,274,237,115.78333333333333,69697.3,11590661.223628692,29457373.850497592,0.5147679324894515,601.9631495609616,266.3991957964803,0.8074921956295525,11,49,0.5654008438818565,0.03353965740607456,0,BENIGN,BENIGN
20170704_1828,2017-07-04 18:28:00,2017-07-04 18:28:59,2017-07-04,Tuesday,275,631,232.36666666666667,138391.98333333334,17748997.9429477,39045537.10267237,0.6846275752773375,595.5758858126525,199.57846212232502,0.8875050764857182,15,82,0.5530903328050714,0.03952087218476546,0,BENIGN,BENIGN
20170704_1829,2017-07-04 18:29:00,2017-07-04 18:29:59,2017-07-04,Tuesday,276,517,146.43333333333334,76333.26666666666,10290575.914893618,27713931.665130395,0.6731141199226306,521.28340541771,192.6688603125127,0.9114639982597346,9,67,0.5183752417794971,0.05406328249487821,0,BENIGN,BENIGN
20170704_1830,2017-07-04 18:30:00,2017-07-04 18:30:59,2017-07-04,Tuesday,277,335,76.61666666666666,28554.05,10578872.997014925,27851145.080054518,0.7194029850746269,372.68718729606263,185.74288779509664,0.9784853700516352,14,63,0.43283582089552236,0.06090928866652164,0,BENIGN,BENIGN
20170704_1831,2017-07-04 18:31:00,2017-07-04 18:31:59,2017-07-04,Tuesday,278,154,71.71666666666667,46272.4,22099345.487012986,38878435.00361843,0.6103896103896104,645.211247966535,271.3729258209269,0.8137378845343447,6,34,0.512987012987013,0.03346502440158029,0,BENIGN,BENIGN
20170704_1832,2017-07-04 18:32:00,2017-07-04 18:32:59,2017-07-04,Tuesday,279,650,199.63333333333333,86777.65,21305535.853846155,41814276.21145888,0.696923076923077,434.68517281683086,201.1579673223944,0.9567134923227704,16,105,0.35846153846153844,0.03623309400567708,0,BENIGN,BENIGN
20170704_1833,2017-07-04 18:33:00,2017-07-04 18:33:59,2017-07-04,Tuesday,280,1233,252.78333333333333,92826.66666666667,13287196.776155718,33702749.61384342,0.7453365774533658,367.2183028944419,147.9227227077523,0.9408829174664107,12,136,0.30656934306569344,0.05024065405155931,0,BENIGN,BENIGN
20170704_1834,2017-07-04 18:34:00,2017-07-04 18:34:59,2017-07-04,Tuesday,281,88,39.63333333333333,22851.45,11149940.704545455,27284326.344085943,0.75,576.5714886459209,249.45794389933482,0.8499222395023328,14,21,0.4772727272727273,0.03406223717409588,0,BENIGN,BENIGN
20170704_1835,2017-07-04 18:35:00,2017-07-04 18:35:59,2017-07-04,Tuesday,282,146,42.68333333333333,20360.083333333332,8875262.383561645,24025435.579415705,0.726027397260274,477.00312377977355,150.74847781803874,0.9572192513368984,12,51,0.4589041095890411,0.04099960952752831,0,BENIGN,BENIGN
20170704_1836,2017-07-04 18:36:00,2017-07-04 18:36:59,2017-07-04,Tuesday,283,678,244.55,130085.41666666667,16143680.920353983,35822301.83544856,0.6578171091445427,531.9379131738567,181.5124234001072,0.8798360235716116,12,103,0.3554572271386431,0.03025966060110407,0,BENIGN,BENIGN
20170704_1837,2017-07-04 18:37:00,2017-07-04 18:37:59,2017-07-04,Tuesday,284,46,31.7,19621.566666666666,12722910.43478261,33336271.84343368,0.7608695652173914,618.9768664563617,417.29632855163254,0.7021466905187835,11,15,0.6739130434782609,0.03838065194532071,0,BENIGN,BENIGN
20170704_1838,2017-07-04 18:38:00,2017-07-04 18:38:59,2017-07-04,Tuesday,285,534,203.6,119493.46666666666,17354627.91573034,37522143.52651961,0.7228464419475655,586.9030779305829,200.51932115895033,0.894696029776675,11,75,0.4044943820224719,0.03462671905697446,0,BENIGN,BENIGN
20170704_1839,2017-07-04 18:39:00,2017-07-04 18:39:59,2017-07-04,Tuesday,286,694,205.61666666666667,119102.65,11422666.250720462,30219405.448873058,0.7031700288184438,579.2460890005674,190.3952257298175,0.8773584905660378,14,92,0.3314121037463977,0.03631352841047256,0,BENIGN,BENIGN
20170704_1840,2017-07-04 18:40:00,2017-07-04 18:40:59,2017-07-04,Tuesday,287,303,217.66666666666666,167935.56666666668,18103681.686468646,37906521.41549565,0.6666666666666666,771.5263399693721,251.3077333937328,0.799531551391568,8,63,0.429042904290429,0.017534456355283307,0,BENIGN,BENIGN
20170704_1841,2017-07-04 18:41:00,2017-07-04 18:41:59,2017-07-04,Tuesday,288,438,124.81666666666666,54245.73333333333,5761927.162100457,21010608.87076539,0.7009132420091324,434.6032848177327,191.30388293731352,1.0320130222463375,18,69,0.3721461187214612,0.04366404059286954,0,BENIGN,BENIGN
20170704_1842,2017-07-04 18:42:00,2017-07-04 18:42:59,2017-07-04,Tuesday,289,141,48.78333333333333,24407.1,5017876.865248227,14313388.458194619,0.5531914893617021,500.31636487871543,196.7210136667769,0.8473186119873817,9,40,0.6524822695035462,0.05603006491288008,0,BENIGN,BENIGN
20170704_1843,2017-07-04 18:43:00,2017-07-04 18:43:59,2017-07-04,Tuesday,290,804,219.55,120825.05,13431776.963930348,34171217.14460746,0.7313432835820896,550.3304486449556,166.78691797312698,0.9131571304095266,14,121,0.3407960199004975,0.041372504364988995,0,BENIGN,BENIGN
20170704_1844,2017-07-04 18:44:00,2017-07-04 18:44:59,2017-07-04,Tuesday,291,350,106.83333333333333,61379.0,3617505.58,14593372.111875327,0.7257142857142858,574.5304212168487,214.0741563640843,0.7773773218741337,11,55,0.38857142857142857,0.04274570982839314,0,BENIGN,BENIGN
20170704_1845,2017-07-04 18:45:00,2017-07-04 18:45:59,2017-07-04,Tuesday,292,140,80.96666666666667,52293.23333333333,12432038.75,29360676.728721924,0.5857142857142857,645.8612597776863,253.4209958382828,0.7863970588235294,13,40,0.5357142857142857,0.03025936599423631,0,BENIGN,BENIGN
20170704_1846,2017-07-04 18:46:00,2017-07-04 18:46:59,2017-07-04,Tuesday,293,192,82.41666666666667,49361.833333333336,6208036.875,19156155.217577364,0.6145833333333334,598.9302325581396,228.13559187163662,0.7946298984034833,10,61,0.5833333333333334,0.037209302325581395,0,BENIGN,BENIGN
20170704_1847,2017-07-04 18:47:00,2017-07-04 18:47:59,2017-07-04,Tuesday,294,209,602.3666666666667,732500.9833333333,11410754.296650717,29066321.290134326,0.631578947368421,1216.0383764041835,239.46717042856818,1.018034617532105,13,43,0.45454545454545453,0.005699739914780588,0,BENIGN,BENIGN
20170704_1848,2017-07-04 18:48:00,2017-07-04 18:48:59,2017-07-04,Tuesday,295,2012,915.8166666666667,689189.8666666667,15390386.210238568,34027323.66390951,0.658051689860835,752.5413019345211,230.17921508753582,0.8792749658002736,13,297,0.4224652087475149,0.03048281133414621,0,BENIGN,BENIGN
20170704_1849,2017-07-04 18:49:00,2017-07-04 18:49:59,2017-07-04,Tuesday,296,689,181.95,90990.38333333333,10674660.690856313,29693914.790341083,0.7213352685050798,500.0845470367317,174.7304134920356,0.8954861111111111,10,104,0.36284470246734396,0.04570852798387835,0,BENIGN,BENIGN
20170704_1850,2017-07-04 18:50:00,2017-07-04 18:50:59,2017-07-04,Tuesday,297,253,70.76666666666667,32590.966666666667,8534330.158102768,26385177.53999544,0.7905138339920948,460.5412152614225,142.21964328898525,0.961662817551963,19,59,0.4624505928853755,0.04215732454074423,0,BENIGN,BENIGN
20170704_1851,2017-07-04 18:51:00,2017-07-04 18:51:59,2017-07-04,Tuesday,298,937,278.8666666666667,148188.51666666666,17469144.79722519,36527086.80088239,0.6851654215581644,531.3955892899833,188.73071838918148,0.8805349516745336,10,145,0.3639274279615795,0.03920631125986134,0,BENIGN,BENIGN
20170704_1852,2017-07-04 18:52:00,2017-07-04 18:52:59,2017-07-04,Tuesday,299,530,190.1,106048.08333333333,16957132.10566038,35124795.22634692,0.6830188679245283,557.8541995440996,259.8937791476243,0.8727630930881629,14,94,0.46226415094339623,0.04243380676836753,0,BENIGN,BENIGN
20170704_1853,2017-07-04 18:53:00,2017-07-04 18:53:59,2017-07-04,Tuesday,300,295,131.81666666666666,85014.26666666666,16256176.33220339,35961328.143696666,0.6508474576271186,644.9432292325199,243.56985519246768,0.9521224086870681,13,72,0.4610169491525424,0.03072449108610444,0,BENIGN,BENIGN
20170704_1854,2017-07-04 18:54:00,2017-07-04 18:54:59,2017-07-04,Tuesday,301,348,184.61666666666667,126198.35,14062422.399425287,35134129.76146617,0.6925287356321839,683.5696488218832,196.9369247380275,0.897242678540846,13,62,0.3850574712643678,0.022840119165839126,0,BENIGN,BENIGN
20170704_1855,2017-07-04 18:55:00,2017-07-04 18:55:59,2017-07-04,Tuesday,302,450,152.96666666666667,92942.28333333334,17376444.26888889,37319330.62393929,0.6688888888888889,607.5982784920462,255.00833213709706,0.9980409229429691,10,77,0.4022222222222222,0.03628241446938331,0,BENIGN,BENIGN
20170704_1856,2017-07-04 18:56:00,2017-07-04 18:56:59,2017-07-04,Tuesday,303,323,89.3,49046.4,8561734.510835914,22819316.274194777,0.6965944272445821,549.2318029115341,244.90132411743394,1.0779371849554091,12,52,0.3684210526315789,0.04684583799925345,0,BENIGN,BENIGN
20170704_1857,2017-07-04 18:57:00,2017-07-04 18:57:59,2017-07-04,Tuesday,304,904,267.0833333333333,140079.3,19658967.720132742,40828772.925592594,0.7112831858407079,524.4778783151326,216.57985216198864,0.9903129657228018,17,125,0.3396017699115044,0.03656786271450858,0,BENIGN,BENIGN
20170704_1858,2017-07-04 18:58:00,2017-07-04 18:58:59,2017-07-04,Tuesday,305,144,46.733333333333334,22347.283333333333,9557929.805555556,27069137.269750983,0.7083333333333334,478.1872325249643,245.61206509847372,1.156033820138355,18,45,0.4305555555555556,0.04743223965763196,0,BENIGN,BENIGN
20170704_1859,2017-07-04 18:59:00,2017-07-04 18:59:59,2017-07-04,Tuesday,306,356,318.98333333333335,277806.11666666664,9205306.421348315,28379014.383585863,0.8174157303370787,870.9110716338366,258.1308433928755,0.9274924471299094,21,53,0.40168539325842695,0.01520455614190919,0,BENIGN,BENIGN
20170704_1900,2017-07-04 19:00:00,2017-07-04 19:00:59,2017-07-04,Tuesday,307,751,1206.8333333333333,1154691.2666666666,17498115.930758987,37995516.59640106,0.6711051930758988,956.7943101781522,256.20384151878096,0.7201805440076019,13,116,0.3781624500665779,0.007609446209087142,0,BENIGN,BENIGN
20170704_1901,2017-07-04 19:01:00,2017-07-04 19:01:59,2017-07-04,Tuesday,308,715,247.0,159074.51666666666,16165320.855944056,35976833.68478475,0.7090909090909091,644.0263832658569,232.8960079178572,1.055617198335645,13,97,0.32727272727272727,0.031983805668016195,0,BENIGN,BENIGN
20170704_1902,2017-07-04 19:02:00,2017-07-04 19:02:59,2017-07-04,Tuesday,309,1155,304.26666666666665,187242.71666666667,11787873.108225109,31436832.029321156,0.754978354978355,615.3901730937774,208.4606100527775,1.0774920345926262,13,132,0.270995670995671,0.03418054338299737,0,BENIGN,BENIGN
20170704_1903,2017-07-04 19:03:00,2017-07-04 19:03:59,2017-07-04,Tuesday,310,674,164.41666666666666,56160.583333333336,18172801.137982197,36143796.77728917,0.6083086053412463,341.5747592498733,222.85556666312405,1.20420017873101,15,128,0.4406528189910979,0.05058286872782564,0,BENIGN,BENIGN
20170704_1904,2017-07-04 19:04:00,2017-07-04 19:04:59,2017-07-04,Tuesday,311,572,122.58333333333333,44425.05,12032186.75,31271369.977752045,0.7045454545454546,362.4069340584636,147.05768171686137,1.0242157402311503,12,105,0.3321678321678322,0.038341264445955134,0,BENIGN,BENIGN
20170704_1905,2017-07-04 19:05:00,2017-07-04 19:05:59,2017-07-04,Tuesday,312,697,168.08333333333334,62683.683333333334,15668360.890961263,36415128.50129344,0.7245337159253945,372.93217649975213,189.31615733936877,1.205554340695386,16,98,0.3084648493543759,0.03976202280614775,0,BENIGN,BENIGN
20170704_1906,2017-07-04 19:06:00,2017-07-04 19:06:59,2017-07-04,Tuesday,313,843,303.23333333333335,141070.5,20721506.714116253,40356947.67958316,0.6453143534994069,465.2209519621853,259.60016353560246,1.0282019841712184,16,184,0.4211150652431791,0.03869407496977025,0,BENIGN,BENIGN
20170704_1907,2017-07-04 19:07:00,2017-07-04 19:07:59,2017-07-04,Tuesday,314,317,109.11666666666666,71501.96666666666,15324614.299684543,37159078.51899639,0.7413249211356467,655.2799755613258,237.7402058066084,1.1797603195739015,16,58,0.35331230283911674,0.030548342752405682,0,BENIGN,BENIGN
20170704_1908,2017-07-04 19:08:00,2017-07-04 19:08:59,2017-07-04,Tuesday,315,957,222.58333333333334,84595.33333333333,7662277.303030303,25610189.096929945,0.8035527690700105,380.06140022463495,188.55606050869125,0.9836625575523541,26,114,0.3490073145245559,0.04687383002620741,0,BENIGN,BENIGN
20170704_1909,2017-07-04 19:09:00,2017-07-04 19:09:59,2017-07-04,Tuesday,316,349,146.11666666666667,59185.666666666664,12096230.673352435,29995320.195438437,0.6991404011461319,405.0576023725334,192.55154758172594,0.8949643397449751,15,45,0.3667621776504298,0.030226987567012663,1,Brute Force,Brute Force
20170704_1910,2017-07-04 19:10:00,2017-07-04 19:10:59,2017-07-04,Tuesday,317,645,195.43333333333334,76776.86666666667,12727451.094573643,30314218.38273743,0.7116279069767442,392.85451134231624,172.85079500419207,0.8514366908746448,12,91,0.33178294573643413,0.03138325089544602,1,Brute Force,Brute Force
20170704_1911,2017-07-04 19:11:00,2017-07-04 19:11:59,2017-07-04,Tuesday,318,390,146.23333333333332,49779.88333333333,6741871.625641026,20824910.76819009,0.7153846153846154,340.41406428082973,259.85629087206706,1.0172413793103448,19,79,0.5717948717948718,0.04547526783679052,1,Brute Force,Brute Force
20170704_1912,2017-07-04 19:12:00,2017-07-04 19:12:59,2017-07-04,Tuesday,319,573,204.48333333333332,77212.45,12647840.054101221,30690824.81005846,0.6788830715532286,377.5977667291548,215.28367449372482,0.8882733148661126,12,107,0.4363001745200698,0.039041486673730544,1,Brute Force,Brute Force
20170704_1913,2017-07-04 19:13:00,2017-07-04 19:13:59,2017-07-04,Tuesday,320,730,280.53333333333336,144741.41666666666,14592009.849315068,32691241.32392599,0.6698630136986301,515.9508673954373,181.97963314958182,0.815074401552728,18,104,0.38082191780821917,0.03214115969581749,1,Brute Force,Brute Force
20170704_1914,2017-07-04 19:14:00,2017-07-04 19:14:59,2017-07-04,Tuesday,321,1293,388.43333333333334,165462.11666666667,15589061.286156226,33802625.769621395,0.6805877803557618,425.9730112417403,253.7195695778163,0.9915406306075365,13,161,0.382830626450116,0.043036128035698965,1,Brute Force,Brute Force
20170704_1915,2017-07-04 19:15:00,2017-07-04 19:15:59,2017-07-04,Tuesday,322,885,289.0,122040.46666666666,20207382.978531074,39410396.20699414,0.6372881355932203,422.28535178777395,203.11716368238424,0.9053950115371937,13,149,0.3751412429378531,0.03806228373702422,1,Brute Force,Brute Force
20170704_1916,2017-07-04 19:16:00,2017-07-04 19:16:59,2017-07-04,Tuesday,323,1399,559.2333333333333,285483.75,6626814.641887062,21507310.576575335,0.8241601143674053,510.491297609823,348.0741876012308,0.9173190103422662,8,220,0.6197283774124375,0.04911485962925433,1,Brute Force,Brute Force
20170704_1917,2017-07-04 19:17:00,2017-07-04 19:17:59,2017-07-04,Tuesday,324,2003,575.7833333333333,298211.06666666665,11563452.941088367,29461614.384228848,0.7174238642036944,517.9223666309665,183.47137109438233,0.8436416030738033,16,221,0.3170244633050424,0.03647205256606941,1,Brute Force,Brute Force
20170704_1918,2017-07-04 19:18:00,2017-07-04 19:18:59,2017-07-04,Tuesday,325,1066,670.45,475414.36666666664,8414100.328330206,26372738.506999753,0.7476547842401501,709.0974221294156,241.00774455765549,0.874033355073139,15,143,0.4549718574108818,0.023491684689387726,1,Brute Force,Brute Force
20170704_1919,2017-07-04 19:19:00,2017-07-04 19:19:59,2017-07-04,Tuesday,326,696,286.4166666666667,135605.05,16953339.16954023,35679839.0539187,0.6522988505747126,473.4537678207739,183.16944305925395,0.7993927337451576,14,106,0.4224137931034483,0.030433517602560373,1,Brute Force,Brute Force
20170704_1920,2017-07-04 19:20:00,2017-07-04 19:20:59,2017-07-04,Tuesday,327,578,245.33333333333334,128712.05,7172675.138408304,20354911.966852594,0.6851211072664359,524.641508152174,232.20059954113304,0.7699891787904293,17,124,0.5467128027681661,0.03777173913043478,1,Brute Force,Brute Force
20170704_1921,2017-07-04 19:21:00,2017-07-04 19:21:59,2017-07-04,Tuesday,328,842,251.53333333333333,97381.0,15851473.96793349,33115819.48580216,0.6401425178147269,387.1494831698913,181.0434872268726,0.896343761779118,13,121,0.4346793349168646,0.04253909355950172,1,Brute Force,Brute Force
20170704_1922,2017-07-04 19:22:00,2017-07-04 19:22:59,2017-07-04,Tuesday,329,645,237.16666666666666,80413.2,9984737.159689922,27104453.876236178,0.7302325581395349,339.05776528460996,253.60116549456788,0.9792767732962447,17,81,0.5503875968992248,0.049402670414617,1,Brute Force,Brute Force
20170704_1923,2017-07-04 19:23:00,2017-07-04 19:23:59,2017-07-04,Tuesday,330,1592,805.7,666756.1666666666,12993530.146984925,31632154.87301855,0.7198492462311558,827.548922262215,162.20958227158167,0.7339670014347203,16,167,0.35238693467336685,0.022361507591742172,1,Brute Force,Brute Force
20170704_1924,2017-07-04 19:24:00,2017-07-04 19:24:59,2017-07-04,Tuesday,331,527,150.31666666666666,47696.3,14793272.275142316,29997110.260180064,0.6072106261859582,317.30546623794214,144.37509930466777,0.9859092910612065,16,106,0.428842504743833,0.03769819270429094,1,Brute Force,Brute Force
20170704_1925,2017-07-04 19:25:00,2017-07-04 19:25:59,2017-07-04,Tuesday,332,1308,369.8333333333333,143847.33333333334,20726014.50382263,40913535.004848115,0.6559633027522935,388.95178008111765,171.8474197506209,0.9161557723858044,13,188,0.39602446483180426,0.04308246958089229,1,Brute Force,Brute Force
20170704_1926,2017-07-04 19:26:00,2017-07-04 19:26:59,2017-07-04,Tuesday,333,381,109.75,21751.033333333333,15126118.217847768,26103233.638352245,0.49606299212598426,198.18709187547455,123.94089943783199,0.907326962061975,14,117,0.5406824146981627,0.03826879271070615,1,Brute Force,Brute Force
20170704_1927,2017-07-04 19:27:00,2017-07-04 19:27:59,2017-07-04,Tuesday,334,2380,578.0666666666667,246382.18333333332,12656288.755042017,31945103.744702067,0.6974789915966386,426.2175931265137,153.5586319425321,0.8963914707490432,17,252,0.30840336134453783,0.041719524852958136,1,Brute Force,Brute Force
20170704_1928,2017-07-04 19:28:00,2017-07-04 19:28:59,2017-07-04,Tuesday,335,490,171.33333333333334,56188.166666666664,14092373.287755102,32669677.710220575,0.5795918367346938,327.9464980544747,212.24623406970213,0.909192200557103,15,77,0.45102040816326533,0.041536964980544745,1,Brute Force,Brute Force
20170704_1929,2017-07-04 19:29:00,2017-07-04 19:29:59,2017-07-04,Tuesday,336,1057,429.5,222149.71666666667,24455705.276253548,40555162.9241085,0.5771050141911069,517.2286767559177,218.4765518159291,0.8871558289396603,14,173,0.47019867549668876,0.03271245634458673,1,Brute Force,Brute Force
20170704_1930,2017-07-04 19:30:00,2017-07-04 19:30:59,2017-07-04,Tuesday,337,754,317.06666666666666,121600.41666666667,17453388.4602122,35657309.56247125,0.6047745358090185,383.51687342304456,187.29391813952847,0.9244386000404613,12,144,0.46419098143236076,0.033010933557611435,1,Brute Force,Brute Force
20170704_1931,2017-07-04 19:31:00,2017-07-04 19:31:59,2017-07-04,Tuesday,338,712,226.18333333333334,96390.1,20138581.139044944,37077209.06400888,0.5898876404494382,426.15916292093436,125.34769529063882,0.8561269146608315,14,133,0.3946629213483146,0.03205364379927787,1,Brute Force,Brute Force
20170704_1932,2017-07-04 19:32:00,2017-07-04 19:32:59,2017-07-04,Tuesday,339,1523,458.71666666666664,176347.75,17364361.324359816,36578535.834740005,0.6717005909389363,384.43719797987137,170.00196675277888,0.9503968253968254,13,205,0.34077478660538413,0.03567925008174981,1,Brute Force,Brute Force
20170704_1933,2017-07-04 19:33:00,2017-07-04 19:33:59,2017-07-04,Tuesday,340,1588,403.1,153156.85,12675876.12720403,30981394.47411447,0.7178841309823678,379.94753162986854,186.21441619092937,0.9267904086672508,13,236,0.4181360201511335,0.05155875299760192,1,Brute Force,Brute Force
20170704_1934,2017-07-04 19:34:00,2017-07-04 19:34:59,2017-07-04,Tuesday,341,744,427.95,256280.26666666666,15531114.333333334,33357163.500688877,0.6236559139784946,598.855629551739,235.98692381118153,0.7922803099043764,11,134,0.5080645161290323,0.027144915683296335,1,Brute Force,Brute Force
20170704_1935,2017-07-04 19:35:00,2017-07-04 19:35:59,2017-07-04,Tuesday,342,584,190.3,51659.3,17590839.04452055,36645751.57641894,0.589041095890411,271.46242774566474,185.32270501453775,0.951965811965812,16,125,0.4965753424657534,0.04203888596952181,1,Brute Force,Brute Force
20170704_1936,2017-07-04 19:36:00,2017-07-04 19:36:59,2017-07-04,Tuesday,343,222,111.98333333333333,47963.25,17521495.64864865,33646680.400609896,0.5405405405405406,428.30703973805623,183.8826999961543,0.7527386541471048,8,55,0.6036036036036037,0.0288733442476559,1,Brute Force,Brute Force
20170704_1937,2017-07-04 19:37:00,2017-07-04 19:37:59,2017-07-04,Tuesday,344,894,249.91666666666666,81864.03333333334,13032415.068232663,31999139.78796239,0.732662192393736,327.56532177392467,132.3279297824792,0.9006337135614703,11,115,0.3333333333333333,0.03347782594198066,1,Brute Force,Brute Force
20170704_1938,2017-07-04 19:38:00,2017-07-04 19:38:59,2017-07-04,Tuesday,345,373,156.83333333333334,60474.5,16780058.659517426,36293891.092212744,0.6300268096514745,385.5972369819341,206.02055932683348,0.8059873344847438,16,63,0.5522788203753352,0.04527098831030818,1,Brute Force,Brute Force
20170704_1939,2017-07-04 19:39:00,2017-07-04 19:39:59,2017-07-04,Tuesday,346,2438,500.73333333333335,157711.43333333332,14127785.371205907,33440065.22174773,0.694011484823626,314.96092397816534,139.12115890847963,0.9558000260382763,14,292,0.29942575881870387,0.04839568632672081,1,Brute Force,Brute Force
20170704_1940,2017-07-04 19:40:00,2017-07-04 19:40:59,2017-07-04,Tuesday,347,885,322.3333333333333,150368.26666666666,11048699.785310734,29859435.78219037,0.6971751412429379,466.4992761116856,270.9980547924252,0.8790440104925678,17,125,0.5943502824858757,0.05796277145811789,1,Brute Force,Brute Force
20170704_1941,2017-07-04 19:41:00,2017-07-04 19:41:59,2017-07-04,Tuesday,348,657,207.05,61534.0,15095557.356164383,34455856.56999272,0.6666666666666666,297.19391451340255,160.95817234330445,0.8999847071417648,14,133,0.4490106544901065,0.04161635675762698,1,Brute Force,Brute Force
20170704_1942,2017-07-04 19:42:00,2017-07-04 19:42:59,2017-07-04,Tuesday,349,397,197.71666666666667,122885.18333333333,12751822.428211587,29376083.887661774,0.6045340050377834,621.5216218494479,239.23751505249083,0.6802152669593542,12,81,0.5894206549118388,0.03818595633482256,1,Brute Force,Brute Force
20170704_1943,2017-07-04 19:43:00,2017-07-04 19:43:59,2017-07-04,Tuesday,350,1158,391.1166666666667,197199.11666666667,15811284.70984456,35386239.138091445,0.6701208981001727,504.19512506924616,178.2557307684513,0.8784919554950772,14,150,0.37132987910189985,0.035368815783866706,1,Brute Force,Brute Force
20170704_1944,2017-07-04 19:44:00,2017-07-04 19:44:59,2017-07-04,Tuesday,351,1107,323.4166666666667,128838.43333333333,15180027.66034327,32190213.93046672,0.5736224028906955,398.366709610925,280.0645726620475,1.0002061430632858,15,172,0.44263775971093045,0.048801855191960834,1,Brute Force,Brute Force
20170704_1945,2017-07-04 19:45:00,2017-07-04 19:45:59,2017-07-04,Tuesday,352,1777,353.95,120612.33333333333,7259235.701744514,23023573.308772787,0.7045582442318514,340.76093610208596,174.38807982354257,0.9673923112552107,13,231,0.32583005064715814,0.05306775909968451,1,Brute Force,Brute Force
20170704_1946,2017-07-04 19:46:00,2017-07-04 19:46:59,2017-07-04,Tuesday,353,602,220.9,86424.23333333334,18702040.1461794,37058046.902156025,0.5880398671096345,391.23690961219256,193.7745254435504,0.8987251110156138,14,147,0.5564784053156147,0.03817715406669685,1,Brute Force,Brute Force
20170704_1947,2017-07-04 19:47:00,2017-07-04 19:47:59,2017-07-04,Tuesday,354,375,205.81666666666666,85178.18333333333,20277514.682666667,38305764.7552712,0.5493333333333333,413.8546441007369,208.76281448798963,0.8388921977367481,14,65,0.456,0.028423354117742328,1,Brute Force,Brute Force
20170704_1948,2017-07-04 19:48:00,2017-07-04 19:48:59,2017-07-04,Tuesday,355,521,224.78333333333333,114221.45,16331657.938579654,36066156.389639825,0.6679462571976967,508.14020909023503,171.0261025226228,0.732117631950687,13,89,0.4107485604606526,0.026914806851041743,1,Brute Force,Brute Force
20170704_1949,2017-07-04 19:49:00,2017-07-04 19:49:59,2017-07-04,Tuesday,356,1235,417.4166666666667,192642.96666666667,10230222.417813765,28465549.25534966,0.7797570850202429,461.5123976841685,229.64433418376757,0.9182047943631768,18,158,0.45587044534412957,0.0450788580555001,1,Brute Force,Brute Force
20170704_1950,2017-07-04 19:50:00,2017-07-04 19:50:59,2017-07-04,Tuesday,357,310,134.36666666666667,43990.7,12160361.916129032,30524513.955590587,0.6645161290322581,327.39295460183575,221.90379667819013,0.8375113947128532,14,65,0.567741935483871,0.04118084842470851,1,Brute Force,Brute Force
20170704_1951,2017-07-04 19:51:00,2017-07-04 19:51:59,2017-07-04,Tuesday,358,657,260.55,105805.03333333334,11453573.403348554,30140371.533628017,0.726027397260274,406.0834132923943,265.2800454491877,0.8909046927914852,14,115,0.619482496194825,0.049254781551845456,1,Brute Force,Brute Force
20170704_1952,2017-07-04 19:52:00,2017-07-04 19:52:59,2017-07-04,Tuesday,359,405,191.73333333333332,112383.26666666666,12930166.609876543,30600700.56807939,0.6345679012345679,586.143602225313,198.24975671116587,0.7740940632228219,12,77,0.4962962962962963,0.03268428372739916,1,Brute Force,Brute Force
20170704_1953,2017-07-04 19:53:00,2017-07-04 19:53:59,2017-07-04,Tuesday,360,722,285.0,126859.85,15988649.490304708,34189612.162944,0.649584487534626,445.1222807017544,218.0430131250918,0.9305712350417702,15,117,0.46814404432132967,0.03725146198830409,1,Brute Force,Brute Force
20170704_1954,2017-07-04 19:54:00,2017-07-04 19:54:59,2017-07-04,Tuesday,361,396,190.26666666666668,113458.05,9619544.974747475,26957791.5557223,0.7070707070707071,596.3107042747022,182.09267977922488,0.7965381589299764,15,62,0.4065656565656566,0.02575332866152768,1,Brute Force,Brute Force
20170704_1955,2017-07-04 19:55:00,2017-07-04 19:55:59,2017-07-04,Tuesday,362,187,79.5,24386.9,7398492.459893048,18033261.602152,0.6577540106951871,306.7534591194969,176.22552381043243,0.7842183994016455,18,42,0.5294117647058824,0.03563941299790356,1,Brute Force,Brute Force
20170704_1956,2017-07-04 19:56:00,2017-07-04 19:56:59,2017-07-04,Tuesday,363,158,83.8,26694.933333333334,13821912.58227848,25956239.326331012,0.5,318.55529037390613,210.30103757225655,0.7443635102323968,15,36,0.6392405063291139,0.03619729514717582,1,Brute Force,Brute Force
20170704_1957,2017-07-04 19:57:00,2017-07-04 19:57:59,2017-07-04,Tuesday,364,1138,364.1666666666667,124005.18333333333,20126613.363796134,39180892.48765089,0.6397188049209139,340.51766590389013,188.1122876737535,0.9585013892623465,15,184,0.351493848857645,0.03775743707093822,1,Brute Force,Brute Force
20170704_1958,2017-07-04 19:58:00,2017-07-04 19:58:59,2017-07-04,Tuesday,365,847,274.4166666666667,133524.25,11472839.028335301,28281825.49939311,0.6576151121605667,486.574855754631,198.25682401760682,0.8453434943404684,16,138,0.3778040141676505,0.0388095961129669,1,Brute Force,Brute Force
20170704_1959,2017-07-04 19:59:00,2017-07-04 19:59:59,2017-07-04,Tuesday,366,965,301.9,103585.15,17146299.00207254,35623640.732023604,0.6404145077720207,343.1107982775754,173.28848952139177,0.9058390320883746,14,144,0.41865284974093264,0.03770564204482721,1,Brute Force,Brute Force
20170704_2000,2017-07-04 20:00:00,2017-07-04 20:00:59,2017-07-04,Tuesday,367,656,260.01666666666665,103077.2,21264291.544207316,41192212.704477854,0.5929878048780488,396.42535734888787,227.29903278314052,0.9071018212932405,13,126,0.4817073170731707,0.039100057688609705,1,Brute Force,Brute Force
20170704_2001,2017-07-04 20:01:00,2017-07-04 20:01:59,2017-07-04,Tuesday,368,637,266.46666666666664,125342.21666666666,17651507.9544741,36789768.54981222,0.6514913657770801,470.3861020765574,189.4999574870767,0.8581057524694945,16,109,0.45682888540031397,0.031148361270953214,1,Brute Force,Brute Force
20170704_2002,2017-07-04 20:02:00,2017-07-04 20:02:59,2017-07-04,Tuesday,369,269,104.03333333333333,26020.916666666668,17113983.799256507,29390684.826165553,0.5130111524163569,250.1209548221724,147.46073459795315,0.7913916786226686,15,69,0.6505576208178439,0.03364306312079462,1,Brute Force,Brute Force
20170704_2003,2017-07-04 20:03:00,2017-07-04 20:03:59,2017-07-04,Tuesday,370,566,271.1,164616.81666666668,16424198.169611307,35313984.50721271,0.6342756183745583,607.2180622156645,178.05831167994015,0.756316130425394,10,86,0.39045936395759717,0.024099348333948112,1,Brute Force,Brute Force
20170704_2004,2017-07-04 20:04:00,2017-07-04 20:04:59,2017-07-04,Tuesday,371,447,169.61666666666667,72020.61666666667,15614234.881431768,35063919.35880616,0.6152125279642058,424.6081359929252,167.98353505078745,0.772244471530559,10,88,0.44742729306487694,0.03340866660115948,1,Brute Force,Brute Force
20170704_2005,2017-07-04 20:05:00,2017-07-04 20:05:59,2017-07-04,Tuesday,372,709,246.76666666666668,98540.9,14385495.335684063,33902592.08652166,0.6713681241184767,399.32824530595707,198.57759620247833,0.8613450659962287,15,86,0.4033850493653032,0.038700526813454005,1,Brute Force,Brute Force
20170704_2006,2017-07-04 20:06:00,2017-07-04 20:06:59,2017-07-04,Tuesday,373,458,134.73333333333332,32894.183333333334,11906006.425764192,25714535.13357842,0.5764192139737991,244.1428748144483,193.30416182011197,0.8736964078794901,14,104,0.5305676855895196,0.055789213260762,1,Brute Force,Brute Force
20170704_2007,2017-07-04 20:07:00,2017-07-04 20:07:59,2017-07-04,Tuesday,374,184,85.73333333333333,48509.61666666667,9947299.864130436,25648049.949962523,0.6086956521739131,565.8197900466563,252.86744240634144,0.9276882727613338,17,54,0.6413043478260869,0.038685847589424574,1,Brute Force,Brute Force
20170704_2008,2017-07-04 20:08:00,2017-07-04 20:08:59,2017-07-04,Tuesday,375,490,189.81666666666666,103617.35,13553008.724489795,31183113.46195979,0.6632653061224489,545.8812011590131,170.82549731427224,0.7749727286894187,15,80,0.46530612244897956,0.03362894020546141,1,Brute Force,Brute Force
20170704_2009,2017-07-04 20:09:00,2017-07-04 20:09:59,2017-07-04,Tuesday,376,1449,345.3833333333333,111317.25,15191118.431331953,34813405.02910292,0.6928916494133885,322.30058389229356,153.90833112139285,0.8898413277402881,15,147,0.33126293995859213,0.04647010567967958,1,Brute Force,Brute Force
20170704_2010,2017-07-04 20:10:00,2017-07-04 20:10:59,2017-07-04,Tuesday,377,181,89.41666666666667,25085.333333333332,11440940.276243094,24821564.044018295,0.5027624309392266,280.5442684063374,220.67530576734976,0.7439064023399415,17,34,0.6629834254143646,0.043616029822926373,1,Brute Force,Brute Force
20170704_2011,2017-07-04 20:11:00,2017-07-04 20:11:59,2017-07-04,Tuesday,378,364,154.86666666666667,93019.15,14831044.85989011,35266250.22752731,0.6620879120879121,600.6402281532501,172.1282455581173,0.7847128864989438,17,74,0.4175824175824176,0.028303917348256564,1,Brute Force,Brute Force
20170704_2012,2017-07-04 20:12:00,2017-07-04 20:12:59,2017-07-04,Tuesday,379,450,153.71666666666667,77657.26666666666,14836000.788888888,35149209.431520976,0.6644444444444444,505.19744117965956,256.38590445505736,0.892102564102564,13,88,0.49333333333333335,0.04575517727420579,0,BENIGN,BENIGN
20170704_2013,2017-07-04 20:13:00,2017-07-04 20:13:59,2017-07-04,Tuesday,380,275,110.41666666666667,64736.916666666664,16831448.232727274,35228886.53872806,0.68,586.2966037735849,212.217926793625,0.8818517466628799,13,59,0.4,0.02928301886792453,0,BENIGN,BENIGN
20170704_2014,2017-07-04 20:14:00,2017-07-04 20:14:59,2017-07-04,Tuesday,381,1128,349.3666666666667,213371.68333333332,15662893.344858157,34637930.24020528,0.6959219858156028,610.7385268581243,164.01058691863446,0.8453345070422535,10,134,0.2854609929078014,0.029863562637152945,0,BENIGN,BENIGN
20170704_2015,2017-07-04 20:15:00,2017-07-04 20:15:59,2017-07-04,Tuesday,382,524,154.66666666666666,63404.26666666667,14209250.709923664,33118939.448867332,0.7538167938931297,409.9413793103448,263.3531945554206,1.026419213973799,16,103,0.4732824427480916,0.05355603448275862,0,BENIGN,BENIGN
20170704_2016,2017-07-04 20:16:00,2017-07-04 20:16:59,2017-07-04,Tuesday,383,1011,366.01666666666665,239686.81666666668,18807467.358061325,39851601.380396,0.7111770524233432,654.8521925231091,174.39922785985848,0.8895293813989503,9,144,0.31750741839762614,0.028596147716406357,0,BENIGN,BENIGN
20170704_2017,2017-07-04 20:17:00,2017-07-04 20:17:59,2017-07-04,Tuesday,384,648,227.28333333333333,123110.7,18151554.23919753,37614635.53328793,0.7098765432098766,541.6618024492191,188.4670215660585,0.9488425264361247,16,107,0.4027777777777778,0.03798489403827821,0,BENIGN,BENIGN
20170704_2018,2017-07-04 20:18:00,2017-07-04 20:18:59,2017-07-04,Tuesday,385,1692,451.3333333333333,199380.05,16399302.073286053,34785458.988859914,0.7127659574468085,441.7578655834564,191.4952427593266,0.94561390904519,12,278,0.3262411347517731,0.04032496307237814,0,BENIGN,BENIGN
20170704_2019,2017-07-04 20:19:00,2017-07-04 20:19:59,2017-07-04,Tuesday,386,2206,819.5,467920.8,13449091.56980961,33427810.326089088,0.7706255666364461,570.9832824893227,282.34939851653724,0.9382317001064291,16,313,0.4932003626473255,0.04142769981696156,0,BENIGN,BENIGN
20170704_2020,2017-07-04 20:20:00,2017-07-04 20:20:59,2017-07-04,Tuesday,387,662,467.0,391975.8,5483975.172205438,20212963.676662944,0.8308157099697885,839.348608137045,362.42949163748756,0.7777566298693059,13,119,0.6253776435045317,0.026837972876516774,0,BENIGN,BENIGN
20170704_2021,2017-07-04 20:21:00,2017-07-04 20:21:59,2017-07-04,Tuesday,388,175,37.2,7791.533333333334,25806303.394285716,35570311.56391344,0.4685714285714286,209.44982078853047,79.86376181161764,1.4351145038167938,8,84,0.5657142857142857,0.03046594982078853,0,BENIGN,BENIGN
20170704_2022,2017-07-04 20:22:00,2017-07-04 20:22:59,2017-07-04,Tuesday,389,956,178.95,62457.5,13802411.76464435,33367780.282668896,0.7039748953974896,349.0220732048058,115.67271097152043,1.0317880794701986,16,139,0.27615062761506276,0.04489149669367607,0,BENIGN,BENIGN
20170704_2023,2017-07-04 20:23:00,2017-07-04 20:23:59,2017-07-04,Tuesday,390,1052,235.3,81722.78333333334,17242290.6634981,36131771.0999399,0.6891634980988594,347.3131463380082,159.58474757042282,0.9807800224466892,15,140,0.32604562737642584,0.04419889502762431,0,BENIGN,BENIGN
20170704_2024,2017-07-04 20:24:00,2017-07-04 20:24:59,2017-07-04,Tuesday,391,969,257.5,93869.01666666666,20573066.36738906,40403015.08267778,0.6842105263157895,364.5398705501618,190.1648768477676,1.0084492395684388,14,115,0.30856553147574817,0.04025889967637541,0,BENIGN,BENIGN
20170704_2025,2017-07-04 20:25:00,2017-07-04 20:25:59,2017-07-04,Tuesday,392,232,64.16666666666667,40776.416666666664,22448986.103448275,34295370.957149744,0.5603448275862069,635.4766233766234,114.42640355485895,0.9974066390041494,11,87,0.4870689655172414,0.03064935064935065,0,BENIGN,BENIGN
20170704_2026,2017-07-04 20:26:00,2017-07-04 20:26:59,2017-07-04,Tuesday,393,1200,306.2,151186.21666666667,13754633.4525,33530737.75734398,0.7458333333333333,493.7498911386893,149.74973717869656,0.8890602508739461,10,160,0.27666666666666667,0.03091661223601132,0,BENIGN,BENIGN
20170704_2027,2017-07-04 20:27:00,2017-07-04 20:27:59,2017-07-04,Tuesday,394,386,116.06666666666666,67430.63333333333,12532619.256476684,31316286.369763732,0.6502590673575129,580.9646754738656,219.36031736278318,0.8865113759479957,10,69,0.3626943005181347,0.038340034462952324,0,BENIGN,BENIGN
20170704_2028,2017-07-04 20:28:00,2017-07-04 20:28:59,2017-07-04,Tuesday,395,434,292.28333333333336,262577.6,21425961.67511521,38748139.19603724,0.5852534562211982,898.3666533614644,226.30376397456376,0.6470698722764838,14,67,0.43317972350230416,0.019615669726863204,0,BENIGN,BENIGN
20170704_2029,2017-07-04 20:29:00,2017-07-04 20:29:59,2017-07-04,Tuesday,396,533,100.08333333333333,16541.3,14938021.4108818,34352810.15735018,0.699812382739212,165.2752706078268,160.18389035234117,1.1651045421773611,16,102,0.39399624765478425,0.060283097418817655,0,BENIGN,BENIGN
20170704_2030,2017-07-04 20:30:00,2017-07-04 20:30:59,2017-07-04,Tuesday,397,275,90.9,51911.916666666664,16658944.254545454,35924018.06975882,0.7054545454545454,571.0881921525486,172.57455007639038,0.8573374191351719,11,55,0.31636363636363635,0.027869453612027868,0,BENIGN,BENIGN
20170704_2031,2017-07-04 20:31:00,2017-07-04 20:31:59,2017-07-04,Tuesday,398,693,193.6,100851.63333333333,15242840.076479077,35708166.84660922,0.7287157287157288,520.9278581267217,152.87284920984735,0.8608041005926638,12,90,0.3059163059163059,0.0337465564738292,0,BENIGN,BENIGN
20170704_2032,2017-07-04 20:32:00,2017-07-04 20:32:59,2017-07-04,Tuesday,399,338,76.18333333333334,13193.55,15272992.792899407,36057614.515024826,0.665680473372781,173.1815795230803,152.83632923035654,1.2335124572545189,18,63,0.34911242603550297,0.05272369284620433,0,BENIGN,BENIGN
20170704_2033,2017-07-04 20:33:00,2017-07-04 20:33:59,2017-07-04,Tuesday,400,94,24.033333333333335,4097.5,16726872.755319148,34357421.67852008,0.6702127659574468,170.49237170596393,148.7117518704169,1.1634182908545727,17,27,0.43617021276595747,0.05547850208044383,0,BENIGN,BENIGN
20170704_2034,2017-07-04 20:34:00,2017-07-04 20:34:59,2017-07-04,Tuesday,401,365,83.5,30461.966666666667,13329096.663013699,30399340.171270262,0.7041095890410959,364.8139720558882,146.77700098375615,1.0948996655518395,11,58,0.2876712328767123,0.03053892215568862,0,BENIGN,BENIGN
20170704_2035,2017-07-04 20:35:00,2017-07-04 20:35:59,2017-07-04,Tuesday,402,2127,478.35,184286.28333333333,13800095.366243536,33231923.027018096,0.7212035731076634,385.2540678025156,152.85089039160368,0.9742743155867382,16,219,0.2867889045604137,0.04212396780599979,0,BENIGN,BENIGN
20170704_2036,2017-07-04 20:36:00,2017-07-04 20:36:59,2017-07-04,Tuesday,403,155,27.0,5779.95,10693451.6,30458364.12857567,0.7870967741935484,214.07222222222222,131.7973537006667,1.2513888888888889,10,39,0.27741935483870966,0.04691358024691358,0,BENIGN,BENIGN
20170704_2037,2017-07-04 20:37:00,2017-07-04 20:37:59,2017-07-04,Tuesday,404,133,34.35,9754.833333333334,21287054.834586468,35066465.310924776,0.6015037593984962,283.98350315380884,97.02259633636149,1.0765357502517623,11,49,0.556390977443609,0.024260067928190198,0,BENIGN,BENIGN
20170704_2038,2017-07-04 20:38:00,2017-07-04 20:38:59,2017-07-04,Tuesday,405,105,20.616666666666667,2204.15,7680117.980952381,25715856.618241407,0.7047619047619048,106.91107518189168,76.83602293691763,1.526530612244898,15,39,0.4,0.037186742118027485,0,BENIGN,BENIGN
20170704_2039,2017-07-04 20:39:00,2017-07-04 20:39:59,2017-07-04,Tuesday,406,189,63.21666666666667,39399.583333333336,10664875.0,29802920.305531483,0.7513227513227513,623.2467703664645,136.08241114405865,0.8444336412250851,11,39,0.2698412698412698,0.026364355391510677,0,BENIGN,BENIGN
20170704_2040,2017-07-04 20:40:00,2017-07-04 20:40:59,2017-07-04,Tuesday,407,638,217.88333333333333,128192.01666666666,14242904.454545455,33658176.00353481,0.7147335423197492,588.3516407863535,169.97364858633563,0.8463493856799887,11,74,0.29780564263322884,0.02983247915551136,0,BENIGN,BENIGN
20170704_2041,2017-07-04 20:41:00,2017-07-04 20:41:59,2017-07-04,Tuesday,408,763,118.88333333333334,31755.0,9131694.694626475,26069670.09117821,0.7942332896461337,267.1106126454507,112.00831617564651,1.0353780313837375,12,95,0.22018348623853212,0.04654423103883359,0,BENIGN,BENIGN
20170704_2042,2017-07-04 20:42:00,2017-07-04 20:42:59,2017-07-04,Tuesday,409,64,16.983333333333334,2108.8,10848648.0,25332465.327532332,0.515625,124.16879293424927,155.60721357902798,1.3831775700934579,8,23,0.59375,0.06378802747791953,0,BENIGN,BENIGN
20170704_2043,2017-07-04 20:43:00,2017-07-04 20:43:59,2017-07-04,Tuesday,410,229,42.5,6401.466666666666,7955578.432314411,25116768.76498412,0.6986899563318777,150.62274509803922,131.3936907769259,1.2105719237435009,19,58,0.36681222707423583,0.05921568627450981,0,BENIGN,BENIGN
20170704_2044,2017-07-04 20:44:00,2017-07-04 20:44:59,2017-07-04,Tuesday,411,127,53.38333333333333,32857.833333333336,15454216.614173228,35777343.330539435,0.6377952755905512,615.5073368716828,131.80262093756016,0.8902654867256637,12,34,0.3543307086614173,0.026849828285981894,0,BENIGN,BENIGN
20170704_2045,2017-07-04 20:45:00,2017-07-04 20:45:59,2017-07-04,Tuesday,412,1048,297.93333333333334,104759.48333333334,15484754.875,34326993.47969693,0.6851145038167938,351.62055269635266,174.00120383788695,0.9154612664738027,16,88,0.2958015267175573,0.03630566122174983,0,BENIGN,BENIGN
20170704_2046,2017-07-04 20:46:00,2017-07-04 20:46:59,2017-07-04,Tuesday,413,1050,244.65,92859.73333333334,11262071.421904761,28963654.756385393,0.7466666666666667,379.56155051434024,149.7762388113156,0.9252459016393443,15,111,0.28095238095238095,0.04148783977110158,0,BENIGN,BENIGN
20170704_2047,2017-07-04 20:47:00,2017-07-04 20:47:59,2017-07-04,Tuesday,414,93,21.283333333333335,7586.216666666666,13838288.311827958,33560728.7210783,0.7526881720430108,356.4393108848864,112.83480741393711,1.0916530278232406,10,34,0.46236559139784944,0.02975724353954581,0,BENIGN,BENIGN
20170704_2048,2017-07-04 20:48:00,2017-07-04 20:48:59,2017-07-04,Tuesday,415,57,16.866666666666667,1459.2,23750374.96491228,36279988.832723394,0.38596491228070173,86.51383399209486,65.7328082751937,1.488943488943489,10,34,0.6491228070175439,0.023715415019762844,0,BENIGN,BENIGN
20170704_2049,2017-07-04 20:49:00,2017-07-04 20:49:59,2017-07-04,Tuesday,416,375,155.35,103044.5,12737778.882666666,30653545.783025406,0.7093333333333334,663.3054393305439,172.52934923712758,0.9028373137374974,18,62,0.368,0.031005256946679542,0,BENIGN,BENIGN
20170704_2050,2017-07-04 20:50:00,2017-07-04 20:50:59,2017-07-04,Tuesday,417,281,65.0,9120.966666666667,20973187.366548043,42396755.88660904,0.7153024911032029,140.32256410256412,108.13998964411233,1.2627610208816706,15,31,0.3167259786476868,0.05,0,BENIGN,BENIGN
20170704_2051,2017-07-04 20:51:00,2017-07-04 20:51:59,2017-07-04,Tuesday,418,195,59.85,30196.416666666668,22507730.866666667,41223599.643260054,0.6,504.5349484823169,167.08327687532815,0.9479392624728851,8,38,0.3333333333333333,0.03898635477582846,0,BENIGN,BENIGN
20170704_2052,2017-07-04 20:52:00,2017-07-04 20:52:59,2017-07-04,Tuesday,419,1060,194.16666666666666,49824.166666666664,12233201.376415094,31503876.638594184,0.7584905660377359,256.6051502145923,156.92389476174534,0.9885646014678273,14,128,0.28773584905660377,0.05193133047210301,0,BENIGN,BENIGN
20170704_2053,2017-07-04 20:53:00,2017-07-04 20:53:59,2017-07-04,Tuesday,420,776,257.9,158180.56666666668,14965747.926546391,35570780.19220219,0.729381443298969,613.3407005299212,162.0868838359474,0.8952847519902021,10,104,0.30283505154639173,0.02927491275688251,0,BENIGN,BENIGN
20170704_2054,2017-07-04 20:54:00,2017-07-04 20:54:59,2017-07-04,Tuesday,421,161,32.266666666666666,8382.05,10713707.49068323,30704596.91749651,0.8260869565217391,259.77427685950414,92.34837649115472,1.1837655016910935,16,32,0.2981366459627329,0.0371900826446281,0,BENIGN,BENIGN
20170704_2055,2017-07-04 20:55:00,2017-07-04 20:55:59,2017-07-04,Tuesday,422,88,17.75,1863.05,11609574.670454545,28378533.965632603,0.5909090909090909,104.96056338028168,105.3950179349588,1.390134529147982,13,36,0.5113636363636364,0.03755868544600939,0,BENIGN,BENIGN
20170704_2056,2017-07-04 20:56:00,2017-07-04 20:56:59,2017-07-04,Tuesday,423,67,15.766666666666667,1846.75,9744491.671641791,27223406.365345743,0.7014925373134329,117.13002114164905,67.74677951645606,2.1254125412541254,14,37,0.34328358208955223,0.023255813953488372,0,BENIGN,BENIGN
20170704_2057,2017-07-04 20:57:00,2017-07-04 20:57:59,2017-07-04,Tuesday,424,983,245.38333333333333,97721.11666666667,15505175.558494404,35626926.28890257,0.7080366225839267,398.23860626231067,151.7219200002082,0.9267207537293902,10,95,0.3021363173957274,0.042314745636079606,0,BENIGN,BENIGN
20170704_2058,2017-07-04 20:58:00,2017-07-04 20:58:59,2017-07-04,Tuesday,425,591,189.5,109683.4,15822229.610829104,35579242.74866385,0.6988155668358714,578.8042216358839,183.2591245747178,0.8942195568882225,14,84,0.32656514382402707,0.033597185576077396,0,BENIGN,BENIGN
20170704_2059,2017-07-04 20:59:00,2017-07-04 20:59:59,2017-07-04,Tuesday,426,703,129.76666666666668,37600.816666666666,13569804.105263159,33695038.37913379,0.7467994310099573,289.7571281787824,118.4013595406681,0.9987166324435318,14,100,0.2773826458036984,0.04675057796044182,0,BENIGN,BENIGN
20170704_2100,2017-07-04 21:00:00,2017-07-04 21:00:59,2017-07-04,Tuesday,427,82,23.516666666666666,2824.616666666667,15388309.81707317,31684987.502973307,0.524390243902439,120.11126860382707,94.41974645923685,1.5813528336380256,16,48,0.6585365853658537,0.03401842664776754,0,BENIGN,BENIGN
20170704_2101,2017-07-04 21:01:00,2017-07-04 21:01:59,2017-07-04,Tuesday,428,135,28.45,2929.016666666667,11212819.266666668,29110687.877707478,0.7037037037037037,102.95313415348565,75.6686567046935,1.2682602921646746,15,46,0.3111111111111111,0.03866432337434095,0,BENIGN,BENIGN
20170704_2102,2017-07-04 21:02:00,2017-07-04 21:02:59,2017-07-04,Tuesday,429,751,185.53333333333333,86397.5,16186624.456724368,37426398.7070462,0.7177097203728362,465.6710384477183,152.7924441673954,0.963145829659672,11,87,0.29027962716378164,0.039435860582105645,0,BENIGN,BENIGN
20170704_2103,2017-07-04 21:03:00,2017-07-04 21:03:59,2017-07-04,Tuesday,430,85,19.616666666666667,4275.433333333333,15375520.470588235,38109038.51573486,0.788235294117647,217.94902293967715,138.29761137013796,1.3234714003944774,13,20,0.29411764705882354,0.037383177570093455,0,BENIGN,BENIGN
20170704_2104,2017-07-04 21:04:00,2017-07-04 21:04:59,2017-07-04,Tuesday,431,67,15.25,4879.65,8139975.910447761,21391539.075573485,0.5671641791044776,319.97704918032787,173.28700422360092,1.0087719298245614,10,20,0.4925373134328358,0.07213114754098361,1,Brute Force,Brute Force
20170704_2105,2017-07-04 21:05:00,2017-07-04 21:05:59,2017-07-04,Tuesday,432,190,57.416666666666664,28983.416666666668,13908290.963157894,34484552.1322082,0.7157894736842105,504.7910014513788,169.26226535850736,1.0487514863258025,17,49,0.3684210526315789,0.03425253991291727,0,BENIGN,BENIGN
20170704_2106,2017-07-04 21:06:00,2017-07-04 21:06:59,2017-07-04,Tuesday,433,662,215.81666666666666,108386.1,13963714.528700907,33758058.134183854,0.7447129909365559,502.21376168043867,178.9436652419968,0.8800813008130082,11,88,0.3187311178247734,0.033361649548227665,0,BENIGN,BENIGN
20170704_2107,2017-07-04 21:07:00,2017-07-04 21:07:59,2017-07-04,Tuesday,434,754,183.15,90486.36666666667,13097087.165782493,33374068.850305345,0.726790450928382,494.05605605605604,161.7596206595091,0.9576059850374065,16,84,0.2838196286472148,0.041223041223041226,0,BENIGN,BENIGN
20170704_2108,2017-07-04 21:08:00,2017-07-04 21:08:59,2017-07-04,Tuesday,435,350,87.16666666666667,29214.716666666667,17189259.745714284,35610485.03087963,0.64,335.15927342256214,172.81016878221948,1.0157996146435453,12,58,0.37714285714285717,0.04397705544933078,0,BENIGN,BENIGN
20170704_2109,2017-07-04 21:09:00,2017-07-04 21:09:59,2017-07-04,Tuesday,436,577,136.66666666666666,58057.566666666666,11705729.906412479,31417038.016887262,0.7504332755632582,424.81146341463415,163.24978379024571,0.9255693824841512,14,95,0.3240901213171577,0.04182926829268293,0,BENIGN,BENIGN
20170704_2110,2017-07-04 21:10:00,2017-07-04 21:10:59,2017-07-04,Tuesday,437,366,120.33333333333333,61559.9,19559505.527322404,39376502.40660904,0.674863387978142,511.5781163434903,185.202796878029,0.9406073636119323,18,70,0.3524590163934426,0.03434903047091413,0,BENIGN,BENIGN
20170704_2111,2017-07-04 21:11:00,2017-07-04 21:11:59,2017-07-04,Tuesday,438,247,54.63333333333333,12874.266666666666,14767367.024291499,35687569.16594503,0.7732793522267206,235.64856619890176,134.70576049523274,1.2275815217391304,16,40,0.2834008097165992,0.041183648566198904,0,BENIGN,BENIGN
20170704_2112,2017-07-04 21:12:00,2017-07-04 21:12:59,2017-07-04,Tuesday,439,375,139.0,84659.86666666667,18813207.072,34404706.44557014,0.5973333333333334,609.063788968825,209.8414102760926,0.8819945848375451,11,77,0.408,0.031894484412470024,0,BENIGN,BENIGN
20170704_2113,2017-07-04 21:13:00,2017-07-04 21:13:59,2017-07-04,Tuesday,440,1270,225.5,61378.083333333336,11607471.171653543,30710109.62490451,0.7173228346456693,272.18662232076866,130.7312739963778,1.019853709508882,16,159,0.284251968503937,0.0549150036954915,0,BENIGN,BENIGN
20170704_2114,2017-07-04 21:14:00,2017-07-04 21:14:59,2017-07-04,Tuesday,441,361,124.76666666666667,67536.73333333334,14231713.069252077,33109729.048119184,0.7119113573407202,541.3043013625435,171.31073383993404,0.8759709346028565,16,71,0.3573407202216066,0.03299492385786802,0,BENIGN,BENIGN
20170704_2115,2017-07-04 21:15:00,2017-07-04 21:15:59,2017-07-04,Tuesday,442,75,20.5,2473.15,20447638.92,40555258.00528662,0.6266666666666667,120.64146341463415,105.81986310434647,1.418467583497053,11,31,0.37333333333333335,0.032520325203252036,0,BENIGN,BENIGN
20170704_2116,2017-07-04 21:16:00,2017-07-04 21:16:59,2017-07-04,Tuesday,443,271,160.83333333333334,127954.45,19128150.52767528,39306272.98654323,0.6826568265682657,795.5717098445596,206.78193107492095,0.8100150037509377,13,56,0.4022140221402214,0.020518134715025907,0,BENIGN,BENIGN
20170704_2117,2017-07-04 21:17:00,2017-07-04 21:17:59,2017-07-04,Tuesday,444,898,227.01666666666668,101942.31666666667,15836485.749443207,35498848.59209832,0.7282850779510023,449.05212539461127,127.50988240010639,0.9097154072620216,12,111,0.2661469933184855,0.03487262315542178,0,BENIGN,BENIGN
20170704_2118,2017-07-04 21:18:00,2017-07-04 21:18:59,2017-07-04,Tuesday,445,836,242.38333333333333,136278.05,15444734.811004784,36307043.650322646,0.7165071770334929,562.2418345595819,150.23282888098342,0.8696490551484767,15,114,0.3253588516746411,0.03568727222718834,0,BENIGN,BENIGN
20170704_2119,2017-07-04 21:19:00,2017-07-04 21:19:59,2017-07-04,Tuesday,446,694,112.2,30183.333333333332,11276949.563400576,25687953.03964494,0.6671469740634006,269.0136660724896,133.1285873210028,1.0877519379844962,12,109,0.31556195965417866,0.05897207367795603,0,BENIGN,BENIGN
20170704_2120,2017-07-04 21:20:00,2017-07-04 21:20:59,2017-07-04,Tuesday,447,754,228.9,122748.38333333333,12154981.301061008,30518320.898317087,0.6803713527851459,536.2533129459734,207.96926111910778,1.0036469730123998,15,106,0.38992042440318303,0.04143002766855978,0,BENIGN,BENIGN
20170704_2121,2017-07-04 21:21:00,2017-07-04 21:21:59,2017-07-04,Tuesday,448,647,119.55,43453.53333333333,12160482.556414219,29834890.87663059,0.7387944358578052,363.4758120730517,143.22591819476602,0.9526401741970604,13,92,0.2735703245749614,0.04586644360797435,0,BENIGN,BENIGN
20170704_2122,2017-07-04 21:22:00,2017-07-04 21:22:59,2017-07-04,Tuesday,449,61,21.266666666666666,3104.516666666667,18516871.327868853,34890519.052127555,0.5409836065573771,145.98040752351096,149.16295873906668,1.1941580756013745,11,23,0.4918032786885246,0.045454545454545456,0,BENIGN,BENIGN
20170704_2123,2017-07-04 21:23:00,2017-07-04 21:23:59,2017-07-04,Tuesday,450,299,92.81666666666666,48557.15,12312708.531772574,29064000.405059595,0.6153846153846154,523.1511941102532,134.0066222750544,0.9598874032371569,15,67,0.3779264214046823,0.03609265577302927,0,BENIGN,BENIGN
20170704_2124,2017-07-04 21:24:00,2017-07-04 21:24:59,2017-07-04,Tuesday,451,2036,502.3666666666667,234203.51666666666,16258618.246561887,34153749.8693715,0.6444007858546169,466.20035166876784,182.7573078113096,0.8942374159492239,14,190,0.3050098231827112,0.04093955278349148,0,BENIGN,BENIGN
20170704_2125,2017-07-04 21:25:00,2017-07-04 21:25:59,2017-07-04,Tuesday,452,2783,726.25,279419.8,13710886.922745239,31052761.734210387,0.5720445562342795,384.7432702237522,190.22460854618524,0.9597049829105955,11,255,0.4006467840459935,0.05218588640275387,0,BENIGN,BENIGN
20170704_2126,2017-07-04 21:26:00,2017-07-04 21:26:59,2017-07-04,Tuesday,453,2583,645.6,290013.8,11939023.982965544,29117161.61879275,0.5605884630274874,449.21592317224287,196.51968397502336,0.9591847056443455,14,282,0.45915602013162987,0.06159644774886411,0,BENIGN,BENIGN
20170704_2127,2017-07-04 21:27:00,2017-07-04 21:27:59,2017-07-04,Tuesday,454,1500,474.85,208451.65,9204167.670666667,24586697.623345293,0.48733333333333334,438.98420553859114,216.52676263317602,0.954585991630651,15,194,0.5793333333333334,0.054368046049629706,0,BENIGN,BENIGN
20170704_2128,2017-07-04 21:28:00,2017-07-04 21:28:59,2017-07-04,Tuesday,455,2298,796.7666666666667,368789.68333333335,8162469.0426457785,23698900.42170389,0.6105308964316797,462.8578211939924,230.17567315438396,0.954816813869807,12,280,0.5143603133159269,0.04804836213027654,0,BENIGN,BENIGN
20170704_2129,2017-07-04 21:29:00,2017-07-04 21:29:59,2017-07-04,Tuesday,456,1256,343.45,131833.43333333332,8408509.263535032,25615787.510826394,0.7738853503184714,383.8504391711554,207.12442640952762,0.9673508353221957,15,145,0.42038216560509556,0.04843014509632649,0,BENIGN,BENIGN
20170704_2130,2017-07-04 21:30:00,2017-07-04 21:30:59,2017-07-04,Tuesday,457,1059,379.78333333333336,211406.8,19330609.576015107,40416994.5985587,0.7129367327667611,556.651072980208,183.20151770669258,0.8541903986981285,13,164,0.3286118980169972,0.027910650809672182,0,BENIGN,BENIGN
20170704_2131,2017-07-04 21:31:00,2017-07-04 21:31:59,2017-07-04,Tuesday,458,805,320.65,183384.7,21180008.714285713,39745608.32867266,0.6434782608695652,571.9154841727741,197.24867823133286,0.8537431351767993,11,127,0.4161490683229814,0.03061489682415926,0,BENIGN,BENIGN
20170704_2132,2017-07-04 21:32:00,2017-07-04 21:32:59,2017-07-04,Tuesday,459,510,210.3,100818.43333333333,16389820.572549019,36654998.23289456,0.7019607843137254,479.402916468537,174.62451156546203,0.8758733462167385,13,111,0.403921568627451,0.024647329212236488,0,BENIGN,BENIGN
20170704_2133,2017-07-04 21:33:00,2017-07-04 21:33:59,2017-07-04,Tuesday,460,548,117.85,53847.36666666667,10501918.277372263,29050074.76677553,0.6916058394160584,456.914439258945,114.97751663008692,0.907742109522525,9,97,0.3193430656934307,0.03464856455946825,0,BENIGN,BENIGN
20170704_2134,2017-07-04 21:34:00,2017-07-04 21:34:59,2017-07-04,Tuesday,461,134,76.85,28759.466666666667,12049704.052238805,29408344.43996508,0.6567164179104478,374.2285838212969,162.202150818419,0.854443104141536,8,42,0.5373134328358209,0.015614834092387769,0,BENIGN,BENIGN
20170704_2135,2017-07-04 21:35:00,2017-07-04 21:35:59,2017-07-04,Tuesday,462,697,244.81666666666666,147101.85,18430868.467718795,39067631.42559699,0.6886657101865137,600.8653414119409,196.74599268832952,0.909528142467178,14,113,0.35294117647058826,0.03077132548165294,0,BENIGN,BENIGN
20170704_2136,2017-07-04 21:36:00,2017-07-04 21:36:59,2017-07-04,Tuesday,463,855,297.05,109034.3,26701774.994152047,45102744.75780834,0.6140350877192983,367.0570611008248,216.45732465444925,0.9673289183222958,7,172,0.39766081871345027,0.037591875666273915,0,BENIGN,BENIGN
20170704_2137,2017-07-04 21:37:00,2017-07-04 21:37:59,2017-07-04,Tuesday,464,1113,481.21666666666664,360378.2166666667,18793766.28301887,36902070.1192029,0.6819407008086253,748.8897239635646,165.6992588434471,0.7905246186283021,10,160,0.3198562443845463,0.0233089737817338,0,BENIGN,BENIGN
20170704_2138,2017-07-04 21:38:00,2017-07-04 21:38:59,2017-07-04,Tuesday,465,988,320.1666666666667,160893.45,17074416.471659917,35146269.91628694,0.6163967611336032,502.53029672045807,199.463027857352,0.9132556518275072,11,156,0.3805668016194332,0.03545028630921395,0,BENIGN,BENIGN
20170704_2139,2017-07-04 21:39:00,2017-07-04 21:39:59,2017-07-04,Tuesday,466,2357,604.3166666666667,282113.5,16805514.81120068,37272516.65202835,0.7072549851506151,466.83057999393253,173.12270420325618,0.8875585632483082,12,228,0.30674586338565973,0.03855594473096335,0,BENIGN,BENIGN
20170704_2140,2017-07-04 21:40:00,2017-07-04 21:40:59,2017-07-04,Tuesday,467,269,91.96666666666667,36258.933333333334,9077748.412639406,27830746.21156941,0.7843866171003717,394.26168901776003,129.16805152362898,0.9057320441988951,14,65,0.40892193308550184,0.020659659296846683,0,BENIGN,BENIGN
20170704_2141,2017-07-04 21:41:00,2017-07-04 21:41:59,2017-07-04,Tuesday,468,1985,486.31666666666666,199880.98333333334,16077288.37884131,36571444.55849074,0.7133501259445844,411.0099386545118,153.7275529850048,0.9570757880617036,13,205,0.31838790931989924,0.04153672161486,0,BENIGN,BENIGN
20170704_2142,2017-07-04 21:42:00,2017-07-04 21:42:59,2017-07-04,Tuesday,469,578,248.2,174684.8,6642827.5899653975,17177621.679469835,0.7006920415224913,703.8066075745367,200.85872271860322,0.752942561205273,16,101,0.38581314878892736,0.027934461455815202,0,BENIGN,BENIGN
20170704_2143,2017-07-04 21:43:00,2017-07-04 21:43:59,2017-07-04,Tuesday,470,235,126.66666666666667,93557.46666666666,21418526.123404257,42030195.48105405,0.6808510638297872,738.6115789473685,201.23434266058825,0.7405541561712846,12,48,0.4297872340425532,0.02,0,BENIGN,BENIGN
20170704_2144,2017-07-04 21:44:00,2017-07-04 21:44:59,2017-07-04,Tuesday,471,617,205.31666666666666,83721.63333333333,16339850.226904375,36036803.14932599,0.6612641815235009,407.7683253510837,192.8025343425764,0.9928825622775801,13,123,0.3905996758508914,0.03409367643477555,0,BENIGN,BENIGN
20170704_2145,2017-07-04 21:45:00,2017-07-04 21:45:59,2017-07-04,Tuesday,472,294,112.46666666666667,65195.583333333336,15430031.63605442,35475373.69703745,0.7346938775510204,579.6880557202134,187.7232016393397,0.7699973773931288,12,53,0.3333333333333333,0.02845287492590397,0,BENIGN,BENIGN
20170704_2146,2017-07-04 21:46:00,2017-07-04 21:46:59,2017-07-04,Tuesday,473,557,184.26666666666668,81918.95,20291070.24416517,40611296.21296859,0.6535008976660682,444.5673842257598,223.6168537426567,0.9449428320140721,14,84,0.43447037701974867,0.04232995658465991,0,BENIGN,BENIGN
20170704_2147,2017-07-04 21:47:00,2017-07-04 21:47:59,2017-07-04,Tuesday,474,337,109.58333333333333,57009.96666666667,17336049.715133533,36590604.515281,0.6439169139465876,520.243041825095,208.47973887586284,0.8912855910267472,12,63,0.4065281899109792,0.041368821292775665,0,BENIGN,BENIGN
20170704_2148,2017-07-04 21:48:00,2017-07-04 21:48:59,2017-07-04,Tuesday,475,1307,391.55,198907.8,13786016.208110176,34213116.96244595,0.7467482785003825,508.00102158089646,180.1371521616175,0.8328912466843501,14,139,0.3136954858454476,0.03354190609968927,0,BENIGN,BENIGN
20170704_2149,2017-07-04 21:49:00,2017-07-04 21:49:59,2017-07-04,Tuesday,476,624,223.48333333333332,123832.78333333334,9546948.943910256,26180239.571608305,0.6907051282051282,554.1029905287494,198.95435246001904,0.839253874639967,13,104,0.3685897435897436,0.03199343724364233,0,BENIGN,BENIGN
20170704_2150,2017-07-04 21:50:00,2017-07-04 21:50:59,2017-07-04,Tuesday,477,412,125.45,71940.21666666666,17550596.985436894,37903770.096664265,0.7402912621359223,573.4572870997741,160.52238469352918,0.9000504795557799,11,69,0.32281553398058255,0.027500996412913512,0,BENIGN,BENIGN
20170704_2151,2017-07-04 21:51:00,2017-07-04 21:51:59,2017-07-04,Tuesday,478,440,140.15,82717.21666666666,11070557.061363636,29708918.92402131,0.4636363636363636,590.2048995124271,319.4548328913048,0.8314459930313589,5,77,0.5886363636363636,0.04923296468069925,0,BENIGN,BENIGN
20170704_2152,2017-07-04 21:52:00,2017-07-04 21:52:59,2017-07-04,Tuesday,479,1533,505.35,291857.7,20057629.064579256,38985403.23056054,0.6653620352250489,577.535767289997,192.42244199327092,0.8663137810057241,11,234,0.3457273320287019,0.0345964842848191,0,BENIGN,BENIGN
20170704_2153,2017-07-04 21:53:00,2017-07-04 21:53:59,2017-07-04,Tuesday,480,785,171.23333333333332,78226.16666666667,13263253.784713376,32159361.70693185,0.7031847133757961,456.8395950944131,154.5584369256826,0.8516849882861777,10,128,0.30445859872611464,0.042729219388748296,0,BENIGN,BENIGN
20170704_2154,2017-07-04 21:54:00,2017-07-04 21:54:59,2017-07-04,Tuesday,481,789,224.68333333333334,123563.61666666667,15393212.032953106,34488260.72667231,0.6653992395437263,549.9456271789927,164.7655536525136,0.9354005167958657,12,120,0.3612167300380228,0.0377568429641718,0,BENIGN,BENIGN
20170704_2155,2017-07-04 21:55:00,2017-07-04 21:55:59,2017-07-04,Tuesday,482,1181,274.78333333333336,93396.55,15789136.246401355,34504813.53267899,0.6587637595258256,339.8916115727543,170.42817344094314,1.0055954263471598,7,199,0.37256562235393736,0.05022138654697641,0,BENIGN,BENIGN
20170704_2156,2017-07-04 21:56:00,2017-07-04 21:56:59,2017-07-04,Tuesday,483,559,139.96666666666667,62586.666666666664,14818939.259391772,35244900.24623648,0.6994633273703041,447.1540843057871,117.95959942165226,0.9006562570717357,15,101,0.31663685152057247,0.0345320314360562,0,BENIGN,BENIGN
20170704_2157,2017-07-04 21:57:00,2017-07-04 21:57:59,2017-07-04,Tuesday,484,378,106.3,46377.73333333333,12417152.153439153,32685779.278586105,0.7433862433862434,436.2910003135779,198.7950777426773,0.9289386150589658,14,69,0.3994708994708995,0.04844778927563499,0,BENIGN,BENIGN
20170704_2158,2017-07-04 21:58:00,2017-07-04 21:58:59,2017-07-04,Tuesday,485,264,132.68333333333334,84373.73333333334,20024653.62878788,37236934.531157635,0.6212121212121212,635.9030272578822,255.6933198652737,0.8681370248709526,15,62,0.4962121212121212,0.03014696646149981,0,BENIGN,BENIGN
20170704_2159,2017-07-04 21:59:00,2017-07-04 21:59:59,2017-07-04,Tuesday,486,486,118.95,61345.28333333333,5758002.082304527,16143035.10665311,0.8127572016460906,515.7232730839288,161.70029687641113,0.7889724310776942,10,74,0.294238683127572,0.035869412918593246,0,BENIGN,BENIGN
20170704_2200,2017-07-04 22:00:00,2017-07-04 22:00:59,2017-07-04,Tuesday,487,103,23.683333333333334,11328.666666666666,2546683.86407767,5508077.1287606815,0.7864077669902912,478.33919774806475,186.5883736955658,0.8661417322834646,8,25,0.36893203883495146,0.047149894440534836,0,BENIGN,BENIGN
