window_id,window_start,window_end,date,day_name,window_index,flow_count,packet_rate,byte_rate,mean_flow_duration,std_flow_duration,short_flow_ratio,mean_packet_size,packet_length_variability,fwd_bwd_packet_ratio,unique_dst_ports,unique_dst_ips,tcp_flow_ratio,syn_packet_ratio,is_attack_window,attack_category,attack_categories_present
20170705_1342,2017-07-05 13:42:00,2017-07-05 13:42:59,2017-07-05,Wednesday,0,150,165.25,161245.83333333334,19296088.926666666,35036578.78336769,0.7266666666666667,975.7690368129097,102.4607626663543,0.9604586793198893,20,33,0.15333333333333332,0.005547150781643974,0,BENIGN,BENIGN
20170705_1343,2017-07-05 13:43:00,2017-07-05 13:43:59,2017-07-05,Wednesday,1,256,167.76666666666668,160245.18333333332,17492661.65234375,32446951.679390345,0.71484375,955.1669978144248,107.81622069448304,0.7386873920552677,21,52,0.23046875,0.009537055434134712,0,BENIGN,BENIGN
20170705_1344,2017-07-05 13:44:00,2017-07-05 13:44:59,2017-07-05,Wednesday,2,244,166.25,132398.21666666667,15407192.336065574,31415733.117120158,0.7336065573770492,796.3802506265664,221.7184385174434,1.171528080104484,18,60,0.3155737704918033,0.01904761904761905,0,BENIGN,BENIGN
20170705_1345,2017-07-05 13:45:00,2017-07-05 13:45:59,2017-07-05,Wednesday,3,197,6948.3,8665179.433333334,28671901.59390863,37691490.36839957,0.5685279187817259,1247.0934521153856,133.9729799715728,0.7866359822235935,11,50,0.2131979695431472,0.00023027215290070952,0,BENIGN,BENIGN
20170705_1346,2017-07-05 13:46:00,2017-07-05 13:46:59,2017-07-05,Wednesday,4,277,115.76666666666667,77780.2,15801378.415162455,35527172.67321631,0.7545126353790613,671.8704290238986,194.95675219587483,0.9481211441390914,24,46,0.2851985559566787,0.026778001727613014,0,BENIGN,BENIGN
20170705_1347,2017-07-05 13:47:00,2017-07-05 13:47:59,2017-07-05,Wednesday,5,989,8169.3,10037903.116666667,19454499.481294237,39287914.685997464,0.7077856420626896,1228.734789598456,153.9326139758971,0.778393361850961,14,137,0.358948432760364,0.0013077415853663512,0,BENIGN,BENIGN
20170705_1348,2017-07-05 13:48:00,2017-07-05 13:48:59,2017-07-05,Wednesday,6,228,114.18333333333334,80584.63333333333,15111078.192982456,29017668.76556827,0.6798245614035088,705.7477740475842,212.52299933744143,1.1141622955877815,23,47,0.2807017543859649,0.021894613924974455,0,BENIGN,BENIGN
20170705_1349,2017-07-05 13:49:00,2017-07-05 13:49:59,2017-07-05,Wednesday,7,743,7057.933333333333,8522552.65,20675307.317631226,38940844.205055445,0.6527590847913862,1207.513906337077,228.87015624101866,0.7887473864284357,18,137,0.3768506056527591,0.001289329265412916,0,BENIGN,BENIGN
20170705_1350,2017-07-05 13:50:00,2017-07-05 13:50:59,2017-07-05,Wednesday,8,215,940.1833333333333,1073326.8166666667,23782763.772093024,39986050.05236474,0.5395348837209303,1141.6143837194873,213.44802713250058,0.8666490188941465,11,69,0.4046511627906977,0.002286788037794047,0,BENIGN,BENIGN
20170705_1351,2017-07-05 13:51:00,2017-07-05 13:51:59,2017-07-05,Wednesday,9,1826,7393.183333333333,8749890.35,18796143.967141293,38184320.89727215,0.6785323110624315,1183.5078281570186,222.5004788751978,0.7809074923117688,11,244,0.3773274917853231,0.003068141598905298,0,BENIGN,BENIGN
20170705_1352,2017-07-05 13:52:00,2017-07-05 13:52:59,2017-07-05,Wednesday,10,491,1200.7666666666667,1525828.65,14154132.694501018,29983454.900617495,0.7230142566191446,1270.7120312022873,171.41549992154938,0.9131924159541134,16,102,0.2769857433808554,0.0038170058018488187,0,BENIGN,BENIGN
20170705_1353,2017-07-05 13:53:00,2017-07-05 13:53:59,2017-07-05,Wednesday,11,612,5504.933333333333,6665333.95,25619025.96732026,44105825.452172786,0.6160130718954249,1210.7928554993098,215.11551135621943,0.787582601354094,7,136,0.4395424836601307,0.0011989246009639837,0,BENIGN,BENIGN
20170705_1354,2017-07-05 13:54:00,2017-07-05 13:54:59,2017-07-05,Wednesday,12,1133,8005.116666666667,9810408.2,14743153.737864077,34020410.68468877,0.6981465136804943,1225.517204621211,184.88431910500495,0.7512934853550841,20,173,0.33097969991173876,0.0015219432571251304,0,BENIGN,BENIGN
20170705_1355,2017-07-05 13:55:00,2017-07-05 13:55:59,2017-07-05,Wednesday,13,1014,263.3833333333333,116151.58333333333,18917036.84516765,36144353.55314802,0.616370808678501,440.9982281845219,230.97197800975664,0.9135488557936796,11,176,0.40532544378698226,0.048914763019679806,0,BENIGN,BENIGN
20170705_1356,2017-07-05 13:56:00,2017-07-05 13:56:59,2017-07-05,Wednesday,14,392,8061.683333333333,9965197.716666667,19204384.599489797,36966422.05544621,0.6505102040816326,1236.1187241705104,127.95956646536142,0.748640714926107,22,83,0.29591836734693877,0.00037626550286230543,0,BENIGN,BENIGN
20170705_1357,2017-07-05 13:57:00,2017-07-05 13:57:59,2017-07-05,Wednesday,15,269,52.166666666666664,8757.183333333332,15409890.226765798,31541768.00169783,0.6059479553903345,167.86932907348242,121.08459884608206,1.3330849478390463,19,90,0.3828996282527881,0.04984025559105431,0,BENIGN,BENIGN
20170705_1358,2017-07-05 13:58:00,2017-07-05 13:58:59,2017-07-05,Wednesday,16,1087,8276.65,10060606.466666667,16138480.322907085,36972399.28325236,0.7322907083716651,1215.5408851004534,264.02358437352865,0.7540513429124458,16,187,0.500459981600736,0.0021163957237126936,0,BENIGN,BENIGN
20170705_1359,2017-07-05 13:59:00,2017-07-05 13:59:59,2017-07-05,Wednesday,17,364,136.91666666666666,55885.433333333334,11381906.538461538,25877501.91031724,0.6648351648351648,408.1711503347535,263.501238931719,1.1741201376025403,16,106,0.554945054945055,0.04467437614120511,0,BENIGN,BENIGN
20170705_1400,2017-07-05 14:00:00,2017-07-05 14:00:59,2017-07-05,Wednesday,18,135,7872.816666666667,9782863.7,19704773.05925926,36702495.51226812,0.6962962962962963,1242.6129191373693,117.8784747667881,0.7411352746037597,7,39,0.4222222222222222,0.0001926460034422242,0,BENIGN,BENIGN
20170705_1401,2017-07-05 14:01:00,2017-07-05 14:01:59,2017-07-05,Wednesday,19,97,17.333333333333332,1184.6,32564257.74226804,36014959.89328624,0.422680412371134,68.3423076923077,30.79754126673825,1.9573863636363635,15,49,0.17525773195876287,0.041346153846153845,1,DoS,DoS
20170705_1402,2017-07-05 14:02:00,2017-07-05 14:02:59,2017-07-05,Wednesday,20,657,7972.75,9760629.383333333,18537135.695585996,35605589.82892447,0.6727549467275494,1224.2487702904687,194.0507778543515,0.7383748818954866,13,106,0.3333333333333333,0.0009260710963385699,0,BENIGN,BENIGN
20170705_1403,2017-07-05 14:03:00,2017-07-05 14:03:59,2017-07-05,Wednesday,21,1477,341.75,169201.75,14806753.864590386,34554047.86627768,0.7054840893703453,495.1038771031456,166.9073477897623,0.8978250809810273,13,217,0.3046716316858497,0.044330651060716895,0,BENIGN,BENIGN
20170705_1404,2017-07-05 14:04:00,2017-07-05 14:04:59,2017-07-05,Wednesday,22,133,1863.9,2317382.9166666665,17708024.97744361,32178839.445074514,0.6466165413533834,1243.297878999231,139.633408218839,0.7512253174864159,9,46,0.2631578947368421,0.000608044065311086,0,BENIGN,BENIGN
20170705_1405,2017-07-05 14:05:00,2017-07-05 14:05:59,2017-07-05,Wednesday,23,112,24.4,4648.766666666666,26360021.026785713,37950297.840689674,0.4107142857142857,190.52322404371586,93.1181866073936,1.4539363484087102,16,56,0.4642857142857143,0.031420765027322405,0,BENIGN,BENIGN
20170705_1406,2017-07-05 14:06:00,2017-07-05 14:06:59,2017-07-05,Wednesday,24,507,153.93333333333334,88257.8,18667139.52662722,34997879.999754846,0.621301775147929,573.3508012126462,158.12869131186267,0.7946376530017486,10,110,0.33136094674556216,0.030424426158510178,0,BENIGN,BENIGN
20170705_1407,2017-07-05 14:07:00,2017-07-05 14:07:59,2017-07-05,Wednesday,25,976,312.9166666666667,135920.26666666666,25253212.87909836,42620056.87496343,0.6290983606557377,434.3656990679095,174.8314244242413,0.9949001274968126,13,162,0.3790983606557377,0.039467376830892145,0,BENIGN,BENIGN
20170705_1408,2017-07-05 14:08:00,2017-07-05 14:08:59,2017-07-05,Wednesday,26,189,4565.866666666667,6712539.316666666,25918471.984126985,36667645.74084899,0.5291005291005291,1470.1566661312932,181.3050384058742,0.7145745060364629,14,68,0.3333333333333333,0.000423431842074524,0,BENIGN,BENIGN
20170705_1409,2017-07-05 14:09:00,2017-07-05 14:09:59,2017-07-05,Wednesday,27,1111,192.4,64646.8,12246519.615661567,30938253.31266588,0.7398739873987399,336.00207900207903,121.83646663827018,1.0397526501766785,12,148,0.24572457245724572,0.04556479556479556,0,BENIGN,BENIGN
20170705_1410,2017-07-05 14:10:00,2017-07-05 14:10:59,2017-07-05,Wednesday,28,1411,280.55,112883.76666666666,9677121.249468463,23852452.668359544,0.7455705173635719,402.3659478405513,163.57763121833676,0.966129409016585,15,198,0.2678951098511694,0.045981108536802706,0,BENIGN,BENIGN
20170705_1411,2017-07-05 14:11:00,2017-07-05 14:11:59,2017-07-05,Wednesday,29,233,105.86666666666666,71656.51666666666,19148450.763948496,39581608.02009672,0.6995708154506438,676.8562657430731,170.14304503360745,0.9274878640776699,15,58,0.3261802575107296,0.02188287153652393,0,BENIGN,BENIGN
20170705_1412,2017-07-05 14:12:00,2017-07-05 14:12:59,2017-07-05,Wednesday,30,1070,6057.333333333333,10620015.866666667,16506735.296261683,35648866.58340326,0.711214953271028,1753.249372661237,166.7156932024744,0.8800066211805359,9,169,0.35887850467289717,0.001904028175214616,0,BENIGN,BENIGN
20170705_1413,2017-07-05 14:13:00,2017-07-05 14:13:59,2017-07-05,Wednesday,31,1067,255.83333333333334,93238.56666666667,11911513.369259607,24021645.74825164,0.7029053420805998,364.45042345276875,199.0176343360372,1.0891399020141534,15,147,0.36176194939081535,0.050553745928338764,0,BENIGN,BENIGN
20170705_1414,2017-07-05 14:14:00,2017-07-05 14:14:59,2017-07-05,Wednesday,32,1200,387.31666666666666,261937.4,12925537.9925,31322757.09775923,0.7408333333333333,676.2874478247774,163.83061381115397,0.7476312227402617,9,132,0.29,0.02775506691337837,0,BENIGN,BENIGN
20170705_1415,2017-07-05 14:15:00,2017-07-05 14:15:59,2017-07-05,Wednesday,33,106,26.933333333333334,7340.783333333334,21525367.41509434,34678048.106037214,0.5660377358490566,272.55383663366337,136.17147024036416,1.3744493392070485,12,43,0.2830188679245283,0.03712871287128713,0,BENIGN,BENIGN
20170705_1416,2017-07-05 14:16:00,2017-07-05 14:16:59,2017-07-05,Wednesday,34,711,288.6666666666667,174876.61666666667,15447252.521800281,35065429.82957184,0.7538677918424754,605.8081408775981,272.317201037368,0.8878474114441417,14,90,0.4444444444444444,0.03562355658198614,0,BENIGN,BENIGN
20170705_1417,2017-07-05 14:17:00,2017-07-05 14:17:59,2017-07-05,Wednesday,35,447,205.86666666666667,164538.03333333333,15822332.093959732,33577989.85392716,0.6152125279642058,799.245628238342,265.78970186042443,0.9202549354888855,10,101,0.44966442953020136,0.034488341968911915,0,BENIGN,BENIGN
20170705_1418,2017-07-05 14:18:00,2017-07-05 14:18:59,2017-07-05,Wednesday,36,800,295.93333333333334,179165.08333333334,20260863.51125,41463860.91731788,0.71875,605.4238004054968,168.8682861969336,0.8156441717791411,9,137,0.3075,0.02596305474205902,0,BENIGN,BENIGN
20170705_1419,2017-07-05 14:19:00,2017-07-05 14:19:59,2017-07-05,Wednesday,37,191,34.55,3729.25,21273194.581151832,33704520.90918713,0.4973821989528796,107.93777134587555,88.58855676115085,1.406032482598608,13,72,0.36649214659685864,0.04100337674867342,0,BENIGN,BENIGN
20170705_1420,2017-07-05 14:20:00,2017-07-05 14:20:59,2017-07-05,Wednesday,38,108,29.483333333333334,9120.9,18941616.166666668,32367256.046496786,0.5925925925925926,309.3578292820803,183.5118784002059,1.114695340501792,14,35,0.4351851851851852,0.054267947993216506,0,BENIGN,BENIGN
20170705_1421,2017-07-05 14:21:00,2017-07-05 14:21:59,2017-07-05,Wednesday,39,484,92.51666666666667,27578.916666666668,15675460.030991735,34095723.20187615,0.6962809917355371,298.09673932624753,132.79931051178897,1.0716417910447762,15,82,0.29545454545454547,0.050801657359034406,0,BENIGN,BENIGN
20170705_1422,2017-07-05 14:22:00,2017-07-05 14:22:59,2017-07-05,Wednesday,40,441,114.55,53360.55,17108038.863945577,34490565.63147891,0.6575963718820862,465.82758620689657,166.51139424013502,0.9718875502008032,12,86,0.31519274376417233,0.0405936272370144,0,BENIGN,BENIGN
20170705_1423,2017-07-05 14:23:00,2017-07-05 14:23:59,2017-07-05,Wednesday,41,2344,685.4666666666667,388762.7166666667,12794846.188139932,31696729.725675803,0.7389078498293515,567.150432795176,161.98262504018615,0.9111988847583643,12,251,0.2879692832764505,0.03338358296051352,0,BENIGN,BENIGN
20170705_1424,2017-07-05 14:24:00,2017-07-05 14:24:59,2017-07-05,Wednesday,42,181,30.166666666666668,4431.35,12623781.005524863,31478767.922646888,0.7403314917127072,146.89558011049724,129.59698061926238,1.0984936268829664,11,49,0.281767955801105,0.06574585635359116,0,BENIGN,BENIGN
20170705_1425,2017-07-05 14:25:00,2017-07-05 14:25:59,2017-07-05,Wednesday,43,334,58.13333333333333,9620.066666666668,17516123.700598802,35373235.5491937,0.6676646706586826,165.4827981651376,114.98978076155025,1.2308184143222507,13,81,0.3502994011976048,0.046444954128440366,0,BENIGN,BENIGN
20170705_1426,2017-07-05 14:26:00,2017-07-05 14:26:59,2017-07-05,Wednesday,44,385,123.96666666666667,62345.166666666664,11235215.179220779,26974109.119859803,0.6415584415584416,502.91879537510084,164.34722170457349,0.9247089262613195,15,102,0.34805194805194806,0.02796450658779242,0,BENIGN,BENIGN
20170705_1427,2017-07-05 14:27:00,2017-07-05 14:27:59,2017-07-05,Wednesday,45,272,140.75,94763.1,18181903.8125,37554565.12804965,0.7463235294117647,673.2724689165186,124.64982672777745,0.7792289867284601,16,54,0.26838235294117646,0.01989342806394316,0,BENIGN,BENIGN
20170705_1428,2017-07-05 14:28:00,2017-07-05 14:28:59,2017-07-05,Wednesday,46,342,78.55,23642.816666666666,15884157.453216374,35805470.69214742,0.7368421052631579,300.9906641205177,117.94755559396144,1.15546410608139,60,77,0.3713450292397661,0.05049862083598557,0,BENIGN,BENIGN
20170705_1429,2017-07-05 14:29:00,2017-07-05 14:29:59,2017-07-05,Wednesday,47,600,239.16666666666666,150030.78333333333,17970329.251666665,31883390.2055123,0.6583333333333333,627.3064111498257,207.13302129941846,0.8695935383011986,11,97,0.335,0.02689895470383275,0,BENIGN,BENIGN
20170705_1430,2017-07-05 14:30:00,2017-07-05 14:30:59,2017-07-05,Wednesday,48,2234,617.6166666666667,333941.3,14273418.426589077,33639880.23133621,0.7157564905998209,540.6934722184742,159.82249883367817,0.8764494404779989,15,268,0.30035810205908686,0.035782713117629594,0,BENIGN,BENIGN
20170705_1431,2017-07-05 14:31:00,2017-07-05 14:31:59,2017-07-05,Wednesday,49,159,24.716666666666665,3793.5,10850262.698113207,29948520.261509273,0.7169811320754716,153.4794335805799,102.69642069533681,1.2050520059435363,12,45,0.2830188679245283,0.04652730950775455,0,BENIGN,BENIGN
20170705_1432,2017-07-05 14:32:00,2017-07-05 14:32:59,2017-07-05,Wednesday,50,180,36.65,9504.216666666667,18466184.472222224,37013291.40059521,0.6722222222222223,259.3237835379718,88.04075966439349,1.1782178217821782,13,66,0.34444444444444444,0.035925420645748066,0,BENIGN,BENIGN
20170705_1433,2017-07-05 14:33:00,2017-07-05 14:33:59,2017-07-05,Wednesday,51,404,129.51666666666668,76760.11666666667,12957734.16089109,31921559.620617516,0.6905940594059405,592.6659374597864,166.54122161906366,0.8482758620689655,13,82,0.33910891089108913,0.03152747394157766,0,BENIGN,BENIGN
20170705_1434,2017-07-05 14:34:00,2017-07-05 14:34:59,2017-07-05,Wednesday,52,620,165.05,83360.76666666666,15436458.191935483,35085313.98820295,0.7193548387096774,505.06371806523276,151.93056464522985,0.9362658846529814,13,94,0.2693548387096774,0.03403009189134606,0,BENIGN,BENIGN
20170705_1435,2017-07-05 14:35:00,2017-07-05 14:35:59,2017-07-05,Wednesday,53,1710,370.6666666666667,180151.26666666666,10684629.125146199,29853000.805206664,0.7649122807017544,486.01960431654675,124.97138288032475,0.8938181198910081,10,198,0.24678362573099416,0.03781474820143885,0,BENIGN,BENIGN
20170705_1436,2017-07-05 14:36:00,2017-07-05 14:36:59,2017-07-05,Wednesday,54,123,22.15,3240.016666666667,10466745.861788617,30268725.916373126,0.7235772357723578,146.27614747930775,96.23178871170171,1.2735042735042734,11,45,0.4065040650406504,0.046651617757712566,0,BENIGN,BENIGN
20170705_1437,2017-07-05 14:37:00,2017-07-05 14:37:59,2017-07-05,Wednesday,55,290,142.13333333333333,88216.43333333333,24426226.01034483,45597959.68511284,0.6758620689655173,620.6597091932458,144.5528275883248,0.8039340101522843,12,71,0.3793103448275862,0.019934333958724203,0,BENIGN,BENIGN
20170705_1438,2017-07-05 14:38:00,2017-07-05 14:38:59,2017-07-05,Wednesday,56,514,135.23333333333332,69819.88333333333,14022577.429961089,31702805.57241242,0.6964980544747081,516.2919645057924,130.6435874644195,0.9044825158413518,9,84,0.29766536964980544,0.033275819571111656,0,BENIGN,BENIGN
20170705_1439,2017-07-05 14:39:00,2017-07-05 14:39:59,2017-07-05,Wednesday,57,582,222.95,150079.26666666666,9298163.1185567,23707399.21734743,0.7250859106529209,673.1521267847799,222.80057932942185,0.8924883293252228,9,105,0.40893470790378006,0.035807729685280704,0,BENIGN,BENIGN
20170705_1440,2017-07-05 14:40:00,2017-07-05 14:40:59,2017-07-05,Wednesday,58,1457,336.75,150432.65,13139248.67536033,33843884.207509704,0.759780370624571,446.7190794357832,138.71880048800145,0.93395865237366,14,168,0.2882635552505148,0.04083147735708983,0,BENIGN,BENIGN
20170705_1441,2017-07-05 14:41:00,2017-07-05 14:41:59,2017-07-05,Wednesday,59,489,95.13333333333334,24574.083333333332,13184442.938650306,34883864.72453317,0.7852760736196319,258.31201822004203,140.14990595755478,1.063245392121431,16,69,0.26993865030674846,0.049229152067274004,0,BENIGN,BENIGN
20170705_1442,2017-07-05 14:42:00,2017-07-05 14:42:59,2017-07-05,Wednesday,60,179,46.016666666666666,16213.516666666666,15210177.715083798,35091063.4244349,0.7039106145251397,352.34009416877944,143.4429436646432,1.0565897244973939,8,53,0.3128491620111732,0.03187250996015936,0,BENIGN,BENIGN
20170705_1443,2017-07-05 14:43:00,2017-07-05 14:43:59,2017-07-05,Wednesday,61,769,215.9,113929.75,11722909.403120937,25838440.42819522,0.6723016905071522,527.6968503937007,160.70131121725802,0.8898614150255288,14,140,0.34070221066319895,0.036513818125675467,0,BENIGN,BENIGN
20170705_1444,2017-07-05 14:44:00,2017-07-05 14:44:59,2017-07-05,Wednesday,62,313,104.68333333333334,48341.38333333333,16801144.332268372,32417391.3448141,0.5814696485623003,461.7868173857666,197.90546476800404,0.9205136044023234,12,71,0.46325878594249204,0.040917051424932335,0,BENIGN,BENIGN
20170705_1445,2017-07-05 14:45:00,2017-07-05 14:45:59,2017-07-05,Wednesday,63,924,257.6333333333333,95390.28333333334,21681279.711038962,40307188.20817019,0.6298701298701299,370.25598395652736,201.45330647563225,0.9970288076475907,12,145,0.37662337662337664,0.04541337818605253,0,BENIGN,BENIGN
20170705_1446,2017-07-05 14:46:00,2017-07-05 14:46:59,2017-07-05,Wednesday,64,655,145.55,42282.15,15611932.114503818,36192177.91737039,0.7236641221374046,290.499141188595,173.57925025874175,1.064287402505318,15,116,0.32061068702290074,0.04729188136951792,0,BENIGN,BENIGN
20170705_1447,2017-07-05 14:47:00,2017-07-05 14:47:59,2017-07-05,Wednesday,65,783,232.58333333333334,123770.51666666666,19006898.70625798,40394513.02722972,0.70242656449553,532.1555714797563,180.71323271480102,0.9459007250418293,13,126,0.3243933588761175,0.035041203869580796,0,BENIGN,BENIGN
20170705_1448,2017-07-05 14:48:00,2017-07-05 14:48:59,2017-07-05,Wednesday,66,581,166.76666666666668,80457.25,27911666.91910499,42149437.534112945,0.5352839931153184,482.45402758344994,126.33239995126434,1.013886093781445,11,74,0.7538726333907056,0.08464921047371578,1,DoS,DoS
20170705_1449,2017-07-05 14:49:00,2017-07-05 14:49:59,2017-07-05,Wednesday,67,1588,605.55,390473.9166666667,26049816.00440806,42184528.30373249,0.4905541561712846,644.825227754383,167.7342833068523,0.9807021369385085,13,167,0.5390428211586902,0.056477582363140946,1,DoS,DoS
20170705_1450,2017-07-05 14:50:00,2017-07-05 14:50:59,2017-07-05,Wednesday,68,1071,304.96666666666664,161366.23333333334,25018885.491129786,42339873.91714927,0.5331465919701214,529.1274456224724,160.9313150756211,1.111341871466482,15,138,0.5032679738562091,0.07645644332713958,1,DoS,DoS
20170705_1451,2017-07-05 14:51:00,2017-07-05 14:51:59,2017-07-05,Wednesday,69,745,168.75,52738.51666666667,33132973.420134228,47194617.58344815,0.4590604026845638,312.5245432098765,112.24355755052693,1.2492225677476676,8,96,0.5718120805369128,0.09520987654320988,1,DoS,DoS
20170705_1452,2017-07-05 14:52:00,2017-07-05 14:52:59,2017-07-05,Wednesday,70,591,169.36666666666667,95068.46666666666,37793965.138747886,48169257.64341696,0.4433164128595601,561.3174571934659,133.92799815871888,1.0407630522088354,13,89,0.6480541455160744,0.04506986813619366,1,DoS,DoS
20170705_1453,2017-07-05 14:53:00,2017-07-05 14:53:59,2017-07-05,Wednesday,71,1612,505.51666666666665,268640.9666666667,20499076.38337469,39383972.3147789,0.5986352357320099,531.4186146187069,204.36894083067224,0.9519917626616899,10,203,0.4807692307692308,0.05604826744914444,1,DoS,DoS
20170705_1454,2017-07-05 14:54:00,2017-07-05 14:54:59,2017-07-05,Wednesday,72,1168,349.75,191452.2,26323443.151541095,44394832.86504468,0.538527397260274,547.3972837741244,141.93978411635385,1.1208691258211219,15,129,0.502568493150685,0.06233023588277341,1,DoS,DoS
20170705_1455,2017-07-05 14:55:00,2017-07-05 14:55:59,2017-07-05,Wednesday,73,472,61.9,5731.833333333333,54418753.58262712,50240537.05868397,0.2478813559322034,92.59827679052235,44.94151330022302,2.258771929824561,10,62,0.847457627118644,0.15697361335487345,1,DoS,DoS
20170705_1456,2017-07-05 14:56:00,2017-07-05 14:56:59,2017-07-05,Wednesday,74,746,165.15,52201.35,23413318.534852546,41217795.69468252,0.5683646112600537,316.08446866485014,134.74860145322023,1.1900552486187845,11,120,0.44638069705093836,0.06640427893833889,1,DoS,DoS
20170705_1457,2017-07-05 14:57:00,2017-07-05 14:57:59,2017-07-05,Wednesday,75,1696,562.6166666666667,294598.3,24686508.2629717,43524891.475413196,0.6014150943396226,523.6217080901739,164.11931264530855,0.9643875472796043,12,213,0.46462264150943394,0.05044879580531445,1,DoS,DoS
20170705_1458,2017-07-05 14:58:00,2017-07-05 14:58:59,2017-07-05,Wednesday,76,462,63.0,6782.166666666667,37498125.45887446,48729155.72711579,0.42207792207792205,107.65343915343915,52.690251898035804,2.866053169734151,15,43,0.6255411255411255,0.18518518518518517,1,DoS,DoS
20170705_1459,2017-07-05 14:59:00,2017-07-05 14:59:59,2017-07-05,Wednesday,77,796,154.48333333333332,39551.23333333333,39235635.48241206,48601936.5397557,0.44597989949748745,256.02265616571367,130.73885177286596,1.29058561897702,9,119,0.592964824120603,0.08814327327651311,1,DoS,DoS
20170705_1500,2017-07-05 15:00:00,2017-07-05 15:00:59,2017-07-05,Wednesday,78,1365,457.0,261852.55,24703313.723809525,43321393.816008076,0.5838827838827839,572.9815098468272,138.24659858955712,0.9580834047415024,14,149,0.367032967032967,0.03683442742523705,1,DoS,DoS
20170705_1501,2017-07-05 15:01:00,2017-07-05 15:01:59,2017-07-05,Wednesday,79,1926,558.0166666666667,278288.6666666667,22475042.971962616,40988916.81479614,0.6007268951194185,498.7103133120277,178.71637886032795,0.9992834537529109,12,258,0.4143302180685358,0.05134255249245841,1,DoS,DoS
20170705_1502,2017-07-05 15:02:00,2017-07-05 15:02:59,2017-07-05,Wednesday,80,1134,292.15,120714.9,34473792.821869485,47657676.37996494,0.48324514991181655,413.1949341091905,123.4706343229817,1.0298749421028255,12,147,0.5740740740740741,0.0605853157624508,1,DoS,DoS
20170705_1503,2017-07-05 15:03:00,2017-07-05 15:03:59,2017-07-05,Wednesday,81,1553,330.93333333333334,132232.66666666666,18005385.847392146,38527280.483441025,0.7037990985189955,399.57493956486707,126.14005306070743,1.0886715052066898,11,189,0.330328396651642,0.05554995970991136,1,DoS,DoS
20170705_1504,2017-07-05 15:04:00,2017-07-05 15:04:59,2017-07-05,Wednesday,82,746,209.28333333333333,106601.81666666667,27710880.48793566,44210769.26870332,0.5268096514745308,509.3660109898861,117.10750273568154,1.0627463863337714,15,105,0.5710455764075067,0.06785060125826232,1,DoS,DoS
20170705_1505,2017-07-05 15:05:00,2017-07-05 15:05:59,2017-07-05,Wednesday,83,1246,476.06666666666666,299901.2833333333,30659279.864365973,46434691.86479262,0.5208667736757624,629.9564836857583,149.45040418145896,0.9395029875067897,11,161,0.5136436597110754,0.04236101386360454,1,DoS,DoS
20170705_1506,2017-07-05 15:06:00,2017-07-05 15:06:59,2017-07-05,Wednesday,84,409,85.58333333333333,22621.066666666666,43054875.80195599,51619427.06197536,0.33251833740831294,264.31626095423564,108.61441857518898,1.7117212249208025,11,68,0.8190709046454768,0.11178188899707887,1,DoS,DoS
20170705_1507,2017-07-05 15:07:00,2017-07-05 15:07:59,2017-07-05,Wednesday,85,1946,526.9,332336.05,14491918.126413155,29891404.18818537,0.6464542651593012,630.7383754033024,160.29527527144168,0.9777916796997185,9,251,0.3823227132579651,0.048744227241095714,1,DoS,DoS
20170705_1508,2017-07-05 15:08:00,2017-07-05 15:08:59,2017-07-05,Wednesday,86,620,147.91666666666666,73291.5,35047349.893548384,45707842.700933,0.38548387096774195,495.4918309859155,134.9086506678437,1.3156796243151578,12,80,0.6548387096774193,0.08946478873239437,1,DoS,DoS
20170705_1509,2017-07-05 15:09:00,2017-07-05 15:09:59,2017-07-05,Wednesday,87,511,124.45,48825.38333333333,23759958.886497065,25854667.87774377,0.29549902152641877,392.3293156555511,171.98526041511823,1.3677869372225746,10,44,0.735812133072407,0.09387973751171823,1,DoS,DoS
20170705_1510,2017-07-05 15:10:00,2017-07-05 15:10:59,2017-07-05,Wednesday,88,493,139.73333333333332,75938.75,11010904.868154159,30504092.904895667,0.7200811359026369,543.4547948473282,192.58415287824636,0.9874377814648021,16,72,0.4949290060851927,0.04508587786259542,1,DoS,DoS
20170705_1511,2017-07-05 15:11:00,2017-07-05 15:11:59,2017-07-05,Wednesday,89,393,139.76666666666668,73283.83333333333,13159613.361323155,27356879.87260973,0.5597964376590331,524.3298354400191,206.7628162966748,0.9070031832651205,10,66,0.4351145038167939,0.03887431433341283,0,BENIGN,BENIGN
20170705_1512,2017-07-05 15:12:00,2017-07-05 15:12:59,2017-07-05,Wednesday,90,197,123.31666666666666,96348.18333333333,15434518.340101523,33428718.109214637,0.5583756345177665,781.3070685227733,297.846383567361,0.8762677484787018,10,53,0.4619289340101523,0.024868225435869713,0,BENIGN,BENIGN
20170705_1513,2017-07-05 15:13:00,2017-07-05 15:13:59,2017-07-05,Wednesday,91,1553,295.3666666666667,107900.48333333334,8751447.8454604,24610895.94185573,0.7527366387636832,365.3102922920664,155.0167317692597,1.0479547030275018,16,193,0.25434642627173215,0.043053831396004966,0,BENIGN,BENIGN
20170705_1514,2017-07-05 15:14:00,2017-07-05 15:14:59,2017-07-05,Wednesday,92,920,360.68333333333334,195938.98333333334,19084625.876086958,38488353.90074476,0.6760869565217391,543.2437964973892,254.95284404787722,0.9583748077097095,15,141,0.46956521739130436,0.04121805831523497,0,BENIGN,BENIGN
20170705_1515,2017-07-05 15:15:00,2017-07-05 15:15:59,2017-07-05,Wednesday,93,2985,950.2,511225.48333333334,40941750.2120603,44111451.946017995,0.3943048576214405,538.0188205991722,145.3039157467673,1.1398063353850774,10,253,0.5953098827470686,0.12932365116115904,1,DoS,DoS
20170705_1516,2017-07-05 15:16:00,2017-07-05 15:16:59,2017-07-05,Wednesday,94,1333,340.35,153558.55,13769281.2048012,32072070.143666107,0.6519129782445612,451.1783458204789,126.82312853114362,0.9195413102735219,21,137,0.3210802700675169,0.04289701777581901,1,DoS,DoS
20170705_1517,2017-07-05 15:17:00,2017-07-05 15:17:59,2017-07-05,Wednesday,95,1889,546.05,279051.7833333333,15219336.96664902,31815113.846121427,0.6071995764955003,511.0370539938345,170.29695993862944,0.904440827714485,19,285,0.39015352038115403,0.03800018313341269,1,DoS,DoS
20170705_1518,2017-07-05 15:18:00,2017-07-05 15:18:59,2017-07-05,Wednesday,96,487,124.98333333333333,47681.85,13319850.965092402,28601588.08311791,0.5215605749486653,381.505667422323,179.84543430003757,1.042483660130719,14,100,0.5030800821355236,0.051473529803973864,1,DoS,DoS
20170705_1519,2017-07-05 15:19:00,2017-07-05 15:19:59,2017-07-05,Wednesday,97,689,127.55,47425.933333333334,15469225.156748911,22800986.863030214,0.36284470246734396,371.82229191166863,390.49872838661787,0.9500636942675159,28,80,0.6211901306240929,0.03266692800209069,1,DoS,DoS
20170705_1520,2017-07-05 15:20:00,2017-07-05 15:20:59,2017-07-05,Wednesday,98,1042,459.48333333333335,302356.9,21633105.160268713,40863062.15375067,0.6429942418426103,658.0367078965505,211.12817847670274,0.8039651900804816,27,169,0.4049904030710173,0.029743552540897385,0,BENIGN,BENIGN
20170705_1521,2017-07-05 15:21:00,2017-07-05 15:21:59,2017-07-05,Wednesday,99,490,100.06666666666666,42924.566666666666,11498660.032653062,30021510.815587968,0.6408163265306123,428.95969353764156,154.22646472467437,0.9259140474663246,27,62,0.3122448979591837,0.047135243171219185,0,BENIGN,BENIGN
20170705_1522,2017-07-05 15:22:00,2017-07-05 15:22:59,2017-07-05,Wednesday,100,1323,182.83333333333334,15959.65,62706181.36054422,36766468.87185659,0.1602418745275888,87.29070191431175,71.14655624144746,3.921938088829071,17,60,0.8752834467120182,0.547584320875114,1,DoS,DoS
20170705_1523,2017-07-05 15:23:00,2017-07-05 15:23:59,2017-07-05,Wednesday,101,1147,257.21666666666664,113487.8,15387045.283347864,31951467.126294367,0.6547515257192676,441.2147994557118,140.61020109973143,0.9593753967246413,11,179,0.3548387096774194,0.04684766409641677,1,DoS,DoS
20170705_1524,2017-07-05 15:24:00,2017-07-05 15:24:59,2017-07-05,Wednesday,102,207,48.983333333333334,9380.233333333334,18984231.36231884,31211731.318376325,0.4975845410628019,191.49846886696156,154.01190968121745,1.5476603119584056,13,53,0.5748792270531401,0.07213337870023817,1,DoS,DoS
20170705_1525,2017-07-05 15:25:00,2017-07-05 15:25:59,2017-07-05,Wednesday,103,1967,411.4,169100.86666666667,22875946.449923743,41900172.55533769,0.646670055922725,411.0375952033706,264.7719692859173,0.9770142559666827,14,204,0.5210981189628876,0.06016042780748663,1,DoS,DoS
20170705_1526,2017-07-05 15:26:00,2017-07-05 15:26:59,2017-07-05,Wednesday,104,1554,296.28333333333336,89649.41666666667,43804751.61389961,37896662.17669995,0.28957528957528955,302.58001912583677,97.82949171518693,1.8729799612152553,16,96,0.7187902187902188,0.3287393823479777,1,DoS,DoS
20170705_1527,2017-07-05 15:27:00,2017-07-05 15:27:59,2017-07-05,Wednesday,105,534,172.53333333333333,90355.15,17596889.511235956,37625684.14327551,0.6760299625468165,523.6967735703246,130.97040017493623,0.9742562929061785,14,85,0.3146067415730337,0.03149149922720247,1,DoS,DoS
20170705_1528,2017-07-05 15:28:00,2017-07-05 15:28:59,2017-07-05,Wednesday,106,1306,277.56666666666666,88734.48333333334,16612995.869831547,34291521.386555634,0.5888208269525268,319.68710219767024,173.36504829688263,1.0506032996798818,14,213,0.40658499234303214,0.06124654737600577,1,DoS,DoS
20170705_1529,2017-07-05 15:29:00,2017-07-05 15:29:59,2017-07-05,Wednesday,107,1542,287.1,87718.63333333333,13038462.162127107,32127710.985937953,0.6562905317769131,305.5333797747591,153.09176549797127,1.0165047407233994,13,209,0.3424124513618677,0.05932892139788692,1,DoS,DoS
20170705_1530,2017-07-05 15:30:00,2017-07-05 15:30:59,2017-07-05,Wednesday,108,577,118.9,32487.15,15353378.979202773,32289080.419265214,0.5771230502599654,273.23086627417996,161.29298723828487,1.0597575057736721,10,101,0.4246100519930676,0.054807961872722175,0,BENIGN,BENIGN
20170705_1531,2017-07-05 15:31:00,2017-07-05 15:31:59,2017-07-05,Wednesday,109,611,129.96666666666667,39546.7,14976314.124386253,34252189.136556834,0.6415711947626841,304.2834060015389,163.18864520975117,1.0215137376879213,15,95,0.37643207855973815,0.055142344190818156,0,BENIGN,BENIGN
20170705_1532,2017-07-05 15:32:00,2017-07-05 15:32:59,2017-07-05,Wednesday,110,585,98.66666666666667,30651.666666666668,7617297.38974359,23218461.004127275,0.6735042735042736,310.6587837837838,360.9835223703417,0.9756423089756423,10,95,0.6034188034188034,0.0535472972972973,1,DoS,DoS
20170705_1533,2017-07-05 15:33:00,2017-07-05 15:33:59,2017-07-05,Wednesday,111,2022,436.45,157787.45,43915408.710187934,40360105.71936757,0.33827893175074186,361.5246878222019,136.3728324722956,1.558921242915771,15,152,0.6661721068249258,0.2639095734524764,1,DoS,DoS
20170705_1534,2017-07-05 15:34:00,2017-07-05 15:34:59,2017-07-05,Wednesday,112,571,105.96666666666667,32819.11666666667,13707324.633975482,31943408.310245894,0.637478108581436,309.7117017930167,136.27360017936363,1.0849180327868853,13,86,0.37302977232924694,0.06653035545769109,1,DoS,DoS
20170705_1535,2017-07-05 15:35:00,2017-07-05 15:35:59,2017-07-05,Wednesday,113,350,77.58333333333333,31675.95,12546672.334285714,27566790.435002998,0.5342857142857143,408.2829215896885,189.5855081905876,1.1067873303167421,10,64,0.4685714285714286,0.061224489795918366,1,DoS,DoS
20170705_1536,2017-07-05 15:36:00,2017-07-05 15:36:59,2017-07-05,Wednesday,114,1081,265.03333333333336,111177.53333333334,17284152.190564293,36828699.62656734,0.6318223866790009,419.48509621431265,154.58033179573374,0.9311475409836065,9,140,0.34967622571692875,0.04728964910074204,0,BENIGN,BENIGN
20170705_1537,2017-07-05 15:37:00,2017-07-05 15:37:59,2017-07-05,Wednesday,115,1095,310.8666666666667,175413.05,12506430.042922374,32378316.141638115,0.7342465753424657,564.2710165129745,263.4776273552915,0.9726099830795262,14,138,0.4091324200913242,0.03570662663521338,1,DoS,DoS
20170705_1538,2017-07-05 15:38:00,2017-07-05 15:38:59,2017-07-05,Wednesday,116,1599,433.8666666666667,184441.21666666667,17674779.836772982,37578257.79177795,0.6760475297060663,425.11036416717883,180.93326972738194,0.932952182952183,15,195,0.36460287679799874,0.046058696988322066,0,BENIGN,BENIGN
20170705_1539,2017-07-05 15:39:00,2017-07-05 15:39:59,2017-07-05,Wednesday,117,379,82.93333333333334,27065.3,15082341.182058048,33298232.600845557,0.6015831134564644,326.3500803858521,110.52299980282056,1.0894206549118388,12,75,0.40897097625329815,0.04883440514469453,0,BENIGN,BENIGN
20170705_1540,2017-07-05 15:40:00,2017-07-05 15:40:59,2017-07-05,Wednesday,118,566,136.73333333333332,55646.46666666667,15191810.12720848,33012665.525075514,0.5901060070671378,406.97074597757194,101.95570272193922,0.9833212472806382,14,100,0.3833922261484099,0.03815212091662604,0,BENIGN,BENIGN
20170705_1541,2017-07-05 15:41:00,2017-07-05 15:41:59,2017-07-05,Wednesday,119,1356,350.45,171363.81666666668,15877691.289085547,35835695.673963755,0.6814159292035398,488.9822133447472,137.08665195720008,0.9277594426109278,12,165,0.30678466076696165,0.036239121129975745,0,BENIGN,BENIGN
20170705_1542,2017-07-05 15:42:00,2017-07-05 15:42:59,2017-07-05,Wednesday,120,1100,314.71666666666664,163170.7,12506541.114545455,31996850.946744718,0.6836363636363636,518.4685696128793,174.68491205508585,0.8831272437175908,14,145,0.36,0.04173065720489329,0,BENIGN,BENIGN
20170705_1543,2017-07-05 15:43:00,2017-07-05 15:43:59,2017-07-05,Wednesday,121,7779,1883.7833333333333,1582255.2666666666,969558.3076230878,5275364.570316021,0.8283841110682607,839.9348474258363,1729.4098682553042,1.2278550873181693,45,40,0.9888160431932125,0.14794695072858696,1,DoS,DoS
20170705_1544,2017-07-05 15:44:00,2017-07-05 15:44:59,2017-07-05,Wednesday,122,7753,1841.25,1524603.0333333334,1337382.7598349026,7589409.346820326,0.868695988649555,828.0260873500793,1771.5555362683992,1.2538762852945977,59,48,0.9869727847284921,0.1467028739533831,1,DoS,DoS
20170705_1545,2017-07-05 15:45:00,2017-07-05 15:45:59,2017-07-05,Wednesday,123,11193,2714.383333333333,2210627.4166666665,2436900.151255249,13521031.41216883,0.8533905119270973,814.4123895544108,1649.7851290152464,1.2062313736114874,14,159,0.9354953989100331,0.13602230095233417,1,DoS,DoS
20170705_1546,2017-07-05 15:46:00,2017-07-05 15:46:59,2017-07-05,Wednesday,124,8936,2131.8166666666666,1746384.0833333333,1774855.4645255147,9444943.560845451,0.8710832587287377,819.1999390191464,1632.672105808986,1.188253810753939,13,137,0.9226723366159355,0.13561985474047955,1,DoS,DoS
20170705_1547,2017-07-05 15:47:00,2017-07-05 15:47:59,2017-07-05,Wednesday,125,9962,2437.55,2069595.4,1228433.8636819916,7740540.067122215,0.8738205179682794,849.0473631310127,1768.9967083768197,1.2163726738194822,11,62,0.9842401124272234,0.14146034611255837,1,DoS,DoS
20170705_1548,2017-07-05 15:48:00,2017-07-05 15:48:59,2017-07-05,Wednesday,126,10201,2413.883333333333,2033645.45,896237.0398000196,4678712.867562933,0.8663856484658367,842.478765198539,1770.6324747636338,1.227872634979234,9,41,0.9957847269875503,0.14904061919590147,1,DoS,DoS
20170705_1549,2017-07-05 15:49:00,2017-07-05 15:49:59,2017-07-05,Wednesday,127,8742,2134.5833333333335,1669035.7333333334,2933938.7147105928,14825548.444319049,0.8541523678792038,781.9023540894008,1587.9367982373196,1.1771635473507063,13,162,0.9083733699382293,0.13065000975990632,1,DoS,DoS
20170705_1550,2017-07-05 15:50:00,2017-07-05 15:50:59,2017-07-05,Wednesday,128,10411,2475.85,2061251.3,1204472.642301412,8005918.880416473,0.8810873114974546,832.5428842619706,1744.8072496201778,1.2256314985167651,12,65,0.976851407165498,0.14468431717053404,1,DoS,DoS
20170705_1551,2017-07-05 15:51:00,2017-07-05 15:51:59,2017-07-05,Wednesday,129,8100,1949.8833333333334,1595057.4,2159073.6555555556,12295253.566394147,0.8607407407407407,818.0270956382005,1675.206826824978,1.2028619845603465,11,91,0.9581481481481482,0.14029899224739942,1,DoS,DoS
20170705_1552,2017-07-05 15:52:00,2017-07-05 15:52:59,2017-07-05,Wednesday,130,10352,2447.85,2042487.0666666667,1130330.716286708,6936626.114895346,0.8646638330757341,834.4004194156777,1733.7698552076013,1.2295221324913475,13,63,0.982129057187017,0.14682953067658014,1,DoS,DoS
20170705_1553,2017-07-05 15:53:00,2017-07-05 15:53:59,2017-07-05,Wednesday,131,11022,2666.866666666667,2133877.5833333335,2797691.9936490655,14980375.74643546,0.8828706223915804,800.1440829437793,1695.283140635366,1.2193819523426448,10,136,0.9479223371438941,0.13670849686273528,1,DoS,DoS
20170705_1554,2017-07-05 15:54:00,2017-07-05 15:54:59,2017-07-05,Wednesday,132,8057,2465.5,2205192.966666667,2248717.1736378307,12625857.638873013,0.8561499317363783,894.4201852227404,1682.1416215848842,1.0863267752626755,15,101,0.9625170659054239,0.11129588318799433,1,DoS,DoS
20170705_1555,2017-07-05 15:55:00,2017-07-05 15:55:59,2017-07-05,Wednesday,133,10239,2433.5,2045431.3166666667,903684.047367907,5583068.197314451,0.8990135755444868,840.5306417368673,1764.7258686626851,1.231048972419589,10,40,0.9918937396230101,0.14568865146222862,1,DoS,DoS
20170705_1556,2017-07-05 15:56:00,2017-07-05 15:56:59,2017-07-05,Wednesday,134,8904,2877.733333333333,2536895.933333333,3219444.50730009,15913570.643904889,0.8569182389937107,881.5604642542742,1528.992040948281,1.0151370150786612,10,157,0.8946540880503144,0.09667909929110874,1,DoS,DoS
20170705_1557,2017-07-05 15:57:00,2017-07-05 15:57:59,2017-07-05,Wednesday,135,11442,2691.233333333333,2152923.816666667,2554855.019926586,13461516.151743509,0.8669812969760531,799.9766463950853,1614.0611945226065,1.212016602967164,12,204,0.9241391365145953,0.13731622428378562,1,DoS,DoS
20170705_1558,2017-07-05 15:58:00,2017-07-05 15:58:59,2017-07-05,Wednesday,136,10452,3507.883333333333,3268241.033333333,2473146.614332185,13607080.772424074,0.8732300038270188,931.6846436360008,1618.5011260080585,1.025054120363689,14,167,0.9336969001148105,0.09705757983209248,1,DoS,DoS
20170705_1559,2017-07-05 15:59:00,2017-07-05 15:59:59,2017-07-05,Wednesday,137,8820,2305.4,1921292.15,1588102.0444444444,9862407.688601261,0.8803854875283447,833.387763511755,1682.9100949756184,1.1434437660767967,11,124,0.9595238095238096,0.1280471935455886,1,DoS,DoS
20170705_1600,2017-07-05 16:00:00,2017-07-05 16:00:59,2017-07-05,Wednesday,138,8584,3155.516666666667,2982130.9,4145689.654473439,15960796.52774005,0.8430801491146319,945.0531291758878,1610.911900385128,1.0315028219489688,14,124,0.9462954333643989,0.09325467039206468,1,DoS,DoS
20170705_1601,2017-07-05 16:01:00,2017-07-05 16:01:59,2017-07-05,Wednesday,139,1057,381.65,237386.6,16018507.01986755,35729796.816539586,0.6717123935666982,622.0007860605267,173.72570239007743,0.8402442944390871,13,157,0.3632923368022706,0.03061269051050264,1,DoS,DoS
20170705_1602,2017-07-05 16:02:00,2017-07-05 16:02:59,2017-07-05,Wednesday,140,316,1156.5666666666666,1332754.3666666667,14996158.31329114,31200651.338799298,0.629746835443038,1152.3368302735107,121.94246072017864,0.6991087605895892,11,79,0.3449367088607595,0.0021759806323313254,0,BENIGN,BENIGN
20170705_1603,2017-07-05 16:03:00,2017-07-05 16:03:59,2017-07-05,Wednesday,141,437,145.4,76637.4,20042574.315789472,38547232.32834311,0.6338672768878718,527.0797799174691,147.38991589000545,0.8639179662465285,9,111,0.3890160183066362,0.028771205868867493,0,BENIGN,BENIGN
20170705_1604,2017-07-05 16:04:00,2017-07-05 16:04:59,2017-07-05,Wednesday,142,858,1321.7666666666667,1364305.6333333333,10644499.095571095,26586229.167787492,0.7144522144522144,1032.183416134971,141.20170424878387,0.6846946362187998,15,136,0.3181818181818182,0.00600206793937407,0,BENIGN,BENIGN
20170705_1605,2017-07-05 16:05:00,2017-07-05 16:05:59,2017-07-05,Wednesday,143,92,12.483333333333333,1780.35,5347239.739130435,18844661.707038417,0.7934782608695652,142.6181575433912,102.80751461904013,1.4509803921568627,10,22,0.2826086956521739,0.06275033377837116,0,BENIGN,BENIGN
20170705_1606,2017-07-05 16:06:00,2017-07-05 16:06:59,2017-07-05,Wednesday,144,243,1139.05,1359813.15,10958693.098765433,32091631.678882364,0.7901234567901234,1193.8133971291866,99.61680617192405,0.7213812558244969,8,35,0.720164609053498,0.0009657170449058426,1,DoS,DoS
20170705_1607,2017-07-05 16:07:00,2017-07-05 16:07:59,2017-07-05,Wednesday,145,1412,422.96666666666664,169931.51666666666,21689345.890934844,40604838.91060256,0.6288951841359773,401.76101347623927,210.08755131559656,0.9870811149389289,11,203,0.39943342776203966,0.042320119788793444,1,DoS,DoS
20170705_1608,2017-07-05 16:08:00,2017-07-05 16:08:59,2017-07-05,Wednesday,146,1319,1691.4,1727105.2666666666,17452524.180439726,36625951.803478554,0.7050796057619408,1021.1098892436246,183.51376761885626,0.7249966004895295,14,181,0.3032600454890068,0.007853454731780379,0,BENIGN,BENIGN
20170705_1609,2017-07-05 16:09:00,2017-07-05 16:09:59,2017-07-05,Wednesday,147,1019,211.0,84298.25,10117859.677134445,24084545.124863446,0.6653581943081452,399.51777251184836,194.54288312980552,0.9374139250191278,14,171,0.3699705593719333,0.05695102685624013,0,BENIGN,BENIGN
20170705_1610,2017-07-05 16:10:00,2017-07-05 16:10:59,2017-07-05,Wednesday,148,1179,982.9333333333333,941887.8166666667,19358165.48346056,25919193.308391206,0.2357930449533503,958.2418102278893,1117.453793620413,0.8192109565378327,10,83,0.7828668363019508,0.034912506782419965,1,DoS,DoS
20170705_1611,2017-07-05 16:11:00,2017-07-05 16:11:59,2017-07-05,Wednesday,149,2426,633.0666666666667,312073.1,21273630.530502886,36320881.7497958,0.3689200329760923,492.9545598146588,849.5573432766096,1.241796506137866,11,214,0.692085737840066,0.09145956192080876,1,DoS,DoS
20170705_1612,2017-07-05 16:12:00,2017-07-05 16:12:59,2017-07-05,Wednesday,150,2004,486.6666666666667,263256.86666666664,46543368.55588822,43262220.15499246,0.2634730538922156,540.9387671232877,1072.118392974749,1.427146538109883,7,122,0.7395209580838323,0.11246575342465753,1,DoS,DoS
20170705_1613,2017-07-05 16:13:00,2017-07-05 16:13:59,2017-07-05,Wednesday,151,1543,406.05,270417.31666666665,20811928.173039533,21416609.224798992,0.11276733635774465,665.9704880351352,1424.461830896949,1.411560922498268,14,75,0.8956578094620868,0.11587242950375569,1,DoS,DoS
20170705_1614,2017-07-05 16:14:00,2017-07-05 16:14:59,2017-07-05,Wednesday,152,1225,272.6166666666667,118760.01666666666,15317250.351020409,31260953.783478294,0.49387755102040815,435.63006663813655,557.2901759235444,1.0974483908193358,11,156,0.5322448979591837,0.07788714311915387,1,DoS,DoS
20170705_1615,2017-07-05 16:15:00,2017-07-05 16:15:59,2017-07-05,Wednesday,153,386,120.86666666666666,58461.8,18931961.3626943,38465154.949142605,0.6269430051813472,483.68836183121897,231.4815705389476,0.9492072023649557,10,77,0.4430051813471503,0.04522890237175951,0,BENIGN,BENIGN
20170705_1616,2017-07-05 16:16:00,2017-07-05 16:16:59,2017-07-05,Wednesday,154,105,21.766666666666666,3227.9,11316773.476190476,30657588.167909082,0.6190476190476191,148.29555895865238,165.18470310825592,1.163907284768212,11,36,0.4095238095238095,0.06584992343032159,0,BENIGN,BENIGN
20170705_1617,2017-07-05 16:17:00,2017-07-05 16:17:59,2017-07-05,Wednesday,155,1511,404.3666666666667,252023.61666666667,24006734.804765057,25832015.04469537,0.3017868960953011,623.2551726980463,1000.7906753657076,1.1931664105577149,11,105,0.6942422236929185,0.08692605720880389,1,DoS,DoS
20170705_1618,2017-07-05 16:18:00,2017-07-05 16:18:59,2017-07-05,Wednesday,156,1916,443.45,285228.6,27742424.35177453,40196638.33126839,0.15031315240083507,643.2035178712368,1439.2124597403053,1.4321755027422303,12,82,0.8517745302713987,0.12545570714473636,1,DoS,DoS
20170705_1619,2017-07-05 16:19:00,2017-07-05 16:19:59,2017-07-05,Wednesday,157,1359,404.78333333333336,277717.0,12796623.933038998,24483621.75137719,0.27520235467255333,686.0880306336724,1168.9953573278688,1.1037678648765699,11,70,0.7380426784400295,0.08420142463046074,1,DoS,DoS
20170705_1620,2017-07-05 16:20:00,2017-07-05 16:20:59,2017-07-05,Wednesday,158,147,23.283333333333335,4881.266666666666,10818627.632653061,27891464.076995634,0.6326530612244898,209.64638511095205,117.6552797287531,1.306930693069307,8,44,0.3401360544217687,0.052970651395848244,0,BENIGN,BENIGN
20170705_1621,2017-07-05 16:21:00,2017-07-05 16:21:59,2017-07-05,Wednesday,159,1388,453.05,256491.58333333334,15798370.264409222,35866494.88598986,0.7046109510086456,566.1440974138249,194.44536350826638,0.9238499646142958,10,161,0.36095100864553314,0.03697163668469264,0,BENIGN,BENIGN
20170705_1622,2017-07-05 16:22:00,2017-07-05 16:22:59,2017-07-05,Wednesday,160,645,160.91666666666666,64414.316666666666,11892177.835658915,28389549.890494276,0.7209302325581395,400.29611600207147,198.20011918963272,1.0311316785864535,11,115,0.3643410852713178,0.04619368203003625,0,BENIGN,BENIGN
20170705_1623,2017-07-05 16:23:00,2017-07-05 16:23:59,2017-07-05,Wednesday,161,483,175.3,114220.18333333333,10290292.43478261,27516819.723271314,0.7370600414078675,651.5697851302529,429.69995901023407,0.8814165623323198,11,65,0.6666666666666666,0.06037269442859859,0,BENIGN,BENIGN
20170705_1624,2017-07-05 16:24:00,2017-07-05 16:24:59,2017-07-05,Wednesday,162,192,134.65,115146.96666666666,14891083.916666666,34613616.11126005,0.4427083333333333,855.1575690060652,153.06320241896967,0.5971535876655466,9,62,0.6145833333333334,0.015719767297932914,0,BENIGN,BENIGN
20170705_1625,2017-07-05 16:25:00,2017-07-05 16:25:59,2017-07-05,Wednesday,163,127,31.1,4352.8,14391470.25984252,32424213.032770324,0.6141732283464567,139.9614147909968,149.36745616657524,1.372299872935197,16,26,0.4251968503937008,0.06645230439442658,0,BENIGN,BENIGN
20170705_1626,2017-07-05 16:26:00,2017-07-05 16:26:59,2017-07-05,Wednesday,164,82,22.333333333333332,4257.1,16195013.231707318,34206258.25129696,0.4024390243902439,190.61641791044775,144.2375771193241,1.1629032258064516,9,28,0.573170731707317,0.06492537313432836,0,BENIGN,BENIGN
20170705_1627,2017-07-05 16:27:00,2017-07-05 16:27:59,2017-07-05,Wednesday,165,1164,287.85,98295.36666666667,19955342.95790378,40229967.91454864,0.6932989690721649,341.48121127902266,168.65765335764124,1.0334353661408053,12,165,0.3024054982817869,0.04122517514909386,0,BENIGN,BENIGN
20170705_1628,2017-07-05 16:28:00,2017-07-05 16:28:59,2017-07-05,Wednesday,166,876,312.8666666666667,177695.18333333332,16531399.41780822,36599373.38652407,0.6757990867579908,567.9581823993182,208.44435015910656,0.8687039617758312,13,124,0.3710045662100457,0.035212017898998506,0,BENIGN,BENIGN
20170705_1629,2017-07-05 16:29:00,2017-07-05 16:29:59,2017-07-05,Wednesday,167,91,19.066666666666666,3862.866666666667,10491901.505494505,31366215.491778444,0.8021978021978022,202.5979020979021,155.29915218998826,1.2673267326732673,10,41,0.4065934065934066,0.050699300699300696,0,BENIGN,BENIGN
20170705_1630,2017-07-05 16:30:00,2017-07-05 16:30:59,2017-07-05,Wednesday,168,228,89.45,38651.75,23559405.065789472,43513368.86093676,0.631578947368421,432.1045276690889,170.80123392695117,0.9212598425196851,9,53,0.4780701754385965,0.03297931805477921,0,BENIGN,BENIGN
20170705_1631,2017-07-05 16:31:00,2017-07-05 16:31:59,2017-07-05,Wednesday,169,593,116.95,32848.7,14048316.964586847,33789942.07253929,0.6913996627318718,280.8781530568619,114.13918030330171,1.0213133640552996,10,100,0.32040472175379425,0.048881288299843235,0,BENIGN,BENIGN
20170705_1632,2017-07-05 16:32:00,2017-07-05 16:32:59,2017-07-05,Wednesday,170,34,8.7,1405.6666666666667,21404891.147058822,42826605.54606456,0.6470588235294118,161.57088122605364,114.76535548914714,1.4439252336448598,8,18,0.38235294117647056,0.038314176245210725,0,BENIGN,BENIGN
20170705_1633,2017-07-05 16:33:00,2017-07-05 16:33:59,2017-07-05,Wednesday,171,103,21.616666666666667,2282.15,10669093.126213592,30166143.2275432,0.7475728155339806,105.57363145720895,84.11630061321496,2.1970443349753697,17,36,0.4368932038834951,0.027756360832690823,0,BENIGN,BENIGN
20170705_1634,2017-07-05 16:34:00,2017-07-05 16:34:59,2017-07-05,Wednesday,172,168,62.983333333333334,37740.71666666667,6818523.363095238,20377781.099841148,0.8392857142857143,599.2175178618683,127.15207384479663,0.7923186344238976,18,24,0.21428571428571427,0.026197406721354857,0,BENIGN,BENIGN
20170705_1635,2017-07-05 16:35:00,2017-07-05 16:35:59,2017-07-05,Wednesday,173,1429,405.43333333333334,180358.26666666666,18880521.75717285,38504897.123748586,0.6976906927921623,444.85307901011265,186.11459987998603,0.9322478157267673,16,210,0.3358992302309307,0.040121680506454,0,BENIGN,BENIGN
20170705_1636,2017-07-05 16:36:00,2017-07-05 16:36:59,2017-07-05,Wednesday,174,669,158.15,56303.76666666667,16369917.064275037,36503201.268477656,0.7085201793721974,356.0149646959637,172.871310617479,0.9750260145681582,9,133,0.37369207772795215,0.051006428496153444,0,BENIGN,BENIGN
20170705_1637,2017-07-05 16:37:00,2017-07-05 16:37:59,2017-07-05,Wednesday,175,107,21.35,4064.4166666666665,17200681.205607478,34434800.94248468,0.6822429906542056,190.37080405932866,64.43717978541704,1.3309090909090908,12,47,0.4766355140186916,0.02029664324746292,0,BENIGN,BENIGN
20170705_1638,2017-07-05 16:38:00,2017-07-05 16:38:59,2017-07-05,Wednesday,176,400,98.96666666666667,41739.083333333336,13069649.3725,34540832.53032663,0.77,421.7489053553385,145.70275826899223,0.9882825577502511,15,85,0.365,0.03805995284607612,0,BENIGN,BENIGN
20170705_1639,2017-07-05 16:39:00,2017-07-05 16:39:59,2017-07-05,Wednesday,177,411,130.55,49519.1,24222320.9026764,44701010.020937115,0.6763990267639902,379.3113749521256,199.36735814037908,1.0159547092125578,14,87,0.3309002433090024,0.03446955189582535,0,BENIGN,BENIGN
20170705_1640,2017-07-05 16:40:00,2017-07-05 16:40:59,2017-07-05,Wednesday,178,627,197.46666666666667,90202.63333333333,20931432.68740032,41169700.39732598,0.671451355661882,456.79929101958135,197.16294870111633,0.9279205987634234,11,94,0.38118022328548645,0.04009115462525321,0,BENIGN,BENIGN
20170705_1641,2017-07-05 16:41:00,2017-07-05 16:41:59,2017-07-05,Wednesday,179,226,84.08333333333333,35999.45,22152435.508849557,43438412.62851879,0.668141592920354,428.14013875123885,164.0446730673179,0.9430111667308433,11,50,0.37168141592920356,0.02893954410307235,0,BENIGN,BENIGN
20170705_1642,2017-07-05 16:42:00,2017-07-05 16:42:59,2017-07-05,Wednesday,180,662,167.83333333333334,54013.45,17966491.06042296,36317910.79208546,0.6253776435045317,321.8279046673287,213.64551629420728,1.0649989747795776,19,103,0.42749244712990936,0.05441906653426018,0,BENIGN,BENIGN
20170705_1643,2017-07-05 16:43:00,2017-07-05 16:43:59,2017-07-05,Wednesday,181,938,197.13333333333333,99515.61666666667,7685026.83901919,20423802.786794625,0.6460554371002132,504.81374704091985,187.5428307015894,0.9790864982432659,13,150,0.3336886993603412,0.049628001352722356,0,BENIGN,BENIGN
20170705_1644,2017-07-05 16:44:00,2017-07-05 16:44:59,2017-07-05,Wednesday,182,820,280.18333333333334,113250.5,20359340.570731707,39766204.50935191,0.6097560975609756,404.20141573969426,200.07343330419084,1.0265188042430087,10,104,0.39390243902439026,0.03694009874486943,0,BENIGN,BENIGN
20170705_1645,2017-07-05 16:45:00,2017-07-05 16:45:59,2017-07-05,Wednesday,183,873,261.48333333333335,114909.68333333333,16498566.50744559,35416276.80055746,0.6655211912943871,439.4531837593218,201.30494623561628,0.9583125312031953,15,125,0.3654066437571592,0.04034673975396775,0,BENIGN,BENIGN
20170705_1646,2017-07-05 16:46:00,2017-07-05 16:46:59,2017-07-05,Wednesday,184,212,35.03333333333333,7074.433333333333,10329119.183962265,28432316.95711548,0.6084905660377359,201.93434823977165,116.95081956590228,1.1725206611570247,12,40,0.29245283018867924,0.056612749762131306,0,BENIGN,BENIGN
20170705_1647,2017-07-05 16:47:00,2017-07-05 16:47:59,2017-07-05,Wednesday,185,293,76.38333333333334,35502.11666666667,13041139.296928328,30120924.031945385,0.5972696245733788,464.7887846388828,152.08023674862557,1.0391459074733096,12,73,0.4334470989761092,0.0379663975561859,0,BENIGN,BENIGN
20170705_1648,2017-07-05 16:48:00,2017-07-05 16:48:59,2017-07-05,Wednesday,186,1247,422.4166666666667,243186.01666666666,20453505.129109863,39450830.90556889,0.6535685645549318,575.7017557703689,176.8274875289796,0.8690362067694123,11,161,0.33279871692060947,0.031761688695995265,0,BENIGN,BENIGN
20170705_1649,2017-07-05 16:49:00,2017-07-05 16:49:59,2017-07-05,Wednesday,187,2041,367.6333333333333,109784.5,13745483.495835375,33589095.447361015,0.7388535031847133,298.62498866624355,134.98137024234364,1.0453407510431154,16,203,0.2645761881430671,0.0506392238643576,0,BENIGN,BENIGN
20170705_1650,2017-07-05 16:50:00,2017-07-05 16:50:59,2017-07-05,Wednesday,188,159,35.6,5298.616666666667,11168576.68553459,28868327.133970033,0.7044025157232704,148.8375468164794,107.29631560100427,1.5111633372502937,16,41,0.34591194968553457,0.03604868913857678,0,BENIGN,BENIGN
20170705_1651,2017-07-05 16:51:00,2017-07-05 16:51:59,2017-07-05,Wednesday,189,860,296.96666666666664,144417.11666666667,23266695.291860465,42505450.206210695,0.6430232558139535,486.30749803569427,194.0165860007509,0.888005933460479,8,121,0.36511627906976746,0.03300033673812998,0,BENIGN,BENIGN
20170705_1652,2017-07-05 16:52:00,2017-07-05 16:52:59,2017-07-05,Wednesday,190,985,171.76666666666668,43310.066666666666,13081769.58071066,31618995.94863877,0.7401015228426396,252.14477003687173,140.0581333116017,1.0369565217391303,15,149,0.26903553299492383,0.049000582185134874,0,BENIGN,BENIGN
20170705_1653,2017-07-05 16:53:00,2017-07-05 16:53:59,2017-07-05,Wednesday,191,1374,578.3833333333333,347697.38333333336,18191904.413391557,38606907.99451203,0.6972343522561864,601.1538771864103,191.22864185402955,0.8324093141137335,13,168,0.3544395924308588,0.027115811313142956,0,BENIGN,BENIGN
20170705_1654,2017-07-05 16:54:00,2017-07-05 16:54:59,2017-07-05,Wednesday,192,99,32.93333333333333,4703.983333333334,16921986.0,36595403.79074426,0.5555555555555556,142.8335020242915,129.24693002874872,1.3424170616113744,13,44,0.45454545454545453,0.0354251012145749,0,BENIGN,BENIGN
20170705_1655,2017-07-05 16:55:00,2017-07-05 16:55:59,2017-07-05,Wednesday,193,929,264.26666666666665,135618.71666666667,12418580.25941873,31879982.522826213,0.7588805166846071,513.1888874873865,170.55657985226551,0.9139408569704285,11,137,0.3293864370290635,0.036011604439959634,0,BENIGN,BENIGN
20170705_1656,2017-07-05 16:56:00,2017-07-05 16:56:59,2017-07-05,Wednesday,194,517,240.56666666666666,165941.6,10805916.636363637,28120023.161529776,0.6576402321083172,689.7946515172509,175.26499496955665,0.8664339281096457,14,95,0.36750483558994196,0.023416932243314398,0,BENIGN,BENIGN
20170705_1657,2017-07-05 16:57:00,2017-07-05 16:57:59,2017-07-05,Wednesday,195,661,256.65,128094.05,23070362.8698941,42490543.03722418,0.6747352496217852,499.1001363724917,226.6048670585911,0.9158994774819607,12,107,0.47049924357034795,0.03974284044418469,0,BENIGN,BENIGN
20170705_1658,2017-07-05 16:58:00,2017-07-05 16:58:59,2017-07-05,Wednesday,196,533,189.83333333333334,97638.83333333333,19778714.1369606,41074907.5134672,0.7110694183864915,514.3397717295874,154.3227737440758,0.9402146142054164,14,85,0.3452157598499062,0.025636523266022827,0,BENIGN,BENIGN
20170705_1659,2017-07-05 16:59:00,2017-07-05 16:59:59,2017-07-05,Wednesday,197,284,175.48333333333332,122401.9,17229453.58450704,32850035.968105696,0.676056338028169,697.5129641941305,265.32279131468374,0.8587819947043248,12,65,0.5352112676056338,0.028587710133915853,0,BENIGN,BENIGN
20170705_1700,2017-07-05 17:00:00,2017-07-05 17:00:59,2017-07-05,Wednesday,198,693,239.73333333333332,128582.5,19073659.836940836,37606777.99665969,0.6406926406926406,536.3563681868743,182.8129772486211,0.9386792452830188,12,120,0.38672438672438675,0.034274193548387094,0,BENIGN,BENIGN
20170705_1701,2017-07-05 17:01:00,2017-07-05 17:01:59,2017-07-05,Wednesday,199,449,159.9,88218.25,16111955.59688196,36285563.40980947,0.6837416481069042,551.708880550344,193.2541608074209,0.9565660685154975,15,74,0.3741648106904232,0.03533458411507192,0,BENIGN,BENIGN
20170705_1702,2017-07-05 17:02:00,2017-07-05 17:02:59,2017-07-05,Wednesday,200,1387,402.8,173923.2,18394975.484498918,37505620.03392782,0.6712328767123288,431.785501489573,194.47764355030046,0.9928265171503958,15,208,0.357606344628695,0.04261833829857663,0,BENIGN,BENIGN
20170705_1703,2017-07-05 17:03:00,2017-07-05 17:03:59,2017-07-05,Wednesday,201,998,306.81666666666666,167764.75,16804299.621242486,34952950.24376181,0.6492985971943888,546.7915150198272,191.82700792821137,0.878188124872475,11,148,0.38276553106212424,0.040577978162855126,0,BENIGN,BENIGN
20170705_1704,2017-07-05 17:04:00,2017-07-05 17:04:59,2017-07-05,Wednesday,202,181,30.516666666666666,5384.316666666667,11967205.243093923,29247033.22927561,0.6961325966850829,176.4385581649372,89.81294936971977,1.3947712418300653,11,57,0.3259668508287293,0.04423812124522119,0,BENIGN,BENIGN
20170705_1705,2017-07-05 17:05:00,2017-07-05 17:05:59,2017-07-05,Wednesday,203,369,94.78333333333333,36719.13333333333,14887705.89701897,29139925.79872933,0.6531165311653117,387.40073852646384,175.58206846000473,1.086573734409391,13,86,0.4092140921409214,0.044663267100404434,0,BENIGN,BENIGN
20170705_1706,2017-07-05 17:06:00,2017-07-05 17:06:59,2017-07-05,Wednesday,204,158,27.816666666666666,3330.383333333333,9147697.61392405,24608871.92589241,0.620253164556962,119.72618334331935,96.56535209116436,1.352112676056338,12,39,0.3860759493670886,0.05811863391252247,0,BENIGN,BENIGN
20170705_1707,2017-07-05 17:07:00,2017-07-05 17:07:59,2017-07-05,Wednesday,205,212,48.6,12753.25,14744453.820754716,35658223.55092821,0.660377358490566,262.4125514403292,186.35020149125478,1.1307523739956173,12,33,0.4009433962264151,0.05075445816186557,0,BENIGN,BENIGN
20170705_1708,2017-07-05 17:08:00,2017-07-05 17:08:59,2017-07-05,Wednesday,206,121,21.566666666666666,2347.3333333333335,6479831.181818182,20972767.214264043,0.7024793388429752,108.84080370942813,83.03993254435339,1.529296875,12,22,0.3305785123966942,0.062596599690881,0,BENIGN,BENIGN
20170705_1709,2017-07-05 17:09:00,2017-07-05 17:09:59,2017-07-05,Wednesday,207,574,176.93333333333334,84135.2,18509777.580139372,39895700.58091723,0.6916376306620209,475.51921627731724,192.04884730929788,0.9398867166088068,10,90,0.32752613240418116,0.03344009042954032,0,BENIGN,BENIGN
20170705_1710,2017-07-05 17:10:00,2017-07-05 17:10:59,2017-07-05,Wednesday,208,773,173.78333333333333,53864.11666666667,13700897.038809832,33660467.31569079,0.723156532988357,309.9498417569771,152.0615079381961,1.030373831775701,14,99,0.31047865459249674,0.048431955500143856,0,BENIGN,BENIGN
20170705_1711,2017-07-05 17:11:00,2017-07-05 17:11:59,2017-07-05,Wednesday,209,732,182.08333333333334,77143.95,13930574.379781421,34260116.73890597,0.7363387978142076,423.67386727688785,164.17022106504038,0.8962165914612982,12,112,0.30327868852459017,0.038993135011441644,0,BENIGN,BENIGN
20170705_1712,2017-07-05 17:12:00,2017-07-05 17:12:59,2017-07-05,Wednesday,210,167,25.2,4240.883333333333,11333170.71257485,30808504.494622078,0.7065868263473054,168.28902116402116,98.53236688670243,1.275187969924812,7,41,0.2994011976047904,0.042328042328042326,0,BENIGN,BENIGN
20170705_1713,2017-07-05 17:13:00,2017-07-05 17:13:59,2017-07-05,Wednesday,211,113,47.666666666666664,27627.933333333334,15579010.734513273,35477367.15419921,0.6460176991150443,579.606993006993,87.07485971485855,0.9240080699394755,11,50,0.39823008849557523,0.011188811188811189,0,BENIGN,BENIGN
20170705_1714,2017-07-05 17:14:00,2017-07-05 17:14:59,2017-07-05,Wednesday,212,833,287.9166666666667,196785.65,15120390.829531813,37112890.37007504,0.7671068427370948,683.4812735166425,131.7359243416649,0.827567967840897,14,95,0.23769507803121248,0.0208972503617945,0,BENIGN,BENIGN
20170705_1715,2017-07-05 17:15:00,2017-07-05 17:15:59,2017-07-05,Wednesday,213,105,59.15,36440.78333333333,10029289.266666668,28196777.961144004,0.5714285714285714,616.0741053817977,260.03985291281776,0.9441401971522454,9,27,0.44761904761904764,0.02479571710340941,0,BENIGN,BENIGN
20170705_1716,2017-07-05 17:16:00,2017-07-05 17:16:59,2017-07-05,Wednesday,214,322,96.5,43693.46666666667,16598181.881987577,34516450.99940909,0.7018633540372671,452.7820379965458,170.05769414584051,1.0362165963431786,16,60,0.3944099378881988,0.038860103626943004,0,BENIGN,BENIGN
20170705_1717,2017-07-05 17:17:00,2017-07-05 17:17:59,2017-07-05,Wednesday,215,591,129.05,32741.683333333334,14117043.291032149,33157431.56695478,0.6954314720812182,253.7131602737957,198.497273932351,1.0475938656795347,6,92,0.36717428087986465,0.05669637091566576,0,BENIGN,BENIGN
20170705_1718,2017-07-05 17:18:00,2017-07-05 17:18:59,2017-07-05,Wednesday,216,44,12.283333333333333,1449.7166666666667,17641902.90909091,39190021.470010586,0.8181818181818182,118.02306648575305,109.84072811971902,1.9758064516129032,13,14,0.3409090909090909,0.029850746268656716,0,BENIGN,BENIGN
20170705_1719,2017-07-05 17:19:00,2017-07-05 17:19:59,2017-07-05,Wednesday,217,103,17.166666666666668,1739.6666666666667,7053071.640776699,21540159.29480222,0.7378640776699029,101.33980582524272,84.4464997202981,1.2709251101321586,9,36,0.36893203883495146,0.04466019417475728,0,BENIGN,BENIGN
20170705_1720,2017-07-05 17:20:00,2017-07-05 17:20:59,2017-07-05,Wednesday,218,505,196.35,126772.95,14036534.942574257,33883257.28053588,0.7386138613861386,645.6478227654699,146.21356091082777,0.9248488809018134,14,69,0.2891089108910891,0.02512520159578983,0,BENIGN,BENIGN
20170705_1721,2017-07-05 17:21:00,2017-07-05 17:21:59,2017-07-05,Wednesday,219,111,19.933333333333334,5146.75,5992716.585585586,24164651.86772392,0.8918918918918919,258.19816053511704,79.63951444362742,1.032258064516129,13,17,0.14414414414414414,0.04180602006688963,0,BENIGN,BENIGN
20170705_1722,2017-07-05 17:22:00,2017-07-05 17:22:59,2017-07-05,Wednesday,220,238,172.65,117799.41666666667,10925616.218487395,30772494.306702655,0.7689075630252101,682.3018631142002,145.95245460879394,0.8707114481762369,16,42,0.2857142857142857,0.014094024519741288,0,BENIGN,BENIGN
20170705_1723,2017-07-05 17:23:00,2017-07-05 17:23:59,2017-07-05,Wednesday,221,189,62.666666666666664,25227.383333333335,23158613.264550265,44084823.89987206,0.6190476190476191,402.56462765957446,174.1742743161704,0.9920550847457628,12,56,0.42328042328042326,0.03723404255319149,0,BENIGN,BENIGN
20170705_1724,2017-07-05 17:24:00,2017-07-05 17:24:59,2017-07-05,Wednesday,222,71,44.8,27783.533333333333,9341391.084507043,28047274.335009016,0.6901408450704225,620.1681547619048,103.6827825288104,0.8354948805460751,9,14,0.29577464788732394,0.015625,0,BENIGN,BENIGN
20170705_1725,2017-07-05 17:25:00,2017-07-05 17:25:59,2017-07-05,Wednesday,223,335,93.41666666666667,43107.166666666664,10094405.1880597,30857182.501601893,0.8328358208955224,461.4504906333631,131.62597681873325,0.9159261790840738,12,45,0.2417910447761194,0.02872435325602141,0,BENIGN,BENIGN
20170705_1726,2017-07-05 17:26:00,2017-07-05 17:26:59,2017-07-05,Wednesday,224,76,32.5,26686.5,11071246.157894736,31923360.31549524,0.7894736842105263,821.123076923077,102.22864040748927,0.7704174228675136,4,15,0.19736842105263158,0.008205128205128205,0,BENIGN,BENIGN
20170705_1727,2017-07-05 17:27:00,2017-07-05 17:27:59,2017-07-05,Wednesday,225,50,17.15,3629.0666666666666,11447618.34,33636069.32837891,0.8,211.60738581146745,114.68053549198136,1.3842592592592593,12,12,0.26,0.027210884353741496,0,BENIGN,BENIGN
20170705_1728,2017-07-05 17:28:00,2017-07-05 17:28:59,2017-07-05,Wednesday,226,113,33.65,19969.25,7586104.318584071,24725352.497315194,0.7876106194690266,593.4398216939079,76.28089274909814,0.8967136150234741,13,28,0.22123893805309736,0.018821198613174838,0,BENIGN,BENIGN
20170705_1729,2017-07-05 17:29:00,2017-07-05 17:29:59,2017-07-05,Wednesday,227,401,183.26666666666668,102671.25,14853161.349127183,33306211.612496987,0.7082294264339152,560.2287195343762,174.663856080143,0.8161849710982659,18,54,0.3915211970074813,0.03346671516915242,0,BENIGN,BENIGN
20170705_1730,2017-07-05 17:30:00,2017-07-05 17:30:59,2017-07-05,Wednesday,228,644,192.78333333333333,96177.93333333333,14583770.072981367,35109036.727747336,0.7251552795031055,498.89132878015045,197.90042132637728,0.7937664754225461,12,85,0.3447204968944099,0.03881732514913115,0,BENIGN,BENIGN
20170705_1731,2017-07-05 17:31:00,2017-07-05 17:31:59,2017-07-05,Wednesday,229,81,26.083333333333332,8622.116666666667,11293767.827160494,30380933.951699384,0.7530864197530864,330.56038338658146,120.56583453118158,0.9772727272727273,8,27,0.24691358024691357,0.02939297124600639,0,BENIGN,BENIGN
20170705_1732,2017-07-05 17:32:00,2017-07-05 17:32:59,2017-07-05,Wednesday,230,50,6.65,717.25,15972852.68,27810514.560866084,0.66,107.85714285714286,65.9172904229605,1.127659574468085,6,23,0.4,0.02756892230576441,0,BENIGN,BENIGN
20170705_1733,2017-07-05 17:33:00,2017-07-05 17:33:59,2017-07-05,Wednesday,231,121,29.483333333333334,4384.3,16560535.338842975,34844820.04451936,0.6033057851239669,148.70435274166195,92.84007105277391,1.2809278350515463,11,38,0.4214876033057851,0.02826455624646693,0,BENIGN,BENIGN
20170705_1734,2017-07-05 17:34:00,2017-07-05 17:34:59,2017-07-05,Wednesday,232,46,14.116666666666667,1795.6166666666666,8314600.304347826,26745815.11582231,0.7608695652173914,127.19834710743801,106.26501540359708,1.1522842639593909,10,12,0.32608695652173914,0.049586776859504134,0,BENIGN,BENIGN
20170705_1735,2017-07-05 17:35:00,2017-07-05 17:35:59,2017-07-05,Wednesday,233,140,28.066666666666666,5559.466666666666,6480977.578571429,24496802.839199804,0.9,198.08076009501187,107.83597598842965,1.3799435028248588,12,12,0.15,0.039192399049881234,0,BENIGN,BENIGN
20170705_1736,2017-07-05 17:36:00,2017-07-05 17:36:59,2017-07-05,Wednesday,234,365,172.78333333333333,86347.76666666666,24655249.528767124,45236185.240522824,0.6493150684931507,499.7459245683419,229.28829828326332,0.8892128279883382,13,58,0.3972602739726027,0.031060094530722483,0,BENIGN,BENIGN
20170705_1737,2017-07-05 17:37:00,2017-07-05 17:37:59,2017-07-05,Wednesday,235,245,79.6,41795.316666666666,12882105.355102042,35136586.57760467,0.8408163265306122,525.0667922948073,102.52489009581853,0.8784899724734565,10,34,0.17959183673469387,0.018844221105527637,0,BENIGN,BENIGN
20170705_1738,2017-07-05 17:38:00,2017-07-05 17:38:59,2017-07-05,Wednesday,236,509,108.3,25940.633333333335,18158320.80550098,39216973.79763479,0.7092337917485265,239.5257002154509,145.97535192980231,1.0290352794255386,13,75,0.33398821218074654,0.040012311480455524,0,BENIGN,BENIGN
20170705_1739,2017-07-05 17:39:00,2017-07-05 17:39:59,2017-07-05,Wednesday,237,353,84.5,43096.51666666667,9499712.943342777,27807345.00320561,0.7450424929178471,510.01794871794874,153.48026278475314,0.9816334505666275,8,67,0.2804532577903683,0.03353057199211045,0,BENIGN,BENIGN
20170705_1740,2017-07-05 17:40:00,2017-07-05 17:40:59,2017-07-05,Wednesday,238,187,47.0,8809.216666666667,25897877.262032084,44175492.06818106,0.6310160427807486,187.43014184397163,119.03978576759462,1.2640449438202248,13,55,0.37967914438502676,0.02269503546099291,0,BENIGN,BENIGN
20170705_1741,2017-07-05 17:41:00,2017-07-05 17:41:59,2017-07-05,Wednesday,239,284,58.88333333333333,13044.133333333333,10581505.785211267,28984708.23079182,0.6725352112676056,221.5250495329748,138.17308620041945,1.1522533495736906,10,54,0.3345070422535211,0.04840079252759694,0,BENIGN,BENIGN
20170705_1742,2017-07-05 17:42:00,2017-07-05 17:42:59,2017-07-05,Wednesday,240,266,66.26666666666667,19899.166666666668,17989897.691729322,39990395.282123506,0.6466165413533834,300.28923541247485,146.32071804115034,1.058488612836439,9,50,0.40225563909774437,0.03772635814889336,0,BENIGN,BENIGN
20170705_1743,2017-07-05 17:43:00,2017-07-05 17:43:59,2017-07-05,Wednesday,241,116,28.5,6932.866666666667,20013621.387931034,40330726.360021174,0.6896551724137931,243.25847953216373,160.53742206853943,1.2424639580602883,13,31,0.35344827586206895,0.038011695906432746,0,BENIGN,BENIGN
20170705_1744,2017-07-05 17:44:00,2017-07-05 17:44:59,2017-07-05,Wednesday,242,423,85.56666666666666,18692.833333333332,13436813.368794326,34107157.219872616,0.7210401891252955,218.45929100116868,153.35554844442294,1.1236559139784945,14,68,0.3073286052009456,0.05044799376704324,0,BENIGN,BENIGN
20170705_1745,2017-07-05 17:45:00,2017-07-05 17:45:59,2017-07-05,Wednesday,243,54,21.666666666666668,6409.033333333334,42962238.074074075,53180124.82152815,0.5370370370370371,295.8015384615385,180.2132606111112,1.153973509933775,7,31,0.48148148148148145,0.007692307692307693,0,BENIGN,BENIGN
20170705_1746,2017-07-05 17:46:00,2017-07-05 17:46:59,2017-07-05,Wednesday,244,344,75.06666666666666,19876.916666666668,11649567.188953489,27084447.49267675,0.6802325581395349,264.7901865008881,155.07416361445124,1.1452380952380952,11,63,0.35755813953488375,0.05106571936056838,0,BENIGN,BENIGN
20170705_1747,2017-07-05 17:47:00,2017-07-05 17:47:59,2017-07-05,Wednesday,245,449,103.65,25318.516666666666,13919407.220489977,31681119.265294366,0.6681514476614699,244.26933590609423,175.7824637669339,0.9853175869773381,9,80,0.42316258351893093,0.054671168998231226,0,BENIGN,BENIGN
20170705_1748,2017-07-05 17:48:00,2017-07-05 17:48:59,2017-07-05,Wednesday,246,81,14.933333333333334,2138.6,8379124.234567901,28739382.421094086,0.8395061728395061,143.20982142857142,125.54861947618389,1.7770897832817338,10,26,0.25925925925925924,0.044642857142857144,0,BENIGN,BENIGN
20170705_1749,2017-07-05 17:49:00,2017-07-05 17:49:59,2017-07-05,Wednesday,247,85,21.966666666666665,2886.0,7958717.658823529,24651359.99793087,0.7058823529411765,131.38088012139605,122.11788416968815,1.205685618729097,13,18,0.29411764705882354,0.04704097116843703,0,BENIGN,BENIGN
20170705_1750,2017-07-05 17:50:00,2017-07-05 17:50:59,2017-07-05,Wednesday,248,327,102.05,33701.96666666667,23448616.49235474,42472040.22884056,0.5963302752293578,330.2495508737547,218.60374545921505,1.092244619063888,13,84,0.4434250764525994,0.043769394087865426,0,BENIGN,BENIGN
20170705_1751,2017-07-05 17:51:00,2017-07-05 17:51:59,2017-07-05,Wednesday,249,58,9.983333333333333,1328.4,3630067.5,17727808.710258015,0.8275862068965517,133.0617696160267,99.93390457145381,1.0408163265306123,9,11,0.22413793103448276,0.05342237061769616,0,BENIGN,BENIGN
20170705_1752,2017-07-05 17:52:00,2017-07-05 17:52:59,2017-07-05,Wednesday,250,76,17.65,2414.4,9193073.328947369,29620608.944176476,0.8552631578947368,136.79320113314446,105.17176342455947,1.3766816143497758,14,13,0.2236842105263158,0.039660056657223795,0,BENIGN,BENIGN
20170705_1753,2017-07-05 17:53:00,2017-07-05 17:53:59,2017-07-05,Wednesday,251,22,4.416666666666667,544.4833333333333,3681306.0,9482231.834806131,0.5454545454545454,123.27924528301887,122.15611060087663,1.3539823008849559,5,14,0.5454545454545454,0.03773584905660377,0,BENIGN,BENIGN
20170705_1754,2017-07-05 17:54:00,2017-07-05 17:54:59,2017-07-05,Wednesday,252,23,13.816666666666666,1426.5166666666667,12115985.695652174,31418168.25605566,0.5217391304347826,103.24607961399276,116.38799496306349,1.4629080118694362,10,10,0.43478260869565216,0.03618817852834741,0,BENIGN,BENIGN
20170705_1755,2017-07-05 17:55:00,2017-07-05 17:55:59,2017-07-05,Wednesday,253,111,30.066666666666666,6577.216666666666,15086593.765765766,35765822.97157633,0.6846846846846847,218.75443458980044,168.27874625877368,1.1668667466986795,13,26,0.3783783783783784,0.05321507760532151,0,BENIGN,BENIGN
20170705_1756,2017-07-05 17:56:00,2017-07-05 17:56:59,2017-07-05,Wednesday,254,176,96.43333333333334,56570.2,22860042.4375,41228193.00592836,0.6363636363636364,586.6249567922572,204.06353026247496,0.8313291139240506,13,30,0.36363636363636365,0.022813688212927757,0,BENIGN,BENIGN
20170705_1757,2017-07-05 17:57:00,2017-07-05 17:57:59,2017-07-05,Wednesday,255,850,269.6666666666667,135468.46666666667,16745278.11764706,38298053.44356021,0.7235294117647059,502.35525339925834,201.99612867999116,0.8958406561218512,8,110,0.3552941176470588,0.03788627935723115,0,BENIGN,BENIGN
20170705_1758,2017-07-05 17:58:00,2017-07-05 17:58:59,2017-07-05,Wednesday,256,191,37.43333333333333,5272.866666666667,9097876.785340315,26267207.599986788,0.7486910994764397,140.86019590382904,135.27584086004032,1.1019644527595884,10,37,0.2774869109947644,0.05253784505788068,0,BENIGN,BENIGN
20170705_1759,2017-07-05 17:59:00,2017-07-05 17:59:59,2017-07-05,Wednesday,257,152,32.53333333333333,4835.8,18781810.585526317,37540391.27661267,0.6513157894736842,148.64139344262296,142.0112218867998,1.158011049723757,9,42,0.3815789473684211,0.03278688524590164,0,BENIGN,BENIGN
20170705_1800,2017-07-05 18:00:00,2017-07-05 18:00:59,2017-07-05,Wednesday,258,314,68.9,12968.5,14975267.267515924,34109784.49149808,0.5796178343949044,188.22206095791,139.9061766426016,1.1866737176097304,10,81,0.42038216560509556,0.045234639574262214,0,BENIGN,BENIGN
20170705_1801,2017-07-05 18:01:00,2017-07-05 18:01:59,2017-07-05,Wednesday,259,94,24.583333333333332,3283.3333333333335,9682439.723404255,27644727.894632604,0.723404255319149,133.5593220338983,122.69860400523949,1.3883495145631068,14,21,0.2978723404255319,0.03932203389830508,0,BENIGN,BENIGN
20170705_1802,2017-07-05 18:02:00,2017-07-05 18:02:59,2017-07-05,Wednesday,260,56,17.416666666666668,3344.866666666667,22426775.535714287,37396518.55968211,0.5357142857142857,192.04976076555025,202.51780776034778,1.1004016064257027,9,18,0.5178571428571429,0.04401913875598086,0,BENIGN,BENIGN
20170705_1803,2017-07-05 18:03:00,2017-07-05 18:03:59,2017-07-05,Wednesday,261,184,34.766666666666666,5498.683333333333,10350320.0,28208321.963473182,0.657608695652174,158.15963566634707,135.75601491515494,1.3581920903954803,11,35,0.32065217391304346,0.05896452540747843,0,BENIGN,BENIGN
20170705_1804,2017-07-05 18:04:00,2017-07-05 18:04:59,2017-07-05,Wednesday,262,122,46.31666666666667,31942.033333333333,12565445.819672132,32425070.049046,0.7213114754098361,689.6444764303707,108.83862287043614,0.8670248488918737,9,24,0.21311475409836064,0.01943145016192875,0,BENIGN,BENIGN
20170705_1805,2017-07-05 18:05:00,2017-07-05 18:05:59,2017-07-05,Wednesday,263,1294,440.1166666666667,262458.86666666664,13012474.380216382,33626211.57353477,0.7565687789799073,596.3393039724316,151.13944525549016,0.8949483352468427,11,131,0.2758887171561051,0.027341235278524632,0,BENIGN,BENIGN
20170705_1806,2017-07-05 18:06:00,2017-07-05 18:06:59,2017-07-05,Wednesday,264,97,15.2,2664.1,11014611.927835051,29892154.228302415,0.711340206185567,175.26973684210526,150.64540431274125,1.0988505747126436,5,24,0.27835051546391754,0.05592105263157895,0,BENIGN,BENIGN
20170705_1807,2017-07-05 18:07:00,2017-07-05 18:07:59,2017-07-05,Wednesday,265,126,24.75,2660.4333333333334,12236948.698412698,30407536.05517014,0.7142857142857143,107.4922558922559,100.93332219531075,1.2967542503863987,13,30,0.35714285714285715,0.03771043771043771,0,BENIGN,BENIGN
20170705_1808,2017-07-05 18:08:00,2017-07-05 18:08:59,2017-07-05,Wednesday,266,677,205.95,97054.8,18210806.759231906,38345172.427491024,0.6528803545051699,471.25418790968683,199.73597469954655,0.9566181127295756,13,112,0.38847858197932056,0.040543821315853365,0,BENIGN,BENIGN
20170705_1809,2017-07-05 18:09:00,2017-07-05 18:09:59,2017-07-05,Wednesday,267,216,76.88333333333334,25215.983333333334,28702388.837962963,47946938.52398535,0.5925925925925926,327.9772382397572,194.711941507596,1.0727762803234502,10,38,0.4074074074074074,0.036852373726425317,0,BENIGN,BENIGN
20170705_1810,2017-07-05 18:10:00,2017-07-05 18:10:59,2017-07-05,Wednesday,268,616,212.86666666666667,116949.06666666667,17056260.719155844,37037901.06261288,0.6801948051948052,549.4005637331663,200.0216620627353,0.942957103742014,11,93,0.3814935064935065,0.037269025994362666,0,BENIGN,BENIGN
20170705_1811,2017-07-05 18:11:00,2017-07-05 18:11:59,2017-07-05,Wednesday,269,734,204.95,65140.95,15500727.102179836,35727213.08116585,0.6376021798365122,317.83825323249573,205.11232444782036,1.0904300526942037,11,106,0.41825613079019075,0.046840692851915104,0,BENIGN,BENIGN
20170705_1812,2017-07-05 18:12:00,2017-07-05 18:12:59,2017-07-05,Wednesday,270,219,69.7,26113.133333333335,10167327.753424658,26982292.120053913,0.6894977168949772,374.650406504065,292.9149104091328,1.003352490421456,7,28,0.5205479452054794,0.05404112864658058,0,BENIGN,BENIGN
20170705_1813,2017-07-05 18:13:00,2017-07-05 18:13:59,2017-07-05,Wednesday,271,399,114.88333333333334,36484.066666666666,21205778.72932331,40702134.71089441,0.631578947368421,317.5749310895111,173.40628143517554,1.089090909090909,15,80,0.43107769423558895,0.03423763238067605,0,BENIGN,BENIGN
20170705_1814,2017-07-05 18:14:00,2017-07-05 18:14:59,2017-07-05,Wednesday,272,1838,479.6166666666667,193241.1,17516388.298694234,36822112.351080194,0.6452665941240479,402.9073913194565,203.31555361165059,0.9834585429733269,9,237,0.36670293797606096,0.04489696632727525,0,BENIGN,BENIGN
20170705_1815,2017-07-05 18:15:00,2017-07-05 18:15:59,2017-07-05,Wednesday,273,882,185.25,48101.11666666667,16297808.709750567,33638754.45409507,0.63718820861678,259.655150697256,155.19043036670436,1.0879038317054845,13,153,0.3854875283446712,0.06090868196131354,0,BENIGN,BENIGN
20170705_1816,2017-07-05 18:16:00,2017-07-05 18:16:59,2017-07-05,Wednesday,274,432,100.48333333333333,26823.383333333335,13278850.354166666,27405961.105923057,0.6365740740740741,266.9436059047935,178.82203873046097,1.234988880652335,11,92,0.5439814814814815,0.06236523469895505,0,BENIGN,BENIGN
20170705_1817,2017-07-05 18:17:00,2017-07-05 18:17:59,2017-07-05,Wednesday,275,1263,373.5,163521.13333333333,18894301.726049088,38025262.72833776,0.6500395882818686,437.8075858991522,210.44539404419507,0.9555846422338569,10,211,0.43784639746634996,0.04457831325301205,0,BENIGN,BENIGN
20170705_1818,2017-07-05 18:18:00,2017-07-05 18:18:59,2017-07-05,Wednesday,276,547,138.85,40565.583333333336,20598038.22486289,39721585.213566765,0.6508226691042047,292.1540031208738,162.49051351679847,1.1013871374527113,10,104,0.3473491773308958,0.043812267434881765,0,BENIGN,BENIGN
20170705_1819,2017-07-05 18:19:00,2017-07-05 18:19:59,2017-07-05,Wednesday,277,564,144.53333333333333,60455.5,18149397.377659574,36085303.584476404,0.6471631205673759,418.28067343173433,174.2146133384552,0.9290480427046264,13,95,0.3723404255319149,0.043473247232472326,0,BENIGN,BENIGN
20170705_1820,2017-07-05 18:20:00,2017-07-05 18:20:59,2017-07-05,Wednesday,278,280,63.03333333333333,23254.916666666668,12659248.42142857,31218504.92925361,0.6857142857142857,368.9304600740349,234.7151831837623,1.0459707950243375,10,61,0.525,0.06372289793759915,0,BENIGN,BENIGN
20170705_1821,2017-07-05 18:21:00,2017-07-05 18:21:59,2017-07-05,Wednesday,279,1101,394.03333333333336,195597.81666666668,23453772.952770207,43598436.767606035,0.6739327883742052,496.3991625074021,206.9460858531885,0.9330389992641648,9,168,0.3333333333333333,0.030623466711784113,0,BENIGN,BENIGN
20170705_1822,2017-07-05 18:22:00,2017-07-05 18:22:59,2017-07-05,Wednesday,280,383,68.53333333333333,13246.133333333333,12906186.519582245,31491005.918121334,0.7389033942558747,193.28015564202335,152.0664809192837,1.2053619302949061,15,74,0.31070496083550914,0.05642023346303502,0,BENIGN,BENIGN
20170705_1823,2017-07-05 18:23:00,2017-07-05 18:23:59,2017-07-05,Wednesday,281,1024,274.43333333333334,128415.08333333333,18025732.817382812,37855409.00102422,0.6611328125,467.9281549860318,182.42211132792718,0.9485268015619454,13,142,0.3134765625,0.03807846471517065,0,BENIGN,BENIGN
20170705_1824,2017-07-05 18:24:00,2017-07-05 18:24:59,2017-07-05,Wednesday,282,372,130.71666666666667,67370.6,20633123.90591398,41453856.40658551,0.6854838709677419,515.3941093969145,169.76697868085802,0.8645115284050392,10,79,0.34946236559139787,0.02754048195843427,0,BENIGN,BENIGN
20170705_1825,2017-07-05 18:25:00,2017-07-05 18:25:59,2017-07-05,Wednesday,283,175,36.95,6177.683333333333,19819295.417142857,42124610.5652621,0.7257142857142858,167.19034731619305,122.20319462405863,1.1575875486381324,11,39,0.38857142857142857,0.05412719891745602,0,BENIGN,BENIGN
20170705_1826,2017-07-05 18:26:00,2017-07-05 18:26:59,2017-07-05,Wednesday,284,671,274.3,146716.96666666667,23543991.883755587,41799937.256867185,0.526080476900149,534.8777494227731,245.84447455345423,0.9349870679520339,14,128,0.4247391952309985,0.033479159071576135,0,BENIGN,BENIGN
20170705_1827,2017-07-05 18:27:00,2017-07-05 18:27:59,2017-07-05,Wednesday,285,1479,389.1666666666667,181165.23333333334,12304917.2494929,29850024.88302427,0.711291413116971,465.5209421841542,197.50069623386887,0.9367172596831717,15,190,0.34212305611899935,0.04398286937901499,0,BENIGN,BENIGN
20170705_1828,2017-07-05 18:28:00,2017-07-05 18:28:59,2017-07-05,Wednesday,286,376,54.833333333333336,8811.533333333333,5848589.32712766,18500259.331428703,0.7632978723404256,160.6966565349544,135.93786367070632,1.4145267791636096,14,73,0.31648936170212766,0.056534954407294835,0,BENIGN,BENIGN
20170705_1829,2017-07-05 18:29:00,2017-07-05 18:29:59,2017-07-05,Wednesday,287,62,15.533333333333333,1345.75,18606571.967741936,33222048.785279833,0.4032258064516129,86.6362660944206,74.60150968903649,1.2056737588652482,9,38,0.7419354838709677,0.030042918454935622,0,BENIGN,BENIGN
20170705_1830,2017-07-05 18:30:00,2017-07-05 18:30:59,2017-07-05,Wednesday,288,905,370.5833333333333,223357.83333333334,22324602.38674033,38827437.893798016,0.5845303867403315,602.7195862379132,228.09670384299585,0.8932311621966794,11,159,0.4243093922651934,0.03269619968518102,0,BENIGN,BENIGN
20170705_1831,2017-07-05 18:31:00,2017-07-05 18:31:59,2017-07-05,Wednesday,289,146,59.11666666666667,35155.46666666667,20126457.520547945,42224951.18804729,0.7671232876712328,594.6794474203552,132.1484441839458,0.846954711087975,14,23,0.2876712328767123,0.025937411897378065,0,BENIGN,BENIGN
20170705_1832,2017-07-05 18:32:00,2017-07-05 18:32:59,2017-07-05,Wednesday,290,1512,465.4166666666667,290156.6666666667,13609809.390873017,32727109.835847314,0.7136243386243386,623.4341987466428,179.4799113625108,0.835184333311428,12,183,0.29828042328042326,0.03298119964189794,0,BENIGN,BENIGN
20170705_1833,2017-07-05 18:33:00,2017-07-05 18:33:59,2017-07-05,Wednesday,291,297,90.11666666666666,41150.96666666667,16017939.555555556,36988962.43353595,0.7104377104377104,456.6410208988348,154.37313125947927,0.9963086009597637,11,51,0.3434343434343434,0.03347512483817274,0,BENIGN,BENIGN
20170705_1834,2017-07-05 18:34:00,2017-07-05 18:34:59,2017-07-05,Wednesday,292,573,175.2,85188.78333333334,19743729.834205933,40790429.33625873,0.7172774869109948,486.2373477929985,174.20027942177444,0.9282831988261189,10,87,0.34205933682373474,0.033866057838660577,0,BENIGN,BENIGN
20170705_1835,2017-07-05 18:35:00,2017-07-05 18:35:59,2017-07-05,Wednesday,293,342,94.88333333333334,38740.316666666666,16735510.479532164,37612046.89967444,0.7280701754385965,408.2942209731249,182.65133970685991,0.9791449426485923,15,61,0.39766081871345027,0.040927454769014576,0,BENIGN,BENIGN
20170705_1836,2017-07-05 18:36:00,2017-07-05 18:36:59,2017-07-05,Wednesday,294,944,296.7,136218.88333333333,22417159.625,41835530.95753834,0.6038135593220338,459.1131895292664,205.08913791541602,0.9518693125753755,11,157,0.4205508474576271,0.04409616896977868,0,BENIGN,BENIGN
20170705_1837,2017-07-05 18:37:00,2017-07-05 18:37:59,2017-07-05,Wednesday,295,558,148.9,58146.95,15089061.573476702,36768720.82300734,0.7204301075268817,390.51007387508395,163.68204228535936,0.9859968881973772,13,72,0.32437275985663083,0.038168793373628836,0,BENIGN,BENIGN
20170705_1838,2017-07-05 18:38:00,2017-07-05 18:38:59,2017-07-05,Wednesday,296,136,39.53333333333333,14845.383333333333,16980206.088235293,35726579.09874379,0.6397058823529411,375.5155986509275,113.70561542493682,1.0059171597633136,10,51,0.38235294117647056,0.024451939291736932,0,BENIGN,BENIGN
20170705_1839,2017-07-05 18:39:00,2017-07-05 18:39:59,2017-07-05,Wednesday,297,312,86.9,46692.46666666667,21551525.17948718,40972029.59384758,0.6217948717948718,537.3126198695819,164.69581613307759,0.8956743002544529,6,61,0.3974358974358974,0.04142692750287687,0,BENIGN,BENIGN
20170705_1840,2017-07-05 18:40:00,2017-07-05 18:40:59,2017-07-05,Wednesday,298,279,67.5,21651.7,14907557.681003584,36046140.062216975,0.7060931899641577,320.7659259259259,152.20420403451868,1.1803013993541442,18,52,0.3225806451612903,0.04271604938271605,0,BENIGN,BENIGN
20170705_1841,2017-07-05 18:41:00,2017-07-05 18:41:59,2017-07-05,Wednesday,299,975,324.9166666666667,172758.61666666667,18212759.606153846,37770714.47073698,0.7015384615384616,531.7013080276994,189.03644939950811,0.9272439699485963,16,151,0.32,0.033239292126186204,0,BENIGN,BENIGN
20170705_1842,2017-07-05 18:42:00,2017-07-05 18:42:59,2017-07-05,Wednesday,300,110,21.683333333333334,3258.9,12096127.918181818,30105923.231346417,0.6454545454545455,150.29515757109917,127.1580651123488,1.2105263157894737,13,33,0.4090909090909091,0.05841660261337433,0,BENIGN,BENIGN
20170705_1843,2017-07-05 18:43:00,2017-07-05 18:43:59,2017-07-05,Wednesday,301,372,134.28333333333333,74392.08333333333,21273645.610215053,41622764.17201753,0.6720430107526881,553.993421869182,192.49050057278552,0.9975210708973723,9,71,0.3655913978494624,0.028546605436266602,0,BENIGN,BENIGN
20170705_1844,2017-07-05 18:44:00,2017-07-05 18:44:59,2017-07-05,Wednesday,302,1236,349.51666666666665,135070.68333333332,16879525.029935274,35534640.73206137,0.651294498381877,386.4499070144485,198.0118846101945,0.9644061446234545,11,193,0.38996763754045305,0.046349721043345574,0,BENIGN,BENIGN
20170705_1845,2017-07-05 18:45:00,2017-07-05 18:45:59,2017-07-05,Wednesday,303,568,171.95,78301.11666666667,22773307.63028169,42218864.06569301,0.6179577464788732,455.37142580207427,222.08462209160362,0.9732262382864793,13,84,0.3873239436619718,0.04255112920422603,0,BENIGN,BENIGN
20170705_1846,2017-07-05 18:46:00,2017-07-05 18:46:59,2017-07-05,Wednesday,304,878,232.83333333333334,103042.48333333334,18298947.413439635,38415975.18737558,0.6492027334851936,442.5589835361489,170.97328902510168,0.9328998339789707,17,119,0.36560364464692485,0.042877594846098786,0,BENIGN,BENIGN
20170705_1847,2017-07-05 18:47:00,2017-07-05 18:47:59,2017-07-05,Wednesday,305,849,146.08333333333334,50553.71666666667,11921129.583038868,32282869.163150556,0.7432273262661955,346.06081003993154,106.51385970306855,1.0409778812572759,12,117,0.2591283863368669,0.04084426697090702,0,BENIGN,BENIGN
20170705_1848,2017-07-05 18:48:00,2017-07-05 18:48:59,2017-07-05,Wednesday,306,376,130.61666666666667,56661.05,21731932.343085106,40377248.323649,0.5159574468085106,433.7964782442261,210.81370528534296,0.9512073686830969,7,62,0.4734042553191489,0.04593594487686615,0,BENIGN,BENIGN
20170705_1849,2017-07-05 18:49:00,2017-07-05 18:49:59,2017-07-05,Wednesday,307,799,133.33333333333334,47552.45,11718725.100125156,32476296.387606755,0.7647058823529411,356.643375,97.87803795603963,1.0250569476082005,14,80,0.22903629536921152,0.04075,0,BENIGN,BENIGN
20170705_1850,2017-07-05 18:50:00,2017-07-05 18:50:59,2017-07-05,Wednesday,308,634,247.43333333333334,142468.76666666666,22286926.375394322,41440998.54798757,0.6293375394321766,575.7864744712381,182.55891526661745,0.8689577039274925,9,94,0.35646687697160884,0.03024383672369662,0,BENIGN,BENIGN
20170705_1851,2017-07-05 18:51:00,2017-07-05 18:51:59,2017-07-05,Wednesday,309,1019,285.76666666666665,144015.36666666667,16583468.490677135,36246794.26224317,0.7075564278704612,503.96139041175786,135.73970725409424,0.8801535087719298,15,120,0.29538763493621195,0.032893969438936195,0,BENIGN,BENIGN
20170705_1852,2017-07-05 18:52:00,2017-07-05 18:52:59,2017-07-05,Wednesday,310,355,77.98333333333333,35442.98333333333,15432998.701408451,36102961.5765798,0.7267605633802817,454.494336396666,111.33836089727687,0.9491878384006663,12,57,0.29859154929577464,0.046591151955546056,0,BENIGN,BENIGN
20170705_1853,2017-07-05 18:53:00,2017-07-05 18:53:59,2017-07-05,Wednesday,311,709,120.81666666666666,28481.383333333335,16492046.681241184,37958564.2249999,0.7165021156558533,235.74051593323216,94.89041711408909,1.0905420991926182,13,87,0.2849083215796897,0.050489722720375226,0,BENIGN,BENIGN
20170705_1854,2017-07-05 18:54:00,2017-07-05 18:54:59,2017-07-05,Wednesday,312,942,234.8,92088.8,17251707.616772823,36541711.18895792,0.6326963906581741,392.2010221465077,183.6257101796215,0.9524667405764967,8,141,0.35668789808917195,0.04628052243043725,0,BENIGN,BENIGN
20170705_1855,2017-07-05 18:55:00,2017-07-05 18:55:59,2017-07-05,Wednesday,313,825,136.43333333333334,25294.0,13965166.375757575,35313655.42724875,0.7466666666666667,185.39457610554607,97.07188776190326,1.1204351204351204,16,95,0.2606060606060606,0.046787197654532126,0,BENIGN,BENIGN
20170705_1856,2017-07-05 18:56:00,2017-07-05 18:56:59,2017-07-05,Wednesday,314,136,40.56666666666667,13251.183333333332,19436932.463235293,40343695.67981597,0.6029411764705882,326.652013147083,184.57176198458504,1.0074196207749382,12,31,0.40441176470588236,0.0419063270336894,0,BENIGN,BENIGN
20170705_1857,2017-07-05 18:57:00,2017-07-05 18:57:59,2017-07-05,Wednesday,315,806,129.1,23367.683333333334,15626781.368486352,37593622.008374244,0.7580645161290323,181.00451846114123,93.22998323946311,1.1017362995116657,20,83,0.23945409429280398,0.050606764781822876,0,BENIGN,BENIGN
20170705_1858,2017-07-05 18:58:00,2017-07-05 18:58:59,2017-07-05,Wednesday,316,218,75.2,43030.333333333336,11523940.857798165,31013660.329952437,0.7385321100917431,572.2118794326241,128.06818265516858,0.8518670496512105,15,38,0.2981651376146789,0.0274822695035461,0,BENIGN,BENIGN
20170705_1859,2017-07-05 18:59:00,2017-07-05 18:59:59,2017-07-05,Wednesday,317,1910,358.25,117380.28333333334,9657173.903664922,27845448.31730616,0.7382198952879581,327.64908118167017,140.17137499973342,0.9865077164772202,14,177,0.2643979057591623,0.04712723889276576,0,BENIGN,BENIGN
20170705_1900,2017-07-05 19:00:00,2017-07-05 19:00:59,2017-07-05,Wednesday,318,502,126.8,59393.05,14325414.611553784,34192373.460320145,0.7151394422310757,468.3994479495268,163.44171161276964,0.9490266393442623,11,69,0.3386454183266932,0.04639852786540484,0,BENIGN,BENIGN
20170705_1901,2017-07-05 19:01:00,2017-07-05 19:01:59,2017-07-05,Wednesday,319,517,203.63333333333333,110639.43333333333,19774626.868471954,39971929.609585255,0.6924564796905223,543.3267310525454,175.61141935992364,0.8784012298232129,10,81,0.35589941972920697,0.024963169094778196,0,BENIGN,BENIGN
20170705_1902,2017-07-05 19:02:00,2017-07-05 19:02:59,2017-07-05,Wednesday,320,995,312.43333333333334,173676.03333333333,16313353.261306534,35867343.39511547,0.6683417085427136,555.8818948042249,188.01569473657185,0.9622147791500942,17,143,0.40603015075376886,0.04230235783633842,0,BENIGN,BENIGN
20170705_1903,2017-07-05 19:03:00,2017-07-05 19:03:59,2017-07-05,Wednesday,321,315,136.55,73091.71666666666,22545854.54920635,41277857.37581524,0.5873015873015873,535.2743805687783,217.6403810965608,0.8580498866213152,11,52,0.473015873015873,0.03002563163676309,0,BENIGN,BENIGN
20170705_1904,2017-07-05 19:04:00,2017-07-05 19:04:59,2017-07-05,Wednesday,322,1340,365.1333333333333,144121.2,17304210.158955224,37174524.07688672,0.6798507462686567,394.70841701661493,165.2557764160836,0.9402231668437833,13,176,0.3440298507462687,0.03911813036333759,0,BENIGN,BENIGN
20170705_1905,2017-07-05 19:05:00,2017-07-05 19:05:59,2017-07-05,Wednesday,323,659,179.81666666666666,97107.88333333333,11931288.194233688,30791512.3363305,0.716236722306525,540.0382797293539,186.6086658506877,0.9202705107670404,11,93,0.3186646433990895,0.03577718046158124,0,BENIGN,BENIGN
20170705_1906,2017-07-05 19:06:00,2017-07-05 19:06:59,2017-07-05,Wednesday,324,225,53.85,18831.65,11075475.204444444,27425715.89792773,0.6266666666666667,349.70566388115134,173.8304424325012,1.0625398851308232,11,45,0.43555555555555553,0.04333023831631074,0,BENIGN,BENIGN
20170705_1907,2017-07-05 19:07:00,2017-07-05 19:07:59,2017-07-05,Wednesday,325,403,110.66666666666667,44430.48333333333,18578963.372208435,37430847.92819587,0.6228287841191067,401.48027108433735,179.22826609613224,1.011205330102968,14,79,0.3870967741935484,0.03825301204819277,0,BENIGN,BENIGN
20170705_1908,2017-07-05 19:08:00,2017-07-05 19:08:59,2017-07-05,Wednesday,326,147,38.416666666666664,21886.933333333334,11357391.448979592,25496782.24838263,0.54421768707483,569.7249457700651,96.52686626299202,1.021034180543383,7,46,0.4897959183673469,0.04468546637744035,0,BENIGN,BENIGN
20170705_1909,2017-07-05 19:09:00,2017-07-05 19:09:59,2017-07-05,Wednesday,327,1621,402.48333333333335,139252.01666666666,19076062.759407774,38243208.26411481,0.6483652066625539,345.9820696509172,194.9804535109535,1.0390070921985815,15,231,0.3281924737816163,0.045260673319806204,0,BENIGN,BENIGN
20170705_1910,2017-07-05 19:10:00,2017-07-05 19:10:59,2017-07-05,Wednesday,328,886,190.96666666666667,49505.066666666666,14208852.768623024,32583241.341094196,0.6230248306997742,259.2340722639204,191.32082124939302,1.1044995408631773,11,140,0.3984198645598194,0.06423459591551754,0,BENIGN,BENIGN
20170705_1911,2017-07-05 19:11:00,2017-07-05 19:11:59,2017-07-05,Wednesday,329,772,209.53333333333333,72017.31666666667,18516761.178756475,37820825.797111884,0.6373056994818653,343.7033884823417,201.51330186869953,0.98531501657982,16,139,0.4119170984455959,0.038498250079541836,0,BENIGN,BENIGN
20170705_1912,2017-07-05 19:12:00,2017-07-05 19:12:59,2017-07-05,Wednesday,330,413,141.6,76985.7,13481063.021791767,29859206.099846113,0.559322033898305,543.6843220338983,210.00111643977954,0.8744760644165012,14,91,0.44552058111380144,0.03483992467043315,0,BENIGN,BENIGN
20170705_1913,2017-07-05 19:13:00,2017-07-05 19:13:59,2017-07-05,Wednesday,331,1391,377.03333333333336,150984.35,15835622.908698779,34963754.25865789,0.6642703091301222,400.4535850057466,195.7212590224334,0.9853444493198772,17,201,0.3687994248741912,0.04393952789320131,0,BENIGN,BENIGN
20170705_1914,2017-07-05 19:14:00,2017-07-05 19:14:59,2017-07-05,Wednesday,332,290,64.18333333333334,19572.916666666668,13947232.079310345,31096910.000741046,0.596551724137931,304.9532588937938,191.7817792869218,1.0654155495978552,11,67,0.41379310344827586,0.05037652557777201,0,BENIGN,BENIGN
20170705_1915,2017-07-05 19:15:00,2017-07-05 19:15:59,2017-07-05,Wednesday,333,1266,395.56666666666666,187046.68333333332,18809000.694312796,39076293.52794607,0.6721958925750395,472.85754613634447,181.48041587736844,0.8960696596900464,15,177,0.35308056872037913,0.0358136007415522,0,BENIGN,BENIGN
20170705_1916,2017-07-05 19:16:00,2017-07-05 19:16:59,2017-07-05,Wednesday,334,518,93.01666666666667,25445.25,14096345.208494209,33039203.226863384,0.6853281853281853,273.5558143701846,153.37595925738594,1.1064150943396227,12,92,0.30694980694980695,0.04586991578570149,0,BENIGN,BENIGN
20170705_1917,2017-07-05 19:17:00,2017-07-05 19:17:59,2017-07-05,Wednesday,335,1132,446.6333333333333,275946.9,20743162.43992933,41444039.68004498,0.6696113074204947,617.8376744533174,206.58348101749797,0.8176207270754206,13,182,0.338339222614841,0.026531830733636838,0,BENIGN,BENIGN
20170705_1918,2017-07-05 19:18:00,2017-07-05 19:18:59,2017-07-05,Wednesday,336,803,388.81666666666666,237602.76666666666,17155172.043586552,35086981.55672288,0.5853051058530511,611.0920313772558,244.02962082063243,0.7723923117830281,14,133,0.46948941469489414,0.0289768099789961,0,BENIGN,BENIGN
20170705_1919,2017-07-05 19:19:00,2017-07-05 19:19:59,2017-07-05,Wednesday,337,820,189.23333333333332,66175.28333333334,13553398.757317074,32815889.503902093,0.6902439024390243,349.70204333274614,178.33373255913995,1.0033521524347213,12,133,0.3524390243902439,0.04060243086137044,0,BENIGN,BENIGN
20170705_1920,2017-07-05 19:20:00,2017-07-05 19:20:59,2017-07-05,Wednesday,338,362,72.26666666666667,16412.85,13645547.480662983,30420720.59997789,0.5911602209944752,227.11508302583024,192.7692700200231,1.11767578125,14,78,0.43646408839779005,0.04981549815498155,0,BENIGN,BENIGN
20170705_1921,2017-07-05 19:21:00,2017-07-05 19:21:59,2017-07-05,Wednesday,339,638,176.95,79879.18333333333,15036805.089341693,34391308.80277562,0.6410658307210031,451.4223415277385,190.6784200605523,0.9379448804526374,9,106,0.3824451410658307,0.04012432890647075,0,BENIGN,BENIGN
20170705_1922,2017-07-05 19:22:00,2017-07-05 19:22:59,2017-07-05,Wednesday,340,1031,269.98333333333335,129029.28333333334,9226485.257032007,19311666.347918164,0.6362754607177498,477.9157355392308,217.20230218821655,0.9412822049131216,19,156,0.3957322987390883,0.048830174702142105,0,BENIGN,BENIGN
20170705_1923,2017-07-05 19:23:00,2017-07-05 19:23:59,2017-07-05,Wednesday,341,124,24.7,3919.7166666666667,5205108.798387097,19130638.157144118,0.75,158.69298245614036,140.94839053231377,1.3244514106583072,13,29,0.4274193548387097,0.06275303643724696,0,BENIGN,BENIGN
20170705_1924,2017-07-05 19:24:00,2017-07-05 19:24:59,2017-07-05,Wednesday,342,331,83.48333333333333,35842.7,11026635.003021149,30389143.515393473,0.7552870090634441,429.3395887402675,135.19984190307193,0.8919939577039275,14,47,0.2628398791540785,0.04072669195448193,0,BENIGN,BENIGN
20170705_1925,2017-07-05 19:25:00,2017-07-05 19:25:59,2017-07-05,Wednesday,343,1427,474.6166666666667,272817.7,14330765.526979677,33891081.617164284,0.700770847932726,574.8169399866559,201.9255713560388,0.880108272265135,14,174,0.33006306937631397,0.0341328089335253,0,BENIGN,BENIGN
20170705_1926,2017-07-05 19:26:00,2017-07-05 19:26:59,2017-07-05,Wednesday,344,525,148.58333333333334,55832.86666666667,14655762.245714286,34546499.56877444,0.6819047619047619,375.7680314077398,184.5817054034951,0.9556920377275718,17,77,0.3314285714285714,0.0411665731912507,0,BENIGN,BENIGN
20170705_1927,2017-07-05 19:27:00,2017-07-05 19:27:59,2017-07-05,Wednesday,345,482,112.15,45610.88333333333,14664138.421161825,33853156.795202985,0.6618257261410788,406.6953484916035,182.81191238312456,0.971294669009959,12,87,0.41286307053941906,0.05201367216525487,0,BENIGN,BENIGN
20170705_1928,2017-07-05 19:28:00,2017-07-05 19:28:59,2017-07-05,Wednesday,346,316,95.96666666666667,45545.03333333333,13556336.224683544,34935374.74009249,0.7151898734177216,474.5922195206669,116.93409269873328,0.8994063324538258,16,62,0.31962025316455694,0.02865578325807572,0,BENIGN,BENIGN
20170705_1929,2017-07-05 19:29:00,2017-07-05 19:29:59,2017-07-05,Wednesday,347,883,243.41666666666666,92683.51666666666,18311944.27293318,36693433.280203834,0.695356738391846,380.76076686066415,193.02013341619764,1.0493896450119264,15,106,0.5560588901472253,0.06846970215679561,0,BENIGN,BENIGN
20170705_1930,2017-07-05 19:30:00,2017-07-05 19:30:59,2017-07-05,Wednesday,348,3204,751.6333333333333,312247.56666666665,19559074.43102372,36135260.9767331,0.615792759051186,415.4253847177258,142.57802101185936,0.978981087366712,12,257,0.24812734082397003,0.03468003015654796,0,BENIGN,BENIGN
20170705_1931,2017-07-05 19:31:00,2017-07-05 19:31:59,2017-07-05,Wednesday,349,3427,781.7166666666667,407971.31666666665,12126231.588853225,30072041.803158134,0.7175372045520864,521.891542118841,130.6344513077696,0.9128874388254486,13,285,0.2284797198716078,0.03300428544016374,0,BENIGN,BENIGN
20170705_1932,2017-07-05 19:32:00,2017-07-05 19:32:59,2017-07-05,Wednesday,350,1520,413.6333333333333,240904.78333333333,14613892.295394737,32516094.37005037,0.6138157894736842,582.4114352486099,176.16129383176514,0.8525789355825931,12,222,0.40592105263157896,0.040696268837134335,0,BENIGN,BENIGN
20170705_1933,2017-07-05 19:33:00,2017-07-05 19:33:59,2017-07-05,Wednesday,351,419,181.2,159636.08333333334,12183527.821002387,27659097.211179852,0.6085918854415274,880.9938373804268,263.1918899039857,0.7633798248459293,13,107,0.5560859188544153,0.03219278881530537,0,BENIGN,BENIGN
20170705_1934,2017-07-05 19:34:00,2017-07-05 19:34:59,2017-07-05,Wednesday,352,901,202.11666666666667,67722.15,18077315.53718091,36202065.02856864,0.5837957824639289,335.0646491300404,171.83963487728212,1.000329869701468,18,158,0.39844617092119866,0.05087820565679888,0,BENIGN,BENIGN
20170705_1935,2017-07-05 19:35:00,2017-07-05 19:35:59,2017-07-05,Wednesday,353,2049,489.3333333333333,202263.68333333332,15569131.52659834,35496152.1894985,0.6612981942410933,413.345401907357,160.08179366104525,0.9755752926927735,9,215,0.3289409468033187,0.04560626702997275,0,BENIGN,BENIGN
20170705_1936,2017-07-05 19:36:00,2017-07-05 19:36:59,2017-07-05,Wednesday,354,564,112.25,29981.55,13909264.25,31499399.489462465,0.5762411347517731,267.09621380846323,137.87438907771337,1.1222432262129804,13,96,0.44858156028368795,0.06325167037861916,0,BENIGN,BENIGN
20170705_1937,2017-07-05 19:37:00,2017-07-05 19:37:59,2017-07-05,Wednesday,355,457,78.06666666666666,12145.183333333332,11466201.682713348,30221660.868441492,0.6258205689277899,155.57450896669513,111.42571263342197,1.1659731853906612,13,68,0.42669584245076586,0.07386848847139198,0,BENIGN,BENIGN
20170705_1938,2017-07-05 19:38:00,2017-07-05 19:38:59,2017-07-05,Wednesday,356,385,71.73333333333333,22229.416666666668,8910994.662337663,24650300.23824245,0.5714285714285714,309.8896375464684,91.07763253473563,1.1354166666666667,14,73,0.4597402597402597,0.05971189591078067,0,BENIGN,BENIGN
20170705_1939,2017-07-05 19:39:00,2017-07-05 19:39:59,2017-07-05,Wednesday,357,568,113.5,46590.4,8265330.077464789,25561912.157791864,0.7077464788732394,410.4881057268722,127.44543996123687,1.0386111942532177,14,69,0.323943661971831,0.051982378854625554,0,BENIGN,BENIGN
20170705_1940,2017-07-05 19:40:00,2017-07-05 19:40:59,2017-07-05,Wednesday,358,490,92.46666666666667,25697.283333333333,10743739.312244898,28700176.820870504,0.6387755102040816,277.90861571737565,99.92906307656537,1.1743730407523512,15,70,0.35306122448979593,0.06182408074981975,0,BENIGN,BENIGN
20170705_1941,2017-07-05 19:41:00,2017-07-05 19:41:59,2017-07-05,Wednesday,359,596,301.8666666666667,211693.36666666667,13009604.828859061,29231700.16334148,0.5906040268456376,701.2810291519435,187.86712608160718,0.8520449897750512,14,76,0.38422818791946306,0.025397526501766785,0,BENIGN,BENIGN
20170705_1942,2017-07-05 19:42:00,2017-07-05 19:42:59,2017-07-05,Wednesday,360,591,110.91666666666667,46875.71666666667,9594489.49576988,27117106.438773535,0.7140439932318104,422.6210368144252,82.56269832676823,0.9377001455604076,13,61,0.2571912013536379,0.04417731029301277,0,BENIGN,BENIGN
20170705_1943,2017-07-05 19:43:00,2017-07-05 19:43:59,2017-07-05,Wednesday,361,896,219.58333333333334,88984.36666666667,15272885.05580357,34229375.35565885,0.6484375,405.24189753320684,166.55399220302488,1.0045641259698768,14,120,0.390625,0.050929791271347245,0,BENIGN,BENIGN
20170705_1944,2017-07-05 19:44:00,2017-07-05 19:44:59,2017-07-05,Wednesday,362,1626,572.0333333333333,337564.38333333336,17131893.274292745,37096235.84070781,0.6943419434194342,590.1131344327254,189.93923225758576,0.8692408234397124,11,259,0.35362853628536284,0.03426373754443214,0,BENIGN,BENIGN
20170705_1945,2017-07-05 19:45:00,2017-07-05 19:45:59,2017-07-05,Wednesday,363,320,69.3,18110.733333333334,16020140.634375,33966052.323367864,0.525,261.3381433381433,121.35835986960569,1.0826239359038559,13,61,0.515625,0.06998556998556998,0,BENIGN,BENIGN
20170705_1946,2017-07-05 19:46:00,2017-07-05 19:46:59,2017-07-05,Wednesday,364,395,68.51666666666667,20123.133333333335,12299994.498734178,30448634.04645419,0.620253164556962,293.69691072731695,78.75345387450649,1.1872340425531915,12,78,0.3924050632911392,0.06081245439065921,0,BENIGN,BENIGN
20170705_1947,2017-07-05 19:47:00,2017-07-05 19:47:59,2017-07-05,Wednesday,365,976,311.06666666666666,154167.16666666666,18493641.55840164,38881726.31487596,0.6290983606557377,495.6081225889413,182.8253213832403,1.0011793717165218,13,161,0.39139344262295084,0.036862408915559364,0,BENIGN,BENIGN
20170705_1948,2017-07-05 19:48:00,2017-07-05 19:48:59,2017-07-05,Wednesday,366,327,66.53333333333333,20038.666666666668,10322639.721712539,27822700.401977327,0.6055045871559633,301.1823647294589,94.14380804204988,1.073208722741433,13,52,0.42507645259938837,0.06613226452905811,0,BENIGN,BENIGN
20170705_1949,2017-07-05 19:49:00,2017-07-05 19:49:59,2017-07-05,Wednesday,367,608,152.48333333333332,59344.96666666667,16206139.945723685,36492598.57063875,0.631578947368421,389.18985681495246,152.04814499061717,1.0396790013374944,17,97,0.3832236842105263,0.04656246584326156,0,BENIGN,BENIGN
20170705_1950,2017-07-05 19:50:00,2017-07-05 19:50:59,2017-07-05,Wednesday,368,408,77.5,23843.916666666668,9170129.980392156,23730267.37940804,0.625,307.6634408602151,109.15326108528843,1.204265402843602,15,70,0.3872549019607843,0.06516129032258064,0,BENIGN,BENIGN
20170705_1951,2017-07-05 19:51:00,2017-07-05 19:51:59,2017-07-05,Wednesday,369,876,198.75,71675.2,16477986.719178082,36372500.8178303,0.678082191780822,360.62993710691825,130.59420925506126,1.0016784155756966,8,141,0.3230593607305936,0.04477987421383648,0,BENIGN,BENIGN
20170705_1952,2017-07-05 19:52:00,2017-07-05 19:52:59,2017-07-05,Wednesday,370,705,154.28333333333333,53855.15,15666673.710638298,35246600.42874429,0.6439716312056738,349.0665442367938,142.51115515028482,1.0860748084722849,17,95,0.3617021276595745,0.05520146915847467,0,BENIGN,BENIGN
20170705_1953,2017-07-05 19:53:00,2017-07-05 19:53:59,2017-07-05,Wednesday,371,774,419.71666666666664,290897.81666666665,20845644.682170544,38943471.08484623,0.5658914728682171,693.0814041218282,236.06453050972704,0.8107563991947081,9,113,0.46511627906976744,0.02874955327006314,0,BENIGN,BENIGN
20170705_1954,2017-07-05 19:54:00,2017-07-05 19:54:59,2017-07-05,Wednesday,372,514,123.26666666666667,38045.4,16094028.387159534,34204349.57181279,0.5700389105058365,308.6430502974581,152.43660438337886,1.0467625899280575,15,105,0.4357976653696498,0.05719307733910222,0,BENIGN,BENIGN
20170705_1955,2017-07-05 19:55:00,2017-07-05 19:55:59,2017-07-05,Wednesday,373,447,173.16666666666666,118643.33333333333,14191576.796420582,32663438.88136457,0.6196868008948546,685.1395572666025,156.96276424911758,0.7915517241379311,10,65,0.3982102908277405,0.030028873917228104,0,BENIGN,BENIGN
20170705_1956,2017-07-05 19:56:00,2017-07-05 19:56:59,2017-07-05,Wednesday,374,169,26.566666666666666,3651.4,7197272.9053254435,23380303.265186615,0.6804733727810651,137.44291091593476,116.96457558490008,1.3490427098674522,14,42,0.34911242603550297,0.05771643663739021,0,BENIGN,BENIGN
20170705_1957,2017-07-05 19:57:00,2017-07-05 19:57:59,2017-07-05,Wednesday,375,548,142.73333333333332,50066.76666666667,16554514.968978101,36794868.53135476,0.6751824817518248,350.7713685193835,185.42539151986463,0.9334085778781038,11,88,0.39416058394160586,0.047874824848201776,0,BENIGN,BENIGN
20170705_1958,2017-07-05 19:58:00,2017-07-05 19:58:59,2017-07-05,Wednesday,376,182,52.666666666666664,11015.583333333334,10316507.554945055,25820878.89736966,0.6208791208791209,209.15664556962025,176.3909278096821,1.0566037735849056,16,33,0.4175824175824176,0.05,0,BENIGN,BENIGN
20170705_1959,2017-07-05 19:59:00,2017-07-05 19:59:59,2017-07-05,Wednesday,377,631,188.15,91864.06666666667,20814135.359746434,40692889.13317359,0.6465927099841522,488.2490920364957,185.38832001667657,0.9679274882342688,13,116,0.3724247226624406,0.04260784834794933,0,BENIGN,BENIGN
20170705_2000,2017-07-05 20:00:00,2017-07-05 20:00:59,2017-07-05,Wednesday,378,292,119.88333333333334,59687.13333333333,24879268.315068495,39744245.839237384,0.5136986301369864,497.87682469067147,292.3904530958543,0.9900414937759336,14,81,0.5787671232876712,0.04254135965522035,0,BENIGN,BENIGN
20170705_2001,2017-07-05 20:01:00,2017-07-05 20:01:59,2017-07-05,Wednesday,379,110,25.216666666666665,3046.4166666666665,14950443.363636363,33301149.00003253,0.7,120.80964970257766,97.12199712768809,1.6514886164623468,17,33,0.34545454545454546,0.04230006609385327,0,BENIGN,BENIGN
20170705_2002,2017-07-05 20:02:00,2017-07-05 20:02:59,2017-07-05,Wednesday,380,773,159.45,62792.05,13189474.592496766,34210483.54023201,0.7373868046571799,393.80401379742864,165.01068123639868,0.9534503879134341,7,86,0.32341526520051744,0.05351729904881363,0,BENIGN,BENIGN
20170705_2003,2017-07-05 20:03:00,2017-07-05 20:03:59,2017-07-05,Wednesday,381,177,35.55,7933.066666666667,12869222.310734464,30779437.829595085,0.559322033898305,223.15236755743084,175.19772194690697,1.1954732510288066,12,20,0.4858757062146893,0.09657759024847633,0,BENIGN,BENIGN
20170705_2004,2017-07-05 20:04:00,2017-07-05 20:04:59,2017-07-05,Wednesday,382,392,68.7,18140.6,15785272.895408163,35388090.63014034,0.6887755102040817,264.0553129548763,93.02845588459166,1.0625312656328163,11,65,0.29846938775510207,0.06550218340611354,0,BENIGN,BENIGN
20170705_2005,2017-07-05 20:05:00,2017-07-05 20:05:59,2017-07-05,Wednesday,383,95,21.916666666666668,1788.4,11496189.957894737,26619587.303011294,0.47368421052631576,81.6,50.16724086154087,1.6967213114754098,11,28,0.5263157894736842,0.0806083650190114,0,BENIGN,BENIGN
20170705_2006,2017-07-05 20:06:00,2017-07-05 20:06:59,2017-07-05,Wednesday,384,919,247.28333333333333,102706.31666666667,15126420.102285093,34617814.28405672,0.6702937976060935,415.3386129271416,177.59910293636418,0.9408763897972531,10,116,0.3754080522306855,0.0501449080002696,0,BENIGN,BENIGN
20170705_2007,2017-07-05 20:07:00,2017-07-05 20:07:59,2017-07-05,Wednesday,385,1490,557.8166666666667,305468.35,16241116.213422818,33955382.12747179,0.6664429530201342,547.6142400430249,243.1688500101318,0.9570810431528476,16,161,0.4671140939597315,0.04398099734082285,0,BENIGN,BENIGN
20170705_2008,2017-07-05 20:08:00,2017-07-05 20:08:59,2017-07-05,Wednesday,386,1102,245.51666666666668,58473.85,7739921.161524501,24324611.371574245,0.8112522686025408,238.16651958454958,316.96406609038127,1.116970829142118,8,86,0.6488203266787659,0.09666689294684679,0,BENIGN,BENIGN
20170705_2009,2017-07-05 20:09:00,2017-07-05 20:09:59,2017-07-05,Wednesday,387,1944,421.71666666666664,109681.05,12098883.548868313,29901354.207182456,0.7098765432098766,260.08232225427815,241.34704499932596,1.081434564448466,15,214,0.48919753086419754,0.0727976919732838,0,BENIGN,BENIGN
20170705_2010,2017-07-05 20:10:00,2017-07-05 20:10:59,2017-07-05,Wednesday,388,2399,858.4666666666667,490178.5833333333,16558886.558982909,37180778.55255041,0.6932055022926219,570.9931466956589,234.2854437807379,0.9283815656471117,11,284,0.4481033764068362,0.040983924827211304,0,BENIGN,BENIGN
20170705_2011,2017-07-05 20:11:00,2017-07-05 20:11:59,2017-07-05,Wednesday,389,1592,428.8666666666667,159186.2,11464057.472361809,30392455.351607442,0.7286432160804021,371.1787657391575,262.9433738805904,1.0067846837713483,13,180,0.5596733668341709,0.069446603450956,0,BENIGN,BENIGN
20170705_2012,2017-07-05 20:12:00,2017-07-05 20:12:59,2017-07-05,Wednesday,390,1091,353.6,217562.86666666667,10139820.341888176,27347846.574144185,0.7268560953253895,615.2796003016591,297.64849673054107,1.1315049226441631,17,131,0.6397800183318056,0.06108597285067873,1,ATTACK,ATTACK
20170705_2013,2017-07-05 20:13:00,2017-07-05 20:13:59,2017-07-05,Wednesday,391,1776,439.4,166896.73333333334,8969894.355855856,26022201.369357817,0.7967342342342343,379.8287058109543,252.91766556725165,1.0125954198473281,10,143,0.49155405405405406,0.06118191473221059,0,BENIGN,BENIGN
20170705_2014,2017-07-05 20:14:00,2017-07-05 20:14:59,2017-07-05,Wednesday,392,2226,474.8666666666667,257319.4,6527610.262803234,23196039.60942228,0.8526504941599281,541.8771585006317,201.46135248188864,1.0648597724472788,11,112,0.3634321653189578,0.05471711357574056,1,ATTACK,ATTACK
20170705_2015,2017-07-05 20:15:00,2017-07-05 20:15:59,2017-07-05,Wednesday,393,837,205.36666666666667,60882.95,6051862.17562724,21403497.59533759,0.7777777777777778,296.4597467943516,310.5135423937109,1.102901023890785,8,64,0.7048984468339307,0.09779256614186009,0,BENIGN,BENIGN
20170705_2016,2017-07-05 20:16:00,2017-07-05 20:16:59,2017-07-05,Wednesday,394,1652,369.6666666666667,207231.28333333333,7051952.276634383,24281385.8047485,0.864406779661017,560.5895852119027,202.72488481926442,1.1150948793744637,15,86,0.3710653753026634,0.05342651036970243,1,ATTACK,ATTACK
20170705_2017,2017-07-05 20:17:00,2017-07-05 20:17:59,2017-07-05,Wednesday,395,1418,224.88333333333333,54567.433333333334,4960612.524682651,19680457.202363558,0.8787023977433004,242.64774327429038,193.0200755703082,1.0956670290417767,11,61,0.34978843441466856,0.073149040243089,0,BENIGN,BENIGN
20170705_2018,2017-07-05 20:18:00,2017-07-05 20:18:59,2017-07-05,Wednesday,396,1750,713.6333333333333,503001.65,11697009.622857142,31095258.99802803,0.7748571428571429,704.8460694100612,266.9214356334845,0.9692328918322296,13,126,0.504,0.041104208510439534,1,ATTACK,ATTACK
20170705_2019,2017-07-05 20:19:00,2017-07-05 20:19:59,2017-07-05,Wednesday,397,1811,457.8333333333333,215640.93333333332,6267909.134180011,16597176.690325206,0.7448923246824959,471.0031306880233,233.89894061927183,0.9570421030134644,12,174,0.48371065709552735,0.06589006188569349,0,BENIGN,BENIGN
20170705_2020,2017-07-05 20:20:00,2017-07-05 20:20:59,2017-07-05,Wednesday,398,1299,354.95,228750.78333333333,6369081.913779831,20676635.15414693,0.8475750577367206,644.4591726534254,233.03194784965373,1.104961454832971,12,105,0.43494996150885296,0.051274827440484574,1,ATTACK,ATTACK
20170705_2021,2017-07-05 20:21:00,2017-07-05 20:21:59,2017-07-05,Wednesday,399,1348,279.75,83441.9,8243327.8323442135,25481451.51563358,0.7559347181008902,298.2731009830205,232.83740852375323,1.0231408942991442,15,132,0.4873887240356083,0.07709264224009532,0,BENIGN,BENIGN
20170705_2022,2017-07-05 20:22:00,2017-07-05 20:22:59,2017-07-05,Wednesday,400,1294,692.5,643281.9666666667,17457105.188562598,37658833.81483188,0.6986089644513137,928.927027677497,187.6015313457773,0.9332340762108593,14,161,0.35316846986089645,0.023200962695547535,1,ATTACK,ATTACK
20170705_2023,2017-07-05 20:23:00,2017-07-05 20:23:59,2017-07-05,Wednesday,401,225,28.95,1969.8166666666666,7864155.511111111,21941532.262083657,0.5733333333333334,68.04202648244099,46.73762403562167,1.5558823529411765,11,20,0.4533333333333333,0.15889464594127806,0,BENIGN,BENIGN
20170705_2024,2017-07-05 20:24:00,2017-07-05 20:24:59,2017-07-05,Wednesday,402,687,251.96666666666667,196731.05,22047970.00727802,40885153.30955319,0.6244541484716157,780.7820478899325,167.97205887077706,1.0978215623699181,9,130,0.35662299854439594,0.02844291572959386,1,ATTACK,ATTACK
20170705_2025,2017-07-05 20:25:00,2017-07-05 20:25:59,2017-07-05,Wednesday,403,1339,372.8,153153.65,16932861.930545185,36899716.096796885,0.6930545182972367,410.8198766094421,184.8343096806151,0.9867661426414424,16,164,0.3554891710231516,0.045377324749642345,0,BENIGN,BENIGN
20170705_2026,2017-07-05 20:26:00,2017-07-05 20:26:59,2017-07-05,Wednesday,404,872,251.81666666666666,185628.51666666666,13910937.58027523,33752286.21547715,0.7144495412844036,737.1573896353167,143.65157710878572,1.0847130242825607,13,119,0.31995412844036697,0.03918194453636905,1,ATTACK,ATTACK
20170705_2027,2017-07-05 20:27:00,2017-07-05 20:27:59,2017-07-05,Wednesday,405,341,95.08333333333333,41544.36666666667,13287849.360703813,25161083.455068253,0.4897360703812317,436.92585451358457,144.4728644987802,1.1024318349299926,14,55,0.5542521994134897,0.07291849255039438,0,BENIGN,BENIGN
20170705_2028,2017-07-05 20:28:00,2017-07-05 20:28:59,2017-07-05,Wednesday,406,354,157.13333333333333,145761.21666666667,16830935.200564973,37219416.12452318,0.5988700564971752,927.6275986423419,145.17214241631294,1.275887038377987,14,72,0.4350282485875706,0.026304624522698345,1,ATTACK,ATTACK
20170705_2029,2017-07-05 20:29:00,2017-07-05 20:29:59,2017-07-05,Wednesday,407,1919,478.4166666666667,179560.26666666666,16798240.340281397,35906327.62867735,0.6920270974465867,375.32192997735586,182.83049871862423,0.9740063265025444,12,217,0.3392391870766024,0.04560181153109214,0,BENIGN,BENIGN
20170705_2030,2017-07-05 20:30:00,2017-07-05 20:30:59,2017-07-05,Wednesday,408,273,134.25,148884.45,8676531.663003663,26532705.051137853,0.7838827838827839,1109.008938547486,112.88615294763315,1.226029289859077,14,29,0.2490842490842491,0.018870266914959653,1,ATTACK,ATTACK
20170705_2031,2017-07-05 20:31:00,2017-07-05 20:31:59,2017-07-05,Wednesday,409,339,88.96666666666667,33211.333333333336,18092837.828908555,39147615.7623882,0.7433628318584071,373.30086174597227,143.14778081979844,1.1111111111111112,10,52,0.27728613569321536,0.0258523791682278,0,BENIGN,BENIGN
20170705_2032,2017-07-05 20:32:00,2017-07-05 20:32:59,2017-07-05,Wednesday,410,378,108.0,70341.31666666667,14072583.314814815,34395802.06022057,0.7142857142857143,651.308487654321,108.92235932081157,0.9585977636748262,10,58,0.2777777777777778,0.01728395061728395,1,ATTACK,ATTACK
20170705_2033,2017-07-05 20:33:00,2017-07-05 20:33:59,2017-07-05,Wednesday,411,1636,397.6333333333333,185194.9,12487932.480440097,30029376.91004879,0.7023227383863081,465.7428954648336,183.73569605010942,0.9582239001969797,14,203,0.31968215158924207,0.04308827227764272,0,BENIGN,BENIGN
20170705_2034,2017-07-05 20:34:00,2017-07-05 20:34:59,2017-07-05,Wednesday,412,241,125.01666666666667,76563.98333333334,12010542.199170124,30018014.485403173,0.6846473029045643,612.4302093054259,184.66415915790046,0.9270485486771127,15,42,0.34439834024896265,0.022397013731502467,0,BENIGN,BENIGN
20170705_2035,2017-07-05 20:35:00,2017-07-05 20:35:59,2017-07-05,Wednesday,413,792,201.65,90609.45,10307676.392676767,30024301.16716419,0.8005050505050505,449.3401934044136,130.91673528391658,0.8609658566594894,11,85,0.2361111111111111,0.031903463096123644,0,BENIGN,BENIGN
20170705_2036,2017-07-05 20:36:00,2017-07-05 20:36:59,2017-07-05,Wednesday,414,274,49.016666666666666,9488.4,15194028.310218979,35774859.39186838,0.6897810218978102,193.5749744984699,149.87058700178036,1.2220543806646527,8,62,0.3905109489051095,0.057803468208092484,0,BENIGN,BENIGN
20170705_2037,2017-07-05 20:37:00,2017-07-05 20:37:59,2017-07-05,Wednesday,415,75,22.116666666666667,2022.3833333333334,24676493.826666668,35236317.206953876,0.52,91.44159758854559,77.24198091008503,1.558766859344894,14,28,0.5066666666666667,0.028636021100226075,0,BENIGN,BENIGN
20170705_2038,2017-07-05 20:38:00,2017-07-05 20:38:59,2017-07-05,Wednesday,416,343,94.95,51299.183333333334,11659206.361516034,29197720.30520427,0.6763848396501457,540.2757591714937,209.5537588509656,0.9256505576208178,9,80,0.48104956268221577,0.04598911707916447,0,BENIGN,BENIGN
20170705_2039,2017-07-05 20:39:00,2017-07-05 20:39:59,2017-07-05,Wednesday,417,689,230.31666666666666,139986.86666666667,19497151.64731495,40011413.797397554,0.6719883889695211,607.8017222664447,173.42809670579865,0.8311912018020405,13,111,0.36429608127721336,0.033938779940661405,0,BENIGN,BENIGN
20170705_2040,2017-07-05 20:40:00,2017-07-05 20:40:59,2017-07-05,Wednesday,418,668,291.6333333333333,199635.21666666667,18023468.528443113,38371178.82637495,0.6766467065868264,684.5418333523832,192.6356668264848,0.8572489917215028,15,115,0.3338323353293413,0.02640301748771288,0,BENIGN,BENIGN
20170705_2041,2017-07-05 20:41:00,2017-07-05 20:41:59,2017-07-05,Wednesday,419,274,63.36666666666667,19281.083333333332,15296528.901459854,35327596.69663042,0.6897810218978102,304.27801157285637,156.49689673631016,1.1558956916099774,15,56,0.33941605839416056,0.04602840610205155,0,BENIGN,BENIGN
20170705_2042,2017-07-05 20:42:00,2017-07-05 20:42:59,2017-07-05,Wednesday,420,180,31.566666666666666,3986.5666666666666,12208171.688888889,29162854.11299841,0.6666666666666666,126.29039070749737,92.41656961886633,1.1907514450867052,13,59,0.4666666666666667,0.03590285110876452,0,BENIGN,BENIGN
20170705_2043,2017-07-05 20:43:00,2017-07-05 20:43:59,2017-07-05,Wednesday,421,787,195.45,76273.56666666667,14147300.731893266,32040677.437751718,0.6925031766200762,390.2459281998806,206.45632643486852,0.9372315824248431,15,121,0.3570520965692503,0.048094141724226144,0,BENIGN,BENIGN
20170705_2044,2017-07-05 20:44:00,2017-07-05 20:44:59,2017-07-05,Wednesday,422,115,26.35,3608.0833333333335,13005275.269565217,33250402.02212553,0.6521739130434783,136.9291587602783,106.53054195067408,1.100929614873838,9,42,0.4,0.04174573055028463,0,BENIGN,BENIGN
20170705_2045,2017-07-05 20:45:00,2017-07-05 20:45:59,2017-07-05,Wednesday,423,656,261.1166666666667,161192.58333333334,19427810.13414634,39305902.56820329,0.6798780487804879,617.3201634007787,199.90578407349145,0.8714763497372193,11,96,0.3628048780487805,0.02846747941533159,0,BENIGN,BENIGN
20170705_2046,2017-07-05 20:46:00,2017-07-05 20:46:59,2017-07-05,Wednesday,424,965,198.61666666666667,63417.316666666666,9267102.661139896,27919746.707588416,0.794818652849741,319.29504069816227,129.44994595823658,0.9416748126425546,17,107,0.22487046632124352,0.03725769908534027,0,BENIGN,BENIGN
20170705_2047,2017-07-05 20:47:00,2017-07-05 20:47:59,2017-07-05,Wednesday,425,146,23.4,3670.25,15414799.410958905,34701274.647120595,0.684931506849315,156.8482905982906,133.01611517711882,1.3573825503355705,10,42,0.363013698630137,0.04772079772079772,0,BENIGN,BENIGN
20170705_2048,2017-07-05 20:48:00,2017-07-05 20:48:59,2017-07-05,Wednesday,426,177,47.416666666666664,11321.85,16888483.525423728,31906973.72639107,0.5480225988700564,238.77363796133568,127.04171840715055,1.032857142857143,13,70,0.615819209039548,0.03304042179261863,0,BENIGN,BENIGN
20170705_2049,2017-07-05 20:49:00,2017-07-05 20:49:59,2017-07-05,Wednesday,427,334,70.76666666666667,33814.0,3066458.128742515,13177495.656727273,0.7934131736526946,477.8238341968912,172.31209856612713,1.0910881339241754,11,44,0.2964071856287425,0.047338671691003295,0,BENIGN,BENIGN
20170705_2050,2017-07-05 20:50:00,2017-07-05 20:50:59,2017-07-05,Wednesday,428,89,54.416666666666664,32970.583333333336,20089052.786516853,36216620.5852454,0.5730337078651685,605.8912710566616,320.04934289982344,1.6574450772986167,11,25,0.6292134831460674,0.02879019908116386,0,BENIGN,BENIGN
20170705_2051,2017-07-05 20:51:00,2017-07-05 20:51:59,2017-07-05,Wednesday,429,413,272.9166666666667,160438.48333333334,15952217.472154964,33237558.26526889,0.6997578692493946,587.8661984732825,192.5551082460131,1.0360561979360936,12,70,0.34382566585956414,0.018442748091603053,0,BENIGN,BENIGN
20170705_2052,2017-07-05 20:52:00,2017-07-05 20:52:59,2017-07-05,Wednesday,430,476,142.45,66468.38333333333,21952685.586134452,38311030.26896978,0.6197478991596639,466.6085176085176,159.71527694301642,1.0141376060320453,12,91,0.41596638655462187,0.03744003744003744,0,BENIGN,BENIGN
20170705_2053,2017-07-05 20:53:00,2017-07-05 20:53:59,2017-07-05,Wednesday,431,757,160.91666666666666,58413.8,12153813.40290621,29748287.271716163,0.6697490092470277,363.0065251165199,154.59697578973893,1.0397127165188003,11,91,0.3104359313077939,0.05044018643190057,0,BENIGN,BENIGN
20170705_2054,2017-07-05 20:54:00,2017-07-05 20:54:59,2017-07-05,Wednesday,432,285,168.56666666666666,134531.4,24247499.575438596,39317772.1100369,0.5859649122807018,798.0901720387582,168.35512287152645,0.8104528369429032,8,72,0.4982456140350877,0.01957682420407356,0,BENIGN,BENIGN
20170705_2055,2017-07-05 20:55:00,2017-07-05 20:55:59,2017-07-05,Wednesday,433,332,90.56666666666666,35481.816666666666,16419946.921686746,37285801.11263958,0.6445783132530121,391.7756716967243,178.59581848362052,0.9857508220679576,14,62,0.3885542168674699,0.04066985645933014,0,BENIGN,BENIGN
20170705_2056,2017-07-05 20:56:00,2017-07-05 20:56:59,2017-07-05,Wednesday,434,400,160.91666666666666,82664.1,31958202.0675,44527485.55214415,0.54,513.7075090626619,185.99774715278946,0.9393452500502109,13,113,0.45,0.02837907819782496,0,BENIGN,BENIGN
20170705_2057,2017-07-05 20:57:00,2017-07-05 20:57:59,2017-07-05,Wednesday,435,1342,314.25,98651.71666666666,15690271.226527572,35168710.17275467,0.7078986587183308,313.9274993370459,177.25015353845302,1.0240446543580937,16,162,0.338301043219076,0.048846459824980114,0,BENIGN,BENIGN
20170705_2058,2017-07-05 20:58:00,2017-07-05 20:58:59,2017-07-05,Wednesday,436,115,20.216666666666665,2189.05,13066027.330434782,32385346.094534285,0.7043478260869566,108.27947238252267,96.2667707315279,1.5397489539748954,10,36,0.30434782608695654,0.0247320692497939,0,BENIGN,BENIGN
20170705_2059,2017-07-05 20:59:00,2017-07-05 20:59:59,2017-07-05,Wednesday,437,109,16.7,1609.3666666666666,34538728.72477064,33212721.752155386,0.3486238532110092,96.36926147704591,49.53727716484679,1.539240506329114,11,59,0.6972477064220184,0.05289421157684631,0,BENIGN,BENIGN
20170705_2100,2017-07-05 21:00:00,2017-07-05 21:00:59,2017-07-05,Wednesday,438,1030,275.8,109586.7,17271966.800970875,37219106.22027471,0.6650485436893204,397.3411892675852,200.32734490811853,1.007399320718098,13,154,0.37766990291262137,0.04411409233744259,0,BENIGN,BENIGN
20170705_2101,2017-07-05 21:01:00,2017-07-05 21:01:59,2017-07-05,Wednesday,439,135,31.25,7680.55,8469256.2,21885519.13847784,0.762962962962963,245.7776,146.2731124681103,1.2548076923076923,15,34,0.28888888888888886,0.05173333333333333,0,BENIGN,BENIGN
20170705_2102,2017-07-05 21:02:00,2017-07-05 21:02:59,2017-07-05,Wednesday,440,103,45.0,11576.166666666666,23969444.2815534,42659485.878911056,0.5728155339805825,257.2481481481482,187.17192926120643,1.0555555555555556,13,27,0.47572815533980584,0.03925925925925926,0,BENIGN,BENIGN
20170705_2103,2017-07-05 21:03:00,2017-07-05 21:03:59,2017-07-05,Wednesday,441,52,11.733333333333333,1885.6,6169708.480769231,11335441.830024982,0.40384615384615385,160.70454545454547,156.5325824919585,1.2452229299363058,9,27,0.7692307692307693,0.08238636363636363,0,BENIGN,BENIGN
20170705_2104,2017-07-05 21:04:00,2017-07-05 21:04:59,2017-07-05,Wednesday,442,228,79.88333333333334,38670.5,24484907.451754387,45039814.10025782,0.6403508771929824,484.08721051533485,193.1442859515368,0.9809917355371901,17,41,0.3684210526315789,0.0358856665971208,0,BENIGN,BENIGN
20170705_2105,2017-07-05 21:05:00,2017-07-05 21:05:59,2017-07-05,Wednesday,443,1290,354.68333333333334,187860.53333333333,18387279.033333335,36786906.51180765,0.6651162790697674,529.6570649875475,177.82143911352392,0.9460497439648866,8,186,0.3147286821705426,0.038485033598045205,0,BENIGN,BENIGN
20170705_2106,2017-07-05 21:06:00,2017-07-05 21:06:59,2017-07-05,Wednesday,444,888,303.26666666666665,158638.36666666667,19649955.542792793,39930357.46321679,0.6824324324324325,523.0985930973841,189.11642801983504,0.9144660704892162,10,124,0.3502252252252252,0.03379863706309079,0,BENIGN,BENIGN
20170705_2107,2017-07-05 21:07:00,2017-07-05 21:07:59,2017-07-05,Wednesday,445,400,189.78333333333333,149026.13333333333,13367343.1725,32201764.487706136,0.715,785.2435233160621,181.32636923575333,0.6588492352512746,12,63,0.32,0.02116448581715992,0,BENIGN,BENIGN
20170705_2108,2017-07-05 21:08:00,2017-07-05 21:08:59,2017-07-05,Wednesday,446,275,93.05,40403.433333333334,21538294.836363636,39666584.36593089,0.6,434.2120723625291,176.18524871339793,0.9156089193825043,11,68,0.43272727272727274,0.02059824467132366,0,BENIGN,BENIGN
20170705_2109,2017-07-05 21:09:00,2017-07-05 21:09:59,2017-07-05,Wednesday,447,562,178.28333333333333,95297.6,19992660.950177938,40638819.342012286,0.6583629893238434,534.5289333457979,183.22539719782537,0.8771714335848394,10,98,0.33274021352313166,0.033093390670281386,0,BENIGN,BENIGN
20170705_2110,2017-07-05 21:10:00,2017-07-05 21:10:59,2017-07-05,Wednesday,448,499,214.18333333333334,131061.45,17235582.925851703,33855216.44763078,0.6533066132264529,611.9124581744611,186.21832386637664,0.815510665348213,16,86,0.40480961923847697,0.028480273908645243,0,BENIGN,BENIGN
20170705_2111,2017-07-05 21:11:00,2017-07-05 21:11:59,2017-07-05,Wednesday,449,801,310.23333333333335,189844.28333333333,19457619.50062422,38943341.040793814,0.6791510611735331,611.9403137423445,200.2631938969655,0.8137971353405437,11,133,0.3732833957553059,0.031589126463951865,0,BENIGN,BENIGN
20170705_2112,2017-07-05 21:12:00,2017-07-05 21:12:59,2017-07-05,Wednesday,450,325,228.23333333333332,210432.1,29722649.99076923,48208868.354921766,0.6123076923076923,922.0042354315759,246.18251086195926,0.6723653681768226,14,73,0.42153846153846153,0.019132466773769535,0,BENIGN,BENIGN
20170705_2113,2017-07-05 21:13:00,2017-07-05 21:13:59,2017-07-05,Wednesday,451,1269,290.3333333333333,111226.86666666667,12818554.875492513,33004859.100369804,0.7698975571315997,383.1005740528129,141.6027921783338,0.9273149684699635,13,118,0.2466509062253743,0.03283582089552239,0,BENIGN,BENIGN
20170705_2114,2017-07-05 21:14:00,2017-07-05 21:14:59,2017-07-05,Wednesday,452,614,156.98333333333332,74658.43333333333,14526661.363192182,34755931.77242575,0.741042345276873,475.58190890752735,149.32709296185715,0.8900481540930979,10,97,0.28664495114006516,0.03790211275082281,0,BENIGN,BENIGN
20170705_2115,2017-07-05 21:15:00,2017-07-05 21:15:59,2017-07-05,Wednesday,453,613,131.1,41450.98333333333,18037593.55791191,35133577.915345706,0.6802610114192496,316.17836257309943,174.48738363813465,1.0120204603580563,9,109,0.32463295269168024,0.04017289600813628,0,BENIGN,BENIGN
20170705_2116,2017-07-05 21:16:00,2017-07-05 21:16:59,2017-07-05,Wednesday,454,543,159.08333333333334,68982.71666666666,14360124.670349907,29409790.98952267,0.6593001841620626,433.6262964903091,179.94383880126094,0.9678416821273964,11,100,0.3406998158379374,0.03509690937663698,0,BENIGN,BENIGN
20170705_2117,2017-07-05 21:17:00,2017-07-05 21:17:59,2017-07-05,Wednesday,455,1034,286.6333333333333,139487.91666666666,14735742.252417795,33798560.16896339,0.695357833655706,486.64234213280616,175.93425563774508,0.9240407204385278,12,142,0.3481624758220503,0.04087684614490057,0,BENIGN,BENIGN
20170705_2118,2017-07-05 21:18:00,2017-07-05 21:18:59,2017-07-05,Wednesday,456,702,463.3,342019.7,25275628.96866097,45551727.04503107,0.6452991452991453,738.2251241096482,225.78225733702664,0.7654642448875905,11,109,0.3903133903133903,0.019533779408590544,0,BENIGN,BENIGN
20170705_2119,2017-07-05 21:19:00,2017-07-05 21:19:59,2017-07-05,Wednesday,457,190,47.88333333333333,17216.7,11746737.415789474,27566739.384280525,0.7631578947368421,359.5551688130874,173.01516912408846,1.1024140453547915,15,40,0.30526315789473685,0.0403759136790811,0,BENIGN,BENIGN
20170705_2120,2017-07-05 21:20:00,2017-07-05 21:20:59,2017-07-05,Wednesday,458,311,88.06666666666666,33424.916666666664,13374773.225080386,31339733.1288132,0.6205787781350482,379.5410673732021,178.12349677980416,1.0326923076923078,14,62,0.4694533762057878,0.04239212717638153,0,BENIGN,BENIGN
20170705_2121,2017-07-05 21:21:00,2017-07-05 21:21:59,2017-07-05,Wednesday,459,781,223.65,105225.0,16861113.110115238,35743240.18417349,0.6850192061459667,470.4896042924212,188.25001501442333,1.0238274770019604,11,118,0.3559539052496799,0.03852746106267233,0,BENIGN,BENIGN
20170705_2122,2017-07-05 21:22:00,2017-07-05 21:22:59,2017-07-05,Wednesday,460,366,114.1,58754.36666666667,17795821.308743168,38608351.206972785,0.7213114754098361,514.9374817411627,183.76975925181233,1.0786278081360048,14,59,0.3224043715846995,0.034764826175869123,0,BENIGN,BENIGN
20170705_2123,2017-07-05 21:23:00,2017-07-05 21:23:59,2017-07-05,Wednesday,461,953,291.95,126724.81666666667,19894408.66736621,37403399.178811796,0.5634837355718783,434.06342410230064,208.60940760007796,0.9557887685609021,12,172,0.4858342077649528,0.05137866072957698,0,BENIGN,BENIGN
20170705_2124,2017-07-05 21:24:00,2017-07-05 21:24:59,2017-07-05,Wednesday,462,659,166.71666666666667,79369.5,14822169.587253414,34992438.36714402,0.708649468892261,476.074177746676,157.49356815720526,0.9615686274509804,12,98,0.30349013657056145,0.0364890532840148,0,BENIGN,BENIGN
20170705_2125,2017-07-05 21:25:00,2017-07-05 21:25:59,2017-07-05,Wednesday,463,545,134.38333333333333,50073.85,16151048.737614678,34401949.97420579,0.653211009174312,372.6194964653355,196.5297539860789,1.0337957124842372,12,98,0.3889908256880734,0.04663276696018852,0,BENIGN,BENIGN
20170705_2126,2017-07-05 21:26:00,2017-07-05 21:26:59,2017-07-05,Wednesday,464,79,21.683333333333334,2506.7833333333333,13719776.544303797,27876960.54653354,0.4936708860759494,115.60876249039201,100.94993529156291,1.2882249560632688,12,36,0.569620253164557,0.04304381245196003,0,BENIGN,BENIGN
20170705_2127,2017-07-05 21:27:00,2017-07-05 21:27:59,2017-07-05,Wednesday,465,1388,542.1833333333333,357502.88333333336,16961362.996397693,37472082.74923466,0.6887608069164265,659.3763794534444,195.77129680220025,0.847254556811084,15,163,0.33213256484149856,0.029141434324183087,0,BENIGN,BENIGN
20170705_2128,2017-07-05 21:28:00,2017-07-05 21:28:59,2017-07-05,Wednesday,466,651,221.16666666666666,124591.41666666667,15817255.01843318,36190065.135969736,0.6897081413210445,563.3372268274303,197.33178465898914,0.8760248798416738,19,98,0.36098310291858676,0.03481537302185381,0,BENIGN,BENIGN
20170705_2129,2017-07-05 21:29:00,2017-07-05 21:29:59,2017-07-05,Wednesday,467,478,266.3,185960.35,21282719.78661088,38727823.09807603,0.5983263598326359,698.3114907998498,209.19183690384256,0.8055367231638418,13,85,0.39748953974895396,0.023219426711728625,0,BENIGN,BENIGN
20170705_2130,2017-07-05 21:30:00,2017-07-05 21:30:59,2017-07-05,Wednesday,468,185,26.883333333333333,3096.35,9531302.827027027,22593826.938444912,0.5675675675675675,115.17730936143832,73.92274280427938,1.3562043795620438,8,68,0.4864864864864865,0.022318660880347178,0,BENIGN,BENIGN
20170705_2131,2017-07-05 21:31:00,2017-07-05 21:31:59,2017-07-05,Wednesday,469,141,62.56666666666667,35107.01666666667,17914650.035460994,36571489.09325562,0.6312056737588653,561.1137453383058,145.80535852007023,1.0385450597176982,14,44,0.40425531914893614,0.018114011720831113,0,BENIGN,BENIGN
20170705_2132,2017-07-05 21:32:00,2017-07-05 21:32:59,2017-07-05,Wednesday,470,204,62.2,17400.25,16121909.387254901,37084272.91816048,0.7058823529411765,279.7467845659164,180.43056150836,1.0145709660010793,10,37,0.4068627450980392,0.04662379421221865,0,BENIGN,BENIGN
20170705_2133,2017-07-05 21:33:00,2017-07-05 21:33:59,2017-07-05,Wednesday,471,363,104.95,40456.78333333333,18504651.09090909,40212235.81494861,0.721763085399449,385.4862632999841,188.76991349500955,0.998730561726436,9,53,0.33608815426997246,0.03843099888835954,0,BENIGN,BENIGN
20170705_2134,2017-07-05 21:34:00,2017-07-05 21:34:59,2017-07-05,Wednesday,472,760,243.4,135556.15,21618290.606578946,41457196.12814971,0.6644736842105263,556.927485620378,194.57644521488905,0.8850025813113062,9,109,0.3671052631578947,0.037592440427280195,0,BENIGN,BENIGN
20170705_2135,2017-07-05 21:35:00,2017-07-05 21:35:59,2017-07-05,Wednesday,473,358,63.666666666666664,13097.383333333333,15497101.648044692,36827069.55592775,0.7206703910614525,205.71806282722514,106.2389579005067,1.1599773883550029,7,59,0.3016759776536313,0.050785340314136125,0,BENIGN,BENIGN
20170705_2136,2017-07-05 21:36:00,2017-07-05 21:36:59,2017-07-05,Wednesday,474,391,193.06666666666666,129763.01666666666,22447528.557544757,41087657.37357906,0.6112531969309463,672.1150725138122,201.6465689284209,0.8067685589519651,13,75,0.40153452685422,0.02581146408839779,0,BENIGN,BENIGN
20170705_2137,2017-07-05 21:37:00,2017-07-05 21:37:59,2017-07-05,Wednesday,475,227,59.6,25132.95,20283461.71365639,41267886.870974705,0.6475770925110133,421.69379194630875,132.40081238967437,0.9994410285075461,15,53,0.3524229074889868,0.031879194630872486,0,BENIGN,BENIGN
20170705_2138,2017-07-05 21:38:00,2017-07-05 21:38:59,2017-07-05,Wednesday,476,546,178.71666666666667,94459.8,13507037.512820512,30175151.739301164,0.6978021978021978,528.5449967359881,206.60262092440507,0.9508822994360561,11,112,0.41208791208791207,0.038049053436538284,0,BENIGN,BENIGN
20170705_2139,2017-07-05 21:39:00,2017-07-05 21:39:59,2017-07-05,Wednesday,477,995,224.13333333333333,89073.43333333333,17569058.82110553,37104827.635497175,0.7045226130653266,397.4127007733492,153.2102019017129,0.96565331774335,7,147,0.31155778894472363,0.044318857822724565,0,BENIGN,BENIGN
20170705_2140,2017-07-05 21:40:00,2017-07-05 21:40:59,2017-07-05,Wednesday,478,577,213.28333333333333,137189.75,17330750.750433277,37782293.1936017,0.7261698440207972,643.2277096194421,176.0402178329394,0.9239326518340348,14,88,0.3275563258232236,0.030085176213174962,0,BENIGN,BENIGN
20170705_2141,2017-07-05 21:41:00,2017-07-05 21:41:59,2017-07-05,Wednesday,479,654,270.2,205883.6,13766620.683486238,33936932.543009445,0.7324159021406728,761.9674315321984,132.40825915860484,0.8328057879267465,12,92,0.2966360856269113,0.020231926967678265,0,BENIGN,BENIGN
20170705_2142,2017-07-05 21:42:00,2017-07-05 21:42:59,2017-07-05,Wednesday,480,1191,168.76666666666668,38288.8,7712723.296389588,27347222.369944483,0.8774139378673383,226.87418526565278,97.54873915049654,1.0454453645728137,13,88,0.1570109151973132,0.03347817499506221,0,BENIGN,BENIGN
20170705_2143,2017-07-05 21:43:00,2017-07-05 21:43:59,2017-07-05,Wednesday,481,446,182.98333333333332,122500.08333333333,18779266.872197308,37443758.23336141,0.6524663677130045,669.4603333636943,208.66557439042782,0.8663946965833759,11,91,0.35201793721973096,0.024683486656343928,0,BENIGN,BENIGN
20170705_2144,2017-07-05 21:44:00,2017-07-05 21:44:59,2017-07-05,Wednesday,482,819,222.78333333333333,103738.1,14507163.002442002,34871504.50782853,0.6959706959706959,465.64569462108176,193.03308405340368,0.9323503902862099,11,111,0.3540903540903541,0.040622428368369864,0,BENIGN,BENIGN
20170705_2145,2017-07-05 21:45:00,2017-07-05 21:45:59,2017-07-05,Wednesday,483,161,94.86666666666666,47633.566666666666,15255336.161490683,34166038.85693061,0.5527950310559007,502.110681658468,150.93798197045354,0.9919524142757172,12,67,0.5093167701863354,0.017041461700632466,0,BENIGN,BENIGN
20170705_2146,2017-07-05 21:46:00,2017-07-05 21:46:59,2017-07-05,Wednesday,484,91,17.683333333333334,2136.133333333333,15115777.516483517,29925992.211643543,0.6373626373626373,120.79924599434496,80.92934334542434,1.5165876777251184,13,40,0.42857142857142855,0.033930254476908575,0,BENIGN,BENIGN
20170705_2147,2017-07-05 21:47:00,2017-07-05 21:47:59,2017-07-05,Wednesday,485,279,82.93333333333334,35305.26666666667,18706732.605734766,40130393.89336537,0.6487455197132617,425.70659163987136,138.62729905641817,1.0272912423625256,8,59,0.3942652329749104,0.032355305466237945,0,BENIGN,BENIGN
20170705_2148,2017-07-05 21:48:00,2017-07-05 21:48:59,2017-07-05,Wednesday,486,2428,732.3,333326.88333333336,18380738.119439866,38191714.81046143,0.6639209225700164,455.1780463380218,202.1782284315901,0.9148871262965222,8,282,0.37891268533772654,0.04242341481178023,0,BENIGN,BENIGN
20170705_2149,2017-07-05 21:49:00,2017-07-05 21:49:59,2017-07-05,Wednesday,487,175,34.8,7266.033333333334,9552316.211428571,18847981.389846664,0.6628571428571428,208.794061302682,163.6293132926539,1.4011494252873564,9,47,0.37142857142857144,0.06369731800766283,0,BENIGN,BENIGN
20170705_2150,2017-07-05 21:50:00,2017-07-05 21:50:59,2017-07-05,Wednesday,488,1103,352.5833333333333,174180.98333333334,16130110.369900271,35360702.79818915,0.6917497733454215,494.0136610730324,185.96263602145248,0.8855614973262033,9,182,0.3744333635539438,0.03403450720869771,0,BENIGN,BENIGN
20170705_2151,2017-07-05 21:51:00,2017-07-05 21:51:59,2017-07-05,Wednesday,489,350,95.96666666666667,39236.88333333333,15588397.385714285,37065593.11099173,0.6742857142857143,408.8594998263286,149.70129631499734,1.0693496227093064,7,73,0.4085714285714286,0.035602639805488015,0,BENIGN,BENIGN
20170705_2152,2017-07-05 21:52:00,2017-07-05 21:52:59,2017-07-05,Wednesday,490,218,122.66666666666667,90125.0,22149926.70183486,42765514.99277246,0.7293577981651376,734.7146739130435,134.73035363749094,0.7315925664549517,14,44,0.3302752293577982,0.01548913043478261,0,BENIGN,BENIGN
20170705_2153,2017-07-05 21:53:00,2017-07-05 21:53:59,2017-07-05,Wednesday,491,355,114.3,53369.083333333336,20472457.402816903,38497380.42231064,0.6309859154929578,466.92111402741324,210.17304706616272,0.9337468283056104,6,74,0.4253521126760563,0.039953339165937594,0,BENIGN,BENIGN
20170705_2154,2017-07-05 21:54:00,2017-07-05 21:54:59,2017-07-05,Wednesday,492,448,124.48333333333333,52557.35,20184401.06473214,40172920.34017535,0.6763392857142857,422.20390949256927,250.87744006133926,1.0601213458356316,12,94,0.5200892857142857,0.05676797429374749,0,BENIGN,BENIGN
20170705_2155,2017-07-05 21:55:00,2017-07-05 21:55:59,2017-07-05,Wednesday,493,616,176.88333333333333,62578.45,24905279.97077922,42276019.192964464,0.564935064935065,353.783755771224,199.24984146743816,0.9973654497553632,16,141,0.45616883116883117,0.05220013191369076,0,BENIGN,BENIGN
20170705_2156,2017-07-05 21:56:00,2017-07-05 21:56:59,2017-07-05,Wednesday,494,110,23.116666666666667,3823.15,19133872.454545453,39218105.851874135,0.7090909090909091,165.38500360490266,104.41276523920838,1.6139359698681732,12,29,0.36363636363636365,0.043258832011535686,0,BENIGN,BENIGN
20170705_2157,2017-07-05 21:57:00,2017-07-05 21:57:59,2017-07-05,Wednesday,495,974,330.71666666666664,178117.71666666667,19107300.180698153,39226261.88063271,0.6765913757700205,538.5810109358464,212.2743237545511,0.877566467972372,9,133,0.40349075975359344,0.03850224260444489,0,BENIGN,BENIGN
20170705_2158,2017-07-05 21:58:00,2017-07-05 21:58:59,2017-07-05,Wednesday,496,81,15.716666666666667,2335.5666666666666,8999121.75308642,26741396.483938653,0.8395061728395061,148.60445387062566,105.10626905740413,1.6368715083798884,14,17,0.3950617283950617,0.05514316012725345,0,BENIGN,BENIGN
20170705_2159,2017-07-05 21:59:00,2017-07-05 21:59:59,2017-07-05,Wednesday,497,238,87.75,50741.65,22674228.6302521,39125477.74025382,0.5840336134453782,578.2524216524216,206.57265667194028,0.8588069184609954,9,40,0.4831932773109244,0.03912630579297246,0,BENIGN,BENIGN
20170705_2200,2017-07-05 22:00:00,2017-07-05 22:00:59,2017-07-05,Wednesday,498,466,101.11666666666666,36524.03333333333,9045906.105150215,23092716.390772443,0.6373390557939914,361.20685676611174,165.00558530514127,1.0945806006213323,15,79,0.34120171673819744,0.046151310367562225,0,BENIGN,BENIGN
20170705_2201,2017-07-05 22:01:00,2017-07-05 22:01:59,2017-07-05,Wednesday,499,564,258.06666666666666,206368.55,18065728.452127658,36248050.65890818,0.6205673758865248,799.6714673211056,222.47351166933217,0.7290084859312193,12,119,0.41843971631205673,0.02899767501937484,0,BENIGN,BENIGN
20170705_2202,2017-07-05 22:02:00,2017-07-05 22:02:59,2017-07-05,Wednesday,500,748,198.71666666666667,67506.75,18937980.45053476,38845659.85452261,0.6310160427807486,339.71357879728254,205.42840963857768,1.0558620689655172,12,126,0.4037433155080214,0.05166484945064162,0,BENIGN,BENIGN
20170705_2203,2017-07-05 22:03:00,2017-07-05 22:03:59,2017-07-05,Wednesday,501,211,91.13333333333334,64665.11666666667,17688475.075829383,30693584.633357406,0.5545023696682464,709.5660204828091,262.59667974200187,0.7843393148450245,6,42,0.5071090047393365,0.0296269202633504,0,BENIGN,BENIGN
20170705_2204,2017-07-05 22:04:00,2017-07-05 22:04:59,2017-07-05,Wednesday,502,78,27.283333333333335,12491.1,24384511.628205128,38075376.64755091,0.4358974358974359,457.82895540623093,89.1451172280446,1.2165087956698242,12,39,0.5897435897435898,0.012217470983506415,0,BENIGN,BENIGN
20170705_2205,2017-07-05 22:05:00,2017-07-05 22:05:59,2017-07-05,Wednesday,503,146,36.1,19218.75,12167057.897260275,27558720.361133967,0.6506849315068494,532.3753462603878,116.89222781297659,0.856898029134533,8,37,0.363013698630137,0.034164358264081256,0,BENIGN,BENIGN
20170705_2206,2017-07-05 22:06:00,2017-07-05 22:06:59,2017-07-05,Wednesday,504,134,40.53333333333333,25455.466666666667,7843048.007462687,15091795.673268663,0.6791044776119403,628.0131578947369,182.54181482021338,1.0291909924937448,10,26,0.3208955223880597,0.03042763157894737,0,BENIGN,BENIGN
20170705_2207,2017-07-05 22:07:00,2017-07-05 22:07:59,2017-07-05,Wednesday,505,156,18.616666666666667,3006.6,1557981.9615384615,8558591.401249735,0.9487179487179487,161.50044762757386,100.1636763788679,1.467991169977925,15,16,0.15384615384615385,0.05550581915846016,0,BENIGN,BENIGN
20170705_2208,2017-07-05 22:08:00,2017-07-05 22:08:59,2017-07-05,Wednesday,506,21,2.0,67.63333333333334,1662536.9047619049,7204251.617932774,0.9523809523809523,33.81666666666667,0.0,0.7536231884057971,5,6,0.09523809523809523,0.0,0,BENIGN,BENIGN
20170705_2209,2017-07-05 22:09:00,2017-07-05 22:09:59,2017-07-05,Wednesday,507,1,0.15,30.15,20.0,0.0,1.0,201.0,0.0,9.0,1,1,0.0,0.0,0,BENIGN,BENIGN
20170705_2210,2017-07-05 22:10:00,2017-07-05 22:10:59,2017-07-05,Wednesday,508,1,0.5833333333333334,177.1,3557.0,0.0,1.0,303.6,595.4546557537554,1.1176470588235294,1,1,1.0,0.11428571428571428,0,BENIGN,BENIGN
